claim_id	basis	review_ref
CL-TASAKI2020-0001	mathlib_only	VOCABULARY-INDEPENDENT-REVIEW
CL-TASAKI2020-0002	mathlib_only	VOCABULARY-INDEPENDENT-REVIEW
CL-TASAKI2020-0003	mathlib_only	VOCABULARY-INDEPENDENT-REVIEW
CL-TASAKI2020-0004	mathlib_only	VOCABULARY-INDEPENDENT-REVIEW
CL-TASAKI2020-0005	mathlib_only	VOCABULARY-INDEPENDENT-REVIEW
CL-TASAKI2020-0006	mathlib_only	VOCABULARY-INDEPENDENT-REVIEW
CL-TASAKI2020-0007	mathlib_only	VOCABULARY-INDEPENDENT-REVIEW
CL-TASAKI2020-0008	mathlib_only	VOCABULARY-INDEPENDENT-REVIEW
CL-TASAKI2020-0009	mathlib_only	VOCABULARY-INDEPENDENT-REVIEW
CL-TASAKI2020-0010	mathlib_only	VOCABULARY-INDEPENDENT-REVIEW
CL-TASAKI2020-0011	mathlib_only	VOCABULARY-INDEPENDENT-REVIEW
CL-TASAKI2020-0012	mathlib_only	VOCABULARY-INDEPENDENT-REVIEW
CL-TASAKI2020-0013	mathlib_only	VOCABULARY-INDEPENDENT-REVIEW
CL-TASAKI2020-0014	mathlib_only	VOCABULARY-INDEPENDENT-REVIEW
CL-TASAKI2020-0015	mathlib_only	VOCABULARY-INDEPENDENT-REVIEW
CL-TASAKI2020-0016	mathlib_only	VOCABULARY-INDEPENDENT-REVIEW
CL-TASAKI2020-0017	mathlib_only	VOCABULARY-INDEPENDENT-REVIEW
CL-TASAKI2020-0018	mathlib_only	VOCABULARY-INDEPENDENT-REVIEW
CL-TASAKI2020-0019	mathlib_only	VOCABULARY-INDEPENDENT-REVIEW
CL-TASAKI2020-0020	mathlib_only	VOCABULARY-INDEPENDENT-REVIEW
CL-TASAKI2020-0021	mathlib_only	VOCABULARY-INDEPENDENT-REVIEW
CL-TASAKI2020-0022	mathlib_only	VOCABULARY-INDEPENDENT-REVIEW
CL-TASAKI2020-0023	mathlib_only	VOCABULARY-INDEPENDENT-REVIEW
CL-TASAKI2020-0024	mathlib_only	VOCABULARY-INDEPENDENT-REVIEW
CL-TASAKI2020-0025	mathlib_only	VOCABULARY-INDEPENDENT-REVIEW
CL-TASAKI2020-0026	mathlib_only	VOCABULARY-INDEPENDENT-REVIEW
CL-TASAKI2020-0027	mathlib_only	VOCABULARY-INDEPENDENT-REVIEW
CL-TASAKI2020-0028	mathlib_only	VOCABULARY-INDEPENDENT-REVIEW
CL-TASAKI2020-0029	mathlib_only	VOCABULARY-INDEPENDENT-REVIEW
CL-TASAKI2020-2946	mathlib_only	VOCABULARY-INDEPENDENT-REVIEW
CL-TASAKI2020-2948	mathlib_only	VOCABULARY-INDEPENDENT-REVIEW
CL-TASAKI2020-0031	mathlib_only	VOCABULARY-INDEPENDENT-REVIEW
CL-TASAKI2020-0032	mathlib_only	VOCABULARY-INDEPENDENT-REVIEW
CL-TASAKI2020-0033	mathlib_only	VOCABULARY-INDEPENDENT-REVIEW
CL-TASAKI2020-2949	mathlib_only	VOCABULARY-INDEPENDENT-REVIEW
CL-TASAKI2020-2950	mathlib_only	VOCABULARY-INDEPENDENT-REVIEW
CL-TASAKI2020-3334	mathlib_only	VOCABULARY-INDEPENDENT-REVIEW
CL-TASAKI2020-2951	mathlib_only	VOCABULARY-INDEPENDENT-REVIEW
CL-TASAKI2020-2952	mathlib_only	VOCABULARY-INDEPENDENT-REVIEW
CL-TASAKI2020-0035	mathlib_only	VOCABULARY-INDEPENDENT-REVIEW
CL-TASAKI2020-2953	mathlib_only	VOCABULARY-INDEPENDENT-REVIEW
CL-TASAKI2020-2954	mathlib_only	VOCABULARY-INDEPENDENT-REVIEW
CL-TASAKI2020-3335	mathlib_only	VOCABULARY-INDEPENDENT-REVIEW
CL-TASAKI2020-3336	mathlib_only	VOCABULARY-INDEPENDENT-REVIEW
CL-TASAKI2020-2956	mathlib_only	VOCABULARY-INDEPENDENT-REVIEW
CL-TASAKI2020-3337	mathlib_only	VOCABULARY-INDEPENDENT-REVIEW
CL-TASAKI2020-2957	mathlib_only	VOCABULARY-INDEPENDENT-REVIEW
CL-TASAKI2020-3338	mathlib_only	VOCABULARY-INDEPENDENT-REVIEW
CL-TASAKI2020-2959	mathlib_only	VOCABULARY-INDEPENDENT-REVIEW
CL-TASAKI2020-3339	mathlib_only	VOCABULARY-INDEPENDENT-REVIEW
CL-TASAKI2020-2960	mathlib_only	VOCABULARY-INDEPENDENT-REVIEW
CL-TASAKI2020-2961	mathlib_only	VOCABULARY-INDEPENDENT-REVIEW
CL-TASAKI2020-2962	mathlib_only	VOCABULARY-INDEPENDENT-REVIEW
CL-TASAKI2020-2963	mathlib_only	VOCABULARY-INDEPENDENT-REVIEW
CL-TASAKI2020-2964	mathlib_only	VOCABULARY-INDEPENDENT-REVIEW
CL-TASAKI2020-3340	mathlib_only	VOCABULARY-INDEPENDENT-REVIEW
CL-TASAKI2020-2966	mathlib_only	VOCABULARY-INDEPENDENT-REVIEW
CL-TASAKI2020-2968	mathlib_only	VOCABULARY-INDEPENDENT-REVIEW
CL-TASAKI2020-2971	mathlib_only	VOCABULARY-INDEPENDENT-REVIEW
CL-TASAKI2020-3341	mathlib_only	VOCABULARY-INDEPENDENT-REVIEW
CL-TASAKI2020-0037	mathlib_only	VOCABULARY-INDEPENDENT-REVIEW
CL-TASAKI2020-0038	mathlib_only	VOCABULARY-INDEPENDENT-REVIEW
CL-TASAKI2020-0039	mathlib_only	VOCABULARY-INDEPENDENT-REVIEW
CL-TASAKI2020-0040	mathlib_only	VOCABULARY-INDEPENDENT-REVIEW
CL-TASAKI2020-0041	mathlib_only	VOCABULARY-INDEPENDENT-REVIEW
CL-TASAKI2020-0042	mathlib_only	VOCABULARY-INDEPENDENT-REVIEW
CL-TASAKI2020-0043	mathlib_only	VOCABULARY-INDEPENDENT-REVIEW
CL-TASAKI2020-0044	mathlib_only	VOCABULARY-INDEPENDENT-REVIEW
CL-TASAKI2020-0045	mathlib_only	VOCABULARY-INDEPENDENT-REVIEW
CL-TASAKI2020-0047	mathlib_only	VOCABULARY-INDEPENDENT-REVIEW
CL-TASAKI2020-0048	mathlib_only	VOCABULARY-INDEPENDENT-REVIEW
CL-TASAKI2020-0049	mathlib_only	VOCABULARY-INDEPENDENT-REVIEW
CL-TASAKI2020-0050	mathlib_only	VOCABULARY-INDEPENDENT-REVIEW
CL-TASAKI2020-0051	mathlib_only	VOCABULARY-INDEPENDENT-REVIEW
CL-TASAKI2020-0052	mathlib_only	VOCABULARY-INDEPENDENT-REVIEW
CL-TASAKI2020-0053	mathlib_only	VOCABULARY-INDEPENDENT-REVIEW
CL-TASAKI2020-0054	mathlib_only	VOCABULARY-INDEPENDENT-REVIEW
CL-TASAKI2020-0055	mathlib_only	VOCABULARY-INDEPENDENT-REVIEW
CL-TASAKI2020-0056	mathlib_only	VOCABULARY-INDEPENDENT-REVIEW
CL-TASAKI2020-0057	mathlib_only	VOCABULARY-INDEPENDENT-REVIEW
CL-TASAKI2020-0058	mathlib_only	VOCABULARY-INDEPENDENT-REVIEW
CL-TASAKI2020-0059	mathlib_only	VOCABULARY-INDEPENDENT-REVIEW
CL-TASAKI2020-0060	mathlib_only	VOCABULARY-INDEPENDENT-REVIEW
CL-TASAKI2020-0061	mathlib_only	VOCABULARY-INDEPENDENT-REVIEW
CL-TASAKI2020-0062	mathlib_only	VOCABULARY-INDEPENDENT-REVIEW
CL-TASAKI2020-0064	mathlib_only	VOCABULARY-INDEPENDENT-REVIEW
CL-TASAKI2020-0065	mathlib_only	VOCABULARY-INDEPENDENT-REVIEW
CL-TASAKI2020-0066	mathlib_only	VOCABULARY-INDEPENDENT-REVIEW
CL-TASAKI2020-0067	mathlib_only	VOCABULARY-INDEPENDENT-REVIEW
CL-TASAKI2020-0069	mathlib_only	VOCABULARY-INDEPENDENT-REVIEW
CL-TASAKI2020-0070	mathlib_only	VOCABULARY-INDEPENDENT-REVIEW
CL-TASAKI2020-0071	mathlib_only	VOCABULARY-INDEPENDENT-REVIEW
CL-TASAKI2020-0072	mathlib_only	VOCABULARY-INDEPENDENT-REVIEW
CL-TASAKI2020-0073	mathlib_only	VOCABULARY-INDEPENDENT-REVIEW
CL-TASAKI2020-0074	mathlib_only	VOCABULARY-INDEPENDENT-REVIEW
CL-TASAKI2020-0075	mathlib_only	VOCABULARY-INDEPENDENT-REVIEW
CL-TASAKI2020-0076	mathlib_only	VOCABULARY-INDEPENDENT-REVIEW
CL-TASAKI2020-0077	mathlib_only	VOCABULARY-INDEPENDENT-REVIEW
CL-TASAKI2020-0078	mathlib_only	VOCABULARY-INDEPENDENT-REVIEW
CL-TASAKI2020-0079	mathlib_only	VOCABULARY-INDEPENDENT-REVIEW
CL-TASAKI2020-0080	mathlib_only	VOCABULARY-INDEPENDENT-REVIEW
CL-TASAKI2020-0081	mathlib_only	VOCABULARY-INDEPENDENT-REVIEW
CL-TASAKI2020-0082	mathlib_only	VOCABULARY-INDEPENDENT-REVIEW
CL-TASAKI2020-0083	mathlib_only	VOCABULARY-INDEPENDENT-REVIEW
CL-TASAKI2020-0084	mathlib_only	VOCABULARY-INDEPENDENT-REVIEW
CL-TASAKI2020-0085	mathlib_only	VOCABULARY-INDEPENDENT-REVIEW
CL-TASAKI2020-0086	mathlib_only	VOCABULARY-INDEPENDENT-REVIEW
CL-TASAKI2020-0087	mathlib_only	VOCABULARY-INDEPENDENT-REVIEW
CL-TASAKI2020-0088	mathlib_only	VOCABULARY-INDEPENDENT-REVIEW
CL-TASAKI2020-0089	mathlib_only	VOCABULARY-INDEPENDENT-REVIEW
CL-TASAKI2020-0090	mathlib_only	VOCABULARY-INDEPENDENT-REVIEW
CL-TASAKI2020-0091	mathlib_only	VOCABULARY-INDEPENDENT-REVIEW
CL-TASAKI2020-0092	mathlib_only	VOCABULARY-INDEPENDENT-REVIEW
CL-TASAKI2020-0093	mathlib_only	VOCABULARY-INDEPENDENT-REVIEW
CL-TASAKI2020-0094	mathlib_only	VOCABULARY-INDEPENDENT-REVIEW
CL-TASAKI2020-0095	mathlib_only	VOCABULARY-INDEPENDENT-REVIEW
CL-TASAKI2020-0096	mathlib_only	VOCABULARY-INDEPENDENT-REVIEW
CL-TASAKI2020-0097	mathlib_only	VOCABULARY-INDEPENDENT-REVIEW
CL-TASAKI2020-0098	mathlib_only	VOCABULARY-INDEPENDENT-REVIEW
CL-TASAKI2020-0099	mathlib_only	VOCABULARY-INDEPENDENT-REVIEW
CL-TASAKI2020-0100	mathlib_only	VOCABULARY-INDEPENDENT-REVIEW
CL-TASAKI2020-0102	mathlib_only	VOCABULARY-INDEPENDENT-REVIEW
CL-TASAKI2020-0103	mathlib_only	VOCABULARY-INDEPENDENT-REVIEW
CL-TASAKI2020-0104	mathlib_only	VOCABULARY-INDEPENDENT-REVIEW
CL-TASAKI2020-0105	mathlib_only	VOCABULARY-INDEPENDENT-REVIEW
CL-TASAKI2020-0106	mathlib_only	VOCABULARY-INDEPENDENT-REVIEW
CL-TASAKI2020-0107	mathlib_only	VOCABULARY-INDEPENDENT-REVIEW
CL-TASAKI2020-0108	mathlib_only	VOCABULARY-INDEPENDENT-REVIEW
CL-TASAKI2020-0109	mathlib_only	VOCABULARY-INDEPENDENT-REVIEW
CL-TASAKI2020-0111	mathlib_only	VOCABULARY-INDEPENDENT-REVIEW
CL-TASAKI2020-0112	mathlib_only	VOCABULARY-INDEPENDENT-REVIEW
CL-TASAKI2020-0113	mathlib_only	VOCABULARY-INDEPENDENT-REVIEW
CL-TASAKI2020-0114	mathlib_only	VOCABULARY-INDEPENDENT-REVIEW
CL-TASAKI2020-0115	mathlib_only	VOCABULARY-INDEPENDENT-REVIEW
CL-TASAKI2020-0116	mathlib_only	VOCABULARY-INDEPENDENT-REVIEW
CL-TASAKI2020-0117	mathlib_only	VOCABULARY-INDEPENDENT-REVIEW
CL-TASAKI2020-0118	mathlib_only	VOCABULARY-INDEPENDENT-REVIEW
CL-TASAKI2020-0120	mathlib_only	VOCABULARY-INDEPENDENT-REVIEW
CL-TASAKI2020-0121	mathlib_only	VOCABULARY-INDEPENDENT-REVIEW
CL-TASAKI2020-0123	mathlib_only	VOCABULARY-INDEPENDENT-REVIEW
CL-TASAKI2020-0124	mathlib_only	VOCABULARY-INDEPENDENT-REVIEW
CL-TASAKI2020-0125	mathlib_only	VOCABULARY-INDEPENDENT-REVIEW
CL-TASAKI2020-0126	mathlib_only	VOCABULARY-INDEPENDENT-REVIEW
CL-TASAKI2020-0127	mathlib_only	VOCABULARY-INDEPENDENT-REVIEW
CL-TASAKI2020-0128	mathlib_only	VOCABULARY-INDEPENDENT-REVIEW
CL-TASAKI2020-0129	mathlib_only	VOCABULARY-INDEPENDENT-REVIEW
CL-TASAKI2020-0130	mathlib_only	VOCABULARY-INDEPENDENT-REVIEW
CL-TASAKI2020-0131	mathlib_only	VOCABULARY-INDEPENDENT-REVIEW
CL-TASAKI2020-0132	mathlib_only	VOCABULARY-INDEPENDENT-REVIEW
CL-TASAKI2020-0133	mathlib_only	VOCABULARY-INDEPENDENT-REVIEW
CL-TASAKI2020-0134	mathlib_only	VOCABULARY-INDEPENDENT-REVIEW
CL-TASAKI2020-0135	mathlib_only	VOCABULARY-INDEPENDENT-REVIEW
CL-TASAKI2020-0136	mathlib_only	VOCABULARY-INDEPENDENT-REVIEW
CL-TASAKI2020-0137	mathlib_only	VOCABULARY-INDEPENDENT-REVIEW
CL-TASAKI2020-0138	mathlib_only	VOCABULARY-INDEPENDENT-REVIEW
CL-TASAKI2020-0139	mathlib_only	VOCABULARY-INDEPENDENT-REVIEW
CL-TASAKI2020-0140	mathlib_only	VOCABULARY-INDEPENDENT-REVIEW
CL-TASAKI2020-0141	mathlib_only	VOCABULARY-INDEPENDENT-REVIEW
CL-TASAKI2020-0142	mathlib_only	VOCABULARY-INDEPENDENT-REVIEW
CL-TASAKI2020-0143	mathlib_only	VOCABULARY-INDEPENDENT-REVIEW
CL-TASAKI2020-0144	mathlib_only	VOCABULARY-INDEPENDENT-REVIEW
CL-TASAKI2020-0145	mathlib_only	VOCABULARY-INDEPENDENT-REVIEW
CL-TASAKI2020-0146	mathlib_only	VOCABULARY-INDEPENDENT-REVIEW
CL-TASAKI2020-0147	mathlib_only	VOCABULARY-INDEPENDENT-REVIEW
CL-TASAKI2020-0148	mathlib_only	VOCABULARY-INDEPENDENT-REVIEW
CL-TASAKI2020-0149	mathlib_only	VOCABULARY-INDEPENDENT-REVIEW
CL-TASAKI2020-0150	mathlib_only	VOCABULARY-INDEPENDENT-REVIEW
CL-TASAKI2020-0151	mathlib_only	VOCABULARY-INDEPENDENT-REVIEW
CL-TASAKI2020-0152	mathlib_only	VOCABULARY-INDEPENDENT-REVIEW
CL-TASAKI2020-0153	mathlib_only	VOCABULARY-INDEPENDENT-REVIEW
CL-TASAKI2020-0154	mathlib_only	VOCABULARY-INDEPENDENT-REVIEW
CL-TASAKI2020-0155	mathlib_only	VOCABULARY-INDEPENDENT-REVIEW
CL-TASAKI2020-0156	mathlib_only	VOCABULARY-INDEPENDENT-REVIEW
CL-TASAKI2020-0157	mathlib_only	VOCABULARY-INDEPENDENT-REVIEW
CL-TASAKI2020-0158	mathlib_only	VOCABULARY-INDEPENDENT-REVIEW
CL-TASAKI2020-0159	mathlib_only	VOCABULARY-INDEPENDENT-REVIEW
CL-TASAKI2020-0160	mathlib_only	VOCABULARY-INDEPENDENT-REVIEW
CL-TASAKI2020-0161	mathlib_only	VOCABULARY-INDEPENDENT-REVIEW
CL-TASAKI2020-0162	mathlib_only	VOCABULARY-INDEPENDENT-REVIEW
CL-TASAKI2020-0163	mathlib_only	VOCABULARY-INDEPENDENT-REVIEW
CL-TASAKI2020-0164	mathlib_only	VOCABULARY-INDEPENDENT-REVIEW
CL-TASAKI2020-0165	mathlib_only	VOCABULARY-INDEPENDENT-REVIEW
CL-TASAKI2020-0166	mathlib_only	VOCABULARY-INDEPENDENT-REVIEW
CL-TASAKI2020-0167	mathlib_only	VOCABULARY-INDEPENDENT-REVIEW
CL-TASAKI2020-0168	mathlib_only	VOCABULARY-INDEPENDENT-REVIEW
CL-TASAKI2020-0169	mathlib_only	VOCABULARY-INDEPENDENT-REVIEW
CL-TASAKI2020-0170	mathlib_only	VOCABULARY-INDEPENDENT-REVIEW
CL-TASAKI2020-0171	mathlib_only	VOCABULARY-INDEPENDENT-REVIEW
CL-TASAKI2020-0172	mathlib_only	VOCABULARY-INDEPENDENT-REVIEW
CL-TASAKI2020-0173	mathlib_only	VOCABULARY-INDEPENDENT-REVIEW
CL-TASAKI2020-0174	mathlib_only	VOCABULARY-INDEPENDENT-REVIEW
CL-TASAKI2020-0175	mathlib_only	VOCABULARY-INDEPENDENT-REVIEW
CL-TASAKI2020-0176	mathlib_only	VOCABULARY-INDEPENDENT-REVIEW
CL-TASAKI2020-0177	mathlib_only	VOCABULARY-INDEPENDENT-REVIEW
CL-TASAKI2020-0178	mathlib_only	VOCABULARY-INDEPENDENT-REVIEW
CL-TASAKI2020-0179	mathlib_only	VOCABULARY-INDEPENDENT-REVIEW
CL-TASAKI2020-0180	mathlib_only	VOCABULARY-INDEPENDENT-REVIEW
CL-TASAKI2020-0182	mathlib_only	VOCABULARY-INDEPENDENT-REVIEW
CL-TASAKI2020-0183	mathlib_only	VOCABULARY-INDEPENDENT-REVIEW
CL-TASAKI2020-0184	mathlib_only	VOCABULARY-INDEPENDENT-REVIEW
CL-TASAKI2020-0185	mathlib_only	VOCABULARY-INDEPENDENT-REVIEW
CL-TASAKI2020-0186	mathlib_only	VOCABULARY-INDEPENDENT-REVIEW
CL-TASAKI2020-0187	mathlib_only	VOCABULARY-INDEPENDENT-REVIEW
CL-TASAKI2020-0188	mathlib_only	VOCABULARY-INDEPENDENT-REVIEW
CL-TASAKI2020-0189	mathlib_only	VOCABULARY-INDEPENDENT-REVIEW
CL-TASAKI2020-0190	mathlib_only	VOCABULARY-INDEPENDENT-REVIEW
CL-TASAKI2020-0191	mathlib_only	VOCABULARY-INDEPENDENT-REVIEW
CL-TASAKI2020-0192	mathlib_only	VOCABULARY-INDEPENDENT-REVIEW
CL-TASAKI2020-0193	mathlib_only	VOCABULARY-INDEPENDENT-REVIEW
CL-TASAKI2020-0194	mathlib_only	VOCABULARY-INDEPENDENT-REVIEW
CL-TASAKI2020-0195	mathlib_only	VOCABULARY-INDEPENDENT-REVIEW
CL-TASAKI2020-0196	mathlib_only	VOCABULARY-INDEPENDENT-REVIEW
CL-TASAKI2020-0197	mathlib_only	VOCABULARY-INDEPENDENT-REVIEW
CL-TASAKI2020-0198	mathlib_only	VOCABULARY-INDEPENDENT-REVIEW
CL-TASAKI2020-0199	mathlib_only	VOCABULARY-INDEPENDENT-REVIEW
CL-TASAKI2020-0200	mathlib_only	VOCABULARY-INDEPENDENT-REVIEW
CL-TASAKI2020-0201	mathlib_only	VOCABULARY-INDEPENDENT-REVIEW
CL-TASAKI2020-0202	mathlib_only	VOCABULARY-INDEPENDENT-REVIEW
CL-TASAKI2020-0203	mathlib_only	VOCABULARY-INDEPENDENT-REVIEW
CL-TASAKI2020-0204	mathlib_only	VOCABULARY-INDEPENDENT-REVIEW
CL-TASAKI2020-0205	mathlib_only	VOCABULARY-INDEPENDENT-REVIEW
CL-TASAKI2020-0206	mathlib_only	VOCABULARY-INDEPENDENT-REVIEW
CL-TASAKI2020-0207	mathlib_only	VOCABULARY-INDEPENDENT-REVIEW
CL-TASAKI2020-0208	mathlib_only	VOCABULARY-INDEPENDENT-REVIEW
CL-TASAKI2020-0209	mathlib_only	VOCABULARY-INDEPENDENT-REVIEW
CL-TASAKI2020-0210	mathlib_only	VOCABULARY-INDEPENDENT-REVIEW
CL-TASAKI2020-0211	mathlib_only	VOCABULARY-INDEPENDENT-REVIEW
CL-TASAKI2020-0212	mathlib_only	VOCABULARY-INDEPENDENT-REVIEW
CL-TASAKI2020-0213	mathlib_only	VOCABULARY-INDEPENDENT-REVIEW
CL-TASAKI2020-0214	mathlib_only	VOCABULARY-INDEPENDENT-REVIEW
CL-TASAKI2020-0215	mathlib_only	VOCABULARY-INDEPENDENT-REVIEW
CL-TASAKI2020-0216	mathlib_only	VOCABULARY-INDEPENDENT-REVIEW
CL-TASAKI2020-0217	mathlib_only	VOCABULARY-INDEPENDENT-REVIEW
CL-TASAKI2020-0218	mathlib_only	VOCABULARY-INDEPENDENT-REVIEW
CL-TASAKI2020-0219	mathlib_only	VOCABULARY-INDEPENDENT-REVIEW
CL-TASAKI2020-0220	mathlib_only	VOCABULARY-INDEPENDENT-REVIEW
CL-TASAKI2020-0221	mathlib_only	VOCABULARY-INDEPENDENT-REVIEW
CL-TASAKI2020-0222	mathlib_only	VOCABULARY-INDEPENDENT-REVIEW
CL-TASAKI2020-0223	mathlib_only	VOCABULARY-INDEPENDENT-REVIEW
CL-TASAKI2020-0224	mathlib_only	VOCABULARY-INDEPENDENT-REVIEW
CL-TASAKI2020-0225	mathlib_only	VOCABULARY-INDEPENDENT-REVIEW
CL-TASAKI2020-0226	mathlib_only	VOCABULARY-INDEPENDENT-REVIEW
CL-TASAKI2020-0227	mathlib_only	VOCABULARY-INDEPENDENT-REVIEW
CL-TASAKI2020-0228	mathlib_only	VOCABULARY-INDEPENDENT-REVIEW
CL-TASAKI2020-0229	mathlib_only	VOCABULARY-INDEPENDENT-REVIEW
CL-TASAKI2020-0230	mathlib_only	VOCABULARY-INDEPENDENT-REVIEW
CL-TASAKI2020-0231	mathlib_only	VOCABULARY-INDEPENDENT-REVIEW
CL-TASAKI2020-0232	mathlib_only	VOCABULARY-INDEPENDENT-REVIEW
CL-TASAKI2020-3290	mathlib_only	VOCABULARY-INDEPENDENT-REVIEW
CL-TASAKI2020-3291	mathlib_only	VOCABULARY-INDEPENDENT-REVIEW
CL-TASAKI2020-0234	mathlib_only	VOCABULARY-INDEPENDENT-REVIEW
CL-TASAKI2020-0235	mathlib_only	VOCABULARY-INDEPENDENT-REVIEW
CL-TASAKI2020-0236	mathlib_only	VOCABULARY-INDEPENDENT-REVIEW
CL-TASAKI2020-3292	mathlib_only	VOCABULARY-INDEPENDENT-REVIEW
CL-TASAKI2020-0238	mathlib_only	VOCABULARY-INDEPENDENT-REVIEW
CL-TASAKI2020-0239	mathlib_only	VOCABULARY-INDEPENDENT-REVIEW
CL-TASAKI2020-3293	mathlib_only	VOCABULARY-INDEPENDENT-REVIEW
CL-TASAKI2020-0240	mathlib_only	VOCABULARY-INDEPENDENT-REVIEW
CL-TASAKI2020-0241	mathlib_only	VOCABULARY-INDEPENDENT-REVIEW
CL-TASAKI2020-0242	mathlib_only	VOCABULARY-INDEPENDENT-REVIEW
CL-TASAKI2020-2972	mathlib_only	VOCABULARY-INDEPENDENT-REVIEW
CL-TASAKI2020-2973	mathlib_only	VOCABULARY-INDEPENDENT-REVIEW
CL-TASAKI2020-0244	mathlib_only	VOCABULARY-INDEPENDENT-REVIEW
CL-TASAKI2020-0245	mathlib_only	VOCABULARY-INDEPENDENT-REVIEW
CL-TASAKI2020-0246	mathlib_only	VOCABULARY-INDEPENDENT-REVIEW
CL-TASAKI2020-0247	mathlib_only	VOCABULARY-INDEPENDENT-REVIEW
CL-TASAKI2020-0248	mathlib_only	VOCABULARY-INDEPENDENT-REVIEW
CL-TASAKI2020-2974	mathlib_only	VOCABULARY-INDEPENDENT-REVIEW
CL-TASAKI2020-2975	mathlib_only	VOCABULARY-INDEPENDENT-REVIEW
CL-TASAKI2020-0250	mathlib_only	VOCABULARY-INDEPENDENT-REVIEW
CL-TASAKI2020-0251	mathlib_only	VOCABULARY-INDEPENDENT-REVIEW
CL-TASAKI2020-0252	mathlib_only	VOCABULARY-INDEPENDENT-REVIEW
CL-TASAKI2020-0253	mathlib_only	VOCABULARY-INDEPENDENT-REVIEW
CL-TASAKI2020-0254	mathlib_only	VOCABULARY-INDEPENDENT-REVIEW
CL-TASAKI2020-0255	mathlib_only	VOCABULARY-INDEPENDENT-REVIEW
CL-TASAKI2020-0256	mathlib_only	VOCABULARY-INDEPENDENT-REVIEW
CL-TASAKI2020-0257	mathlib_only	VOCABULARY-INDEPENDENT-REVIEW
CL-TASAKI2020-0258	mathlib_only	VOCABULARY-INDEPENDENT-REVIEW
CL-TASAKI2020-0259	mathlib_only	VOCABULARY-INDEPENDENT-REVIEW
CL-TASAKI2020-0260	mathlib_only	VOCABULARY-INDEPENDENT-REVIEW
CL-TASAKI2020-0261	mathlib_only	VOCABULARY-INDEPENDENT-REVIEW
CL-TASAKI2020-0262	mathlib_only	VOCABULARY-INDEPENDENT-REVIEW
CL-TASAKI2020-0263	mathlib_only	VOCABULARY-INDEPENDENT-REVIEW
CL-TASAKI2020-0264	mathlib_only	VOCABULARY-INDEPENDENT-REVIEW
CL-TASAKI2020-0265	mathlib_only	VOCABULARY-INDEPENDENT-REVIEW
CL-TASAKI2020-0266	mathlib_only	VOCABULARY-INDEPENDENT-REVIEW
CL-TASAKI2020-0267	mathlib_only	VOCABULARY-INDEPENDENT-REVIEW
CL-TASAKI2020-0268	mathlib_only	VOCABULARY-INDEPENDENT-REVIEW
CL-TASAKI2020-0269	mathlib_only	VOCABULARY-INDEPENDENT-REVIEW
CL-TASAKI2020-0270	mathlib_only	VOCABULARY-INDEPENDENT-REVIEW
CL-TASAKI2020-0271	mathlib_only	VOCABULARY-INDEPENDENT-REVIEW
CL-TASAKI2020-0272	mathlib_only	VOCABULARY-INDEPENDENT-REVIEW
CL-TASAKI2020-0273	mathlib_only	VOCABULARY-INDEPENDENT-REVIEW
CL-TASAKI2020-0274	mathlib_only	VOCABULARY-INDEPENDENT-REVIEW
CL-TASAKI2020-0275	mathlib_only	VOCABULARY-INDEPENDENT-REVIEW
CL-TASAKI2020-3294	mathlib_only	VOCABULARY-INDEPENDENT-REVIEW
CL-TASAKI2020-3295	mathlib_only	VOCABULARY-INDEPENDENT-REVIEW
CL-TASAKI2020-0277	mathlib_only	VOCABULARY-INDEPENDENT-REVIEW
CL-TASAKI2020-0278	mathlib_only	VOCABULARY-INDEPENDENT-REVIEW
CL-TASAKI2020-0279	mathlib_only	VOCABULARY-INDEPENDENT-REVIEW
CL-TASAKI2020-0280	mathlib_only	VOCABULARY-INDEPENDENT-REVIEW
CL-TASAKI2020-0281	mathlib_only	VOCABULARY-INDEPENDENT-REVIEW
CL-TASAKI2020-0282	mathlib_only	VOCABULARY-INDEPENDENT-REVIEW
CL-TASAKI2020-0283	mathlib_only	VOCABULARY-INDEPENDENT-REVIEW
CL-TASAKI2020-0284	mathlib_only	VOCABULARY-INDEPENDENT-REVIEW
CL-TASAKI2020-0285	mathlib_only	VOCABULARY-INDEPENDENT-REVIEW
CL-TASAKI2020-0286	mathlib_only	VOCABULARY-INDEPENDENT-REVIEW
CL-TASAKI2020-3430	mathlib_only	CORPUS-NORMALIZATION-INDEPENDENT-REVIEW
CL-TASAKI2020-3431	mathlib_only	CORPUS-NORMALIZATION-INDEPENDENT-REVIEW
CL-TASAKI2020-0288	mathlib_only	VOCABULARY-INDEPENDENT-REVIEW
CL-TASAKI2020-0290	mathlib_only	VOCABULARY-INDEPENDENT-REVIEW
CL-TASAKI2020-0292	mathlib_only	VOCABULARY-INDEPENDENT-REVIEW
CL-TASAKI2020-0293	mathlib_only	VOCABULARY-INDEPENDENT-REVIEW
CL-TASAKI2020-0294	mathlib_only	VOCABULARY-INDEPENDENT-REVIEW
CL-TASAKI2020-0295	mathlib_only	VOCABULARY-INDEPENDENT-REVIEW
CL-TASAKI2020-0296	mathlib_only	VOCABULARY-INDEPENDENT-REVIEW
CL-TASAKI2020-0297	mathlib_only	VOCABULARY-INDEPENDENT-REVIEW
CL-TASAKI2020-0298	mathlib_only	VOCABULARY-INDEPENDENT-REVIEW
CL-TASAKI2020-0299	mathlib_only	VOCABULARY-INDEPENDENT-REVIEW
CL-TASAKI2020-0300	mathlib_only	VOCABULARY-INDEPENDENT-REVIEW
CL-TASAKI2020-0301	mathlib_only	VOCABULARY-INDEPENDENT-REVIEW
CL-TASAKI2020-0302	mathlib_only	VOCABULARY-INDEPENDENT-REVIEW
CL-TASAKI2020-0303	mathlib_only	VOCABULARY-INDEPENDENT-REVIEW
CL-TASAKI2020-0304	mathlib_only	VOCABULARY-INDEPENDENT-REVIEW
CL-TASAKI2020-0305	mathlib_only	VOCABULARY-INDEPENDENT-REVIEW
CL-TASAKI2020-0306	mathlib_only	VOCABULARY-INDEPENDENT-REVIEW
CL-TASAKI2020-0307	mathlib_only	VOCABULARY-INDEPENDENT-REVIEW
CL-TASAKI2020-0308	mathlib_only	VOCABULARY-INDEPENDENT-REVIEW
CL-TASAKI2020-0309	mathlib_only	VOCABULARY-INDEPENDENT-REVIEW
CL-TASAKI2020-0310	mathlib_only	VOCABULARY-INDEPENDENT-REVIEW
CL-TASAKI2020-0311	mathlib_only	VOCABULARY-INDEPENDENT-REVIEW
CL-TASAKI2020-0312	mathlib_only	VOCABULARY-INDEPENDENT-REVIEW
CL-TASAKI2020-0313	mathlib_only	VOCABULARY-INDEPENDENT-REVIEW
CL-TASAKI2020-0314	mathlib_only	VOCABULARY-INDEPENDENT-REVIEW
CL-TASAKI2020-0315	mathlib_only	VOCABULARY-INDEPENDENT-REVIEW
CL-TASAKI2020-0316	mathlib_only	VOCABULARY-INDEPENDENT-REVIEW
CL-TASAKI2020-0317	mathlib_only	VOCABULARY-INDEPENDENT-REVIEW
CL-TASAKI2020-0318	mathlib_only	VOCABULARY-INDEPENDENT-REVIEW
CL-TASAKI2020-0319	mathlib_only	VOCABULARY-INDEPENDENT-REVIEW
CL-TASAKI2020-0320	mathlib_only	VOCABULARY-INDEPENDENT-REVIEW
CL-TASAKI2020-0321	mathlib_only	VOCABULARY-INDEPENDENT-REVIEW
CL-TASAKI2020-0322	mathlib_only	VOCABULARY-INDEPENDENT-REVIEW
CL-TASAKI2020-0323	mathlib_only	VOCABULARY-INDEPENDENT-REVIEW
CL-TASAKI2020-0324	mathlib_only	VOCABULARY-INDEPENDENT-REVIEW
CL-TASAKI2020-0325	mathlib_only	VOCABULARY-INDEPENDENT-REVIEW
CL-TASAKI2020-0326	mathlib_only	VOCABULARY-INDEPENDENT-REVIEW
CL-TASAKI2020-0327	mathlib_only	VOCABULARY-INDEPENDENT-REVIEW
CL-TASAKI2020-0328	mathlib_only	VOCABULARY-INDEPENDENT-REVIEW
CL-TASAKI2020-0329	mathlib_only	VOCABULARY-INDEPENDENT-REVIEW
CL-TASAKI2020-0330	mathlib_only	VOCABULARY-INDEPENDENT-REVIEW
CL-TASAKI2020-0331	mathlib_only	VOCABULARY-INDEPENDENT-REVIEW
CL-TASAKI2020-0332	mathlib_only	VOCABULARY-INDEPENDENT-REVIEW
CL-TASAKI2020-0333	mathlib_only	VOCABULARY-INDEPENDENT-REVIEW
CL-TASAKI2020-0334	mathlib_only	VOCABULARY-INDEPENDENT-REVIEW
CL-TASAKI2020-0335	mathlib_only	VOCABULARY-INDEPENDENT-REVIEW
CL-TASAKI2020-0336	mathlib_only	VOCABULARY-INDEPENDENT-REVIEW
CL-TASAKI2020-0337	mathlib_only	VOCABULARY-INDEPENDENT-REVIEW
CL-TASAKI2020-0338	mathlib_only	VOCABULARY-INDEPENDENT-REVIEW
CL-TASAKI2020-0339	mathlib_only	VOCABULARY-INDEPENDENT-REVIEW
CL-TASAKI2020-0340	mathlib_only	VOCABULARY-INDEPENDENT-REVIEW
CL-TASAKI2020-0341	mathlib_only	VOCABULARY-INDEPENDENT-REVIEW
CL-TASAKI2020-0342	mathlib_only	VOCABULARY-INDEPENDENT-REVIEW
CL-TASAKI2020-0343	mathlib_only	VOCABULARY-INDEPENDENT-REVIEW
CL-TASAKI2020-0344	mathlib_only	VOCABULARY-INDEPENDENT-REVIEW
CL-TASAKI2020-0345	mathlib_only	VOCABULARY-INDEPENDENT-REVIEW
CL-TASAKI2020-0346	mathlib_only	VOCABULARY-INDEPENDENT-REVIEW
CL-TASAKI2020-0347	mathlib_only	VOCABULARY-INDEPENDENT-REVIEW
CL-TASAKI2020-0348	mathlib_only	VOCABULARY-INDEPENDENT-REVIEW
CL-TASAKI2020-0349	mathlib_only	VOCABULARY-INDEPENDENT-REVIEW
CL-TASAKI2020-0350	mathlib_only	VOCABULARY-INDEPENDENT-REVIEW
CL-TASAKI2020-0351	mathlib_only	VOCABULARY-INDEPENDENT-REVIEW
CL-TASAKI2020-3432	mathlib_only	CORPUS-NORMALIZATION-INDEPENDENT-REVIEW
CL-TASAKI2020-3433	mathlib_only	CORPUS-NORMALIZATION-INDEPENDENT-REVIEW
CL-TASAKI2020-3434	mathlib_only	CORPUS-NORMALIZATION-INDEPENDENT-REVIEW
CL-TASAKI2020-0353	mathlib_only	VOCABULARY-INDEPENDENT-REVIEW
CL-TASAKI2020-0354	mathlib_only	VOCABULARY-INDEPENDENT-REVIEW
CL-TASAKI2020-0355	mathlib_only	VOCABULARY-INDEPENDENT-REVIEW
CL-TASAKI2020-0356	mathlib_only	VOCABULARY-INDEPENDENT-REVIEW
CL-TASAKI2020-0357	mathlib_only	VOCABULARY-INDEPENDENT-REVIEW
CL-TASAKI2020-0358	mathlib_only	VOCABULARY-INDEPENDENT-REVIEW
CL-TASAKI2020-0359	mathlib_only	VOCABULARY-INDEPENDENT-REVIEW
CL-TASAKI2020-0360	mathlib_only	VOCABULARY-INDEPENDENT-REVIEW
CL-TASAKI2020-0361	mathlib_only	VOCABULARY-INDEPENDENT-REVIEW
CL-TASAKI2020-0363	mathlib_only	VOCABULARY-INDEPENDENT-REVIEW
CL-TASAKI2020-0364	mathlib_only	VOCABULARY-INDEPENDENT-REVIEW
CL-TASAKI2020-0365	mathlib_only	VOCABULARY-INDEPENDENT-REVIEW
CL-TASAKI2020-0366	mathlib_only	VOCABULARY-INDEPENDENT-REVIEW
CL-TASAKI2020-0367	mathlib_only	VOCABULARY-INDEPENDENT-REVIEW
CL-TASAKI2020-0368	mathlib_only	VOCABULARY-INDEPENDENT-REVIEW
CL-TASAKI2020-0369	mathlib_only	VOCABULARY-INDEPENDENT-REVIEW
CL-TASAKI2020-0370	mathlib_only	VOCABULARY-INDEPENDENT-REVIEW
CL-TASAKI2020-0371	mathlib_only	VOCABULARY-INDEPENDENT-REVIEW
CL-TASAKI2020-0372	mathlib_only	VOCABULARY-INDEPENDENT-REVIEW
CL-TASAKI2020-0373	mathlib_only	VOCABULARY-INDEPENDENT-REVIEW
CL-TASAKI2020-0374	mathlib_only	VOCABULARY-INDEPENDENT-REVIEW
CL-TASAKI2020-0375	mathlib_only	VOCABULARY-INDEPENDENT-REVIEW
CL-TASAKI2020-0376	mathlib_only	VOCABULARY-INDEPENDENT-REVIEW
CL-TASAKI2020-0377	mathlib_only	VOCABULARY-INDEPENDENT-REVIEW
CL-TASAKI2020-3296	mathlib_only	VOCABULARY-INDEPENDENT-REVIEW
CL-TASAKI2020-0379	mathlib_only	VOCABULARY-INDEPENDENT-REVIEW
CL-TASAKI2020-0381	mathlib_only	VOCABULARY-INDEPENDENT-REVIEW
CL-TASAKI2020-0382	mathlib_only	VOCABULARY-INDEPENDENT-REVIEW
CL-TASAKI2020-0383	mathlib_only	VOCABULARY-INDEPENDENT-REVIEW
CL-TASAKI2020-0384	mathlib_only	VOCABULARY-INDEPENDENT-REVIEW
CL-TASAKI2020-0385	mathlib_only	VOCABULARY-INDEPENDENT-REVIEW
CL-TASAKI2020-0386	mathlib_only	VOCABULARY-INDEPENDENT-REVIEW
CL-TASAKI2020-0387	mathlib_only	VOCABULARY-INDEPENDENT-REVIEW
CL-TASAKI2020-0388	mathlib_only	VOCABULARY-INDEPENDENT-REVIEW
CL-TASAKI2020-0389	mathlib_only	VOCABULARY-INDEPENDENT-REVIEW
CL-TASAKI2020-0390	mathlib_only	VOCABULARY-INDEPENDENT-REVIEW
CL-TASAKI2020-0391	mathlib_only	VOCABULARY-INDEPENDENT-REVIEW
CL-TASAKI2020-0392	mathlib_only	VOCABULARY-INDEPENDENT-REVIEW
CL-TASAKI2020-0393	mathlib_only	VOCABULARY-INDEPENDENT-REVIEW
CL-TASAKI2020-0394	mathlib_only	VOCABULARY-INDEPENDENT-REVIEW
CL-TASAKI2020-0395	mathlib_only	VOCABULARY-INDEPENDENT-REVIEW
CL-TASAKI2020-0396	mathlib_only	VOCABULARY-INDEPENDENT-REVIEW
CL-TASAKI2020-0397	mathlib_only	VOCABULARY-INDEPENDENT-REVIEW
CL-TASAKI2020-0398	mathlib_only	VOCABULARY-INDEPENDENT-REVIEW
CL-TASAKI2020-0399	mathlib_only	VOCABULARY-INDEPENDENT-REVIEW
CL-TASAKI2020-0400	mathlib_only	VOCABULARY-INDEPENDENT-REVIEW
CL-TASAKI2020-0401	mathlib_only	VOCABULARY-INDEPENDENT-REVIEW
CL-TASAKI2020-0402	mathlib_only	VOCABULARY-INDEPENDENT-REVIEW
CL-TASAKI2020-0403	mathlib_only	VOCABULARY-INDEPENDENT-REVIEW
CL-TASAKI2020-0404	mathlib_only	VOCABULARY-INDEPENDENT-REVIEW
CL-TASAKI2020-0405	mathlib_only	VOCABULARY-INDEPENDENT-REVIEW
CL-TASAKI2020-0406	mathlib_only	VOCABULARY-INDEPENDENT-REVIEW
CL-TASAKI2020-0407	mathlib_only	VOCABULARY-INDEPENDENT-REVIEW
CL-TASAKI2020-0408	mathlib_only	VOCABULARY-INDEPENDENT-REVIEW
CL-TASAKI2020-0409	mathlib_only	VOCABULARY-INDEPENDENT-REVIEW
CL-TASAKI2020-0410	mathlib_only	VOCABULARY-INDEPENDENT-REVIEW
CL-TASAKI2020-0411	mathlib_only	VOCABULARY-INDEPENDENT-REVIEW
CL-TASAKI2020-0412	mathlib_only	VOCABULARY-INDEPENDENT-REVIEW
CL-TASAKI2020-0413	mathlib_only	VOCABULARY-INDEPENDENT-REVIEW
CL-TASAKI2020-0415	mathlib_only	VOCABULARY-INDEPENDENT-REVIEW
CL-TASAKI2020-0416	mathlib_only	VOCABULARY-INDEPENDENT-REVIEW
CL-TASAKI2020-0417	mathlib_only	VOCABULARY-INDEPENDENT-REVIEW
CL-TASAKI2020-0418	mathlib_only	VOCABULARY-INDEPENDENT-REVIEW
CL-TASAKI2020-0419	mathlib_only	VOCABULARY-INDEPENDENT-REVIEW
CL-TASAKI2020-0420	mathlib_only	VOCABULARY-INDEPENDENT-REVIEW
CL-TASAKI2020-0421	mathlib_only	VOCABULARY-INDEPENDENT-REVIEW
CL-TASAKI2020-0422	mathlib_only	VOCABULARY-INDEPENDENT-REVIEW
CL-TASAKI2020-0423	mathlib_only	VOCABULARY-INDEPENDENT-REVIEW
CL-TASAKI2020-0424	mathlib_only	VOCABULARY-INDEPENDENT-REVIEW
CL-TASAKI2020-0425	mathlib_only	VOCABULARY-INDEPENDENT-REVIEW
CL-TASAKI2020-0426	mathlib_only	VOCABULARY-INDEPENDENT-REVIEW
CL-TASAKI2020-0427	mathlib_only	VOCABULARY-INDEPENDENT-REVIEW
CL-TASAKI2020-0428	mathlib_only	VOCABULARY-INDEPENDENT-REVIEW
CL-TASAKI2020-0429	mathlib_only	VOCABULARY-INDEPENDENT-REVIEW
CL-TASAKI2020-0430	mathlib_only	VOCABULARY-INDEPENDENT-REVIEW
CL-TASAKI2020-0431	mathlib_only	VOCABULARY-INDEPENDENT-REVIEW
CL-TASAKI2020-0432	mathlib_only	VOCABULARY-INDEPENDENT-REVIEW
CL-TASAKI2020-0433	mathlib_only	VOCABULARY-INDEPENDENT-REVIEW
CL-TASAKI2020-0434	mathlib_only	VOCABULARY-INDEPENDENT-REVIEW
CL-TASAKI2020-0435	mathlib_only	VOCABULARY-INDEPENDENT-REVIEW
CL-TASAKI2020-0436	mathlib_only	VOCABULARY-INDEPENDENT-REVIEW
CL-TASAKI2020-0437	mathlib_only	VOCABULARY-INDEPENDENT-REVIEW
CL-TASAKI2020-2976	mathlib_only	VOCABULARY-INDEPENDENT-REVIEW
CL-TASAKI2020-2977	mathlib_only	VOCABULARY-INDEPENDENT-REVIEW
CL-TASAKI2020-3342	mathlib_only	VOCABULARY-INDEPENDENT-REVIEW
CL-TASAKI2020-2978	mathlib_only	VOCABULARY-INDEPENDENT-REVIEW
CL-TASAKI2020-2983	mathlib_only	VOCABULARY-INDEPENDENT-REVIEW
CL-TASAKI2020-2984	mathlib_only	VOCABULARY-INDEPENDENT-REVIEW
CL-TASAKI2020-2985	mathlib_only	VOCABULARY-INDEPENDENT-REVIEW
CL-TASAKI2020-3343	mathlib_only	VOCABULARY-INDEPENDENT-REVIEW
CL-TASAKI2020-2991	mathlib_only	VOCABULARY-INDEPENDENT-REVIEW
CL-TASAKI2020-2992	mathlib_only	VOCABULARY-INDEPENDENT-REVIEW
CL-TASAKI2020-2993	mathlib_only	VOCABULARY-INDEPENDENT-REVIEW
CL-TASAKI2020-2994	mathlib_only	VOCABULARY-INDEPENDENT-REVIEW
CL-TASAKI2020-2995	mathlib_only	VOCABULARY-INDEPENDENT-REVIEW
CL-TASAKI2020-0439	mathlib_only	VOCABULARY-INDEPENDENT-REVIEW
CL-TASAKI2020-0440	mathlib_only	VOCABULARY-INDEPENDENT-REVIEW
CL-TASAKI2020-0441	mathlib_only	VOCABULARY-INDEPENDENT-REVIEW
CL-TASAKI2020-0442	mathlib_only	VOCABULARY-INDEPENDENT-REVIEW
CL-TASAKI2020-0443	mathlib_only	VOCABULARY-INDEPENDENT-REVIEW
CL-TASAKI2020-0444	mathlib_only	VOCABULARY-INDEPENDENT-REVIEW
CL-TASAKI2020-0445	mathlib_only	VOCABULARY-INDEPENDENT-REVIEW
CL-TASAKI2020-0446	mathlib_only	VOCABULARY-INDEPENDENT-REVIEW
CL-TASAKI2020-0447	mathlib_only	VOCABULARY-INDEPENDENT-REVIEW
CL-TASAKI2020-0448	mathlib_only	VOCABULARY-INDEPENDENT-REVIEW
CL-TASAKI2020-2997	mathlib_only	VOCABULARY-INDEPENDENT-REVIEW
CL-TASAKI2020-3344	mathlib_only	VOCABULARY-INDEPENDENT-REVIEW
CL-TASAKI2020-2999	mathlib_only	VOCABULARY-INDEPENDENT-REVIEW
CL-TASAKI2020-0449	mathlib_only	VOCABULARY-INDEPENDENT-REVIEW
CL-TASAKI2020-0450	mathlib_only	VOCABULARY-INDEPENDENT-REVIEW
CL-TASAKI2020-0452	mathlib_only	VOCABULARY-INDEPENDENT-REVIEW
CL-TASAKI2020-0453	mathlib_only	VOCABULARY-INDEPENDENT-REVIEW
CL-TASAKI2020-0454	mathlib_only	VOCABULARY-INDEPENDENT-REVIEW
CL-TASAKI2020-0455	mathlib_only	VOCABULARY-INDEPENDENT-REVIEW
CL-TASAKI2020-0456	mathlib_only	VOCABULARY-INDEPENDENT-REVIEW
CL-TASAKI2020-0457	mathlib_only	VOCABULARY-INDEPENDENT-REVIEW
CL-TASAKI2020-0458	mathlib_only	VOCABULARY-INDEPENDENT-REVIEW
CL-TASAKI2020-0459	mathlib_only	VOCABULARY-INDEPENDENT-REVIEW
CL-TASAKI2020-0460	mathlib_only	VOCABULARY-INDEPENDENT-REVIEW
CL-TASAKI2020-0461	mathlib_only	VOCABULARY-INDEPENDENT-REVIEW
CL-TASAKI2020-0462	mathlib_only	VOCABULARY-INDEPENDENT-REVIEW
CL-TASAKI2020-0463	mathlib_only	VOCABULARY-INDEPENDENT-REVIEW
CL-TASAKI2020-0464	mathlib_only	VOCABULARY-INDEPENDENT-REVIEW
CL-TASAKI2020-0465	mathlib_only	VOCABULARY-INDEPENDENT-REVIEW
CL-TASAKI2020-0466	mathlib_only	VOCABULARY-INDEPENDENT-REVIEW
CL-TASAKI2020-0467	mathlib_only	VOCABULARY-INDEPENDENT-REVIEW
CL-TASAKI2020-0469	mathlib_only	VOCABULARY-INDEPENDENT-REVIEW
CL-TASAKI2020-0470	mathlib_only	VOCABULARY-INDEPENDENT-REVIEW
CL-TASAKI2020-0471	mathlib_only	VOCABULARY-INDEPENDENT-REVIEW
CL-TASAKI2020-0472	mathlib_only	VOCABULARY-INDEPENDENT-REVIEW
CL-TASAKI2020-0473	mathlib_only	VOCABULARY-INDEPENDENT-REVIEW
CL-TASAKI2020-0474	mathlib_only	VOCABULARY-INDEPENDENT-REVIEW
CL-TASAKI2020-0475	mathlib_only	VOCABULARY-INDEPENDENT-REVIEW
CL-TASAKI2020-0476	mathlib_only	VOCABULARY-INDEPENDENT-REVIEW
CL-TASAKI2020-0477	mathlib_only	VOCABULARY-INDEPENDENT-REVIEW
CL-TASAKI2020-0478	mathlib_only	VOCABULARY-INDEPENDENT-REVIEW
CL-TASAKI2020-0479	mathlib_only	VOCABULARY-INDEPENDENT-REVIEW
CL-TASAKI2020-0480	mathlib_only	VOCABULARY-INDEPENDENT-REVIEW
CL-TASAKI2020-0481	mathlib_only	VOCABULARY-INDEPENDENT-REVIEW
CL-TASAKI2020-0482	mathlib_only	VOCABULARY-INDEPENDENT-REVIEW
CL-TASAKI2020-0483	mathlib_only	VOCABULARY-INDEPENDENT-REVIEW
CL-TASAKI2020-0484	mathlib_only	VOCABULARY-INDEPENDENT-REVIEW
CL-TASAKI2020-0486	mathlib_only	VOCABULARY-INDEPENDENT-REVIEW
CL-TASAKI2020-0487	mathlib_only	VOCABULARY-INDEPENDENT-REVIEW
CL-TASAKI2020-0488	mathlib_only	VOCABULARY-INDEPENDENT-REVIEW
CL-TASAKI2020-0489	mathlib_only	VOCABULARY-INDEPENDENT-REVIEW
CL-TASAKI2020-0490	mathlib_only	VOCABULARY-INDEPENDENT-REVIEW
CL-TASAKI2020-0491	mathlib_only	VOCABULARY-INDEPENDENT-REVIEW
CL-TASAKI2020-0492	mathlib_only	VOCABULARY-INDEPENDENT-REVIEW
CL-TASAKI2020-0493	mathlib_only	VOCABULARY-INDEPENDENT-REVIEW
CL-TASAKI2020-0494	mathlib_only	VOCABULARY-INDEPENDENT-REVIEW
CL-TASAKI2020-0495	mathlib_only	VOCABULARY-INDEPENDENT-REVIEW
CL-TASAKI2020-0496	mathlib_only	VOCABULARY-INDEPENDENT-REVIEW
CL-TASAKI2020-0497	mathlib_only	VOCABULARY-INDEPENDENT-REVIEW
CL-TASAKI2020-0498	mathlib_only	VOCABULARY-INDEPENDENT-REVIEW
CL-TASAKI2020-0499	mathlib_only	VOCABULARY-INDEPENDENT-REVIEW
CL-TASAKI2020-0500	mathlib_only	VOCABULARY-INDEPENDENT-REVIEW
CL-TASAKI2020-0501	mathlib_only	VOCABULARY-INDEPENDENT-REVIEW
CL-TASAKI2020-0502	mathlib_only	VOCABULARY-INDEPENDENT-REVIEW
CL-TASAKI2020-0504	mathlib_only	VOCABULARY-INDEPENDENT-REVIEW
CL-TASAKI2020-0505	mathlib_only	VOCABULARY-INDEPENDENT-REVIEW
CL-TASAKI2020-0506	mathlib_only	VOCABULARY-INDEPENDENT-REVIEW
CL-TASAKI2020-0507	mathlib_only	VOCABULARY-INDEPENDENT-REVIEW
CL-TASAKI2020-0508	mathlib_only	VOCABULARY-INDEPENDENT-REVIEW
CL-TASAKI2020-0509	mathlib_only	VOCABULARY-INDEPENDENT-REVIEW
CL-TASAKI2020-0510	mathlib_only	VOCABULARY-INDEPENDENT-REVIEW
CL-TASAKI2020-0511	mathlib_only	VOCABULARY-INDEPENDENT-REVIEW
CL-TASAKI2020-0512	mathlib_only	VOCABULARY-INDEPENDENT-REVIEW
CL-TASAKI2020-0514	mathlib_only	VOCABULARY-INDEPENDENT-REVIEW
CL-TASAKI2020-0515	mathlib_only	VOCABULARY-INDEPENDENT-REVIEW
CL-TASAKI2020-0516	mathlib_only	VOCABULARY-INDEPENDENT-REVIEW
CL-TASAKI2020-0517	mathlib_only	VOCABULARY-INDEPENDENT-REVIEW
CL-TASAKI2020-0518	mathlib_only	VOCABULARY-INDEPENDENT-REVIEW
CL-TASAKI2020-0519	mathlib_only	VOCABULARY-INDEPENDENT-REVIEW
CL-TASAKI2020-0520	mathlib_only	VOCABULARY-INDEPENDENT-REVIEW
CL-TASAKI2020-0521	mathlib_only	VOCABULARY-INDEPENDENT-REVIEW
CL-TASAKI2020-0522	mathlib_only	VOCABULARY-INDEPENDENT-REVIEW
CL-TASAKI2020-0523	mathlib_only	VOCABULARY-INDEPENDENT-REVIEW
CL-TASAKI2020-0524	mathlib_only	VOCABULARY-INDEPENDENT-REVIEW
CL-TASAKI2020-0525	mathlib_only	VOCABULARY-INDEPENDENT-REVIEW
CL-TASAKI2020-0526	mathlib_only	VOCABULARY-INDEPENDENT-REVIEW
CL-TASAKI2020-0527	mathlib_only	VOCABULARY-INDEPENDENT-REVIEW
CL-TASAKI2020-0528	mathlib_only	VOCABULARY-INDEPENDENT-REVIEW
CL-TASAKI2020-0529	mathlib_only	VOCABULARY-INDEPENDENT-REVIEW
CL-TASAKI2020-0530	mathlib_only	VOCABULARY-INDEPENDENT-REVIEW
CL-TASAKI2020-0531	mathlib_only	VOCABULARY-INDEPENDENT-REVIEW
CL-TASAKI2020-0532	mathlib_only	VOCABULARY-INDEPENDENT-REVIEW
CL-TASAKI2020-0533	mathlib_only	VOCABULARY-INDEPENDENT-REVIEW
CL-TASAKI2020-0534	mathlib_only	VOCABULARY-INDEPENDENT-REVIEW
CL-TASAKI2020-0535	mathlib_only	VOCABULARY-INDEPENDENT-REVIEW
CL-TASAKI2020-0536	mathlib_only	VOCABULARY-INDEPENDENT-REVIEW
CL-TASAKI2020-0537	mathlib_only	VOCABULARY-INDEPENDENT-REVIEW
CL-TASAKI2020-0538	mathlib_only	VOCABULARY-INDEPENDENT-REVIEW
CL-TASAKI2020-0539	mathlib_only	VOCABULARY-INDEPENDENT-REVIEW
CL-TASAKI2020-0540	mathlib_only	VOCABULARY-INDEPENDENT-REVIEW
CL-TASAKI2020-0541	mathlib_only	VOCABULARY-INDEPENDENT-REVIEW
CL-TASAKI2020-0542	mathlib_only	VOCABULARY-INDEPENDENT-REVIEW
CL-TASAKI2020-0543	mathlib_only	VOCABULARY-INDEPENDENT-REVIEW
CL-TASAKI2020-0544	mathlib_only	VOCABULARY-INDEPENDENT-REVIEW
CL-TASAKI2020-0545	mathlib_only	VOCABULARY-INDEPENDENT-REVIEW
CL-TASAKI2020-0547	mathlib_only	VOCABULARY-INDEPENDENT-REVIEW
CL-TASAKI2020-0548	mathlib_only	VOCABULARY-INDEPENDENT-REVIEW
CL-TASAKI2020-0549	mathlib_only	VOCABULARY-INDEPENDENT-REVIEW
CL-TASAKI2020-0550	mathlib_only	VOCABULARY-INDEPENDENT-REVIEW
CL-TASAKI2020-0551	mathlib_only	VOCABULARY-INDEPENDENT-REVIEW
CL-TASAKI2020-0552	mathlib_only	VOCABULARY-INDEPENDENT-REVIEW
CL-TASAKI2020-0553	mathlib_only	VOCABULARY-INDEPENDENT-REVIEW
CL-TASAKI2020-0554	mathlib_only	VOCABULARY-INDEPENDENT-REVIEW
CL-TASAKI2020-0555	mathlib_only	VOCABULARY-INDEPENDENT-REVIEW
CL-TASAKI2020-0556	mathlib_only	VOCABULARY-INDEPENDENT-REVIEW
CL-TASAKI2020-0557	mathlib_only	VOCABULARY-INDEPENDENT-REVIEW
CL-TASAKI2020-0558	mathlib_only	VOCABULARY-INDEPENDENT-REVIEW
CL-TASAKI2020-0560	mathlib_only	VOCABULARY-INDEPENDENT-REVIEW
CL-TASAKI2020-3000	mathlib_only	VOCABULARY-INDEPENDENT-REVIEW
CL-TASAKI2020-3001	mathlib_only	VOCABULARY-INDEPENDENT-REVIEW
CL-TASAKI2020-0562	mathlib_only	VOCABULARY-INDEPENDENT-REVIEW
CL-TASAKI2020-0563	mathlib_only	VOCABULARY-INDEPENDENT-REVIEW
CL-TASAKI2020-0564	mathlib_only	VOCABULARY-INDEPENDENT-REVIEW
CL-TASAKI2020-0566	mathlib_only	VOCABULARY-INDEPENDENT-REVIEW
CL-TASAKI2020-0567	mathlib_only	VOCABULARY-INDEPENDENT-REVIEW
CL-TASAKI2020-0568	mathlib_only	VOCABULARY-INDEPENDENT-REVIEW
CL-TASAKI2020-0569	mathlib_only	VOCABULARY-INDEPENDENT-REVIEW
CL-TASAKI2020-0570	mathlib_only	VOCABULARY-INDEPENDENT-REVIEW
CL-TASAKI2020-0571	mathlib_only	VOCABULARY-INDEPENDENT-REVIEW
CL-TASAKI2020-0572	mathlib_only	VOCABULARY-INDEPENDENT-REVIEW
CL-TASAKI2020-0573	mathlib_only	VOCABULARY-INDEPENDENT-REVIEW
CL-TASAKI2020-0574	mathlib_only	VOCABULARY-INDEPENDENT-REVIEW
CL-TASAKI2020-0575	mathlib_only	VOCABULARY-INDEPENDENT-REVIEW
CL-TASAKI2020-0576	mathlib_only	VOCABULARY-INDEPENDENT-REVIEW
CL-TASAKI2020-3002	mathlib_only	VOCABULARY-INDEPENDENT-REVIEW
CL-TASAKI2020-3004	mathlib_only	VOCABULARY-INDEPENDENT-REVIEW
CL-TASAKI2020-3005	mathlib_only	VOCABULARY-INDEPENDENT-REVIEW
CL-TASAKI2020-3006	mathlib_only	VOCABULARY-INDEPENDENT-REVIEW
CL-TASAKI2020-3008	mathlib_only	VOCABULARY-INDEPENDENT-REVIEW
CL-TASAKI2020-3009	mathlib_only	VOCABULARY-INDEPENDENT-REVIEW
CL-TASAKI2020-0578	mathlib_only	VOCABULARY-INDEPENDENT-REVIEW
CL-TASAKI2020-3010	mathlib_only	VOCABULARY-INDEPENDENT-REVIEW
CL-TASAKI2020-3011	mathlib_only	VOCABULARY-INDEPENDENT-REVIEW
CL-TASAKI2020-0580	mathlib_only	VOCABULARY-INDEPENDENT-REVIEW
CL-TASAKI2020-0581	mathlib_only	VOCABULARY-INDEPENDENT-REVIEW
CL-TASAKI2020-0583	mathlib_only	VOCABULARY-INDEPENDENT-REVIEW
CL-TASAKI2020-0584	mathlib_only	VOCABULARY-INDEPENDENT-REVIEW
CL-TASAKI2020-0585	mathlib_only	VOCABULARY-INDEPENDENT-REVIEW
CL-TASAKI2020-3297	mathlib_only	VOCABULARY-INDEPENDENT-REVIEW
CL-TASAKI2020-0588	mathlib_only	VOCABULARY-INDEPENDENT-REVIEW
CL-TASAKI2020-0589	mathlib_only	VOCABULARY-INDEPENDENT-REVIEW
CL-TASAKI2020-0590	mathlib_only	VOCABULARY-INDEPENDENT-REVIEW
CL-TASAKI2020-0591	mathlib_only	VOCABULARY-INDEPENDENT-REVIEW
CL-TASAKI2020-0592	mathlib_only	VOCABULARY-INDEPENDENT-REVIEW
CL-TASAKI2020-0593	mathlib_only	VOCABULARY-INDEPENDENT-REVIEW
CL-TASAKI2020-0594	mathlib_only	VOCABULARY-INDEPENDENT-REVIEW
CL-TASAKI2020-0596	mathlib_only	VOCABULARY-INDEPENDENT-REVIEW
CL-TASAKI2020-0597	mathlib_only	VOCABULARY-INDEPENDENT-REVIEW
CL-TASAKI2020-0598	mathlib_only	VOCABULARY-INDEPENDENT-REVIEW
CL-TASAKI2020-0599	mathlib_only	VOCABULARY-INDEPENDENT-REVIEW
CL-TASAKI2020-0600	mathlib_only	VOCABULARY-INDEPENDENT-REVIEW
CL-TASAKI2020-0601	mathlib_only	VOCABULARY-INDEPENDENT-REVIEW
CL-TASAKI2020-0602	mathlib_only	VOCABULARY-INDEPENDENT-REVIEW
CL-TASAKI2020-0603	mathlib_only	VOCABULARY-INDEPENDENT-REVIEW
CL-TASAKI2020-0604	mathlib_only	VOCABULARY-INDEPENDENT-REVIEW
CL-TASAKI2020-0605	mathlib_only	VOCABULARY-INDEPENDENT-REVIEW
CL-TASAKI2020-0606	mathlib_only	VOCABULARY-INDEPENDENT-REVIEW
CL-TASAKI2020-0607	mathlib_only	VOCABULARY-INDEPENDENT-REVIEW
CL-TASAKI2020-0608	mathlib_only	VOCABULARY-INDEPENDENT-REVIEW
CL-TASAKI2020-0609	mathlib_only	VOCABULARY-INDEPENDENT-REVIEW
CL-TASAKI2020-0610	mathlib_only	VOCABULARY-INDEPENDENT-REVIEW
CL-TASAKI2020-0611	mathlib_only	VOCABULARY-INDEPENDENT-REVIEW
CL-TASAKI2020-0612	mathlib_only	VOCABULARY-INDEPENDENT-REVIEW
CL-TASAKI2020-0613	mathlib_only	VOCABULARY-INDEPENDENT-REVIEW
CL-TASAKI2020-0614	mathlib_only	VOCABULARY-INDEPENDENT-REVIEW
CL-TASAKI2020-0615	mathlib_only	VOCABULARY-INDEPENDENT-REVIEW
CL-TASAKI2020-0616	mathlib_only	VOCABULARY-INDEPENDENT-REVIEW
CL-TASAKI2020-0617	mathlib_only	VOCABULARY-INDEPENDENT-REVIEW
CL-TASAKI2020-0618	mathlib_only	VOCABULARY-INDEPENDENT-REVIEW
CL-TASAKI2020-0619	mathlib_only	VOCABULARY-INDEPENDENT-REVIEW
CL-TASAKI2020-0620	mathlib_only	VOCABULARY-INDEPENDENT-REVIEW
CL-TASAKI2020-0621	mathlib_only	VOCABULARY-INDEPENDENT-REVIEW
CL-TASAKI2020-0622	mathlib_only	VOCABULARY-INDEPENDENT-REVIEW
CL-TASAKI2020-0623	mathlib_only	VOCABULARY-INDEPENDENT-REVIEW
CL-TASAKI2020-0624	mathlib_only	VOCABULARY-INDEPENDENT-REVIEW
CL-TASAKI2020-0625	mathlib_only	VOCABULARY-INDEPENDENT-REVIEW
CL-TASAKI2020-0626	mathlib_only	VOCABULARY-INDEPENDENT-REVIEW
CL-TASAKI2020-0627	mathlib_only	VOCABULARY-INDEPENDENT-REVIEW
CL-TASAKI2020-0628	mathlib_only	VOCABULARY-INDEPENDENT-REVIEW
CL-TASAKI2020-0629	mathlib_only	VOCABULARY-INDEPENDENT-REVIEW
CL-TASAKI2020-0630	mathlib_only	VOCABULARY-INDEPENDENT-REVIEW
CL-TASAKI2020-3298	mathlib_only	VOCABULARY-INDEPENDENT-REVIEW
CL-TASAKI2020-0631	mathlib_only	VOCABULARY-INDEPENDENT-REVIEW
CL-TASAKI2020-3299	mathlib_only	VOCABULARY-INDEPENDENT-REVIEW
CL-TASAKI2020-0633	mathlib_only	VOCABULARY-INDEPENDENT-REVIEW
CL-TASAKI2020-0635	mathlib_only	VOCABULARY-INDEPENDENT-REVIEW
CL-TASAKI2020-0636	mathlib_only	VOCABULARY-INDEPENDENT-REVIEW
CL-TASAKI2020-0637	mathlib_only	VOCABULARY-INDEPENDENT-REVIEW
CL-TASAKI2020-0638	mathlib_only	VOCABULARY-INDEPENDENT-REVIEW
CL-TASAKI2020-0639	mathlib_only	VOCABULARY-INDEPENDENT-REVIEW
CL-TASAKI2020-0640	mathlib_only	VOCABULARY-INDEPENDENT-REVIEW
CL-TASAKI2020-0641	mathlib_only	VOCABULARY-INDEPENDENT-REVIEW
CL-TASAKI2020-0642	mathlib_only	VOCABULARY-INDEPENDENT-REVIEW
CL-TASAKI2020-0643	mathlib_only	VOCABULARY-INDEPENDENT-REVIEW
CL-TASAKI2020-0644	mathlib_only	VOCABULARY-INDEPENDENT-REVIEW
CL-TASAKI2020-0645	mathlib_only	VOCABULARY-INDEPENDENT-REVIEW
CL-TASAKI2020-0646	mathlib_only	VOCABULARY-INDEPENDENT-REVIEW
CL-TASAKI2020-0647	mathlib_only	VOCABULARY-INDEPENDENT-REVIEW
CL-TASAKI2020-0648	mathlib_only	VOCABULARY-INDEPENDENT-REVIEW
CL-TASAKI2020-0649	mathlib_only	VOCABULARY-INDEPENDENT-REVIEW
CL-TASAKI2020-0650	mathlib_only	VOCABULARY-INDEPENDENT-REVIEW
CL-TASAKI2020-0651	mathlib_only	VOCABULARY-INDEPENDENT-REVIEW
CL-TASAKI2020-0652	mathlib_only	VOCABULARY-INDEPENDENT-REVIEW
CL-TASAKI2020-0653	mathlib_only	VOCABULARY-INDEPENDENT-REVIEW
CL-TASAKI2020-0654	mathlib_only	VOCABULARY-INDEPENDENT-REVIEW
CL-TASAKI2020-0655	mathlib_only	VOCABULARY-INDEPENDENT-REVIEW
CL-TASAKI2020-0656	mathlib_only	VOCABULARY-INDEPENDENT-REVIEW
CL-TASAKI2020-0657	mathlib_only	VOCABULARY-INDEPENDENT-REVIEW
CL-TASAKI2020-0659	mathlib_only	VOCABULARY-INDEPENDENT-REVIEW
CL-TASAKI2020-0660	mathlib_only	VOCABULARY-INDEPENDENT-REVIEW
CL-TASAKI2020-0661	mathlib_only	VOCABULARY-INDEPENDENT-REVIEW
CL-TASAKI2020-0662	mathlib_only	VOCABULARY-INDEPENDENT-REVIEW
CL-TASAKI2020-0663	mathlib_only	VOCABULARY-INDEPENDENT-REVIEW
CL-TASAKI2020-0664	mathlib_only	VOCABULARY-INDEPENDENT-REVIEW
CL-TASAKI2020-0665	mathlib_only	VOCABULARY-INDEPENDENT-REVIEW
CL-TASAKI2020-0666	mathlib_only	VOCABULARY-INDEPENDENT-REVIEW
CL-TASAKI2020-0667	mathlib_only	VOCABULARY-INDEPENDENT-REVIEW
CL-TASAKI2020-0668	mathlib_only	VOCABULARY-INDEPENDENT-REVIEW
CL-TASAKI2020-0669	mathlib_only	VOCABULARY-INDEPENDENT-REVIEW
CL-TASAKI2020-0670	mathlib_only	VOCABULARY-INDEPENDENT-REVIEW
CL-TASAKI2020-0671	mathlib_only	VOCABULARY-INDEPENDENT-REVIEW
CL-TASAKI2020-0673	mathlib_only	VOCABULARY-INDEPENDENT-REVIEW
CL-TASAKI2020-0674	mathlib_only	VOCABULARY-INDEPENDENT-REVIEW
CL-TASAKI2020-0675	mathlib_only	VOCABULARY-INDEPENDENT-REVIEW
CL-TASAKI2020-0676	mathlib_only	VOCABULARY-INDEPENDENT-REVIEW
CL-TASAKI2020-0677	mathlib_only	VOCABULARY-INDEPENDENT-REVIEW
CL-TASAKI2020-0678	mathlib_only	VOCABULARY-INDEPENDENT-REVIEW
CL-TASAKI2020-0679	mathlib_only	VOCABULARY-INDEPENDENT-REVIEW
CL-TASAKI2020-0681	mathlib_only	VOCABULARY-INDEPENDENT-REVIEW
CL-TASAKI2020-0682	mathlib_only	VOCABULARY-INDEPENDENT-REVIEW
CL-TASAKI2020-0683	mathlib_only	VOCABULARY-INDEPENDENT-REVIEW
CL-TASAKI2020-0684	mathlib_only	VOCABULARY-INDEPENDENT-REVIEW
CL-TASAKI2020-0685	mathlib_only	VOCABULARY-INDEPENDENT-REVIEW
CL-TASAKI2020-0686	mathlib_only	VOCABULARY-INDEPENDENT-REVIEW
CL-TASAKI2020-0687	mathlib_only	VOCABULARY-INDEPENDENT-REVIEW
CL-TASAKI2020-0688	mathlib_only	VOCABULARY-INDEPENDENT-REVIEW
CL-TASAKI2020-0689	mathlib_only	VOCABULARY-INDEPENDENT-REVIEW
CL-TASAKI2020-0690	mathlib_only	VOCABULARY-INDEPENDENT-REVIEW
CL-TASAKI2020-0691	mathlib_only	VOCABULARY-INDEPENDENT-REVIEW
CL-TASAKI2020-0692	mathlib_only	VOCABULARY-INDEPENDENT-REVIEW
CL-TASAKI2020-0694	mathlib_only	VOCABULARY-INDEPENDENT-REVIEW
CL-TASAKI2020-0695	mathlib_only	VOCABULARY-INDEPENDENT-REVIEW
CL-TASAKI2020-3396	mathlib_only	VOCABULARY-INDEPENDENT-REVIEW
CL-TASAKI2020-0696	mathlib_only	VOCABULARY-INDEPENDENT-REVIEW
CL-TASAKI2020-0698	mathlib_only	VOCABULARY-INDEPENDENT-REVIEW
CL-TASAKI2020-0699	mathlib_only	VOCABULARY-INDEPENDENT-REVIEW
CL-TASAKI2020-0700	mathlib_only	VOCABULARY-INDEPENDENT-REVIEW
CL-TASAKI2020-0701	mathlib_only	VOCABULARY-INDEPENDENT-REVIEW
CL-TASAKI2020-3012	mathlib_only	VOCABULARY-INDEPENDENT-REVIEW
CL-TASAKI2020-3013	mathlib_only	VOCABULARY-INDEPENDENT-REVIEW
CL-TASAKI2020-3014	mathlib_only	VOCABULARY-INDEPENDENT-REVIEW
CL-TASAKI2020-3015	mathlib_only	VOCABULARY-INDEPENDENT-REVIEW
CL-TASAKI2020-3016	mathlib_only	VOCABULARY-INDEPENDENT-REVIEW
CL-TASAKI2020-3017	mathlib_only	VOCABULARY-INDEPENDENT-REVIEW
CL-TASAKI2020-3018	mathlib_only	VOCABULARY-INDEPENDENT-REVIEW
CL-TASAKI2020-3019	mathlib_only	VOCABULARY-INDEPENDENT-REVIEW
CL-TASAKI2020-3020	mathlib_only	VOCABULARY-INDEPENDENT-REVIEW
CL-TASAKI2020-3021	mathlib_only	VOCABULARY-INDEPENDENT-REVIEW
CL-TASAKI2020-3022	mathlib_only	VOCABULARY-INDEPENDENT-REVIEW
CL-TASAKI2020-0703	mathlib_only	VOCABULARY-INDEPENDENT-REVIEW
CL-TASAKI2020-0704	mathlib_only	VOCABULARY-INDEPENDENT-REVIEW
CL-TASAKI2020-0705	mathlib_only	VOCABULARY-INDEPENDENT-REVIEW
CL-TASAKI2020-0706	mathlib_only	VOCABULARY-INDEPENDENT-REVIEW
CL-TASAKI2020-0707	mathlib_only	VOCABULARY-INDEPENDENT-REVIEW
CL-TASAKI2020-0708	mathlib_only	VOCABULARY-INDEPENDENT-REVIEW
CL-TASAKI2020-0709	mathlib_only	VOCABULARY-INDEPENDENT-REVIEW
CL-TASAKI2020-0710	mathlib_only	VOCABULARY-INDEPENDENT-REVIEW
CL-TASAKI2020-0711	mathlib_only	VOCABULARY-INDEPENDENT-REVIEW
CL-TASAKI2020-0712	mathlib_only	VOCABULARY-INDEPENDENT-REVIEW
CL-TASAKI2020-0713	mathlib_only	VOCABULARY-INDEPENDENT-REVIEW
CL-TASAKI2020-0715	mathlib_only	VOCABULARY-INDEPENDENT-REVIEW
CL-TASAKI2020-0717	mathlib_only	VOCABULARY-INDEPENDENT-REVIEW
CL-TASAKI2020-0718	mathlib_only	VOCABULARY-INDEPENDENT-REVIEW
CL-TASAKI2020-0719	mathlib_only	VOCABULARY-INDEPENDENT-REVIEW
CL-TASAKI2020-0720	mathlib_only	VOCABULARY-INDEPENDENT-REVIEW
CL-TASAKI2020-0721	mathlib_only	VOCABULARY-INDEPENDENT-REVIEW
CL-TASAKI2020-0722	mathlib_only	VOCABULARY-INDEPENDENT-REVIEW
CL-TASAKI2020-0723	mathlib_only	VOCABULARY-INDEPENDENT-REVIEW
CL-TASAKI2020-0724	mathlib_only	VOCABULARY-INDEPENDENT-REVIEW
CL-TASAKI2020-0725	mathlib_only	VOCABULARY-INDEPENDENT-REVIEW
CL-TASAKI2020-0726	mathlib_only	VOCABULARY-INDEPENDENT-REVIEW
CL-TASAKI2020-0728	mathlib_only	VOCABULARY-INDEPENDENT-REVIEW
CL-TASAKI2020-0729	mathlib_only	VOCABULARY-INDEPENDENT-REVIEW
CL-TASAKI2020-0730	mathlib_only	VOCABULARY-INDEPENDENT-REVIEW
CL-TASAKI2020-0731	mathlib_only	VOCABULARY-INDEPENDENT-REVIEW
CL-TASAKI2020-0732	mathlib_only	VOCABULARY-INDEPENDENT-REVIEW
CL-TASAKI2020-0733	mathlib_only	VOCABULARY-INDEPENDENT-REVIEW
CL-TASAKI2020-0734	mathlib_only	VOCABULARY-INDEPENDENT-REVIEW
CL-TASAKI2020-0735	mathlib_only	VOCABULARY-INDEPENDENT-REVIEW
CL-TASAKI2020-0736	mathlib_only	VOCABULARY-INDEPENDENT-REVIEW
CL-TASAKI2020-0737	mathlib_only	VOCABULARY-INDEPENDENT-REVIEW
CL-TASAKI2020-0738	mathlib_only	VOCABULARY-INDEPENDENT-REVIEW
CL-TASAKI2020-0739	mathlib_only	VOCABULARY-INDEPENDENT-REVIEW
CL-TASAKI2020-0740	mathlib_only	VOCABULARY-INDEPENDENT-REVIEW
CL-TASAKI2020-0741	mathlib_only	VOCABULARY-INDEPENDENT-REVIEW
CL-TASAKI2020-0742	mathlib_only	VOCABULARY-INDEPENDENT-REVIEW
CL-TASAKI2020-0743	mathlib_only	VOCABULARY-INDEPENDENT-REVIEW
CL-TASAKI2020-0744	mathlib_only	VOCABULARY-INDEPENDENT-REVIEW
CL-TASAKI2020-3397	mathlib_only	VOCABULARY-INDEPENDENT-REVIEW
CL-TASAKI2020-0745	mathlib_only	VOCABULARY-INDEPENDENT-REVIEW
CL-TASAKI2020-0746	mathlib_only	VOCABULARY-INDEPENDENT-REVIEW
CL-TASAKI2020-0747	mathlib_only	VOCABULARY-INDEPENDENT-REVIEW
CL-TASAKI2020-0748	mathlib_only	VOCABULARY-INDEPENDENT-REVIEW
CL-TASAKI2020-0749	mathlib_only	VOCABULARY-INDEPENDENT-REVIEW
CL-TASAKI2020-0750	mathlib_only	VOCABULARY-INDEPENDENT-REVIEW
CL-TASAKI2020-0751	mathlib_only	VOCABULARY-INDEPENDENT-REVIEW
CL-TASAKI2020-0752	mathlib_only	VOCABULARY-INDEPENDENT-REVIEW
CL-TASAKI2020-0753	mathlib_only	VOCABULARY-INDEPENDENT-REVIEW
CL-TASAKI2020-0754	mathlib_only	VOCABULARY-INDEPENDENT-REVIEW
CL-TASAKI2020-0755	mathlib_only	VOCABULARY-INDEPENDENT-REVIEW
CL-TASAKI2020-0756	mathlib_only	VOCABULARY-INDEPENDENT-REVIEW
CL-TASAKI2020-0757	mathlib_only	VOCABULARY-INDEPENDENT-REVIEW
CL-TASAKI2020-0758	mathlib_only	VOCABULARY-INDEPENDENT-REVIEW
CL-TASAKI2020-0759	mathlib_only	VOCABULARY-INDEPENDENT-REVIEW
CL-TASAKI2020-0760	mathlib_only	VOCABULARY-INDEPENDENT-REVIEW
CL-TASAKI2020-0761	mathlib_only	VOCABULARY-INDEPENDENT-REVIEW
CL-TASAKI2020-0762	mathlib_only	VOCABULARY-INDEPENDENT-REVIEW
CL-TASAKI2020-0763	mathlib_only	VOCABULARY-INDEPENDENT-REVIEW
CL-TASAKI2020-0764	mathlib_only	VOCABULARY-INDEPENDENT-REVIEW
CL-TASAKI2020-0765	mathlib_only	VOCABULARY-INDEPENDENT-REVIEW
CL-TASAKI2020-0766	mathlib_only	VOCABULARY-INDEPENDENT-REVIEW
CL-TASAKI2020-0767	mathlib_only	VOCABULARY-INDEPENDENT-REVIEW
CL-TASAKI2020-0768	mathlib_only	VOCABULARY-INDEPENDENT-REVIEW
CL-TASAKI2020-0769	mathlib_only	VOCABULARY-INDEPENDENT-REVIEW
CL-TASAKI2020-0770	mathlib_only	VOCABULARY-INDEPENDENT-REVIEW
CL-TASAKI2020-0771	mathlib_only	VOCABULARY-INDEPENDENT-REVIEW
CL-TASAKI2020-0772	mathlib_only	VOCABULARY-INDEPENDENT-REVIEW
CL-TASAKI2020-0773	mathlib_only	VOCABULARY-INDEPENDENT-REVIEW
CL-TASAKI2020-0774	mathlib_only	VOCABULARY-INDEPENDENT-REVIEW
CL-TASAKI2020-0775	mathlib_only	VOCABULARY-INDEPENDENT-REVIEW
CL-TASAKI2020-0776	mathlib_only	VOCABULARY-INDEPENDENT-REVIEW
CL-TASAKI2020-0777	mathlib_only	VOCABULARY-INDEPENDENT-REVIEW
CL-TASAKI2020-0778	mathlib_only	VOCABULARY-INDEPENDENT-REVIEW
CL-TASAKI2020-0779	mathlib_only	VOCABULARY-INDEPENDENT-REVIEW
CL-TASAKI2020-0780	mathlib_only	VOCABULARY-INDEPENDENT-REVIEW
CL-TASAKI2020-0781	mathlib_only	VOCABULARY-INDEPENDENT-REVIEW
CL-TASAKI2020-0782	mathlib_only	VOCABULARY-INDEPENDENT-REVIEW
CL-TASAKI2020-0783	mathlib_only	VOCABULARY-INDEPENDENT-REVIEW
CL-TASAKI2020-0784	mathlib_only	VOCABULARY-INDEPENDENT-REVIEW
CL-TASAKI2020-0785	mathlib_only	VOCABULARY-INDEPENDENT-REVIEW
CL-TASAKI2020-0786	mathlib_only	VOCABULARY-INDEPENDENT-REVIEW
CL-TASAKI2020-0787	mathlib_only	VOCABULARY-INDEPENDENT-REVIEW
CL-TASAKI2020-0788	mathlib_only	VOCABULARY-INDEPENDENT-REVIEW
CL-TASAKI2020-0789	mathlib_only	VOCABULARY-INDEPENDENT-REVIEW
CL-TASAKI2020-0790	mathlib_only	VOCABULARY-INDEPENDENT-REVIEW
CL-TASAKI2020-0791	mathlib_only	VOCABULARY-INDEPENDENT-REVIEW
CL-TASAKI2020-0792	mathlib_only	VOCABULARY-INDEPENDENT-REVIEW
CL-TASAKI2020-0793	mathlib_only	VOCABULARY-INDEPENDENT-REVIEW
CL-TASAKI2020-0794	mathlib_only	VOCABULARY-INDEPENDENT-REVIEW
CL-TASAKI2020-0795	mathlib_only	VOCABULARY-INDEPENDENT-REVIEW
CL-TASAKI2020-0796	mathlib_only	VOCABULARY-INDEPENDENT-REVIEW
CL-TASAKI2020-0797	mathlib_only	VOCABULARY-INDEPENDENT-REVIEW
CL-TASAKI2020-0798	mathlib_only	VOCABULARY-INDEPENDENT-REVIEW
CL-TASAKI2020-0799	mathlib_only	VOCABULARY-INDEPENDENT-REVIEW
CL-TASAKI2020-3023	mathlib_only	VOCABULARY-INDEPENDENT-REVIEW
CL-TASAKI2020-3024	mathlib_only	VOCABULARY-INDEPENDENT-REVIEW
CL-TASAKI2020-3025	mathlib_only	VOCABULARY-INDEPENDENT-REVIEW
CL-TASAKI2020-3345	mathlib_only	VOCABULARY-INDEPENDENT-REVIEW
CL-TASAKI2020-3026	mathlib_only	VOCABULARY-INDEPENDENT-REVIEW
CL-TASAKI2020-3028	mathlib_only	VOCABULARY-INDEPENDENT-REVIEW
CL-TASAKI2020-0801	mathlib_only	VOCABULARY-INDEPENDENT-REVIEW
CL-TASAKI2020-0802	mathlib_only	VOCABULARY-INDEPENDENT-REVIEW
CL-TASAKI2020-0803	mathlib_only	VOCABULARY-INDEPENDENT-REVIEW
CL-TASAKI2020-0804	mathlib_only	VOCABULARY-INDEPENDENT-REVIEW
CL-TASAKI2020-0805	mathlib_only	VOCABULARY-INDEPENDENT-REVIEW
CL-TASAKI2020-0806	mathlib_only	VOCABULARY-INDEPENDENT-REVIEW
CL-TASAKI2020-0807	mathlib_only	VOCABULARY-INDEPENDENT-REVIEW
CL-TASAKI2020-0808	mathlib_only	VOCABULARY-INDEPENDENT-REVIEW
CL-TASAKI2020-0809	mathlib_only	VOCABULARY-INDEPENDENT-REVIEW
CL-TASAKI2020-3029	mathlib_only	VOCABULARY-INDEPENDENT-REVIEW
CL-TASAKI2020-3030	mathlib_only	VOCABULARY-INDEPENDENT-REVIEW
CL-TASAKI2020-3031	mathlib_only	VOCABULARY-INDEPENDENT-REVIEW
CL-TASAKI2020-3032	mathlib_only	VOCABULARY-INDEPENDENT-REVIEW
CL-TASAKI2020-3033	mathlib_only	VOCABULARY-INDEPENDENT-REVIEW
CL-TASAKI2020-0813	mathlib_only	VOCABULARY-INDEPENDENT-REVIEW
CL-TASAKI2020-0814	mathlib_only	VOCABULARY-INDEPENDENT-REVIEW
CL-TASAKI2020-0815	mathlib_only	VOCABULARY-INDEPENDENT-REVIEW
CL-TASAKI2020-0816	mathlib_only	VOCABULARY-INDEPENDENT-REVIEW
CL-TASAKI2020-0817	mathlib_only	VOCABULARY-INDEPENDENT-REVIEW
CL-TASAKI2020-0818	mathlib_only	VOCABULARY-INDEPENDENT-REVIEW
CL-TASAKI2020-0819	mathlib_only	VOCABULARY-INDEPENDENT-REVIEW
CL-TASAKI2020-0820	mathlib_only	VOCABULARY-INDEPENDENT-REVIEW
CL-TASAKI2020-0821	mathlib_only	VOCABULARY-INDEPENDENT-REVIEW
CL-TASAKI2020-0822	mathlib_only	VOCABULARY-INDEPENDENT-REVIEW
CL-TASAKI2020-0823	mathlib_only	VOCABULARY-INDEPENDENT-REVIEW
CL-TASAKI2020-0824	mathlib_only	VOCABULARY-INDEPENDENT-REVIEW
CL-TASAKI2020-0825	mathlib_only	VOCABULARY-INDEPENDENT-REVIEW
CL-TASAKI2020-0826	mathlib_only	VOCABULARY-INDEPENDENT-REVIEW
CL-TASAKI2020-0828	mathlib_only	VOCABULARY-INDEPENDENT-REVIEW
CL-TASAKI2020-0829	mathlib_only	VOCABULARY-INDEPENDENT-REVIEW
CL-TASAKI2020-0830	mathlib_only	VOCABULARY-INDEPENDENT-REVIEW
CL-TASAKI2020-0831	mathlib_only	VOCABULARY-INDEPENDENT-REVIEW
CL-TASAKI2020-0832	mathlib_only	VOCABULARY-INDEPENDENT-REVIEW
CL-TASAKI2020-0833	mathlib_only	VOCABULARY-INDEPENDENT-REVIEW
CL-TASAKI2020-0834	mathlib_only	VOCABULARY-INDEPENDENT-REVIEW
CL-TASAKI2020-0835	mathlib_only	VOCABULARY-INDEPENDENT-REVIEW
CL-TASAKI2020-0836	mathlib_only	VOCABULARY-INDEPENDENT-REVIEW
CL-TASAKI2020-0837	mathlib_only	VOCABULARY-INDEPENDENT-REVIEW
CL-TASAKI2020-0839	mathlib_only	VOCABULARY-INDEPENDENT-REVIEW
CL-TASAKI2020-0840	mathlib_only	VOCABULARY-INDEPENDENT-REVIEW
CL-TASAKI2020-0841	mathlib_only	VOCABULARY-INDEPENDENT-REVIEW
CL-TASAKI2020-0842	mathlib_only	VOCABULARY-INDEPENDENT-REVIEW
CL-TASAKI2020-0843	mathlib_only	VOCABULARY-INDEPENDENT-REVIEW
CL-TASAKI2020-0844	mathlib_only	VOCABULARY-INDEPENDENT-REVIEW
CL-TASAKI2020-0845	mathlib_only	VOCABULARY-INDEPENDENT-REVIEW
CL-TASAKI2020-0846	mathlib_only	VOCABULARY-INDEPENDENT-REVIEW
CL-TASAKI2020-0847	mathlib_only	VOCABULARY-INDEPENDENT-REVIEW
CL-TASAKI2020-0848	mathlib_only	VOCABULARY-INDEPENDENT-REVIEW
CL-TASAKI2020-0849	mathlib_only	VOCABULARY-INDEPENDENT-REVIEW
CL-TASAKI2020-0850	mathlib_only	VOCABULARY-INDEPENDENT-REVIEW
CL-TASAKI2020-0851	mathlib_only	VOCABULARY-INDEPENDENT-REVIEW
CL-TASAKI2020-3034	mathlib_only	VOCABULARY-INDEPENDENT-REVIEW
CL-TASAKI2020-3035	mathlib_only	VOCABULARY-INDEPENDENT-REVIEW
CL-TASAKI2020-3036	mathlib_only	VOCABULARY-INDEPENDENT-REVIEW
CL-TASAKI2020-3037	mathlib_only	VOCABULARY-INDEPENDENT-REVIEW
CL-TASAKI2020-0853	mathlib_only	VOCABULARY-INDEPENDENT-REVIEW
CL-TASAKI2020-0854	mathlib_only	VOCABULARY-INDEPENDENT-REVIEW
CL-TASAKI2020-0855	mathlib_only	VOCABULARY-INDEPENDENT-REVIEW
CL-TASAKI2020-0856	mathlib_only	VOCABULARY-INDEPENDENT-REVIEW
CL-TASAKI2020-0857	mathlib_only	VOCABULARY-INDEPENDENT-REVIEW
CL-TASAKI2020-0858	mathlib_only	VOCABULARY-INDEPENDENT-REVIEW
CL-TASAKI2020-0859	mathlib_only	VOCABULARY-INDEPENDENT-REVIEW
CL-TASAKI2020-0860	mathlib_only	VOCABULARY-INDEPENDENT-REVIEW
CL-TASAKI2020-0861	mathlib_only	VOCABULARY-INDEPENDENT-REVIEW
CL-TASAKI2020-0862	mathlib_only	VOCABULARY-INDEPENDENT-REVIEW
CL-TASAKI2020-0863	mathlib_only	VOCABULARY-INDEPENDENT-REVIEW
CL-TASAKI2020-0864	mathlib_only	VOCABULARY-INDEPENDENT-REVIEW
CL-TASAKI2020-0865	mathlib_only	VOCABULARY-INDEPENDENT-REVIEW
CL-TASAKI2020-0866	mathlib_only	VOCABULARY-INDEPENDENT-REVIEW
CL-TASAKI2020-0868	mathlib_only	VOCABULARY-INDEPENDENT-REVIEW
CL-TASAKI2020-0869	mathlib_only	VOCABULARY-INDEPENDENT-REVIEW
CL-TASAKI2020-0870	mathlib_only	VOCABULARY-INDEPENDENT-REVIEW
CL-TASAKI2020-0871	mathlib_only	VOCABULARY-INDEPENDENT-REVIEW
CL-TASAKI2020-0872	mathlib_only	VOCABULARY-INDEPENDENT-REVIEW
CL-TASAKI2020-0873	mathlib_only	VOCABULARY-INDEPENDENT-REVIEW
CL-TASAKI2020-0874	mathlib_only	VOCABULARY-INDEPENDENT-REVIEW
CL-TASAKI2020-0875	mathlib_only	VOCABULARY-INDEPENDENT-REVIEW
CL-TASAKI2020-0876	mathlib_only	VOCABULARY-INDEPENDENT-REVIEW
CL-TASAKI2020-0877	mathlib_only	VOCABULARY-INDEPENDENT-REVIEW
CL-TASAKI2020-0878	mathlib_only	VOCABULARY-INDEPENDENT-REVIEW
CL-TASAKI2020-0879	mathlib_only	VOCABULARY-INDEPENDENT-REVIEW
CL-TASAKI2020-0880	mathlib_only	VOCABULARY-INDEPENDENT-REVIEW
CL-TASAKI2020-0881	mathlib_only	VOCABULARY-INDEPENDENT-REVIEW
CL-TASAKI2020-0882	mathlib_only	VOCABULARY-INDEPENDENT-REVIEW
CL-TASAKI2020-0883	mathlib_only	VOCABULARY-INDEPENDENT-REVIEW
CL-TASAKI2020-0884	mathlib_only	VOCABULARY-INDEPENDENT-REVIEW
CL-TASAKI2020-0885	mathlib_only	VOCABULARY-INDEPENDENT-REVIEW
CL-TASAKI2020-0886	mathlib_only	VOCABULARY-INDEPENDENT-REVIEW
CL-TASAKI2020-0887	mathlib_only	VOCABULARY-INDEPENDENT-REVIEW
CL-TASAKI2020-0888	mathlib_only	VOCABULARY-INDEPENDENT-REVIEW
CL-TASAKI2020-0889	mathlib_only	VOCABULARY-INDEPENDENT-REVIEW
CL-TASAKI2020-0891	mathlib_only	VOCABULARY-INDEPENDENT-REVIEW
CL-TASAKI2020-0892	mathlib_only	VOCABULARY-INDEPENDENT-REVIEW
CL-TASAKI2020-0893	mathlib_only	VOCABULARY-INDEPENDENT-REVIEW
CL-TASAKI2020-0895	mathlib_only	VOCABULARY-INDEPENDENT-REVIEW
CL-TASAKI2020-0896	mathlib_only	VOCABULARY-INDEPENDENT-REVIEW
CL-TASAKI2020-0897	mathlib_only	VOCABULARY-INDEPENDENT-REVIEW
CL-TASAKI2020-0898	mathlib_only	VOCABULARY-INDEPENDENT-REVIEW
CL-TASAKI2020-0899	mathlib_only	VOCABULARY-INDEPENDENT-REVIEW
CL-TASAKI2020-0900	mathlib_only	VOCABULARY-INDEPENDENT-REVIEW
CL-TASAKI2020-0901	mathlib_only	VOCABULARY-INDEPENDENT-REVIEW
CL-TASAKI2020-0902	mathlib_only	VOCABULARY-INDEPENDENT-REVIEW
CL-TASAKI2020-0903	mathlib_only	VOCABULARY-INDEPENDENT-REVIEW
CL-TASAKI2020-0905	mathlib_only	VOCABULARY-INDEPENDENT-REVIEW
CL-TASAKI2020-0906	mathlib_only	VOCABULARY-INDEPENDENT-REVIEW
CL-TASAKI2020-0907	mathlib_only	VOCABULARY-INDEPENDENT-REVIEW
CL-TASAKI2020-0908	mathlib_only	VOCABULARY-INDEPENDENT-REVIEW
CL-TASAKI2020-0909	mathlib_only	VOCABULARY-INDEPENDENT-REVIEW
CL-TASAKI2020-0910	mathlib_only	VOCABULARY-INDEPENDENT-REVIEW
CL-TASAKI2020-0911	mathlib_only	VOCABULARY-INDEPENDENT-REVIEW
CL-TASAKI2020-0912	mathlib_only	VOCABULARY-INDEPENDENT-REVIEW
CL-TASAKI2020-0913	mathlib_only	VOCABULARY-INDEPENDENT-REVIEW
CL-TASAKI2020-0914	mathlib_only	VOCABULARY-INDEPENDENT-REVIEW
CL-TASAKI2020-0915	mathlib_only	VOCABULARY-INDEPENDENT-REVIEW
CL-TASAKI2020-0917	mathlib_only	VOCABULARY-INDEPENDENT-REVIEW
CL-TASAKI2020-0918	mathlib_only	VOCABULARY-INDEPENDENT-REVIEW
CL-TASAKI2020-0919	mathlib_only	VOCABULARY-INDEPENDENT-REVIEW
CL-TASAKI2020-0920	mathlib_only	VOCABULARY-INDEPENDENT-REVIEW
CL-TASAKI2020-0921	mathlib_only	VOCABULARY-INDEPENDENT-REVIEW
CL-TASAKI2020-0922	mathlib_only	VOCABULARY-INDEPENDENT-REVIEW
CL-TASAKI2020-0923	mathlib_only	VOCABULARY-INDEPENDENT-REVIEW
CL-TASAKI2020-0924	mathlib_only	VOCABULARY-INDEPENDENT-REVIEW
CL-TASAKI2020-0925	mathlib_only	VOCABULARY-INDEPENDENT-REVIEW
CL-TASAKI2020-0926	mathlib_only	VOCABULARY-INDEPENDENT-REVIEW
CL-TASAKI2020-0927	mathlib_only	VOCABULARY-INDEPENDENT-REVIEW
CL-TASAKI2020-0928	mathlib_only	VOCABULARY-INDEPENDENT-REVIEW
CL-TASAKI2020-0929	mathlib_only	VOCABULARY-INDEPENDENT-REVIEW
CL-TASAKI2020-0930	mathlib_only	VOCABULARY-INDEPENDENT-REVIEW
CL-TASAKI2020-0931	mathlib_only	VOCABULARY-INDEPENDENT-REVIEW
CL-TASAKI2020-0932	mathlib_only	VOCABULARY-INDEPENDENT-REVIEW
CL-TASAKI2020-0933	mathlib_only	VOCABULARY-INDEPENDENT-REVIEW
CL-TASAKI2020-0934	mathlib_only	VOCABULARY-INDEPENDENT-REVIEW
CL-TASAKI2020-0935	mathlib_only	VOCABULARY-INDEPENDENT-REVIEW
CL-TASAKI2020-0936	mathlib_only	VOCABULARY-INDEPENDENT-REVIEW
CL-TASAKI2020-0937	mathlib_only	VOCABULARY-INDEPENDENT-REVIEW
CL-TASAKI2020-0938	mathlib_only	VOCABULARY-INDEPENDENT-REVIEW
CL-TASAKI2020-0939	mathlib_only	VOCABULARY-INDEPENDENT-REVIEW
CL-TASAKI2020-0940	mathlib_only	VOCABULARY-INDEPENDENT-REVIEW
CL-TASAKI2020-0942	mathlib_only	VOCABULARY-INDEPENDENT-REVIEW
CL-TASAKI2020-0943	mathlib_only	VOCABULARY-INDEPENDENT-REVIEW
CL-TASAKI2020-0944	mathlib_only	VOCABULARY-INDEPENDENT-REVIEW
CL-TASAKI2020-0945	mathlib_only	VOCABULARY-INDEPENDENT-REVIEW
CL-TASAKI2020-0946	mathlib_only	VOCABULARY-INDEPENDENT-REVIEW
CL-TASAKI2020-0947	mathlib_only	VOCABULARY-INDEPENDENT-REVIEW
CL-TASAKI2020-0948	mathlib_only	VOCABULARY-INDEPENDENT-REVIEW
CL-TASAKI2020-0949	mathlib_only	VOCABULARY-INDEPENDENT-REVIEW
CL-TASAKI2020-0950	mathlib_only	VOCABULARY-INDEPENDENT-REVIEW
CL-TASAKI2020-0951	mathlib_only	VOCABULARY-INDEPENDENT-REVIEW
CL-TASAKI2020-0952	mathlib_only	VOCABULARY-INDEPENDENT-REVIEW
CL-TASAKI2020-0953	mathlib_only	VOCABULARY-INDEPENDENT-REVIEW
CL-TASAKI2020-0954	mathlib_only	VOCABULARY-INDEPENDENT-REVIEW
CL-TASAKI2020-0955	mathlib_only	VOCABULARY-INDEPENDENT-REVIEW
CL-TASAKI2020-0956	mathlib_only	VOCABULARY-INDEPENDENT-REVIEW
CL-TASAKI2020-0957	mathlib_only	VOCABULARY-INDEPENDENT-REVIEW
CL-TASAKI2020-0958	mathlib_only	VOCABULARY-INDEPENDENT-REVIEW
CL-TASAKI2020-0959	mathlib_only	VOCABULARY-INDEPENDENT-REVIEW
CL-TASAKI2020-0960	mathlib_only	VOCABULARY-INDEPENDENT-REVIEW
CL-TASAKI2020-0961	mathlib_only	VOCABULARY-INDEPENDENT-REVIEW
CL-TASAKI2020-0962	mathlib_only	VOCABULARY-INDEPENDENT-REVIEW
CL-TASAKI2020-0963	mathlib_only	VOCABULARY-INDEPENDENT-REVIEW
CL-TASAKI2020-0964	mathlib_only	VOCABULARY-INDEPENDENT-REVIEW
CL-TASAKI2020-0965	mathlib_only	VOCABULARY-INDEPENDENT-REVIEW
CL-TASAKI2020-0966	mathlib_only	VOCABULARY-INDEPENDENT-REVIEW
CL-TASAKI2020-0968	mathlib_only	VOCABULARY-INDEPENDENT-REVIEW
CL-TASAKI2020-0969	mathlib_only	VOCABULARY-INDEPENDENT-REVIEW
CL-TASAKI2020-0970	mathlib_only	VOCABULARY-INDEPENDENT-REVIEW
CL-TASAKI2020-0971	mathlib_only	VOCABULARY-INDEPENDENT-REVIEW
CL-TASAKI2020-0972	mathlib_only	VOCABULARY-INDEPENDENT-REVIEW
CL-TASAKI2020-0973	mathlib_only	VOCABULARY-INDEPENDENT-REVIEW
CL-TASAKI2020-0974	mathlib_only	VOCABULARY-INDEPENDENT-REVIEW
CL-TASAKI2020-0975	mathlib_only	VOCABULARY-INDEPENDENT-REVIEW
CL-TASAKI2020-0976	mathlib_only	VOCABULARY-INDEPENDENT-REVIEW
CL-TASAKI2020-0977	mathlib_only	VOCABULARY-INDEPENDENT-REVIEW
CL-TASAKI2020-0978	mathlib_only	VOCABULARY-INDEPENDENT-REVIEW
CL-TASAKI2020-0979	mathlib_only	VOCABULARY-INDEPENDENT-REVIEW
CL-TASAKI2020-0980	mathlib_only	VOCABULARY-INDEPENDENT-REVIEW
CL-TASAKI2020-0981	mathlib_only	VOCABULARY-INDEPENDENT-REVIEW
CL-TASAKI2020-0982	mathlib_only	VOCABULARY-INDEPENDENT-REVIEW
CL-TASAKI2020-0983	mathlib_only	VOCABULARY-INDEPENDENT-REVIEW
CL-TASAKI2020-3300	mathlib_only	VOCABULARY-INDEPENDENT-REVIEW
CL-TASAKI2020-0985	mathlib_only	VOCABULARY-INDEPENDENT-REVIEW
CL-TASAKI2020-0986	mathlib_only	VOCABULARY-INDEPENDENT-REVIEW
CL-TASAKI2020-0987	mathlib_only	VOCABULARY-INDEPENDENT-REVIEW
CL-TASAKI2020-0988	mathlib_only	VOCABULARY-INDEPENDENT-REVIEW
CL-TASAKI2020-0989	mathlib_only	VOCABULARY-INDEPENDENT-REVIEW
CL-TASAKI2020-0990	mathlib_only	VOCABULARY-INDEPENDENT-REVIEW
CL-TASAKI2020-0991	mathlib_only	VOCABULARY-INDEPENDENT-REVIEW
CL-TASAKI2020-0992	mathlib_only	VOCABULARY-INDEPENDENT-REVIEW
CL-TASAKI2020-0993	mathlib_only	VOCABULARY-INDEPENDENT-REVIEW
CL-TASAKI2020-0994	mathlib_only	VOCABULARY-INDEPENDENT-REVIEW
CL-TASAKI2020-0995	mathlib_only	VOCABULARY-INDEPENDENT-REVIEW
CL-TASAKI2020-0996	mathlib_only	VOCABULARY-INDEPENDENT-REVIEW
CL-TASAKI2020-0997	mathlib_only	VOCABULARY-INDEPENDENT-REVIEW
CL-TASAKI2020-0998	mathlib_only	VOCABULARY-INDEPENDENT-REVIEW
CL-TASAKI2020-0999	mathlib_only	VOCABULARY-INDEPENDENT-REVIEW
CL-TASAKI2020-1000	mathlib_only	VOCABULARY-INDEPENDENT-REVIEW
CL-TASAKI2020-1002	mathlib_only	VOCABULARY-INDEPENDENT-REVIEW
CL-TASAKI2020-1003	mathlib_only	VOCABULARY-INDEPENDENT-REVIEW
CL-TASAKI2020-1004	mathlib_only	VOCABULARY-INDEPENDENT-REVIEW
CL-TASAKI2020-1005	mathlib_only	VOCABULARY-INDEPENDENT-REVIEW
CL-TASAKI2020-1006	mathlib_only	VOCABULARY-INDEPENDENT-REVIEW
CL-TASAKI2020-1007	mathlib_only	VOCABULARY-INDEPENDENT-REVIEW
CL-TASAKI2020-1008	mathlib_only	VOCABULARY-INDEPENDENT-REVIEW
CL-TASAKI2020-1009	mathlib_only	VOCABULARY-INDEPENDENT-REVIEW
CL-TASAKI2020-1010	mathlib_only	VOCABULARY-INDEPENDENT-REVIEW
CL-TASAKI2020-1011	mathlib_only	VOCABULARY-INDEPENDENT-REVIEW
CL-TASAKI2020-1012	mathlib_only	VOCABULARY-INDEPENDENT-REVIEW
CL-TASAKI2020-1013	mathlib_only	VOCABULARY-INDEPENDENT-REVIEW
CL-TASAKI2020-1014	mathlib_only	VOCABULARY-INDEPENDENT-REVIEW
CL-TASAKI2020-1015	mathlib_only	VOCABULARY-INDEPENDENT-REVIEW
CL-TASAKI2020-1016	mathlib_only	VOCABULARY-INDEPENDENT-REVIEW
CL-TASAKI2020-1017	mathlib_only	VOCABULARY-INDEPENDENT-REVIEW
CL-TASAKI2020-1018	mathlib_only	VOCABULARY-INDEPENDENT-REVIEW
CL-TASAKI2020-1019	mathlib_only	VOCABULARY-INDEPENDENT-REVIEW
CL-TASAKI2020-3040	mathlib_only	VOCABULARY-INDEPENDENT-REVIEW
CL-TASAKI2020-3042	mathlib_only	VOCABULARY-INDEPENDENT-REVIEW
CL-TASAKI2020-3043	mathlib_only	VOCABULARY-INDEPENDENT-REVIEW
CL-TASAKI2020-3044	mathlib_only	VOCABULARY-INDEPENDENT-REVIEW
CL-TASAKI2020-3045	mathlib_only	VOCABULARY-INDEPENDENT-REVIEW
CL-TASAKI2020-3346	mathlib_only	VOCABULARY-INDEPENDENT-REVIEW
CL-TASAKI2020-3046	mathlib_only	VOCABULARY-INDEPENDENT-REVIEW
CL-TASAKI2020-1021	mathlib_only	VOCABULARY-INDEPENDENT-REVIEW
CL-TASAKI2020-1022	mathlib_only	VOCABULARY-INDEPENDENT-REVIEW
CL-TASAKI2020-1023	mathlib_only	VOCABULARY-INDEPENDENT-REVIEW
CL-TASAKI2020-1024	mathlib_only	VOCABULARY-INDEPENDENT-REVIEW
CL-TASAKI2020-1025	mathlib_only	VOCABULARY-INDEPENDENT-REVIEW
CL-TASAKI2020-1027	mathlib_only	VOCABULARY-INDEPENDENT-REVIEW
CL-TASAKI2020-1028	mathlib_only	VOCABULARY-INDEPENDENT-REVIEW
CL-TASAKI2020-3047	mathlib_only	VOCABULARY-INDEPENDENT-REVIEW
CL-TASAKI2020-3049	mathlib_only	VOCABULARY-INDEPENDENT-REVIEW
CL-TASAKI2020-3050	mathlib_only	VOCABULARY-INDEPENDENT-REVIEW
CL-TASAKI2020-1030	mathlib_only	VOCABULARY-INDEPENDENT-REVIEW
CL-TASAKI2020-3051	mathlib_only	VOCABULARY-INDEPENDENT-REVIEW
CL-TASAKI2020-3052	mathlib_only	VOCABULARY-INDEPENDENT-REVIEW
CL-TASAKI2020-3053	mathlib_only	VOCABULARY-INDEPENDENT-REVIEW
CL-TASAKI2020-1031	mathlib_only	VOCABULARY-INDEPENDENT-REVIEW
CL-TASAKI2020-1032	mathlib_only	VOCABULARY-INDEPENDENT-REVIEW
CL-TASAKI2020-1033	mathlib_only	VOCABULARY-INDEPENDENT-REVIEW
CL-TASAKI2020-1034	mathlib_only	VOCABULARY-INDEPENDENT-REVIEW
CL-TASAKI2020-1035	mathlib_only	VOCABULARY-INDEPENDENT-REVIEW
CL-TASAKI2020-1036	mathlib_only	VOCABULARY-INDEPENDENT-REVIEW
CL-TASAKI2020-1037	mathlib_only	VOCABULARY-INDEPENDENT-REVIEW
CL-TASAKI2020-1038	mathlib_only	VOCABULARY-INDEPENDENT-REVIEW
CL-TASAKI2020-1039	mathlib_only	VOCABULARY-INDEPENDENT-REVIEW
CL-TASAKI2020-1040	mathlib_only	VOCABULARY-INDEPENDENT-REVIEW
CL-TASAKI2020-1041	mathlib_only	VOCABULARY-INDEPENDENT-REVIEW
CL-TASAKI2020-1042	mathlib_only	VOCABULARY-INDEPENDENT-REVIEW
CL-TASAKI2020-1043	mathlib_only	VOCABULARY-INDEPENDENT-REVIEW
CL-TASAKI2020-1044	mathlib_only	VOCABULARY-INDEPENDENT-REVIEW
CL-TASAKI2020-1045	mathlib_only	VOCABULARY-INDEPENDENT-REVIEW
CL-TASAKI2020-1046	mathlib_only	VOCABULARY-INDEPENDENT-REVIEW
CL-TASAKI2020-1047	mathlib_only	VOCABULARY-INDEPENDENT-REVIEW
CL-TASAKI2020-1048	mathlib_only	VOCABULARY-INDEPENDENT-REVIEW
CL-TASAKI2020-1049	mathlib_only	VOCABULARY-INDEPENDENT-REVIEW
CL-TASAKI2020-1050	mathlib_only	VOCABULARY-INDEPENDENT-REVIEW
CL-TASAKI2020-1051	mathlib_only	VOCABULARY-INDEPENDENT-REVIEW
CL-TASAKI2020-1052	mathlib_only	VOCABULARY-INDEPENDENT-REVIEW
CL-TASAKI2020-1053	mathlib_only	VOCABULARY-INDEPENDENT-REVIEW
CL-TASAKI2020-1054	mathlib_only	VOCABULARY-INDEPENDENT-REVIEW
CL-TASAKI2020-1055	mathlib_only	VOCABULARY-INDEPENDENT-REVIEW
CL-TASAKI2020-1056	mathlib_only	VOCABULARY-INDEPENDENT-REVIEW
CL-TASAKI2020-1057	mathlib_only	VOCABULARY-INDEPENDENT-REVIEW
CL-TASAKI2020-1058	mathlib_only	VOCABULARY-INDEPENDENT-REVIEW
CL-TASAKI2020-1059	mathlib_only	VOCABULARY-INDEPENDENT-REVIEW
CL-TASAKI2020-1060	mathlib_only	VOCABULARY-INDEPENDENT-REVIEW
CL-TASAKI2020-1061	mathlib_only	VOCABULARY-INDEPENDENT-REVIEW
CL-TASAKI2020-1062	mathlib_only	VOCABULARY-INDEPENDENT-REVIEW
CL-TASAKI2020-1063	mathlib_only	VOCABULARY-INDEPENDENT-REVIEW
CL-TASAKI2020-1065	mathlib_only	VOCABULARY-INDEPENDENT-REVIEW
CL-TASAKI2020-1066	mathlib_only	VOCABULARY-INDEPENDENT-REVIEW
CL-TASAKI2020-1067	mathlib_only	VOCABULARY-INDEPENDENT-REVIEW
CL-TASAKI2020-3263	mathlib_only	VOCABULARY-INDEPENDENT-REVIEW
CL-TASAKI2020-3264	mathlib_only	VOCABULARY-INDEPENDENT-REVIEW
CL-TASAKI2020-1069	mathlib_only	VOCABULARY-INDEPENDENT-REVIEW
CL-TASAKI2020-3055	mathlib_only	VOCABULARY-INDEPENDENT-REVIEW
CL-TASAKI2020-3347	mathlib_only	VOCABULARY-INDEPENDENT-REVIEW
CL-TASAKI2020-3056	mathlib_only	VOCABULARY-INDEPENDENT-REVIEW
CL-TASAKI2020-3058	mathlib_only	VOCABULARY-INDEPENDENT-REVIEW
CL-TASAKI2020-3060	mathlib_only	VOCABULARY-INDEPENDENT-REVIEW
CL-TASAKI2020-1071	mathlib_only	VOCABULARY-INDEPENDENT-REVIEW
CL-TASAKI2020-1072	mathlib_only	VOCABULARY-INDEPENDENT-REVIEW
CL-TASAKI2020-1073	mathlib_only	VOCABULARY-INDEPENDENT-REVIEW
CL-TASAKI2020-1074	mathlib_only	VOCABULARY-INDEPENDENT-REVIEW
CL-TASAKI2020-1075	mathlib_only	VOCABULARY-INDEPENDENT-REVIEW
CL-TASAKI2020-1076	mathlib_only	VOCABULARY-INDEPENDENT-REVIEW
CL-TASAKI2020-1077	mathlib_only	VOCABULARY-INDEPENDENT-REVIEW
CL-TASAKI2020-1078	mathlib_only	VOCABULARY-INDEPENDENT-REVIEW
CL-TASAKI2020-1079	mathlib_only	VOCABULARY-INDEPENDENT-REVIEW
CL-TASAKI2020-1081	mathlib_only	VOCABULARY-INDEPENDENT-REVIEW
CL-TASAKI2020-1082	mathlib_only	VOCABULARY-INDEPENDENT-REVIEW
CL-TASAKI2020-3301	mathlib_only	VOCABULARY-INDEPENDENT-REVIEW
CL-TASAKI2020-1083	mathlib_only	VOCABULARY-INDEPENDENT-REVIEW
CL-TASAKI2020-1084	mathlib_only	VOCABULARY-INDEPENDENT-REVIEW
CL-TASAKI2020-1085	mathlib_only	VOCABULARY-INDEPENDENT-REVIEW
CL-TASAKI2020-1086	mathlib_only	VOCABULARY-INDEPENDENT-REVIEW
CL-TASAKI2020-1087	mathlib_only	VOCABULARY-INDEPENDENT-REVIEW
CL-TASAKI2020-1088	mathlib_only	VOCABULARY-INDEPENDENT-REVIEW
CL-TASAKI2020-1089	mathlib_only	VOCABULARY-INDEPENDENT-REVIEW
CL-TASAKI2020-1090	mathlib_only	VOCABULARY-INDEPENDENT-REVIEW
CL-TASAKI2020-1091	mathlib_only	VOCABULARY-INDEPENDENT-REVIEW
CL-TASAKI2020-1092	mathlib_only	VOCABULARY-INDEPENDENT-REVIEW
CL-TASAKI2020-1093	mathlib_only	VOCABULARY-INDEPENDENT-REVIEW
CL-TASAKI2020-1094	mathlib_only	VOCABULARY-INDEPENDENT-REVIEW
CL-TASAKI2020-1095	mathlib_only	VOCABULARY-INDEPENDENT-REVIEW
CL-TASAKI2020-1096	mathlib_only	VOCABULARY-INDEPENDENT-REVIEW
CL-TASAKI2020-1097	mathlib_only	VOCABULARY-INDEPENDENT-REVIEW
CL-TASAKI2020-1098	mathlib_only	VOCABULARY-INDEPENDENT-REVIEW
CL-TASAKI2020-1099	mathlib_only	VOCABULARY-INDEPENDENT-REVIEW
CL-TASAKI2020-1100	mathlib_only	VOCABULARY-INDEPENDENT-REVIEW
CL-TASAKI2020-1101	mathlib_only	VOCABULARY-INDEPENDENT-REVIEW
CL-TASAKI2020-3398	mathlib_only	VOCABULARY-INDEPENDENT-REVIEW
CL-TASAKI2020-3399	mathlib_only	VOCABULARY-INDEPENDENT-REVIEW
CL-TASAKI2020-1102	mathlib_only	VOCABULARY-INDEPENDENT-REVIEW
CL-TASAKI2020-1103	mathlib_only	VOCABULARY-INDEPENDENT-REVIEW
CL-TASAKI2020-1104	mathlib_only	VOCABULARY-INDEPENDENT-REVIEW
CL-TASAKI2020-1105	mathlib_only	VOCABULARY-INDEPENDENT-REVIEW
CL-TASAKI2020-1106	mathlib_only	VOCABULARY-INDEPENDENT-REVIEW
CL-TASAKI2020-1107	mathlib_only	VOCABULARY-INDEPENDENT-REVIEW
CL-TASAKI2020-1108	mathlib_only	VOCABULARY-INDEPENDENT-REVIEW
CL-TASAKI2020-1110	mathlib_only	VOCABULARY-INDEPENDENT-REVIEW
CL-TASAKI2020-1111	mathlib_only	VOCABULARY-INDEPENDENT-REVIEW
CL-TASAKI2020-1112	mathlib_only	VOCABULARY-INDEPENDENT-REVIEW
CL-TASAKI2020-1113	mathlib_only	VOCABULARY-INDEPENDENT-REVIEW
CL-TASAKI2020-1114	mathlib_only	VOCABULARY-INDEPENDENT-REVIEW
CL-TASAKI2020-1115	mathlib_only	VOCABULARY-INDEPENDENT-REVIEW
CL-TASAKI2020-1116	mathlib_only	VOCABULARY-INDEPENDENT-REVIEW
CL-TASAKI2020-1117	mathlib_only	VOCABULARY-INDEPENDENT-REVIEW
CL-TASAKI2020-1118	mathlib_only	VOCABULARY-INDEPENDENT-REVIEW
CL-TASAKI2020-1119	mathlib_only	VOCABULARY-INDEPENDENT-REVIEW
CL-TASAKI2020-1121	mathlib_only	VOCABULARY-INDEPENDENT-REVIEW
CL-TASAKI2020-1123	mathlib_only	VOCABULARY-INDEPENDENT-REVIEW
CL-TASAKI2020-1124	mathlib_only	VOCABULARY-INDEPENDENT-REVIEW
CL-TASAKI2020-1125	mathlib_only	VOCABULARY-INDEPENDENT-REVIEW
CL-TASAKI2020-1126	mathlib_only	VOCABULARY-INDEPENDENT-REVIEW
CL-TASAKI2020-1127	mathlib_only	VOCABULARY-INDEPENDENT-REVIEW
CL-TASAKI2020-1128	mathlib_only	VOCABULARY-INDEPENDENT-REVIEW
CL-TASAKI2020-1129	mathlib_only	VOCABULARY-INDEPENDENT-REVIEW
CL-TASAKI2020-1130	mathlib_only	VOCABULARY-INDEPENDENT-REVIEW
CL-TASAKI2020-1132	mathlib_only	VOCABULARY-INDEPENDENT-REVIEW
CL-TASAKI2020-1134	mathlib_only	VOCABULARY-INDEPENDENT-REVIEW
CL-TASAKI2020-1135	mathlib_only	VOCABULARY-INDEPENDENT-REVIEW
CL-TASAKI2020-1136	mathlib_only	VOCABULARY-INDEPENDENT-REVIEW
CL-TASAKI2020-1137	mathlib_only	VOCABULARY-INDEPENDENT-REVIEW
CL-TASAKI2020-1138	mathlib_only	VOCABULARY-INDEPENDENT-REVIEW
CL-TASAKI2020-1139	mathlib_only	VOCABULARY-INDEPENDENT-REVIEW
CL-TASAKI2020-1140	mathlib_only	VOCABULARY-INDEPENDENT-REVIEW
CL-TASAKI2020-1141	mathlib_only	VOCABULARY-INDEPENDENT-REVIEW
CL-TASAKI2020-1142	mathlib_only	VOCABULARY-INDEPENDENT-REVIEW
CL-TASAKI2020-1143	mathlib_only	VOCABULARY-INDEPENDENT-REVIEW
CL-TASAKI2020-1144	mathlib_only	VOCABULARY-INDEPENDENT-REVIEW
CL-TASAKI2020-3061	mathlib_only	VOCABULARY-INDEPENDENT-REVIEW
CL-TASAKI2020-3063	mathlib_only	VOCABULARY-INDEPENDENT-REVIEW
CL-TASAKI2020-3064	mathlib_only	VOCABULARY-INDEPENDENT-REVIEW
CL-TASAKI2020-3066	mathlib_only	VOCABULARY-INDEPENDENT-REVIEW
CL-TASAKI2020-3348	mathlib_only	VOCABULARY-INDEPENDENT-REVIEW
CL-TASAKI2020-3067	mathlib_only	VOCABULARY-INDEPENDENT-REVIEW
CL-TASAKI2020-3349	mathlib_only	VOCABULARY-INDEPENDENT-REVIEW
CL-TASAKI2020-1147	mathlib_only	VOCABULARY-INDEPENDENT-REVIEW
CL-TASAKI2020-1148	mathlib_only	VOCABULARY-INDEPENDENT-REVIEW
CL-TASAKI2020-1149	mathlib_only	VOCABULARY-INDEPENDENT-REVIEW
CL-TASAKI2020-1150	mathlib_only	VOCABULARY-INDEPENDENT-REVIEW
CL-TASAKI2020-1151	mathlib_only	VOCABULARY-INDEPENDENT-REVIEW
CL-TASAKI2020-1152	mathlib_only	VOCABULARY-INDEPENDENT-REVIEW
CL-TASAKI2020-1153	mathlib_only	VOCABULARY-INDEPENDENT-REVIEW
CL-TASAKI2020-1154	mathlib_only	VOCABULARY-INDEPENDENT-REVIEW
CL-TASAKI2020-1155	mathlib_only	VOCABULARY-INDEPENDENT-REVIEW
CL-TASAKI2020-1157	mathlib_only	VOCABULARY-INDEPENDENT-REVIEW
CL-TASAKI2020-1158	mathlib_only	VOCABULARY-INDEPENDENT-REVIEW
CL-TASAKI2020-1159	mathlib_only	VOCABULARY-INDEPENDENT-REVIEW
CL-TASAKI2020-1160	mathlib_only	VOCABULARY-INDEPENDENT-REVIEW
CL-TASAKI2020-1161	mathlib_only	VOCABULARY-INDEPENDENT-REVIEW
CL-TASAKI2020-1163	mathlib_only	VOCABULARY-INDEPENDENT-REVIEW
CL-TASAKI2020-3302	mathlib_only	VOCABULARY-INDEPENDENT-REVIEW
CL-TASAKI2020-3303	mathlib_only	VOCABULARY-INDEPENDENT-REVIEW
CL-TASAKI2020-1164	mathlib_only	VOCABULARY-INDEPENDENT-REVIEW
CL-TASAKI2020-1165	mathlib_only	VOCABULARY-INDEPENDENT-REVIEW
CL-TASAKI2020-1166	mathlib_only	VOCABULARY-INDEPENDENT-REVIEW
CL-TASAKI2020-1167	mathlib_only	VOCABULARY-INDEPENDENT-REVIEW
CL-TASAKI2020-3070	mathlib_only	VOCABULARY-INDEPENDENT-REVIEW
CL-TASAKI2020-3071	mathlib_only	VOCABULARY-INDEPENDENT-REVIEW
CL-TASAKI2020-3350	mathlib_only	VOCABULARY-INDEPENDENT-REVIEW
CL-TASAKI2020-3072	mathlib_only	VOCABULARY-INDEPENDENT-REVIEW
CL-TASAKI2020-3074	mathlib_only	VOCABULARY-INDEPENDENT-REVIEW
CL-TASAKI2020-3075	mathlib_only	VOCABULARY-INDEPENDENT-REVIEW
CL-TASAKI2020-3351	mathlib_only	VOCABULARY-INDEPENDENT-REVIEW
CL-TASAKI2020-3076	mathlib_only	VOCABULARY-INDEPENDENT-REVIEW
CL-TASAKI2020-3352	mathlib_only	VOCABULARY-INDEPENDENT-REVIEW
CL-TASAKI2020-3077	mathlib_only	VOCABULARY-INDEPENDENT-REVIEW
CL-TASAKI2020-3079	mathlib_only	VOCABULARY-INDEPENDENT-REVIEW
CL-TASAKI2020-3080	mathlib_only	VOCABULARY-INDEPENDENT-REVIEW
CL-TASAKI2020-3082	mathlib_only	VOCABULARY-INDEPENDENT-REVIEW
CL-TASAKI2020-1169	mathlib_only	VOCABULARY-INDEPENDENT-REVIEW
CL-TASAKI2020-1170	mathlib_only	VOCABULARY-INDEPENDENT-REVIEW
CL-TASAKI2020-1171	mathlib_only	VOCABULARY-INDEPENDENT-REVIEW
CL-TASAKI2020-1172	mathlib_only	VOCABULARY-INDEPENDENT-REVIEW
CL-TASAKI2020-1173	mathlib_only	VOCABULARY-INDEPENDENT-REVIEW
CL-TASAKI2020-1174	mathlib_only	VOCABULARY-INDEPENDENT-REVIEW
CL-TASAKI2020-1175	mathlib_only	VOCABULARY-INDEPENDENT-REVIEW
CL-TASAKI2020-1177	mathlib_only	VOCABULARY-INDEPENDENT-REVIEW
CL-TASAKI2020-1178	mathlib_only	VOCABULARY-INDEPENDENT-REVIEW
CL-TASAKI2020-1179	mathlib_only	VOCABULARY-INDEPENDENT-REVIEW
CL-TASAKI2020-1180	mathlib_only	VOCABULARY-INDEPENDENT-REVIEW
CL-TASAKI2020-1181	mathlib_only	VOCABULARY-INDEPENDENT-REVIEW
CL-TASAKI2020-1182	mathlib_only	VOCABULARY-INDEPENDENT-REVIEW
CL-TASAKI2020-1183	mathlib_only	VOCABULARY-INDEPENDENT-REVIEW
CL-TASAKI2020-1185	mathlib_only	VOCABULARY-INDEPENDENT-REVIEW
CL-TASAKI2020-1186	mathlib_only	VOCABULARY-INDEPENDENT-REVIEW
CL-TASAKI2020-1187	mathlib_only	VOCABULARY-INDEPENDENT-REVIEW
CL-TASAKI2020-1188	mathlib_only	VOCABULARY-INDEPENDENT-REVIEW
CL-TASAKI2020-1189	mathlib_only	VOCABULARY-INDEPENDENT-REVIEW
CL-TASAKI2020-1191	mathlib_only	VOCABULARY-INDEPENDENT-REVIEW
CL-TASAKI2020-1192	mathlib_only	VOCABULARY-INDEPENDENT-REVIEW
CL-TASAKI2020-1193	mathlib_only	VOCABULARY-INDEPENDENT-REVIEW
CL-TASAKI2020-1194	mathlib_only	VOCABULARY-INDEPENDENT-REVIEW
CL-TASAKI2020-1195	mathlib_only	VOCABULARY-INDEPENDENT-REVIEW
CL-TASAKI2020-1196	mathlib_only	VOCABULARY-INDEPENDENT-REVIEW
CL-TASAKI2020-1197	mathlib_only	VOCABULARY-INDEPENDENT-REVIEW
CL-TASAKI2020-1198	mathlib_only	VOCABULARY-INDEPENDENT-REVIEW
CL-TASAKI2020-1199	mathlib_only	VOCABULARY-INDEPENDENT-REVIEW
CL-TASAKI2020-1200	mathlib_only	VOCABULARY-INDEPENDENT-REVIEW
CL-TASAKI2020-1201	mathlib_only	VOCABULARY-INDEPENDENT-REVIEW
CL-TASAKI2020-1202	mathlib_only	VOCABULARY-INDEPENDENT-REVIEW
CL-TASAKI2020-1203	mathlib_only	VOCABULARY-INDEPENDENT-REVIEW
CL-TASAKI2020-1204	mathlib_only	VOCABULARY-INDEPENDENT-REVIEW
CL-TASAKI2020-1205	mathlib_only	VOCABULARY-INDEPENDENT-REVIEW
CL-TASAKI2020-1206	mathlib_only	VOCABULARY-INDEPENDENT-REVIEW
CL-TASAKI2020-1207	mathlib_only	VOCABULARY-INDEPENDENT-REVIEW
CL-TASAKI2020-1208	mathlib_only	VOCABULARY-INDEPENDENT-REVIEW
CL-TASAKI2020-1209	mathlib_only	VOCABULARY-INDEPENDENT-REVIEW
CL-TASAKI2020-1210	mathlib_only	VOCABULARY-INDEPENDENT-REVIEW
CL-TASAKI2020-1211	mathlib_only	VOCABULARY-INDEPENDENT-REVIEW
CL-TASAKI2020-1212	mathlib_only	VOCABULARY-INDEPENDENT-REVIEW
CL-TASAKI2020-1213	mathlib_only	VOCABULARY-INDEPENDENT-REVIEW
CL-TASAKI2020-1215	mathlib_only	VOCABULARY-INDEPENDENT-REVIEW
CL-TASAKI2020-1217	mathlib_only	VOCABULARY-INDEPENDENT-REVIEW
CL-TASAKI2020-1218	mathlib_only	VOCABULARY-INDEPENDENT-REVIEW
CL-TASAKI2020-1219	mathlib_only	VOCABULARY-INDEPENDENT-REVIEW
CL-TASAKI2020-1220	mathlib_only	VOCABULARY-INDEPENDENT-REVIEW
CL-TASAKI2020-1221	mathlib_only	VOCABULARY-INDEPENDENT-REVIEW
CL-TASAKI2020-1222	mathlib_only	VOCABULARY-INDEPENDENT-REVIEW
CL-TASAKI2020-1223	mathlib_only	VOCABULARY-INDEPENDENT-REVIEW
CL-TASAKI2020-1224	mathlib_only	VOCABULARY-INDEPENDENT-REVIEW
CL-TASAKI2020-1225	mathlib_only	CORPUS-NORMALIZATION-INDEPENDENT-REVIEW
CL-TASAKI2020-3096	mathlib_only	VOCABULARY-INDEPENDENT-REVIEW
CL-TASAKI2020-3098	mathlib_only	VOCABULARY-INDEPENDENT-REVIEW
CL-TASAKI2020-3099	mathlib_only	VOCABULARY-INDEPENDENT-REVIEW
CL-TASAKI2020-3100	mathlib_only	VOCABULARY-INDEPENDENT-REVIEW
CL-TASAKI2020-1226	mathlib_only	VOCABULARY-INDEPENDENT-REVIEW
CL-TASAKI2020-3083	mathlib_only	VOCABULARY-INDEPENDENT-REVIEW
CL-TASAKI2020-3084	mathlib_only	VOCABULARY-INDEPENDENT-REVIEW
CL-TASAKI2020-3085	mathlib_only	VOCABULARY-INDEPENDENT-REVIEW
CL-TASAKI2020-3086	mathlib_only	VOCABULARY-INDEPENDENT-REVIEW
CL-TASAKI2020-3087	mathlib_only	VOCABULARY-INDEPENDENT-REVIEW
CL-TASAKI2020-3088	mathlib_only	VOCABULARY-INDEPENDENT-REVIEW
CL-TASAKI2020-3089	mathlib_only	VOCABULARY-INDEPENDENT-REVIEW
CL-TASAKI2020-3091	mathlib_only	VOCABULARY-INDEPENDENT-REVIEW
CL-TASAKI2020-3094	mathlib_only	VOCABULARY-INDEPENDENT-REVIEW
CL-TASAKI2020-1229	mathlib_only	VOCABULARY-INDEPENDENT-REVIEW
CL-TASAKI2020-1230	mathlib_only	VOCABULARY-INDEPENDENT-REVIEW
CL-TASAKI2020-1231	mathlib_only	VOCABULARY-INDEPENDENT-REVIEW
CL-TASAKI2020-1232	mathlib_only	VOCABULARY-INDEPENDENT-REVIEW
CL-TASAKI2020-1233	mathlib_only	VOCABULARY-INDEPENDENT-REVIEW
CL-TASAKI2020-1234	mathlib_only	VOCABULARY-INDEPENDENT-REVIEW
CL-TASAKI2020-1235	mathlib_only	VOCABULARY-INDEPENDENT-REVIEW
CL-TASAKI2020-1236	mathlib_only	VOCABULARY-INDEPENDENT-REVIEW
CL-TASAKI2020-1237	mathlib_only	VOCABULARY-INDEPENDENT-REVIEW
CL-TASAKI2020-1239	mathlib_only	VOCABULARY-INDEPENDENT-REVIEW
CL-TASAKI2020-1240	mathlib_only	VOCABULARY-INDEPENDENT-REVIEW
CL-TASAKI2020-3400	mathlib_only	VOCABULARY-INDEPENDENT-REVIEW
CL-TASAKI2020-3401	mathlib_only	VOCABULARY-INDEPENDENT-REVIEW
CL-TASAKI2020-3402	mathlib_only	VOCABULARY-INDEPENDENT-REVIEW
CL-TASAKI2020-3403	mathlib_only	VOCABULARY-INDEPENDENT-REVIEW
CL-TASAKI2020-3404	mathlib_only	VOCABULARY-INDEPENDENT-REVIEW
CL-TASAKI2020-3405	mathlib_only	VOCABULARY-INDEPENDENT-REVIEW
CL-TASAKI2020-3406	mathlib_only	VOCABULARY-INDEPENDENT-REVIEW
CL-TASAKI2020-3407	mathlib_only	VOCABULARY-INDEPENDENT-REVIEW
CL-TASAKI2020-3408	mathlib_only	VOCABULARY-INDEPENDENT-REVIEW
CL-TASAKI2020-3409	mathlib_only	VOCABULARY-INDEPENDENT-REVIEW
CL-TASAKI2020-3410	mathlib_only	VOCABULARY-INDEPENDENT-REVIEW
CL-TASAKI2020-3411	mathlib_only	VOCABULARY-INDEPENDENT-REVIEW
CL-TASAKI2020-3412	mathlib_only	VOCABULARY-INDEPENDENT-REVIEW
CL-TASAKI2020-3413	mathlib_only	VOCABULARY-INDEPENDENT-REVIEW
CL-TASAKI2020-1242	mathlib_only	VOCABULARY-INDEPENDENT-REVIEW
CL-TASAKI2020-1243	mathlib_only	VOCABULARY-INDEPENDENT-REVIEW
CL-TASAKI2020-1244	mathlib_only	VOCABULARY-INDEPENDENT-REVIEW
CL-TASAKI2020-1245	mathlib_only	VOCABULARY-INDEPENDENT-REVIEW
CL-TASAKI2020-1246	mathlib_only	VOCABULARY-INDEPENDENT-REVIEW
CL-TASAKI2020-1247	mathlib_only	VOCABULARY-INDEPENDENT-REVIEW
CL-TASAKI2020-1248	mathlib_only	VOCABULARY-INDEPENDENT-REVIEW
CL-TASAKI2020-1250	mathlib_only	CORPUS-NORMALIZATION-INDEPENDENT-REVIEW
CL-TASAKI2020-1251	mathlib_only	VOCABULARY-INDEPENDENT-REVIEW
CL-TASAKI2020-3101	mathlib_only	VOCABULARY-INDEPENDENT-REVIEW
CL-TASAKI2020-3353	mathlib_only	VOCABULARY-INDEPENDENT-REVIEW
CL-TASAKI2020-3102	mathlib_only	VOCABULARY-INDEPENDENT-REVIEW
CL-TASAKI2020-3103	mathlib_only	VOCABULARY-INDEPENDENT-REVIEW
CL-TASAKI2020-3104	mathlib_only	VOCABULARY-INDEPENDENT-REVIEW
CL-TASAKI2020-3105	mathlib_only	VOCABULARY-INDEPENDENT-REVIEW
CL-TASAKI2020-3106	mathlib_only	VOCABULARY-INDEPENDENT-REVIEW
CL-TASAKI2020-3107	mathlib_only	VOCABULARY-INDEPENDENT-REVIEW
CL-TASAKI2020-1252	mathlib_only	VOCABULARY-INDEPENDENT-REVIEW
CL-TASAKI2020-1254	mathlib_only	VOCABULARY-INDEPENDENT-REVIEW
CL-TASAKI2020-1255	mathlib_only	VOCABULARY-INDEPENDENT-REVIEW
CL-TASAKI2020-1256	mathlib_only	VOCABULARY-INDEPENDENT-REVIEW
CL-TASAKI2020-1257	mathlib_only	VOCABULARY-INDEPENDENT-REVIEW
CL-TASAKI2020-1258	mathlib_only	VOCABULARY-INDEPENDENT-REVIEW
CL-TASAKI2020-1259	mathlib_only	VOCABULARY-INDEPENDENT-REVIEW
CL-TASAKI2020-1261	mathlib_only	VOCABULARY-INDEPENDENT-REVIEW
CL-TASAKI2020-1262	mathlib_only	VOCABULARY-INDEPENDENT-REVIEW
CL-TASAKI2020-1263	mathlib_only	VOCABULARY-INDEPENDENT-REVIEW
CL-TASAKI2020-1264	mathlib_only	VOCABULARY-INDEPENDENT-REVIEW
CL-TASAKI2020-1265	mathlib_only	VOCABULARY-INDEPENDENT-REVIEW
CL-TASAKI2020-1266	mathlib_only	VOCABULARY-INDEPENDENT-REVIEW
CL-TASAKI2020-1267	mathlib_only	VOCABULARY-INDEPENDENT-REVIEW
CL-TASAKI2020-3414	mathlib_only	VOCABULARY-INDEPENDENT-REVIEW
CL-TASAKI2020-3415	mathlib_only	VOCABULARY-INDEPENDENT-REVIEW
CL-TASAKI2020-1268	mathlib_only	VOCABULARY-INDEPENDENT-REVIEW
CL-TASAKI2020-1269	mathlib_only	VOCABULARY-INDEPENDENT-REVIEW
CL-TASAKI2020-1270	mathlib_only	VOCABULARY-INDEPENDENT-REVIEW
CL-TASAKI2020-1271	mathlib_only	VOCABULARY-INDEPENDENT-REVIEW
CL-TASAKI2020-1272	mathlib_only	VOCABULARY-INDEPENDENT-REVIEW
CL-TASAKI2020-3416	mathlib_only	VOCABULARY-INDEPENDENT-REVIEW
CL-TASAKI2020-3417	mathlib_only	VOCABULARY-INDEPENDENT-REVIEW
CL-TASAKI2020-3418	mathlib_only	VOCABULARY-INDEPENDENT-REVIEW
CL-TASAKI2020-3419	mathlib_only	VOCABULARY-INDEPENDENT-REVIEW
CL-TASAKI2020-3420	mathlib_only	VOCABULARY-INDEPENDENT-REVIEW
CL-TASAKI2020-1273	mathlib_only	VOCABULARY-INDEPENDENT-REVIEW
CL-TASAKI2020-1274	mathlib_only	VOCABULARY-INDEPENDENT-REVIEW
CL-TASAKI2020-1275	mathlib_only	VOCABULARY-INDEPENDENT-REVIEW
CL-TASAKI2020-1276	mathlib_only	VOCABULARY-INDEPENDENT-REVIEW
CL-TASAKI2020-1277	mathlib_only	VOCABULARY-INDEPENDENT-REVIEW
CL-TASAKI2020-1279	mathlib_only	VOCABULARY-INDEPENDENT-REVIEW
CL-TASAKI2020-1280	mathlib_only	VOCABULARY-INDEPENDENT-REVIEW
CL-TASAKI2020-1281	mathlib_only	VOCABULARY-INDEPENDENT-REVIEW
CL-TASAKI2020-1282	mathlib_only	VOCABULARY-INDEPENDENT-REVIEW
CL-TASAKI2020-1283	mathlib_only	VOCABULARY-INDEPENDENT-REVIEW
CL-TASAKI2020-1284	mathlib_only	VOCABULARY-INDEPENDENT-REVIEW
CL-TASAKI2020-1285	mathlib_only	VOCABULARY-INDEPENDENT-REVIEW
CL-TASAKI2020-1286	mathlib_only	VOCABULARY-INDEPENDENT-REVIEW
CL-TASAKI2020-1287	mathlib_only	VOCABULARY-INDEPENDENT-REVIEW
CL-TASAKI2020-1288	mathlib_only	VOCABULARY-INDEPENDENT-REVIEW
CL-TASAKI2020-1289	mathlib_only	VOCABULARY-INDEPENDENT-REVIEW
CL-TASAKI2020-1290	mathlib_only	VOCABULARY-INDEPENDENT-REVIEW
CL-TASAKI2020-1291	mathlib_only	VOCABULARY-INDEPENDENT-REVIEW
CL-TASAKI2020-1292	mathlib_only	VOCABULARY-INDEPENDENT-REVIEW
CL-TASAKI2020-1293	mathlib_only	VOCABULARY-INDEPENDENT-REVIEW
CL-TASAKI2020-1294	mathlib_only	VOCABULARY-INDEPENDENT-REVIEW
CL-TASAKI2020-1295	mathlib_only	VOCABULARY-INDEPENDENT-REVIEW
CL-TASAKI2020-1296	mathlib_only	VOCABULARY-INDEPENDENT-REVIEW
CL-TASAKI2020-1297	mathlib_only	VOCABULARY-INDEPENDENT-REVIEW
CL-TASAKI2020-1298	mathlib_only	VOCABULARY-INDEPENDENT-REVIEW
CL-TASAKI2020-1299	mathlib_only	VOCABULARY-INDEPENDENT-REVIEW
CL-TASAKI2020-1300	mathlib_only	VOCABULARY-INDEPENDENT-REVIEW
CL-TASAKI2020-1301	mathlib_only	VOCABULARY-INDEPENDENT-REVIEW
CL-TASAKI2020-1302	mathlib_only	VOCABULARY-INDEPENDENT-REVIEW
CL-TASAKI2020-1303	mathlib_only	VOCABULARY-INDEPENDENT-REVIEW
CL-TASAKI2020-1304	mathlib_only	VOCABULARY-INDEPENDENT-REVIEW
CL-TASAKI2020-1305	mathlib_only	VOCABULARY-INDEPENDENT-REVIEW
CL-TASAKI2020-1306	mathlib_only	VOCABULARY-INDEPENDENT-REVIEW
CL-TASAKI2020-1307	mathlib_only	VOCABULARY-INDEPENDENT-REVIEW
CL-TASAKI2020-1308	mathlib_only	VOCABULARY-INDEPENDENT-REVIEW
CL-TASAKI2020-1309	mathlib_only	VOCABULARY-INDEPENDENT-REVIEW
CL-TASAKI2020-1310	mathlib_only	VOCABULARY-INDEPENDENT-REVIEW
CL-TASAKI2020-1311	mathlib_only	VOCABULARY-INDEPENDENT-REVIEW
CL-TASAKI2020-1312	mathlib_only	VOCABULARY-INDEPENDENT-REVIEW
CL-TASAKI2020-1313	mathlib_only	VOCABULARY-INDEPENDENT-REVIEW
CL-TASAKI2020-1314	mathlib_only	VOCABULARY-INDEPENDENT-REVIEW
CL-TASAKI2020-1315	mathlib_only	VOCABULARY-INDEPENDENT-REVIEW
CL-TASAKI2020-1316	mathlib_only	VOCABULARY-INDEPENDENT-REVIEW
CL-TASAKI2020-1317	mathlib_only	VOCABULARY-INDEPENDENT-REVIEW
CL-TASAKI2020-1318	mathlib_only	VOCABULARY-INDEPENDENT-REVIEW
CL-TASAKI2020-1319	mathlib_only	VOCABULARY-INDEPENDENT-REVIEW
CL-TASAKI2020-1320	mathlib_only	VOCABULARY-INDEPENDENT-REVIEW
CL-TASAKI2020-1321	mathlib_only	VOCABULARY-INDEPENDENT-REVIEW
CL-TASAKI2020-1322	mathlib_only	VOCABULARY-INDEPENDENT-REVIEW
CL-TASAKI2020-1323	mathlib_only	VOCABULARY-INDEPENDENT-REVIEW
CL-TASAKI2020-1325	mathlib_only	VOCABULARY-INDEPENDENT-REVIEW
CL-TASAKI2020-1326	mathlib_only	VOCABULARY-INDEPENDENT-REVIEW
CL-TASAKI2020-1327	mathlib_only	VOCABULARY-INDEPENDENT-REVIEW
CL-TASAKI2020-1328	mathlib_only	VOCABULARY-INDEPENDENT-REVIEW
CL-TASAKI2020-1329	mathlib_only	VOCABULARY-INDEPENDENT-REVIEW
CL-TASAKI2020-1330	mathlib_only	VOCABULARY-INDEPENDENT-REVIEW
CL-TASAKI2020-1331	mathlib_only	VOCABULARY-INDEPENDENT-REVIEW
CL-TASAKI2020-1333	mathlib_only	VOCABULARY-INDEPENDENT-REVIEW
CL-TASAKI2020-1334	mathlib_only	VOCABULARY-INDEPENDENT-REVIEW
CL-TASAKI2020-1335	mathlib_only	VOCABULARY-INDEPENDENT-REVIEW
CL-TASAKI2020-1337	mathlib_only	VOCABULARY-INDEPENDENT-REVIEW
CL-TASAKI2020-1338	mathlib_only	VOCABULARY-INDEPENDENT-REVIEW
CL-TASAKI2020-1339	mathlib_only	VOCABULARY-INDEPENDENT-REVIEW
CL-TASAKI2020-1340	mathlib_only	VOCABULARY-INDEPENDENT-REVIEW
CL-TASAKI2020-1341	mathlib_only	VOCABULARY-INDEPENDENT-REVIEW
CL-TASAKI2020-1342	mathlib_only	VOCABULARY-INDEPENDENT-REVIEW
CL-TASAKI2020-1343	mathlib_only	VOCABULARY-INDEPENDENT-REVIEW
CL-TASAKI2020-1344	mathlib_only	VOCABULARY-INDEPENDENT-REVIEW
CL-TASAKI2020-3421	mathlib_only	VOCABULARY-INDEPENDENT-REVIEW
CL-TASAKI2020-1345	mathlib_only	VOCABULARY-INDEPENDENT-REVIEW
CL-TASAKI2020-1346	mathlib_only	VOCABULARY-INDEPENDENT-REVIEW
CL-TASAKI2020-1347	mathlib_only	VOCABULARY-INDEPENDENT-REVIEW
CL-TASAKI2020-1348	mathlib_only	VOCABULARY-INDEPENDENT-REVIEW
CL-TASAKI2020-1349	mathlib_only	VOCABULARY-INDEPENDENT-REVIEW
CL-TASAKI2020-1350	mathlib_only	VOCABULARY-INDEPENDENT-REVIEW
CL-TASAKI2020-3108	mathlib_only	VOCABULARY-INDEPENDENT-REVIEW
CL-TASAKI2020-3109	mathlib_only	VOCABULARY-INDEPENDENT-REVIEW
CL-TASAKI2020-3110	mathlib_only	VOCABULARY-INDEPENDENT-REVIEW
CL-TASAKI2020-3435	mathlib_only	CORPUS-NORMALIZATION-INDEPENDENT-REVIEW
CL-TASAKI2020-3436	mathlib_only	CORPUS-NORMALIZATION-INDEPENDENT-REVIEW
CL-TASAKI2020-3437	mathlib_only	CORPUS-NORMALIZATION-INDEPENDENT-REVIEW
CL-TASAKI2020-3438	mathlib_only	CORPUS-NORMALIZATION-INDEPENDENT-REVIEW
CL-TASAKI2020-3439	mathlib_only	CORPUS-NORMALIZATION-INDEPENDENT-REVIEW
CL-TASAKI2020-1353	mathlib_only	VOCABULARY-INDEPENDENT-REVIEW
CL-TASAKI2020-1354	mathlib_only	VOCABULARY-INDEPENDENT-REVIEW
CL-TASAKI2020-1356	mathlib_only	VOCABULARY-INDEPENDENT-REVIEW
CL-TASAKI2020-1357	mathlib_only	VOCABULARY-INDEPENDENT-REVIEW
CL-TASAKI2020-1358	mathlib_only	VOCABULARY-INDEPENDENT-REVIEW
CL-TASAKI2020-1359	mathlib_only	VOCABULARY-INDEPENDENT-REVIEW
CL-TASAKI2020-1360	mathlib_only	VOCABULARY-INDEPENDENT-REVIEW
CL-TASAKI2020-1361	mathlib_only	VOCABULARY-INDEPENDENT-REVIEW
CL-TASAKI2020-1362	mathlib_only	VOCABULARY-INDEPENDENT-REVIEW
CL-TASAKI2020-1363	mathlib_only	VOCABULARY-INDEPENDENT-REVIEW
CL-TASAKI2020-1364	mathlib_only	VOCABULARY-INDEPENDENT-REVIEW
CL-TASAKI2020-1365	mathlib_only	VOCABULARY-INDEPENDENT-REVIEW
CL-TASAKI2020-1366	mathlib_only	VOCABULARY-INDEPENDENT-REVIEW
CL-TASAKI2020-1367	mathlib_only	VOCABULARY-INDEPENDENT-REVIEW
CL-TASAKI2020-1368	mathlib_only	VOCABULARY-INDEPENDENT-REVIEW
CL-TASAKI2020-1369	mathlib_only	VOCABULARY-INDEPENDENT-REVIEW
CL-TASAKI2020-1370	mathlib_only	VOCABULARY-INDEPENDENT-REVIEW
CL-TASAKI2020-1371	mathlib_only	VOCABULARY-INDEPENDENT-REVIEW
CL-TASAKI2020-3111	mathlib_only	VOCABULARY-INDEPENDENT-REVIEW
CL-TASAKI2020-3112	mathlib_only	VOCABULARY-INDEPENDENT-REVIEW
CL-TASAKI2020-1373	mathlib_only	VOCABULARY-INDEPENDENT-REVIEW
CL-TASAKI2020-1374	mathlib_only	VOCABULARY-INDEPENDENT-REVIEW
CL-TASAKI2020-3265	mathlib_only	VOCABULARY-INDEPENDENT-REVIEW
CL-TASAKI2020-3266	mathlib_only	VOCABULARY-INDEPENDENT-REVIEW
CL-TASAKI2020-1376	mathlib_only	VOCABULARY-INDEPENDENT-REVIEW
CL-TASAKI2020-1377	mathlib_only	VOCABULARY-INDEPENDENT-REVIEW
CL-TASAKI2020-1378	mathlib_only	VOCABULARY-INDEPENDENT-REVIEW
CL-TASAKI2020-1379	mathlib_only	VOCABULARY-INDEPENDENT-REVIEW
CL-TASAKI2020-1380	mathlib_only	VOCABULARY-INDEPENDENT-REVIEW
CL-TASAKI2020-1381	mathlib_only	VOCABULARY-INDEPENDENT-REVIEW
CL-TASAKI2020-1382	mathlib_only	VOCABULARY-INDEPENDENT-REVIEW
CL-TASAKI2020-1383	mathlib_only	VOCABULARY-INDEPENDENT-REVIEW
CL-TASAKI2020-1384	mathlib_only	VOCABULARY-INDEPENDENT-REVIEW
CL-TASAKI2020-1386	mathlib_only	VOCABULARY-INDEPENDENT-REVIEW
CL-TASAKI2020-1387	mathlib_only	VOCABULARY-INDEPENDENT-REVIEW
CL-TASAKI2020-1388	mathlib_only	VOCABULARY-INDEPENDENT-REVIEW
CL-TASAKI2020-1389	mathlib_only	VOCABULARY-INDEPENDENT-REVIEW
CL-TASAKI2020-1390	mathlib_only	VOCABULARY-INDEPENDENT-REVIEW
CL-TASAKI2020-1392	mathlib_only	VOCABULARY-INDEPENDENT-REVIEW
CL-TASAKI2020-1393	mathlib_only	VOCABULARY-INDEPENDENT-REVIEW
CL-TASAKI2020-1394	mathlib_only	VOCABULARY-INDEPENDENT-REVIEW
CL-TASAKI2020-1395	mathlib_only	VOCABULARY-INDEPENDENT-REVIEW
CL-TASAKI2020-1396	mathlib_only	VOCABULARY-INDEPENDENT-REVIEW
CL-TASAKI2020-1397	mathlib_only	VOCABULARY-INDEPENDENT-REVIEW
CL-TASAKI2020-1398	mathlib_only	VOCABULARY-INDEPENDENT-REVIEW
CL-TASAKI2020-1399	mathlib_only	VOCABULARY-INDEPENDENT-REVIEW
CL-TASAKI2020-1400	mathlib_only	VOCABULARY-INDEPENDENT-REVIEW
CL-TASAKI2020-1401	mathlib_only	VOCABULARY-INDEPENDENT-REVIEW
CL-TASAKI2020-1402	mathlib_only	VOCABULARY-INDEPENDENT-REVIEW
CL-TASAKI2020-1403	mathlib_only	VOCABULARY-INDEPENDENT-REVIEW
CL-TASAKI2020-1404	mathlib_only	VOCABULARY-INDEPENDENT-REVIEW
CL-TASAKI2020-1405	mathlib_only	VOCABULARY-INDEPENDENT-REVIEW
CL-TASAKI2020-3422	mathlib_only	VOCABULARY-INDEPENDENT-REVIEW
CL-TASAKI2020-3423	mathlib_only	VOCABULARY-INDEPENDENT-REVIEW
CL-TASAKI2020-1406	mathlib_only	VOCABULARY-INDEPENDENT-REVIEW
CL-TASAKI2020-1407	mathlib_only	VOCABULARY-INDEPENDENT-REVIEW
CL-TASAKI2020-1410	mathlib_only	VOCABULARY-INDEPENDENT-REVIEW
CL-TASAKI2020-1411	mathlib_only	VOCABULARY-INDEPENDENT-REVIEW
CL-TASAKI2020-1412	mathlib_only	VOCABULARY-INDEPENDENT-REVIEW
CL-TASAKI2020-1413	mathlib_only	VOCABULARY-INDEPENDENT-REVIEW
CL-TASAKI2020-1414	mathlib_only	VOCABULARY-INDEPENDENT-REVIEW
CL-TASAKI2020-1415	mathlib_only	VOCABULARY-INDEPENDENT-REVIEW
CL-TASAKI2020-1416	mathlib_only	VOCABULARY-INDEPENDENT-REVIEW
CL-TASAKI2020-1417	mathlib_only	VOCABULARY-INDEPENDENT-REVIEW
CL-TASAKI2020-1418	mathlib_only	VOCABULARY-INDEPENDENT-REVIEW
CL-TASAKI2020-1419	mathlib_only	VOCABULARY-INDEPENDENT-REVIEW
CL-TASAKI2020-1420	mathlib_only	VOCABULARY-INDEPENDENT-REVIEW
CL-TASAKI2020-1421	mathlib_only	VOCABULARY-INDEPENDENT-REVIEW
CL-TASAKI2020-1422	mathlib_only	VOCABULARY-INDEPENDENT-REVIEW
CL-TASAKI2020-1423	mathlib_only	VOCABULARY-INDEPENDENT-REVIEW
CL-TASAKI2020-1424	mathlib_only	VOCABULARY-INDEPENDENT-REVIEW
CL-TASAKI2020-1425	mathlib_only	VOCABULARY-INDEPENDENT-REVIEW
CL-TASAKI2020-1426	mathlib_only	VOCABULARY-INDEPENDENT-REVIEW
CL-TASAKI2020-1427	mathlib_only	VOCABULARY-INDEPENDENT-REVIEW
CL-TASAKI2020-1428	mathlib_only	VOCABULARY-INDEPENDENT-REVIEW
CL-TASAKI2020-1429	mathlib_only	VOCABULARY-INDEPENDENT-REVIEW
CL-TASAKI2020-1430	mathlib_only	VOCABULARY-INDEPENDENT-REVIEW
CL-TASAKI2020-1431	mathlib_only	VOCABULARY-INDEPENDENT-REVIEW
CL-TASAKI2020-1432	mathlib_only	VOCABULARY-INDEPENDENT-REVIEW
CL-TASAKI2020-1433	mathlib_only	VOCABULARY-INDEPENDENT-REVIEW
CL-TASAKI2020-1434	mathlib_only	VOCABULARY-INDEPENDENT-REVIEW
CL-TASAKI2020-1435	mathlib_only	VOCABULARY-INDEPENDENT-REVIEW
CL-TASAKI2020-1436	mathlib_only	VOCABULARY-INDEPENDENT-REVIEW
CL-TASAKI2020-1437	mathlib_only	VOCABULARY-INDEPENDENT-REVIEW
CL-TASAKI2020-1439	mathlib_only	VOCABULARY-INDEPENDENT-REVIEW
CL-TASAKI2020-1440	mathlib_only	VOCABULARY-INDEPENDENT-REVIEW
CL-TASAKI2020-2945	mathlib_only	VOCABULARY-INDEPENDENT-REVIEW
CL-TASAKI2020-1441	mathlib_only	VOCABULARY-INDEPENDENT-REVIEW
CL-TASAKI2020-3304	mathlib_only	VOCABULARY-INDEPENDENT-REVIEW
CL-TASAKI2020-1443	mathlib_only	VOCABULARY-INDEPENDENT-REVIEW
CL-TASAKI2020-3305	mathlib_only	VOCABULARY-INDEPENDENT-REVIEW
CL-TASAKI2020-1444	mathlib_only	VOCABULARY-INDEPENDENT-REVIEW
CL-TASAKI2020-1445	mathlib_only	VOCABULARY-INDEPENDENT-REVIEW
CL-TASAKI2020-1446	mathlib_only	VOCABULARY-INDEPENDENT-REVIEW
CL-TASAKI2020-1447	mathlib_only	VOCABULARY-INDEPENDENT-REVIEW
CL-TASAKI2020-1448	mathlib_only	VOCABULARY-INDEPENDENT-REVIEW
CL-TASAKI2020-1449	mathlib_only	VOCABULARY-INDEPENDENT-REVIEW
CL-TASAKI2020-1451	mathlib_only	VOCABULARY-INDEPENDENT-REVIEW
CL-TASAKI2020-1452	mathlib_only	VOCABULARY-INDEPENDENT-REVIEW
CL-TASAKI2020-1453	mathlib_only	VOCABULARY-INDEPENDENT-REVIEW
CL-TASAKI2020-1454	mathlib_only	VOCABULARY-INDEPENDENT-REVIEW
CL-TASAKI2020-1455	mathlib_only	VOCABULARY-INDEPENDENT-REVIEW
CL-TASAKI2020-1456	mathlib_only	VOCABULARY-INDEPENDENT-REVIEW
CL-TASAKI2020-1457	mathlib_only	VOCABULARY-INDEPENDENT-REVIEW
CL-TASAKI2020-1458	mathlib_only	VOCABULARY-INDEPENDENT-REVIEW
CL-TASAKI2020-1459	mathlib_only	VOCABULARY-INDEPENDENT-REVIEW
CL-TASAKI2020-1460	mathlib_only	VOCABULARY-INDEPENDENT-REVIEW
CL-TASAKI2020-1461	mathlib_only	VOCABULARY-INDEPENDENT-REVIEW
CL-TASAKI2020-1462	mathlib_only	VOCABULARY-INDEPENDENT-REVIEW
CL-TASAKI2020-1463	mathlib_only	VOCABULARY-INDEPENDENT-REVIEW
CL-TASAKI2020-1464	mathlib_only	VOCABULARY-INDEPENDENT-REVIEW
CL-TASAKI2020-1465	mathlib_only	VOCABULARY-INDEPENDENT-REVIEW
CL-TASAKI2020-1466	mathlib_only	VOCABULARY-INDEPENDENT-REVIEW
CL-TASAKI2020-1467	mathlib_only	VOCABULARY-INDEPENDENT-REVIEW
CL-TASAKI2020-1469	mathlib_only	VOCABULARY-INDEPENDENT-REVIEW
CL-TASAKI2020-1470	mathlib_only	VOCABULARY-INDEPENDENT-REVIEW
CL-TASAKI2020-1471	mathlib_only	VOCABULARY-INDEPENDENT-REVIEW
CL-TASAKI2020-1472	mathlib_only	VOCABULARY-INDEPENDENT-REVIEW
CL-TASAKI2020-1473	mathlib_only	VOCABULARY-INDEPENDENT-REVIEW
CL-TASAKI2020-1474	mathlib_only	VOCABULARY-INDEPENDENT-REVIEW
CL-TASAKI2020-1475	mathlib_only	VOCABULARY-INDEPENDENT-REVIEW
CL-TASAKI2020-1476	mathlib_only	VOCABULARY-INDEPENDENT-REVIEW
CL-TASAKI2020-1477	mathlib_only	VOCABULARY-INDEPENDENT-REVIEW
CL-TASAKI2020-1478	mathlib_only	VOCABULARY-INDEPENDENT-REVIEW
CL-TASAKI2020-1479	mathlib_only	VOCABULARY-INDEPENDENT-REVIEW
CL-TASAKI2020-1480	mathlib_only	VOCABULARY-INDEPENDENT-REVIEW
CL-TASAKI2020-3113	mathlib_only	VOCABULARY-INDEPENDENT-REVIEW
CL-TASAKI2020-3354	mathlib_only	VOCABULARY-INDEPENDENT-REVIEW
CL-TASAKI2020-3114	mathlib_only	VOCABULARY-INDEPENDENT-REVIEW
CL-TASAKI2020-3115	mathlib_only	VOCABULARY-INDEPENDENT-REVIEW
CL-TASAKI2020-3116	mathlib_only	VOCABULARY-INDEPENDENT-REVIEW
CL-TASAKI2020-1482	mathlib_only	VOCABULARY-INDEPENDENT-REVIEW
CL-TASAKI2020-1483	mathlib_only	VOCABULARY-INDEPENDENT-REVIEW
CL-TASAKI2020-1484	mathlib_only	VOCABULARY-INDEPENDENT-REVIEW
CL-TASAKI2020-1485	mathlib_only	VOCABULARY-INDEPENDENT-REVIEW
CL-TASAKI2020-1486	mathlib_only	VOCABULARY-INDEPENDENT-REVIEW
CL-TASAKI2020-1487	mathlib_only	VOCABULARY-INDEPENDENT-REVIEW
CL-TASAKI2020-1488	mathlib_only	VOCABULARY-INDEPENDENT-REVIEW
CL-TASAKI2020-1489	mathlib_only	VOCABULARY-INDEPENDENT-REVIEW
CL-TASAKI2020-1490	mathlib_only	VOCABULARY-INDEPENDENT-REVIEW
CL-TASAKI2020-1491	mathlib_only	VOCABULARY-INDEPENDENT-REVIEW
CL-TASAKI2020-1492	mathlib_only	VOCABULARY-INDEPENDENT-REVIEW
CL-TASAKI2020-1493	mathlib_only	VOCABULARY-INDEPENDENT-REVIEW
CL-TASAKI2020-3118	mathlib_only	VOCABULARY-INDEPENDENT-REVIEW
CL-TASAKI2020-3119	mathlib_only	VOCABULARY-INDEPENDENT-REVIEW
CL-TASAKI2020-1496	mathlib_only	VOCABULARY-INDEPENDENT-REVIEW
CL-TASAKI2020-1497	mathlib_only	VOCABULARY-INDEPENDENT-REVIEW
CL-TASAKI2020-1498	mathlib_only	VOCABULARY-INDEPENDENT-REVIEW
CL-TASAKI2020-1499	mathlib_only	VOCABULARY-INDEPENDENT-REVIEW
CL-TASAKI2020-1500	mathlib_only	VOCABULARY-INDEPENDENT-REVIEW
CL-TASAKI2020-1501	mathlib_only	VOCABULARY-INDEPENDENT-REVIEW
CL-TASAKI2020-3120	mathlib_only	VOCABULARY-INDEPENDENT-REVIEW
CL-TASAKI2020-3121	mathlib_only	VOCABULARY-INDEPENDENT-REVIEW
CL-TASAKI2020-3122	mathlib_only	VOCABULARY-INDEPENDENT-REVIEW
CL-TASAKI2020-1503	mathlib_only	VOCABULARY-INDEPENDENT-REVIEW
CL-TASAKI2020-1504	mathlib_only	VOCABULARY-INDEPENDENT-REVIEW
CL-TASAKI2020-1505	mathlib_only	VOCABULARY-INDEPENDENT-REVIEW
CL-TASAKI2020-1506	mathlib_only	VOCABULARY-INDEPENDENT-REVIEW
CL-TASAKI2020-1507	mathlib_only	VOCABULARY-INDEPENDENT-REVIEW
CL-TASAKI2020-1508	mathlib_only	VOCABULARY-INDEPENDENT-REVIEW
CL-TASAKI2020-1509	mathlib_only	VOCABULARY-INDEPENDENT-REVIEW
CL-TASAKI2020-1510	mathlib_only	VOCABULARY-INDEPENDENT-REVIEW
CL-TASAKI2020-1511	mathlib_only	VOCABULARY-INDEPENDENT-REVIEW
CL-TASAKI2020-1512	mathlib_only	VOCABULARY-INDEPENDENT-REVIEW
CL-TASAKI2020-1513	mathlib_only	VOCABULARY-INDEPENDENT-REVIEW
CL-TASAKI2020-1514	mathlib_only	VOCABULARY-INDEPENDENT-REVIEW
CL-TASAKI2020-1515	mathlib_only	VOCABULARY-INDEPENDENT-REVIEW
CL-TASAKI2020-3123	mathlib_only	VOCABULARY-INDEPENDENT-REVIEW
CL-TASAKI2020-3124	mathlib_only	VOCABULARY-INDEPENDENT-REVIEW
CL-TASAKI2020-3125	mathlib_only	VOCABULARY-INDEPENDENT-REVIEW
CL-TASAKI2020-1517	mathlib_only	VOCABULARY-INDEPENDENT-REVIEW
CL-TASAKI2020-1518	mathlib_only	VOCABULARY-INDEPENDENT-REVIEW
CL-TASAKI2020-1519	mathlib_only	VOCABULARY-INDEPENDENT-REVIEW
CL-TASAKI2020-1520	mathlib_only	VOCABULARY-INDEPENDENT-REVIEW
CL-TASAKI2020-1521	mathlib_only	VOCABULARY-INDEPENDENT-REVIEW
CL-TASAKI2020-1522	mathlib_only	VOCABULARY-INDEPENDENT-REVIEW
CL-TASAKI2020-1523	mathlib_only	CORPUS-NORMALIZATION-INDEPENDENT-REVIEW
CL-TASAKI2020-1524	mathlib_only	VOCABULARY-INDEPENDENT-REVIEW
CL-TASAKI2020-1525	mathlib_only	VOCABULARY-INDEPENDENT-REVIEW
CL-TASAKI2020-1526	mathlib_only	VOCABULARY-INDEPENDENT-REVIEW
CL-TASAKI2020-1527	mathlib_only	VOCABULARY-INDEPENDENT-REVIEW
CL-TASAKI2020-1528	mathlib_only	VOCABULARY-INDEPENDENT-REVIEW
CL-TASAKI2020-1529	mathlib_only	VOCABULARY-INDEPENDENT-REVIEW
CL-TASAKI2020-1531	mathlib_only	VOCABULARY-INDEPENDENT-REVIEW
CL-TASAKI2020-1532	mathlib_only	VOCABULARY-INDEPENDENT-REVIEW
CL-TASAKI2020-1533	mathlib_only	VOCABULARY-INDEPENDENT-REVIEW
CL-TASAKI2020-1534	mathlib_only	VOCABULARY-INDEPENDENT-REVIEW
CL-TASAKI2020-1536	mathlib_only	VOCABULARY-INDEPENDENT-REVIEW
CL-TASAKI2020-1537	mathlib_only	VOCABULARY-INDEPENDENT-REVIEW
CL-TASAKI2020-1538	mathlib_only	VOCABULARY-INDEPENDENT-REVIEW
CL-TASAKI2020-1539	mathlib_only	VOCABULARY-INDEPENDENT-REVIEW
CL-TASAKI2020-1540	mathlib_only	VOCABULARY-INDEPENDENT-REVIEW
CL-TASAKI2020-1541	mathlib_only	VOCABULARY-INDEPENDENT-REVIEW
CL-TASAKI2020-1542	mathlib_only	VOCABULARY-INDEPENDENT-REVIEW
CL-TASAKI2020-1543	mathlib_only	VOCABULARY-INDEPENDENT-REVIEW
CL-TASAKI2020-1544	mathlib_only	VOCABULARY-INDEPENDENT-REVIEW
CL-TASAKI2020-1545	mathlib_only	VOCABULARY-INDEPENDENT-REVIEW
CL-TASAKI2020-1546	mathlib_only	VOCABULARY-INDEPENDENT-REVIEW
CL-TASAKI2020-1547	mathlib_only	VOCABULARY-INDEPENDENT-REVIEW
CL-TASAKI2020-1548	mathlib_only	VOCABULARY-INDEPENDENT-REVIEW
CL-TASAKI2020-1549	mathlib_only	VOCABULARY-INDEPENDENT-REVIEW
CL-TASAKI2020-1550	mathlib_only	VOCABULARY-INDEPENDENT-REVIEW
CL-TASAKI2020-1551	mathlib_only	VOCABULARY-INDEPENDENT-REVIEW
CL-TASAKI2020-1552	mathlib_only	VOCABULARY-INDEPENDENT-REVIEW
CL-TASAKI2020-1553	mathlib_only	VOCABULARY-INDEPENDENT-REVIEW
CL-TASAKI2020-1554	mathlib_only	VOCABULARY-INDEPENDENT-REVIEW
CL-TASAKI2020-1555	mathlib_only	VOCABULARY-INDEPENDENT-REVIEW
CL-TASAKI2020-1557	mathlib_only	VOCABULARY-INDEPENDENT-REVIEW
CL-TASAKI2020-1558	mathlib_only	VOCABULARY-INDEPENDENT-REVIEW
CL-TASAKI2020-1559	mathlib_only	VOCABULARY-INDEPENDENT-REVIEW
CL-TASAKI2020-1560	mathlib_only	VOCABULARY-INDEPENDENT-REVIEW
CL-TASAKI2020-1561	mathlib_only	VOCABULARY-INDEPENDENT-REVIEW
CL-TASAKI2020-1562	mathlib_only	VOCABULARY-INDEPENDENT-REVIEW
CL-TASAKI2020-1563	mathlib_only	VOCABULARY-INDEPENDENT-REVIEW
CL-TASAKI2020-1564	mathlib_only	VOCABULARY-INDEPENDENT-REVIEW
CL-TASAKI2020-1565	mathlib_only	VOCABULARY-INDEPENDENT-REVIEW
CL-TASAKI2020-1566	mathlib_only	VOCABULARY-INDEPENDENT-REVIEW
CL-TASAKI2020-1567	mathlib_only	VOCABULARY-INDEPENDENT-REVIEW
CL-TASAKI2020-1568	mathlib_only	VOCABULARY-INDEPENDENT-REVIEW
CL-TASAKI2020-1569	mathlib_only	VOCABULARY-INDEPENDENT-REVIEW
CL-TASAKI2020-1570	mathlib_only	VOCABULARY-INDEPENDENT-REVIEW
CL-TASAKI2020-1571	mathlib_only	VOCABULARY-INDEPENDENT-REVIEW
CL-TASAKI2020-1572	mathlib_only	VOCABULARY-INDEPENDENT-REVIEW
CL-TASAKI2020-3440	mathlib_only	CORPUS-NORMALIZATION-INDEPENDENT-REVIEW
CL-TASAKI2020-3441	mathlib_only	CORPUS-NORMALIZATION-INDEPENDENT-REVIEW
CL-TASAKI2020-1574	mathlib_only	VOCABULARY-INDEPENDENT-REVIEW
CL-TASAKI2020-1575	mathlib_only	VOCABULARY-INDEPENDENT-REVIEW
CL-TASAKI2020-3126	mathlib_only	VOCABULARY-INDEPENDENT-REVIEW
CL-TASAKI2020-3127	mathlib_only	VOCABULARY-INDEPENDENT-REVIEW
CL-TASAKI2020-3128	mathlib_only	VOCABULARY-INDEPENDENT-REVIEW
CL-TASAKI2020-3355	mathlib_only	VOCABULARY-INDEPENDENT-REVIEW
CL-TASAKI2020-1577	mathlib_only	VOCABULARY-INDEPENDENT-REVIEW
CL-TASAKI2020-1578	mathlib_only	VOCABULARY-INDEPENDENT-REVIEW
CL-TASAKI2020-1579	mathlib_only	VOCABULARY-INDEPENDENT-REVIEW
CL-TASAKI2020-1580	mathlib_only	VOCABULARY-INDEPENDENT-REVIEW
CL-TASAKI2020-1581	mathlib_only	VOCABULARY-INDEPENDENT-REVIEW
CL-TASAKI2020-1582	mathlib_only	VOCABULARY-INDEPENDENT-REVIEW
CL-TASAKI2020-1583	mathlib_only	VOCABULARY-INDEPENDENT-REVIEW
CL-TASAKI2020-1584	mathlib_only	VOCABULARY-INDEPENDENT-REVIEW
CL-TASAKI2020-1585	mathlib_only	VOCABULARY-INDEPENDENT-REVIEW
CL-TASAKI2020-1586	mathlib_only	VOCABULARY-INDEPENDENT-REVIEW
CL-TASAKI2020-1587	mathlib_only	VOCABULARY-INDEPENDENT-REVIEW
CL-TASAKI2020-1588	mathlib_only	VOCABULARY-INDEPENDENT-REVIEW
CL-TASAKI2020-1589	mathlib_only	VOCABULARY-INDEPENDENT-REVIEW
CL-TASAKI2020-1590	mathlib_only	VOCABULARY-INDEPENDENT-REVIEW
CL-TASAKI2020-1591	mathlib_only	VOCABULARY-INDEPENDENT-REVIEW
CL-TASAKI2020-1592	mathlib_only	VOCABULARY-INDEPENDENT-REVIEW
CL-TASAKI2020-1594	mathlib_only	VOCABULARY-INDEPENDENT-REVIEW
CL-TASAKI2020-1595	mathlib_only	VOCABULARY-INDEPENDENT-REVIEW
CL-TASAKI2020-1596	mathlib_only	VOCABULARY-INDEPENDENT-REVIEW
CL-TASAKI2020-1597	mathlib_only	VOCABULARY-INDEPENDENT-REVIEW
CL-TASAKI2020-1598	mathlib_only	VOCABULARY-INDEPENDENT-REVIEW
CL-TASAKI2020-1599	mathlib_only	VOCABULARY-INDEPENDENT-REVIEW
CL-TASAKI2020-1600	mathlib_only	VOCABULARY-INDEPENDENT-REVIEW
CL-TASAKI2020-1601	mathlib_only	VOCABULARY-INDEPENDENT-REVIEW
CL-TASAKI2020-1602	mathlib_only	VOCABULARY-INDEPENDENT-REVIEW
CL-TASAKI2020-1603	mathlib_only	VOCABULARY-INDEPENDENT-REVIEW
CL-TASAKI2020-1604	mathlib_only	VOCABULARY-INDEPENDENT-REVIEW
CL-TASAKI2020-1605	mathlib_only	VOCABULARY-INDEPENDENT-REVIEW
CL-TASAKI2020-1606	mathlib_only	VOCABULARY-INDEPENDENT-REVIEW
CL-TASAKI2020-1607	mathlib_only	VOCABULARY-INDEPENDENT-REVIEW
CL-TASAKI2020-1608	mathlib_only	VOCABULARY-INDEPENDENT-REVIEW
CL-TASAKI2020-1609	mathlib_only	VOCABULARY-INDEPENDENT-REVIEW
CL-TASAKI2020-1610	mathlib_only	VOCABULARY-INDEPENDENT-REVIEW
CL-TASAKI2020-1611	mathlib_only	VOCABULARY-INDEPENDENT-REVIEW
CL-TASAKI2020-1612	mathlib_only	VOCABULARY-INDEPENDENT-REVIEW
CL-TASAKI2020-1613	mathlib_only	VOCABULARY-INDEPENDENT-REVIEW
CL-TASAKI2020-1614	mathlib_only	VOCABULARY-INDEPENDENT-REVIEW
CL-TASAKI2020-1615	mathlib_only	VOCABULARY-INDEPENDENT-REVIEW
CL-TASAKI2020-1617	mathlib_only	VOCABULARY-INDEPENDENT-REVIEW
CL-TASAKI2020-1618	mathlib_only	VOCABULARY-INDEPENDENT-REVIEW
CL-TASAKI2020-1619	mathlib_only	VOCABULARY-INDEPENDENT-REVIEW
CL-TASAKI2020-1620	mathlib_only	VOCABULARY-INDEPENDENT-REVIEW
CL-TASAKI2020-1621	mathlib_only	VOCABULARY-INDEPENDENT-REVIEW
CL-TASAKI2020-1622	mathlib_only	VOCABULARY-INDEPENDENT-REVIEW
CL-TASAKI2020-1623	mathlib_only	VOCABULARY-INDEPENDENT-REVIEW
CL-TASAKI2020-1624	mathlib_only	VOCABULARY-INDEPENDENT-REVIEW
CL-TASAKI2020-1625	mathlib_only	VOCABULARY-INDEPENDENT-REVIEW
CL-TASAKI2020-1626	mathlib_only	VOCABULARY-INDEPENDENT-REVIEW
CL-TASAKI2020-3424	mathlib_only	VOCABULARY-INDEPENDENT-REVIEW
CL-TASAKI2020-1627	mathlib_only	VOCABULARY-INDEPENDENT-REVIEW
CL-TASAKI2020-1628	mathlib_only	VOCABULARY-INDEPENDENT-REVIEW
CL-TASAKI2020-1629	mathlib_only	VOCABULARY-INDEPENDENT-REVIEW
CL-TASAKI2020-1630	mathlib_only	VOCABULARY-INDEPENDENT-REVIEW
CL-TASAKI2020-1631	mathlib_only	VOCABULARY-INDEPENDENT-REVIEW
CL-TASAKI2020-1632	mathlib_only	VOCABULARY-INDEPENDENT-REVIEW
CL-TASAKI2020-1633	mathlib_only	VOCABULARY-INDEPENDENT-REVIEW
CL-TASAKI2020-1634	mathlib_only	VOCABULARY-INDEPENDENT-REVIEW
CL-TASAKI2020-1635	mathlib_only	VOCABULARY-INDEPENDENT-REVIEW
CL-TASAKI2020-1636	mathlib_only	VOCABULARY-INDEPENDENT-REVIEW
CL-TASAKI2020-1637	mathlib_only	VOCABULARY-INDEPENDENT-REVIEW
CL-TASAKI2020-1638	mathlib_only	VOCABULARY-INDEPENDENT-REVIEW
CL-TASAKI2020-1639	mathlib_only	VOCABULARY-INDEPENDENT-REVIEW
CL-TASAKI2020-1640	mathlib_only	VOCABULARY-INDEPENDENT-REVIEW
CL-TASAKI2020-1641	mathlib_only	VOCABULARY-INDEPENDENT-REVIEW
CL-TASAKI2020-1642	mathlib_only	VOCABULARY-INDEPENDENT-REVIEW
CL-TASAKI2020-1643	mathlib_only	VOCABULARY-INDEPENDENT-REVIEW
CL-TASAKI2020-1644	mathlib_only	VOCABULARY-INDEPENDENT-REVIEW
CL-TASAKI2020-1645	mathlib_only	VOCABULARY-INDEPENDENT-REVIEW
CL-TASAKI2020-1646	mathlib_only	VOCABULARY-INDEPENDENT-REVIEW
CL-TASAKI2020-1647	mathlib_only	VOCABULARY-INDEPENDENT-REVIEW
CL-TASAKI2020-1648	mathlib_only	VOCABULARY-INDEPENDENT-REVIEW
CL-TASAKI2020-1650	mathlib_only	VOCABULARY-INDEPENDENT-REVIEW
CL-TASAKI2020-1651	mathlib_only	VOCABULARY-INDEPENDENT-REVIEW
CL-TASAKI2020-1652	mathlib_only	VOCABULARY-INDEPENDENT-REVIEW
CL-TASAKI2020-1653	mathlib_only	VOCABULARY-INDEPENDENT-REVIEW
CL-TASAKI2020-1654	mathlib_only	VOCABULARY-INDEPENDENT-REVIEW
CL-TASAKI2020-1655	mathlib_only	VOCABULARY-INDEPENDENT-REVIEW
CL-TASAKI2020-3129	mathlib_only	VOCABULARY-INDEPENDENT-REVIEW
CL-TASAKI2020-3130	mathlib_only	VOCABULARY-INDEPENDENT-REVIEW
CL-TASAKI2020-1657	mathlib_only	VOCABULARY-INDEPENDENT-REVIEW
CL-TASAKI2020-1658	mathlib_only	VOCABULARY-INDEPENDENT-REVIEW
CL-TASAKI2020-1659	mathlib_only	VOCABULARY-INDEPENDENT-REVIEW
CL-TASAKI2020-1660	mathlib_only	VOCABULARY-INDEPENDENT-REVIEW
CL-TASAKI2020-1661	mathlib_only	VOCABULARY-INDEPENDENT-REVIEW
CL-TASAKI2020-1664	mathlib_only	VOCABULARY-INDEPENDENT-REVIEW
CL-TASAKI2020-1665	mathlib_only	VOCABULARY-INDEPENDENT-REVIEW
CL-TASAKI2020-1666	mathlib_only	VOCABULARY-INDEPENDENT-REVIEW
CL-TASAKI2020-1667	mathlib_only	VOCABULARY-INDEPENDENT-REVIEW
CL-TASAKI2020-1668	mathlib_only	VOCABULARY-INDEPENDENT-REVIEW
CL-TASAKI2020-1669	mathlib_only	VOCABULARY-INDEPENDENT-REVIEW
CL-TASAKI2020-1670	mathlib_only	VOCABULARY-INDEPENDENT-REVIEW
CL-TASAKI2020-1671	mathlib_only	VOCABULARY-INDEPENDENT-REVIEW
CL-TASAKI2020-1672	mathlib_only	VOCABULARY-INDEPENDENT-REVIEW
CL-TASAKI2020-1673	mathlib_only	VOCABULARY-INDEPENDENT-REVIEW
CL-TASAKI2020-1674	mathlib_only	VOCABULARY-INDEPENDENT-REVIEW
CL-TASAKI2020-1675	mathlib_only	VOCABULARY-INDEPENDENT-REVIEW
CL-TASAKI2020-1676	mathlib_only	VOCABULARY-INDEPENDENT-REVIEW
CL-TASAKI2020-1677	mathlib_only	VOCABULARY-INDEPENDENT-REVIEW
CL-TASAKI2020-1678	mathlib_only	VOCABULARY-INDEPENDENT-REVIEW
CL-TASAKI2020-1679	mathlib_only	VOCABULARY-INDEPENDENT-REVIEW
CL-TASAKI2020-1680	mathlib_only	VOCABULARY-INDEPENDENT-REVIEW
CL-TASAKI2020-1681	mathlib_only	VOCABULARY-INDEPENDENT-REVIEW
CL-TASAKI2020-1682	mathlib_only	VOCABULARY-INDEPENDENT-REVIEW
CL-TASAKI2020-1683	mathlib_only	VOCABULARY-INDEPENDENT-REVIEW
CL-TASAKI2020-1684	mathlib_only	VOCABULARY-INDEPENDENT-REVIEW
CL-TASAKI2020-1685	mathlib_only	VOCABULARY-INDEPENDENT-REVIEW
CL-TASAKI2020-1687	mathlib_only	VOCABULARY-INDEPENDENT-REVIEW
CL-TASAKI2020-1688	mathlib_only	VOCABULARY-INDEPENDENT-REVIEW
CL-TASAKI2020-1689	mathlib_only	VOCABULARY-INDEPENDENT-REVIEW
CL-TASAKI2020-1690	mathlib_only	VOCABULARY-INDEPENDENT-REVIEW
CL-TASAKI2020-1691	mathlib_only	VOCABULARY-INDEPENDENT-REVIEW
CL-TASAKI2020-1692	mathlib_only	VOCABULARY-INDEPENDENT-REVIEW
CL-TASAKI2020-1693	mathlib_only	VOCABULARY-INDEPENDENT-REVIEW
CL-TASAKI2020-1695	mathlib_only	VOCABULARY-INDEPENDENT-REVIEW
CL-TASAKI2020-1696	mathlib_only	VOCABULARY-INDEPENDENT-REVIEW
CL-TASAKI2020-1697	mathlib_only	VOCABULARY-INDEPENDENT-REVIEW
CL-TASAKI2020-1698	mathlib_only	VOCABULARY-INDEPENDENT-REVIEW
CL-TASAKI2020-1699	mathlib_only	VOCABULARY-INDEPENDENT-REVIEW
CL-TASAKI2020-1700	mathlib_only	VOCABULARY-INDEPENDENT-REVIEW
CL-TASAKI2020-1702	mathlib_only	VOCABULARY-INDEPENDENT-REVIEW
CL-TASAKI2020-1703	mathlib_only	VOCABULARY-INDEPENDENT-REVIEW
CL-TASAKI2020-1704	mathlib_only	VOCABULARY-INDEPENDENT-REVIEW
CL-TASAKI2020-1705	mathlib_only	VOCABULARY-INDEPENDENT-REVIEW
CL-TASAKI2020-1706	mathlib_only	VOCABULARY-INDEPENDENT-REVIEW
CL-TASAKI2020-1707	mathlib_only	VOCABULARY-INDEPENDENT-REVIEW
CL-TASAKI2020-1708	mathlib_only	VOCABULARY-INDEPENDENT-REVIEW
CL-TASAKI2020-1709	mathlib_only	VOCABULARY-INDEPENDENT-REVIEW
CL-TASAKI2020-1710	mathlib_only	VOCABULARY-INDEPENDENT-REVIEW
CL-TASAKI2020-1711	mathlib_only	VOCABULARY-INDEPENDENT-REVIEW
CL-TASAKI2020-1712	mathlib_only	VOCABULARY-INDEPENDENT-REVIEW
CL-TASAKI2020-1713	mathlib_only	VOCABULARY-INDEPENDENT-REVIEW
CL-TASAKI2020-1714	mathlib_only	VOCABULARY-INDEPENDENT-REVIEW
CL-TASAKI2020-1715	mathlib_only	VOCABULARY-INDEPENDENT-REVIEW
CL-TASAKI2020-1716	mathlib_only	VOCABULARY-INDEPENDENT-REVIEW
CL-TASAKI2020-1717	mathlib_only	VOCABULARY-INDEPENDENT-REVIEW
CL-TASAKI2020-1718	mathlib_only	VOCABULARY-INDEPENDENT-REVIEW
CL-TASAKI2020-1719	mathlib_only	VOCABULARY-INDEPENDENT-REVIEW
CL-TASAKI2020-1720	mathlib_only	VOCABULARY-INDEPENDENT-REVIEW
CL-TASAKI2020-1721	mathlib_only	VOCABULARY-INDEPENDENT-REVIEW
CL-TASAKI2020-1722	mathlib_only	VOCABULARY-INDEPENDENT-REVIEW
CL-TASAKI2020-1723	mathlib_only	VOCABULARY-INDEPENDENT-REVIEW
CL-TASAKI2020-1724	mathlib_only	VOCABULARY-INDEPENDENT-REVIEW
CL-TASAKI2020-1725	mathlib_only	VOCABULARY-INDEPENDENT-REVIEW
CL-TASAKI2020-1726	mathlib_only	VOCABULARY-INDEPENDENT-REVIEW
CL-TASAKI2020-1727	mathlib_only	VOCABULARY-INDEPENDENT-REVIEW
CL-TASAKI2020-1728	mathlib_only	VOCABULARY-INDEPENDENT-REVIEW
CL-TASAKI2020-1729	mathlib_only	VOCABULARY-INDEPENDENT-REVIEW
CL-TASAKI2020-1730	mathlib_only	VOCABULARY-INDEPENDENT-REVIEW
CL-TASAKI2020-1731	mathlib_only	VOCABULARY-INDEPENDENT-REVIEW
CL-TASAKI2020-1732	mathlib_only	VOCABULARY-INDEPENDENT-REVIEW
CL-TASAKI2020-3131	mathlib_only	VOCABULARY-INDEPENDENT-REVIEW
CL-TASAKI2020-3132	mathlib_only	VOCABULARY-INDEPENDENT-REVIEW
CL-TASAKI2020-3133	mathlib_only	VOCABULARY-INDEPENDENT-REVIEW
CL-TASAKI2020-1734	mathlib_only	VOCABULARY-INDEPENDENT-REVIEW
CL-TASAKI2020-1735	mathlib_only	VOCABULARY-INDEPENDENT-REVIEW
CL-TASAKI2020-1736	mathlib_only	VOCABULARY-INDEPENDENT-REVIEW
CL-TASAKI2020-1737	mathlib_only	VOCABULARY-INDEPENDENT-REVIEW
CL-TASAKI2020-1738	mathlib_only	VOCABULARY-INDEPENDENT-REVIEW
CL-TASAKI2020-1739	mathlib_only	VOCABULARY-INDEPENDENT-REVIEW
CL-TASAKI2020-1740	mathlib_only	VOCABULARY-INDEPENDENT-REVIEW
CL-TASAKI2020-1741	mathlib_only	VOCABULARY-INDEPENDENT-REVIEW
CL-TASAKI2020-1742	mathlib_only	VOCABULARY-INDEPENDENT-REVIEW
CL-TASAKI2020-1743	mathlib_only	VOCABULARY-INDEPENDENT-REVIEW
CL-TASAKI2020-1744	mathlib_only	VOCABULARY-INDEPENDENT-REVIEW
CL-TASAKI2020-1748	mathlib_only	VOCABULARY-INDEPENDENT-REVIEW
CL-TASAKI2020-1745	mathlib_only	VOCABULARY-INDEPENDENT-REVIEW
CL-TASAKI2020-1746	mathlib_only	VOCABULARY-INDEPENDENT-REVIEW
CL-TASAKI2020-3134	mathlib_only	VOCABULARY-INDEPENDENT-REVIEW
CL-TASAKI2020-3135	mathlib_only	VOCABULARY-INDEPENDENT-REVIEW
CL-TASAKI2020-3136	mathlib_only	VOCABULARY-INDEPENDENT-REVIEW
CL-TASAKI2020-3356	mathlib_only	VOCABULARY-INDEPENDENT-REVIEW
CL-TASAKI2020-3357	mathlib_only	VOCABULARY-INDEPENDENT-REVIEW
CL-TASAKI2020-3137	mathlib_only	VOCABULARY-INDEPENDENT-REVIEW
CL-TASAKI2020-1749	mathlib_only	VOCABULARY-INDEPENDENT-REVIEW
CL-TASAKI2020-1750	mathlib_only	VOCABULARY-INDEPENDENT-REVIEW
CL-TASAKI2020-1751	mathlib_only	VOCABULARY-INDEPENDENT-REVIEW
CL-TASAKI2020-1752	mathlib_only	VOCABULARY-INDEPENDENT-REVIEW
CL-TASAKI2020-1753	mathlib_only	VOCABULARY-INDEPENDENT-REVIEW
CL-TASAKI2020-1754	mathlib_only	VOCABULARY-INDEPENDENT-REVIEW
CL-TASAKI2020-1755	mathlib_only	VOCABULARY-INDEPENDENT-REVIEW
CL-TASAKI2020-1756	mathlib_only	VOCABULARY-INDEPENDENT-REVIEW
CL-TASAKI2020-1758	mathlib_only	VOCABULARY-INDEPENDENT-REVIEW
CL-TASAKI2020-1759	mathlib_only	VOCABULARY-INDEPENDENT-REVIEW
CL-TASAKI2020-3138	mathlib_only	VOCABULARY-INDEPENDENT-REVIEW
CL-TASAKI2020-3139	mathlib_only	VOCABULARY-INDEPENDENT-REVIEW
CL-TASAKI2020-3140	mathlib_only	VOCABULARY-INDEPENDENT-REVIEW
CL-TASAKI2020-3141	mathlib_only	VOCABULARY-INDEPENDENT-REVIEW
CL-TASAKI2020-1762	mathlib_only	VOCABULARY-INDEPENDENT-REVIEW
CL-TASAKI2020-1763	mathlib_only	VOCABULARY-INDEPENDENT-REVIEW
CL-TASAKI2020-1764	mathlib_only	VOCABULARY-INDEPENDENT-REVIEW
CL-TASAKI2020-3267	mathlib_only	VOCABULARY-INDEPENDENT-REVIEW
CL-TASAKI2020-3268	mathlib_only	VOCABULARY-INDEPENDENT-REVIEW
CL-TASAKI2020-1766	mathlib_only	VOCABULARY-INDEPENDENT-REVIEW
CL-TASAKI2020-1767	mathlib_only	VOCABULARY-INDEPENDENT-REVIEW
CL-TASAKI2020-1768	mathlib_only	VOCABULARY-INDEPENDENT-REVIEW
CL-TASAKI2020-1769	mathlib_only	VOCABULARY-INDEPENDENT-REVIEW
CL-TASAKI2020-1770	mathlib_only	VOCABULARY-INDEPENDENT-REVIEW
CL-TASAKI2020-1771	mathlib_only	VOCABULARY-INDEPENDENT-REVIEW
CL-TASAKI2020-1772	mathlib_only	VOCABULARY-INDEPENDENT-REVIEW
CL-TASAKI2020-1773	mathlib_only	VOCABULARY-INDEPENDENT-REVIEW
CL-TASAKI2020-1774	mathlib_only	VOCABULARY-INDEPENDENT-REVIEW
CL-TASAKI2020-1775	mathlib_only	VOCABULARY-INDEPENDENT-REVIEW
CL-TASAKI2020-1776	mathlib_only	VOCABULARY-INDEPENDENT-REVIEW
CL-TASAKI2020-1777	mathlib_only	VOCABULARY-INDEPENDENT-REVIEW
CL-TASAKI2020-1778	mathlib_only	VOCABULARY-INDEPENDENT-REVIEW
CL-TASAKI2020-1779	mathlib_only	VOCABULARY-INDEPENDENT-REVIEW
CL-TASAKI2020-1780	mathlib_only	VOCABULARY-INDEPENDENT-REVIEW
CL-TASAKI2020-1782	mathlib_only	VOCABULARY-INDEPENDENT-REVIEW
CL-TASAKI2020-1783	mathlib_only	VOCABULARY-INDEPENDENT-REVIEW
CL-TASAKI2020-1784	mathlib_only	VOCABULARY-INDEPENDENT-REVIEW
CL-TASAKI2020-1785	mathlib_only	VOCABULARY-INDEPENDENT-REVIEW
CL-TASAKI2020-1786	mathlib_only	VOCABULARY-INDEPENDENT-REVIEW
CL-TASAKI2020-1787	mathlib_only	VOCABULARY-INDEPENDENT-REVIEW
CL-TASAKI2020-3306	mathlib_only	VOCABULARY-INDEPENDENT-REVIEW
CL-TASAKI2020-1789	mathlib_only	VOCABULARY-INDEPENDENT-REVIEW
CL-TASAKI2020-1790	mathlib_only	VOCABULARY-INDEPENDENT-REVIEW
CL-TASAKI2020-3307	mathlib_only	VOCABULARY-INDEPENDENT-REVIEW
CL-TASAKI2020-3308	mathlib_only	VOCABULARY-INDEPENDENT-REVIEW
CL-TASAKI2020-3309	mathlib_only	VOCABULARY-INDEPENDENT-REVIEW
CL-TASAKI2020-1791	mathlib_only	VOCABULARY-INDEPENDENT-REVIEW
CL-TASAKI2020-1792	mathlib_only	VOCABULARY-INDEPENDENT-REVIEW
CL-TASAKI2020-1793	mathlib_only	VOCABULARY-INDEPENDENT-REVIEW
CL-TASAKI2020-1794	mathlib_only	VOCABULARY-INDEPENDENT-REVIEW
CL-TASAKI2020-1795	mathlib_only	VOCABULARY-INDEPENDENT-REVIEW
CL-TASAKI2020-1796	mathlib_only	VOCABULARY-INDEPENDENT-REVIEW
CL-TASAKI2020-1797	mathlib_only	VOCABULARY-INDEPENDENT-REVIEW
CL-TASAKI2020-1798	mathlib_only	VOCABULARY-INDEPENDENT-REVIEW
CL-TASAKI2020-1799	mathlib_only	VOCABULARY-INDEPENDENT-REVIEW
CL-TASAKI2020-1800	mathlib_only	VOCABULARY-INDEPENDENT-REVIEW
CL-TASAKI2020-1801	mathlib_only	VOCABULARY-INDEPENDENT-REVIEW
CL-TASAKI2020-1802	mathlib_only	VOCABULARY-INDEPENDENT-REVIEW
CL-TASAKI2020-1803	mathlib_only	VOCABULARY-INDEPENDENT-REVIEW
CL-TASAKI2020-1804	mathlib_only	VOCABULARY-INDEPENDENT-REVIEW
CL-TASAKI2020-1805	mathlib_only	VOCABULARY-INDEPENDENT-REVIEW
CL-TASAKI2020-1806	mathlib_only	VOCABULARY-INDEPENDENT-REVIEW
CL-TASAKI2020-1807	mathlib_only	VOCABULARY-INDEPENDENT-REVIEW
CL-TASAKI2020-1808	mathlib_only	VOCABULARY-INDEPENDENT-REVIEW
CL-TASAKI2020-1809	mathlib_only	VOCABULARY-INDEPENDENT-REVIEW
CL-TASAKI2020-1810	mathlib_only	VOCABULARY-INDEPENDENT-REVIEW
CL-TASAKI2020-1811	mathlib_only	VOCABULARY-INDEPENDENT-REVIEW
CL-TASAKI2020-1812	mathlib_only	VOCABULARY-INDEPENDENT-REVIEW
CL-TASAKI2020-1813	mathlib_only	VOCABULARY-INDEPENDENT-REVIEW
CL-TASAKI2020-1814	mathlib_only	VOCABULARY-INDEPENDENT-REVIEW
CL-TASAKI2020-1815	mathlib_only	VOCABULARY-INDEPENDENT-REVIEW
CL-TASAKI2020-1816	mathlib_only	VOCABULARY-INDEPENDENT-REVIEW
CL-TASAKI2020-1817	mathlib_only	VOCABULARY-INDEPENDENT-REVIEW
CL-TASAKI2020-1818	mathlib_only	VOCABULARY-INDEPENDENT-REVIEW
CL-TASAKI2020-1819	mathlib_only	VOCABULARY-INDEPENDENT-REVIEW
CL-TASAKI2020-1820	mathlib_only	VOCABULARY-INDEPENDENT-REVIEW
CL-TASAKI2020-3269	mathlib_only	VOCABULARY-INDEPENDENT-REVIEW
CL-TASAKI2020-3270	mathlib_only	VOCABULARY-INDEPENDENT-REVIEW
CL-TASAKI2020-1822	mathlib_only	VOCABULARY-INDEPENDENT-REVIEW
CL-TASAKI2020-1823	mathlib_only	VOCABULARY-INDEPENDENT-REVIEW
CL-TASAKI2020-3142	mathlib_only	VOCABULARY-INDEPENDENT-REVIEW
CL-TASAKI2020-3143	mathlib_only	VOCABULARY-INDEPENDENT-REVIEW
CL-TASAKI2020-1825	mathlib_only	VOCABULARY-INDEPENDENT-REVIEW
CL-TASAKI2020-1826	mathlib_only	VOCABULARY-INDEPENDENT-REVIEW
CL-TASAKI2020-1827	mathlib_only	VOCABULARY-INDEPENDENT-REVIEW
CL-TASAKI2020-1828	mathlib_only	VOCABULARY-INDEPENDENT-REVIEW
CL-TASAKI2020-1829	mathlib_only	VOCABULARY-INDEPENDENT-REVIEW
CL-TASAKI2020-1830	mathlib_only	VOCABULARY-INDEPENDENT-REVIEW
CL-TASAKI2020-1831	mathlib_only	VOCABULARY-INDEPENDENT-REVIEW
CL-TASAKI2020-1832	mathlib_only	VOCABULARY-INDEPENDENT-REVIEW
CL-TASAKI2020-1833	mathlib_only	VOCABULARY-INDEPENDENT-REVIEW
CL-TASAKI2020-3144	mathlib_only	VOCABULARY-INDEPENDENT-REVIEW
CL-TASAKI2020-3145	mathlib_only	VOCABULARY-INDEPENDENT-REVIEW
CL-TASAKI2020-3146	mathlib_only	VOCABULARY-INDEPENDENT-REVIEW
CL-TASAKI2020-1835	mathlib_only	VOCABULARY-INDEPENDENT-REVIEW
CL-TASAKI2020-1836	mathlib_only	VOCABULARY-INDEPENDENT-REVIEW
CL-TASAKI2020-1837	mathlib_only	VOCABULARY-INDEPENDENT-REVIEW
CL-TASAKI2020-1838	mathlib_only	VOCABULARY-INDEPENDENT-REVIEW
CL-TASAKI2020-1839	mathlib_only	VOCABULARY-INDEPENDENT-REVIEW
CL-TASAKI2020-1840	mathlib_only	VOCABULARY-INDEPENDENT-REVIEW
CL-TASAKI2020-1841	mathlib_only	VOCABULARY-INDEPENDENT-REVIEW
CL-TASAKI2020-3310	mathlib_only	VOCABULARY-INDEPENDENT-REVIEW
CL-TASAKI2020-1844	mathlib_only	VOCABULARY-INDEPENDENT-REVIEW
CL-TASAKI2020-1845	mathlib_only	VOCABULARY-INDEPENDENT-REVIEW
CL-TASAKI2020-1846	mathlib_only	VOCABULARY-INDEPENDENT-REVIEW
CL-TASAKI2020-1847	mathlib_only	VOCABULARY-INDEPENDENT-REVIEW
CL-TASAKI2020-1848	mathlib_only	VOCABULARY-INDEPENDENT-REVIEW
CL-TASAKI2020-1849	mathlib_only	VOCABULARY-INDEPENDENT-REVIEW
CL-TASAKI2020-1850	mathlib_only	VOCABULARY-INDEPENDENT-REVIEW
CL-TASAKI2020-1851	mathlib_only	VOCABULARY-INDEPENDENT-REVIEW
CL-TASAKI2020-1852	mathlib_only	VOCABULARY-INDEPENDENT-REVIEW
CL-TASAKI2020-1853	mathlib_only	VOCABULARY-INDEPENDENT-REVIEW
CL-TASAKI2020-3311	mathlib_only	VOCABULARY-INDEPENDENT-REVIEW
CL-TASAKI2020-3312	mathlib_only	VOCABULARY-INDEPENDENT-REVIEW
CL-TASAKI2020-1855	mathlib_only	VOCABULARY-INDEPENDENT-REVIEW
CL-TASAKI2020-1856	mathlib_only	VOCABULARY-INDEPENDENT-REVIEW
CL-TASAKI2020-1857	mathlib_only	VOCABULARY-INDEPENDENT-REVIEW
CL-TASAKI2020-1858	mathlib_only	VOCABULARY-INDEPENDENT-REVIEW
CL-TASAKI2020-1859	mathlib_only	VOCABULARY-INDEPENDENT-REVIEW
CL-TASAKI2020-1860	mathlib_only	VOCABULARY-INDEPENDENT-REVIEW
CL-TASAKI2020-1861	mathlib_only	VOCABULARY-INDEPENDENT-REVIEW
CL-TASAKI2020-1862	mathlib_only	VOCABULARY-INDEPENDENT-REVIEW
CL-TASAKI2020-1863	mathlib_only	VOCABULARY-INDEPENDENT-REVIEW
CL-TASAKI2020-1864	mathlib_only	VOCABULARY-INDEPENDENT-REVIEW
CL-TASAKI2020-1865	mathlib_only	VOCABULARY-INDEPENDENT-REVIEW
CL-TASAKI2020-1866	mathlib_only	VOCABULARY-INDEPENDENT-REVIEW
CL-TASAKI2020-1867	mathlib_only	VOCABULARY-INDEPENDENT-REVIEW
CL-TASAKI2020-1868	mathlib_only	VOCABULARY-INDEPENDENT-REVIEW
CL-TASAKI2020-1869	mathlib_only	VOCABULARY-INDEPENDENT-REVIEW
CL-TASAKI2020-1871	mathlib_only	VOCABULARY-INDEPENDENT-REVIEW
CL-TASAKI2020-1872	mathlib_only	VOCABULARY-INDEPENDENT-REVIEW
CL-TASAKI2020-1873	mathlib_only	VOCABULARY-INDEPENDENT-REVIEW
CL-TASAKI2020-3358	mathlib_only	VOCABULARY-INDEPENDENT-REVIEW
CL-TASAKI2020-3359	mathlib_only	VOCABULARY-INDEPENDENT-REVIEW
CL-TASAKI2020-3148	mathlib_only	VOCABULARY-INDEPENDENT-REVIEW
CL-TASAKI2020-3150	mathlib_only	VOCABULARY-INDEPENDENT-REVIEW
CL-TASAKI2020-3151	mathlib_only	VOCABULARY-INDEPENDENT-REVIEW
CL-TASAKI2020-1875	mathlib_only	VOCABULARY-INDEPENDENT-REVIEW
CL-TASAKI2020-1876	mathlib_only	VOCABULARY-INDEPENDENT-REVIEW
CL-TASAKI2020-1877	mathlib_only	VOCABULARY-INDEPENDENT-REVIEW
CL-TASAKI2020-1878	mathlib_only	VOCABULARY-INDEPENDENT-REVIEW
CL-TASAKI2020-1879	mathlib_only	VOCABULARY-INDEPENDENT-REVIEW
CL-TASAKI2020-1880	mathlib_only	VOCABULARY-INDEPENDENT-REVIEW
CL-TASAKI2020-1881	mathlib_only	VOCABULARY-INDEPENDENT-REVIEW
CL-TASAKI2020-1882	mathlib_only	VOCABULARY-INDEPENDENT-REVIEW
CL-TASAKI2020-1883	mathlib_only	VOCABULARY-INDEPENDENT-REVIEW
CL-TASAKI2020-1884	mathlib_only	VOCABULARY-INDEPENDENT-REVIEW
CL-TASAKI2020-1885	mathlib_only	VOCABULARY-INDEPENDENT-REVIEW
CL-TASAKI2020-1886	mathlib_only	VOCABULARY-INDEPENDENT-REVIEW
CL-TASAKI2020-1887	mathlib_only	VOCABULARY-INDEPENDENT-REVIEW
CL-TASAKI2020-1888	mathlib_only	VOCABULARY-INDEPENDENT-REVIEW
CL-TASAKI2020-1889	mathlib_only	VOCABULARY-INDEPENDENT-REVIEW
CL-TASAKI2020-1890	mathlib_only	VOCABULARY-INDEPENDENT-REVIEW
CL-TASAKI2020-1891	mathlib_only	VOCABULARY-INDEPENDENT-REVIEW
CL-TASAKI2020-1892	mathlib_only	VOCABULARY-INDEPENDENT-REVIEW
CL-TASAKI2020-1893	mathlib_only	VOCABULARY-INDEPENDENT-REVIEW
CL-TASAKI2020-1894	mathlib_only	VOCABULARY-INDEPENDENT-REVIEW
CL-TASAKI2020-1895	mathlib_only	VOCABULARY-INDEPENDENT-REVIEW
CL-TASAKI2020-1896	mathlib_only	VOCABULARY-INDEPENDENT-REVIEW
CL-TASAKI2020-1897	mathlib_only	VOCABULARY-INDEPENDENT-REVIEW
CL-TASAKI2020-1898	mathlib_only	VOCABULARY-INDEPENDENT-REVIEW
CL-TASAKI2020-1899	mathlib_only	VOCABULARY-INDEPENDENT-REVIEW
CL-TASAKI2020-1900	mathlib_only	VOCABULARY-INDEPENDENT-REVIEW
CL-TASAKI2020-1902	mathlib_only	VOCABULARY-INDEPENDENT-REVIEW
CL-TASAKI2020-3313	mathlib_only	VOCABULARY-INDEPENDENT-REVIEW
CL-TASAKI2020-1905	mathlib_only	VOCABULARY-INDEPENDENT-REVIEW
CL-TASAKI2020-1906	mathlib_only	VOCABULARY-INDEPENDENT-REVIEW
CL-TASAKI2020-1907	mathlib_only	VOCABULARY-INDEPENDENT-REVIEW
CL-TASAKI2020-3314	mathlib_only	VOCABULARY-INDEPENDENT-REVIEW
CL-TASAKI2020-3315	mathlib_only	VOCABULARY-INDEPENDENT-REVIEW
CL-TASAKI2020-3316	mathlib_only	VOCABULARY-INDEPENDENT-REVIEW
CL-TASAKI2020-1908	mathlib_only	VOCABULARY-INDEPENDENT-REVIEW
CL-TASAKI2020-1909	mathlib_only	VOCABULARY-INDEPENDENT-REVIEW
CL-TASAKI2020-1910	mathlib_only	VOCABULARY-INDEPENDENT-REVIEW
CL-TASAKI2020-1911	mathlib_only	VOCABULARY-INDEPENDENT-REVIEW
CL-TASAKI2020-1912	mathlib_only	VOCABULARY-INDEPENDENT-REVIEW
CL-TASAKI2020-3152	mathlib_only	VOCABULARY-INDEPENDENT-REVIEW
CL-TASAKI2020-3360	mathlib_only	VOCABULARY-INDEPENDENT-REVIEW
CL-TASAKI2020-3153	mathlib_only	VOCABULARY-INDEPENDENT-REVIEW
CL-TASAKI2020-3361	mathlib_only	VOCABULARY-INDEPENDENT-REVIEW
CL-TASAKI2020-3154	mathlib_only	VOCABULARY-INDEPENDENT-REVIEW
CL-TASAKI2020-1914	mathlib_only	VOCABULARY-INDEPENDENT-REVIEW
CL-TASAKI2020-1915	mathlib_only	VOCABULARY-INDEPENDENT-REVIEW
CL-TASAKI2020-1916	mathlib_only	VOCABULARY-INDEPENDENT-REVIEW
CL-TASAKI2020-1917	mathlib_only	VOCABULARY-INDEPENDENT-REVIEW
CL-TASAKI2020-3317	mathlib_only	VOCABULARY-INDEPENDENT-REVIEW
CL-TASAKI2020-1919	mathlib_only	VOCABULARY-INDEPENDENT-REVIEW
CL-TASAKI2020-1920	mathlib_only	VOCABULARY-INDEPENDENT-REVIEW
CL-TASAKI2020-3318	mathlib_only	VOCABULARY-INDEPENDENT-REVIEW
CL-TASAKI2020-1921	mathlib_only	VOCABULARY-INDEPENDENT-REVIEW
CL-TASAKI2020-1922	mathlib_only	VOCABULARY-INDEPENDENT-REVIEW
CL-TASAKI2020-1923	mathlib_only	VOCABULARY-INDEPENDENT-REVIEW
CL-TASAKI2020-1924	mathlib_only	VOCABULARY-INDEPENDENT-REVIEW
CL-TASAKI2020-1925	mathlib_only	VOCABULARY-INDEPENDENT-REVIEW
CL-TASAKI2020-1928	mathlib_only	VOCABULARY-INDEPENDENT-REVIEW
CL-TASAKI2020-1929	mathlib_only	VOCABULARY-INDEPENDENT-REVIEW
CL-TASAKI2020-1930	mathlib_only	VOCABULARY-INDEPENDENT-REVIEW
CL-TASAKI2020-1931	mathlib_only	VOCABULARY-INDEPENDENT-REVIEW
CL-TASAKI2020-1932	mathlib_only	VOCABULARY-INDEPENDENT-REVIEW
CL-TASAKI2020-1933	mathlib_only	VOCABULARY-INDEPENDENT-REVIEW
CL-TASAKI2020-1934	mathlib_only	VOCABULARY-INDEPENDENT-REVIEW
CL-TASAKI2020-1935	mathlib_only	VOCABULARY-INDEPENDENT-REVIEW
CL-TASAKI2020-1936	mathlib_only	VOCABULARY-INDEPENDENT-REVIEW
CL-TASAKI2020-1937	mathlib_only	VOCABULARY-INDEPENDENT-REVIEW
CL-TASAKI2020-1938	mathlib_only	VOCABULARY-INDEPENDENT-REVIEW
CL-TASAKI2020-1939	mathlib_only	VOCABULARY-INDEPENDENT-REVIEW
CL-TASAKI2020-1940	mathlib_only	VOCABULARY-INDEPENDENT-REVIEW
CL-TASAKI2020-1941	mathlib_only	VOCABULARY-INDEPENDENT-REVIEW
CL-TASAKI2020-1942	mathlib_only	VOCABULARY-INDEPENDENT-REVIEW
CL-TASAKI2020-1943	mathlib_only	VOCABULARY-INDEPENDENT-REVIEW
CL-TASAKI2020-1944	mathlib_only	VOCABULARY-INDEPENDENT-REVIEW
CL-TASAKI2020-1945	mathlib_only	VOCABULARY-INDEPENDENT-REVIEW
CL-TASAKI2020-1946	mathlib_only	VOCABULARY-INDEPENDENT-REVIEW
CL-TASAKI2020-1947	mathlib_only	VOCABULARY-INDEPENDENT-REVIEW
CL-TASAKI2020-1948	mathlib_only	VOCABULARY-INDEPENDENT-REVIEW
CL-TASAKI2020-1949	mathlib_only	VOCABULARY-INDEPENDENT-REVIEW
CL-TASAKI2020-1950	mathlib_only	VOCABULARY-INDEPENDENT-REVIEW
CL-TASAKI2020-1951	mathlib_only	VOCABULARY-INDEPENDENT-REVIEW
CL-TASAKI2020-1952	mathlib_only	VOCABULARY-INDEPENDENT-REVIEW
CL-TASAKI2020-1953	mathlib_only	VOCABULARY-INDEPENDENT-REVIEW
CL-TASAKI2020-1954	mathlib_only	VOCABULARY-INDEPENDENT-REVIEW
CL-TASAKI2020-1956	mathlib_only	VOCABULARY-INDEPENDENT-REVIEW
CL-TASAKI2020-1957	mathlib_only	VOCABULARY-INDEPENDENT-REVIEW
CL-TASAKI2020-1958	mathlib_only	VOCABULARY-INDEPENDENT-REVIEW
CL-TASAKI2020-1959	mathlib_only	VOCABULARY-INDEPENDENT-REVIEW
CL-TASAKI2020-1960	mathlib_only	VOCABULARY-INDEPENDENT-REVIEW
CL-TASAKI2020-1962	mathlib_only	VOCABULARY-INDEPENDENT-REVIEW
CL-TASAKI2020-1963	mathlib_only	VOCABULARY-INDEPENDENT-REVIEW
CL-TASAKI2020-1964	mathlib_only	VOCABULARY-INDEPENDENT-REVIEW
CL-TASAKI2020-1965	mathlib_only	VOCABULARY-INDEPENDENT-REVIEW
CL-TASAKI2020-1966	mathlib_only	VOCABULARY-INDEPENDENT-REVIEW
CL-TASAKI2020-1967	mathlib_only	VOCABULARY-INDEPENDENT-REVIEW
CL-TASAKI2020-1968	mathlib_only	VOCABULARY-INDEPENDENT-REVIEW
CL-TASAKI2020-1969	mathlib_only	VOCABULARY-INDEPENDENT-REVIEW
CL-TASAKI2020-1970	mathlib_only	VOCABULARY-INDEPENDENT-REVIEW
CL-TASAKI2020-1971	mathlib_only	VOCABULARY-INDEPENDENT-REVIEW
CL-TASAKI2020-1972	mathlib_only	VOCABULARY-INDEPENDENT-REVIEW
CL-TASAKI2020-1973	mathlib_only	VOCABULARY-INDEPENDENT-REVIEW
CL-TASAKI2020-1974	mathlib_only	VOCABULARY-INDEPENDENT-REVIEW
CL-TASAKI2020-1975	mathlib_only	VOCABULARY-INDEPENDENT-REVIEW
CL-TASAKI2020-1976	mathlib_only	VOCABULARY-INDEPENDENT-REVIEW
CL-TASAKI2020-1977	mathlib_only	VOCABULARY-INDEPENDENT-REVIEW
CL-TASAKI2020-1978	mathlib_only	VOCABULARY-INDEPENDENT-REVIEW
CL-TASAKI2020-1979	mathlib_only	VOCABULARY-INDEPENDENT-REVIEW
CL-TASAKI2020-1980	mathlib_only	VOCABULARY-INDEPENDENT-REVIEW
CL-TASAKI2020-1981	mathlib_only	VOCABULARY-INDEPENDENT-REVIEW
CL-TASAKI2020-1982	mathlib_only	VOCABULARY-INDEPENDENT-REVIEW
CL-TASAKI2020-1983	mathlib_only	VOCABULARY-INDEPENDENT-REVIEW
CL-TASAKI2020-1984	mathlib_only	VOCABULARY-INDEPENDENT-REVIEW
CL-TASAKI2020-1985	mathlib_only	VOCABULARY-INDEPENDENT-REVIEW
CL-TASAKI2020-1986	mathlib_only	VOCABULARY-INDEPENDENT-REVIEW
CL-TASAKI2020-1987	mathlib_only	VOCABULARY-INDEPENDENT-REVIEW
CL-TASAKI2020-1988	mathlib_only	VOCABULARY-INDEPENDENT-REVIEW
CL-TASAKI2020-1989	mathlib_only	VOCABULARY-INDEPENDENT-REVIEW
CL-TASAKI2020-1990	mathlib_only	VOCABULARY-INDEPENDENT-REVIEW
CL-TASAKI2020-1991	mathlib_only	VOCABULARY-INDEPENDENT-REVIEW
CL-TASAKI2020-1992	mathlib_only	VOCABULARY-INDEPENDENT-REVIEW
CL-TASAKI2020-1993	mathlib_only	VOCABULARY-INDEPENDENT-REVIEW
CL-TASAKI2020-1994	mathlib_only	VOCABULARY-INDEPENDENT-REVIEW
CL-TASAKI2020-1995	mathlib_only	VOCABULARY-INDEPENDENT-REVIEW
CL-TASAKI2020-1996	mathlib_only	VOCABULARY-INDEPENDENT-REVIEW
CL-TASAKI2020-1997	mathlib_only	VOCABULARY-INDEPENDENT-REVIEW
CL-TASAKI2020-1998	mathlib_only	VOCABULARY-INDEPENDENT-REVIEW
CL-TASAKI2020-1999	mathlib_only	VOCABULARY-INDEPENDENT-REVIEW
CL-TASAKI2020-2000	mathlib_only	VOCABULARY-INDEPENDENT-REVIEW
CL-TASAKI2020-2001	mathlib_only	VOCABULARY-INDEPENDENT-REVIEW
CL-TASAKI2020-2002	mathlib_only	VOCABULARY-INDEPENDENT-REVIEW
CL-TASAKI2020-2003	mathlib_only	VOCABULARY-INDEPENDENT-REVIEW
CL-TASAKI2020-2004	mathlib_only	VOCABULARY-INDEPENDENT-REVIEW
CL-TASAKI2020-3319	mathlib_only	VOCABULARY-INDEPENDENT-REVIEW
CL-TASAKI2020-2006	mathlib_only	VOCABULARY-INDEPENDENT-REVIEW
CL-TASAKI2020-3320	mathlib_only	VOCABULARY-INDEPENDENT-REVIEW
CL-TASAKI2020-2007	mathlib_only	VOCABULARY-INDEPENDENT-REVIEW
CL-TASAKI2020-2008	mathlib_only	VOCABULARY-INDEPENDENT-REVIEW
CL-TASAKI2020-2009	mathlib_only	VOCABULARY-INDEPENDENT-REVIEW
CL-TASAKI2020-2010	mathlib_only	VOCABULARY-INDEPENDENT-REVIEW
CL-TASAKI2020-2011	mathlib_only	VOCABULARY-INDEPENDENT-REVIEW
CL-TASAKI2020-2012	mathlib_only	VOCABULARY-INDEPENDENT-REVIEW
CL-TASAKI2020-2013	mathlib_only	VOCABULARY-INDEPENDENT-REVIEW
CL-TASAKI2020-2014	mathlib_only	VOCABULARY-INDEPENDENT-REVIEW
CL-TASAKI2020-2016	mathlib_only	VOCABULARY-INDEPENDENT-REVIEW
CL-TASAKI2020-3155	mathlib_only	VOCABULARY-INDEPENDENT-REVIEW
CL-TASAKI2020-3156	mathlib_only	VOCABULARY-INDEPENDENT-REVIEW
CL-TASAKI2020-2018	mathlib_only	VOCABULARY-INDEPENDENT-REVIEW
CL-TASAKI2020-2019	mathlib_only	VOCABULARY-INDEPENDENT-REVIEW
CL-TASAKI2020-2020	mathlib_only	VOCABULARY-INDEPENDENT-REVIEW
CL-TASAKI2020-2021	mathlib_only	VOCABULARY-INDEPENDENT-REVIEW
CL-TASAKI2020-2022	mathlib_only	VOCABULARY-INDEPENDENT-REVIEW
CL-TASAKI2020-2023	mathlib_only	VOCABULARY-INDEPENDENT-REVIEW
CL-TASAKI2020-2024	mathlib_only	VOCABULARY-INDEPENDENT-REVIEW
CL-TASAKI2020-2025	mathlib_only	VOCABULARY-INDEPENDENT-REVIEW
CL-TASAKI2020-2026	mathlib_only	VOCABULARY-INDEPENDENT-REVIEW
CL-TASAKI2020-2027	mathlib_only	VOCABULARY-INDEPENDENT-REVIEW
CL-TASAKI2020-2028	mathlib_only	VOCABULARY-INDEPENDENT-REVIEW
CL-TASAKI2020-2029	mathlib_only	VOCABULARY-INDEPENDENT-REVIEW
CL-TASAKI2020-3321	mathlib_only	VOCABULARY-INDEPENDENT-REVIEW
CL-TASAKI2020-2031	mathlib_only	VOCABULARY-INDEPENDENT-REVIEW
CL-TASAKI2020-2032	mathlib_only	VOCABULARY-INDEPENDENT-REVIEW
CL-TASAKI2020-2033	mathlib_only	VOCABULARY-INDEPENDENT-REVIEW
CL-TASAKI2020-2034	mathlib_only	VOCABULARY-INDEPENDENT-REVIEW
CL-TASAKI2020-2035	mathlib_only	VOCABULARY-INDEPENDENT-REVIEW
CL-TASAKI2020-2036	mathlib_only	VOCABULARY-INDEPENDENT-REVIEW
CL-TASAKI2020-2037	mathlib_only	VOCABULARY-INDEPENDENT-REVIEW
CL-TASAKI2020-2038	mathlib_only	VOCABULARY-INDEPENDENT-REVIEW
CL-TASAKI2020-2039	mathlib_only	VOCABULARY-INDEPENDENT-REVIEW
CL-TASAKI2020-2040	mathlib_only	VOCABULARY-INDEPENDENT-REVIEW
CL-TASAKI2020-2042	mathlib_only	VOCABULARY-INDEPENDENT-REVIEW
CL-TASAKI2020-2043	mathlib_only	VOCABULARY-INDEPENDENT-REVIEW
CL-TASAKI2020-2044	mathlib_only	VOCABULARY-INDEPENDENT-REVIEW
CL-TASAKI2020-2045	mathlib_only	VOCABULARY-INDEPENDENT-REVIEW
CL-TASAKI2020-2046	mathlib_only	VOCABULARY-INDEPENDENT-REVIEW
CL-TASAKI2020-2047	mathlib_only	VOCABULARY-INDEPENDENT-REVIEW
CL-TASAKI2020-2048	mathlib_only	VOCABULARY-INDEPENDENT-REVIEW
CL-TASAKI2020-2049	mathlib_only	VOCABULARY-INDEPENDENT-REVIEW
CL-TASAKI2020-2050	mathlib_only	VOCABULARY-INDEPENDENT-REVIEW
CL-TASAKI2020-2051	mathlib_only	VOCABULARY-INDEPENDENT-REVIEW
CL-TASAKI2020-2052	mathlib_only	VOCABULARY-INDEPENDENT-REVIEW
CL-TASAKI2020-2053	mathlib_only	VOCABULARY-INDEPENDENT-REVIEW
CL-TASAKI2020-2054	mathlib_only	VOCABULARY-INDEPENDENT-REVIEW
CL-TASAKI2020-2055	mathlib_only	VOCABULARY-INDEPENDENT-REVIEW
CL-TASAKI2020-2056	mathlib_only	VOCABULARY-INDEPENDENT-REVIEW
CL-TASAKI2020-2057	mathlib_only	VOCABULARY-INDEPENDENT-REVIEW
CL-TASAKI2020-3322	mathlib_only	VOCABULARY-INDEPENDENT-REVIEW
CL-TASAKI2020-3323	mathlib_only	VOCABULARY-INDEPENDENT-REVIEW
CL-TASAKI2020-2060	mathlib_only	VOCABULARY-INDEPENDENT-REVIEW
CL-TASAKI2020-2061	mathlib_only	VOCABULARY-INDEPENDENT-REVIEW
CL-TASAKI2020-2062	mathlib_only	VOCABULARY-INDEPENDENT-REVIEW
CL-TASAKI2020-3257	mathlib_only	VOCABULARY-INDEPENDENT-REVIEW
CL-TASAKI2020-3387	mathlib_only	VOCABULARY-INDEPENDENT-REVIEW
CL-TASAKI2020-3258	mathlib_only	VOCABULARY-INDEPENDENT-REVIEW
CL-TASAKI2020-2064	mathlib_only	VOCABULARY-INDEPENDENT-REVIEW
CL-TASAKI2020-3388	mathlib_only	VOCABULARY-INDEPENDENT-REVIEW
CL-TASAKI2020-3389	mathlib_only	VOCABULARY-INDEPENDENT-REVIEW
CL-TASAKI2020-2065	mathlib_only	VOCABULARY-INDEPENDENT-REVIEW
CL-TASAKI2020-2066	mathlib_only	VOCABULARY-INDEPENDENT-REVIEW
CL-TASAKI2020-2067	mathlib_only	VOCABULARY-INDEPENDENT-REVIEW
CL-TASAKI2020-2068	mathlib_only	VOCABULARY-INDEPENDENT-REVIEW
CL-TASAKI2020-2069	mathlib_only	VOCABULARY-INDEPENDENT-REVIEW
CL-TASAKI2020-2071	mathlib_only	VOCABULARY-INDEPENDENT-REVIEW
CL-TASAKI2020-2072	mathlib_only	VOCABULARY-INDEPENDENT-REVIEW
CL-TASAKI2020-2073	mathlib_only	VOCABULARY-INDEPENDENT-REVIEW
CL-TASAKI2020-2074	mathlib_only	VOCABULARY-INDEPENDENT-REVIEW
CL-TASAKI2020-2075	mathlib_only	VOCABULARY-INDEPENDENT-REVIEW
CL-TASAKI2020-2076	mathlib_only	VOCABULARY-INDEPENDENT-REVIEW
CL-TASAKI2020-2077	mathlib_only	VOCABULARY-INDEPENDENT-REVIEW
CL-TASAKI2020-2078	mathlib_only	VOCABULARY-INDEPENDENT-REVIEW
CL-TASAKI2020-2079	mathlib_only	VOCABULARY-INDEPENDENT-REVIEW
CL-TASAKI2020-2080	mathlib_only	VOCABULARY-INDEPENDENT-REVIEW
CL-TASAKI2020-2082	mathlib_only	VOCABULARY-INDEPENDENT-REVIEW
CL-TASAKI2020-2083	mathlib_only	VOCABULARY-INDEPENDENT-REVIEW
CL-TASAKI2020-2084	mathlib_only	VOCABULARY-INDEPENDENT-REVIEW
CL-TASAKI2020-2085	mathlib_only	VOCABULARY-INDEPENDENT-REVIEW
CL-TASAKI2020-2086	mathlib_only	VOCABULARY-INDEPENDENT-REVIEW
CL-TASAKI2020-2087	mathlib_only	VOCABULARY-INDEPENDENT-REVIEW
CL-TASAKI2020-2088	mathlib_only	VOCABULARY-INDEPENDENT-REVIEW
CL-TASAKI2020-2089	mathlib_only	VOCABULARY-INDEPENDENT-REVIEW
CL-TASAKI2020-2090	mathlib_only	VOCABULARY-INDEPENDENT-REVIEW
CL-TASAKI2020-2091	mathlib_only	VOCABULARY-INDEPENDENT-REVIEW
CL-TASAKI2020-2092	mathlib_only	VOCABULARY-INDEPENDENT-REVIEW
CL-TASAKI2020-2093	mathlib_only	VOCABULARY-INDEPENDENT-REVIEW
CL-TASAKI2020-2094	mathlib_only	VOCABULARY-INDEPENDENT-REVIEW
CL-TASAKI2020-2095	mathlib_only	VOCABULARY-INDEPENDENT-REVIEW
CL-TASAKI2020-2096	mathlib_only	VOCABULARY-INDEPENDENT-REVIEW
CL-TASAKI2020-2097	mathlib_only	VOCABULARY-INDEPENDENT-REVIEW
CL-TASAKI2020-2098	mathlib_only	VOCABULARY-INDEPENDENT-REVIEW
CL-TASAKI2020-2099	mathlib_only	VOCABULARY-INDEPENDENT-REVIEW
CL-TASAKI2020-2100	mathlib_only	VOCABULARY-INDEPENDENT-REVIEW
CL-TASAKI2020-2101	mathlib_only	VOCABULARY-INDEPENDENT-REVIEW
CL-TASAKI2020-2102	mathlib_only	VOCABULARY-INDEPENDENT-REVIEW
CL-TASAKI2020-2104	mathlib_only	VOCABULARY-INDEPENDENT-REVIEW
CL-TASAKI2020-2105	mathlib_only	VOCABULARY-INDEPENDENT-REVIEW
CL-TASAKI2020-2106	mathlib_only	VOCABULARY-INDEPENDENT-REVIEW
CL-TASAKI2020-2108	mathlib_only	VOCABULARY-INDEPENDENT-REVIEW
CL-TASAKI2020-2109	mathlib_only	VOCABULARY-INDEPENDENT-REVIEW
CL-TASAKI2020-2110	mathlib_only	VOCABULARY-INDEPENDENT-REVIEW
CL-TASAKI2020-2111	mathlib_only	VOCABULARY-INDEPENDENT-REVIEW
CL-TASAKI2020-2112	mathlib_only	VOCABULARY-INDEPENDENT-REVIEW
CL-TASAKI2020-2113	mathlib_only	VOCABULARY-INDEPENDENT-REVIEW
CL-TASAKI2020-2114	mathlib_only	VOCABULARY-INDEPENDENT-REVIEW
CL-TASAKI2020-2115	mathlib_only	VOCABULARY-INDEPENDENT-REVIEW
CL-TASAKI2020-2116	mathlib_only	VOCABULARY-INDEPENDENT-REVIEW
CL-TASAKI2020-2117	mathlib_only	VOCABULARY-INDEPENDENT-REVIEW
CL-TASAKI2020-2118	mathlib_only	VOCABULARY-INDEPENDENT-REVIEW
CL-TASAKI2020-2119	mathlib_only	VOCABULARY-INDEPENDENT-REVIEW
CL-TASAKI2020-2120	mathlib_only	VOCABULARY-INDEPENDENT-REVIEW
CL-TASAKI2020-2121	mathlib_only	VOCABULARY-INDEPENDENT-REVIEW
CL-TASAKI2020-2122	mathlib_only	VOCABULARY-INDEPENDENT-REVIEW
CL-TASAKI2020-2123	mathlib_only	VOCABULARY-INDEPENDENT-REVIEW
CL-TASAKI2020-2124	mathlib_only	VOCABULARY-INDEPENDENT-REVIEW
CL-TASAKI2020-2125	mathlib_only	VOCABULARY-INDEPENDENT-REVIEW
CL-TASAKI2020-2126	mathlib_only	VOCABULARY-INDEPENDENT-REVIEW
CL-TASAKI2020-2127	mathlib_only	VOCABULARY-INDEPENDENT-REVIEW
CL-TASAKI2020-2128	mathlib_only	VOCABULARY-INDEPENDENT-REVIEW
CL-TASAKI2020-2129	mathlib_only	VOCABULARY-INDEPENDENT-REVIEW
CL-TASAKI2020-2130	mathlib_only	VOCABULARY-INDEPENDENT-REVIEW
CL-TASAKI2020-2131	mathlib_only	VOCABULARY-INDEPENDENT-REVIEW
CL-TASAKI2020-2132	mathlib_only	VOCABULARY-INDEPENDENT-REVIEW
CL-TASAKI2020-2133	mathlib_only	VOCABULARY-INDEPENDENT-REVIEW
CL-TASAKI2020-2134	mathlib_only	VOCABULARY-INDEPENDENT-REVIEW
CL-TASAKI2020-2135	mathlib_only	VOCABULARY-INDEPENDENT-REVIEW
CL-TASAKI2020-3271	mathlib_only	VOCABULARY-INDEPENDENT-REVIEW
CL-TASAKI2020-3272	mathlib_only	VOCABULARY-INDEPENDENT-REVIEW
CL-TASAKI2020-2137	mathlib_only	VOCABULARY-INDEPENDENT-REVIEW
CL-TASAKI2020-2138	mathlib_only	VOCABULARY-INDEPENDENT-REVIEW
CL-TASAKI2020-2139	mathlib_only	VOCABULARY-INDEPENDENT-REVIEW
CL-TASAKI2020-2140	mathlib_only	VOCABULARY-INDEPENDENT-REVIEW
CL-TASAKI2020-2141	mathlib_only	VOCABULARY-INDEPENDENT-REVIEW
CL-TASAKI2020-2142	mathlib_only	VOCABULARY-INDEPENDENT-REVIEW
CL-TASAKI2020-2143	mathlib_only	VOCABULARY-INDEPENDENT-REVIEW
CL-TASAKI2020-2144	mathlib_only	VOCABULARY-INDEPENDENT-REVIEW
CL-TASAKI2020-2145	mathlib_only	VOCABULARY-INDEPENDENT-REVIEW
CL-TASAKI2020-2146	mathlib_only	VOCABULARY-INDEPENDENT-REVIEW
CL-TASAKI2020-2147	mathlib_only	VOCABULARY-INDEPENDENT-REVIEW
CL-TASAKI2020-2148	mathlib_only	VOCABULARY-INDEPENDENT-REVIEW
CL-TASAKI2020-2149	mathlib_only	VOCABULARY-INDEPENDENT-REVIEW
CL-TASAKI2020-2150	mathlib_only	VOCABULARY-INDEPENDENT-REVIEW
CL-TASAKI2020-2151	mathlib_only	VOCABULARY-INDEPENDENT-REVIEW
CL-TASAKI2020-2152	mathlib_only	VOCABULARY-INDEPENDENT-REVIEW
CL-TASAKI2020-2153	mathlib_only	VOCABULARY-INDEPENDENT-REVIEW
CL-TASAKI2020-2154	mathlib_only	VOCABULARY-INDEPENDENT-REVIEW
CL-TASAKI2020-2155	mathlib_only	VOCABULARY-INDEPENDENT-REVIEW
CL-TASAKI2020-2156	mathlib_only	VOCABULARY-INDEPENDENT-REVIEW
CL-TASAKI2020-2158	mathlib_only	VOCABULARY-INDEPENDENT-REVIEW
CL-TASAKI2020-3273	mathlib_only	VOCABULARY-INDEPENDENT-REVIEW
CL-TASAKI2020-3274	mathlib_only	VOCABULARY-INDEPENDENT-REVIEW
CL-TASAKI2020-2160	mathlib_only	VOCABULARY-INDEPENDENT-REVIEW
CL-TASAKI2020-2161	mathlib_only	VOCABULARY-INDEPENDENT-REVIEW
CL-TASAKI2020-3157	mathlib_only	VOCABULARY-INDEPENDENT-REVIEW
CL-TASAKI2020-3362	mathlib_only	VOCABULARY-INDEPENDENT-REVIEW
CL-TASAKI2020-3158	mathlib_only	VOCABULARY-INDEPENDENT-REVIEW
CL-TASAKI2020-3363	mathlib_only	VOCABULARY-INDEPENDENT-REVIEW
CL-TASAKI2020-3159	mathlib_only	VOCABULARY-INDEPENDENT-REVIEW
CL-TASAKI2020-2163	mathlib_only	VOCABULARY-INDEPENDENT-REVIEW
CL-TASAKI2020-3275	mathlib_only	VOCABULARY-INDEPENDENT-REVIEW
CL-TASAKI2020-3276	mathlib_only	VOCABULARY-INDEPENDENT-REVIEW
CL-TASAKI2020-2165	mathlib_only	VOCABULARY-INDEPENDENT-REVIEW
CL-TASAKI2020-2166	mathlib_only	VOCABULARY-INDEPENDENT-REVIEW
CL-TASAKI2020-2167	mathlib_only	VOCABULARY-INDEPENDENT-REVIEW
CL-TASAKI2020-2168	mathlib_only	VOCABULARY-INDEPENDENT-REVIEW
CL-TASAKI2020-2169	mathlib_only	VOCABULARY-INDEPENDENT-REVIEW
CL-TASAKI2020-2170	mathlib_only	VOCABULARY-INDEPENDENT-REVIEW
CL-TASAKI2020-2171	mathlib_only	VOCABULARY-INDEPENDENT-REVIEW
CL-TASAKI2020-2172	mathlib_only	VOCABULARY-INDEPENDENT-REVIEW
CL-TASAKI2020-2173	mathlib_only	VOCABULARY-INDEPENDENT-REVIEW
CL-TASAKI2020-2174	mathlib_only	VOCABULARY-INDEPENDENT-REVIEW
CL-TASAKI2020-2175	mathlib_only	VOCABULARY-INDEPENDENT-REVIEW
CL-TASAKI2020-2176	mathlib_only	VOCABULARY-INDEPENDENT-REVIEW
CL-TASAKI2020-2177	mathlib_only	VOCABULARY-INDEPENDENT-REVIEW
CL-TASAKI2020-2178	mathlib_only	VOCABULARY-INDEPENDENT-REVIEW
CL-TASAKI2020-2179	mathlib_only	VOCABULARY-INDEPENDENT-REVIEW
CL-TASAKI2020-2180	mathlib_only	VOCABULARY-INDEPENDENT-REVIEW
CL-TASAKI2020-2181	mathlib_only	VOCABULARY-INDEPENDENT-REVIEW
CL-TASAKI2020-2182	mathlib_only	VOCABULARY-INDEPENDENT-REVIEW
CL-TASAKI2020-2183	mathlib_only	VOCABULARY-INDEPENDENT-REVIEW
CL-TASAKI2020-2184	mathlib_only	VOCABULARY-INDEPENDENT-REVIEW
CL-TASAKI2020-2185	mathlib_only	VOCABULARY-INDEPENDENT-REVIEW
CL-TASAKI2020-2186	mathlib_only	VOCABULARY-INDEPENDENT-REVIEW
CL-TASAKI2020-2187	mathlib_only	VOCABULARY-INDEPENDENT-REVIEW
CL-TASAKI2020-2188	mathlib_only	VOCABULARY-INDEPENDENT-REVIEW
CL-TASAKI2020-2189	mathlib_only	VOCABULARY-INDEPENDENT-REVIEW
CL-TASAKI2020-2190	mathlib_only	VOCABULARY-INDEPENDENT-REVIEW
CL-TASAKI2020-2191	mathlib_only	VOCABULARY-INDEPENDENT-REVIEW
CL-TASAKI2020-2192	mathlib_only	VOCABULARY-INDEPENDENT-REVIEW
CL-TASAKI2020-2193	mathlib_only	VOCABULARY-INDEPENDENT-REVIEW
CL-TASAKI2020-2194	mathlib_only	VOCABULARY-INDEPENDENT-REVIEW
CL-TASAKI2020-2195	mathlib_only	VOCABULARY-INDEPENDENT-REVIEW
CL-TASAKI2020-2196	mathlib_only	VOCABULARY-INDEPENDENT-REVIEW
CL-TASAKI2020-2197	mathlib_only	VOCABULARY-INDEPENDENT-REVIEW
CL-TASAKI2020-2198	mathlib_only	VOCABULARY-INDEPENDENT-REVIEW
CL-TASAKI2020-2199	mathlib_only	VOCABULARY-INDEPENDENT-REVIEW
CL-TASAKI2020-2200	mathlib_only	VOCABULARY-INDEPENDENT-REVIEW
CL-TASAKI2020-2201	mathlib_only	VOCABULARY-INDEPENDENT-REVIEW
CL-TASAKI2020-2202	mathlib_only	VOCABULARY-INDEPENDENT-REVIEW
CL-TASAKI2020-2204	mathlib_only	VOCABULARY-INDEPENDENT-REVIEW
CL-TASAKI2020-2205	mathlib_only	VOCABULARY-INDEPENDENT-REVIEW
CL-TASAKI2020-2206	mathlib_only	VOCABULARY-INDEPENDENT-REVIEW
CL-TASAKI2020-2207	mathlib_only	VOCABULARY-INDEPENDENT-REVIEW
CL-TASAKI2020-3324	mathlib_only	VOCABULARY-INDEPENDENT-REVIEW
CL-TASAKI2020-3394	mathlib_only	VOCABULARY-INDEPENDENT-REVIEW
CL-TASAKI2020-3395	mathlib_only	VOCABULARY-INDEPENDENT-REVIEW
CL-TASAKI2020-3325	mathlib_only	VOCABULARY-INDEPENDENT-REVIEW
CL-TASAKI2020-2210	mathlib_only	VOCABULARY-INDEPENDENT-REVIEW
CL-TASAKI2020-2211	mathlib_only	VOCABULARY-INDEPENDENT-REVIEW
CL-TASAKI2020-3277	mathlib_only	VOCABULARY-INDEPENDENT-REVIEW
CL-TASAKI2020-3391	mathlib_only	VOCABULARY-INDEPENDENT-REVIEW
CL-TASAKI2020-3278	mathlib_only	VOCABULARY-INDEPENDENT-REVIEW
CL-TASAKI2020-2213	mathlib_only	VOCABULARY-INDEPENDENT-REVIEW
CL-TASAKI2020-2214	mathlib_only	VOCABULARY-INDEPENDENT-REVIEW
CL-TASAKI2020-2215	mathlib_only	VOCABULARY-INDEPENDENT-REVIEW
CL-TASAKI2020-2216	mathlib_only	VOCABULARY-INDEPENDENT-REVIEW
CL-TASAKI2020-2217	mathlib_only	VOCABULARY-INDEPENDENT-REVIEW
CL-TASAKI2020-2218	mathlib_only	VOCABULARY-INDEPENDENT-REVIEW
CL-TASAKI2020-2219	mathlib_only	VOCABULARY-INDEPENDENT-REVIEW
CL-TASAKI2020-2220	mathlib_only	VOCABULARY-INDEPENDENT-REVIEW
CL-TASAKI2020-2221	mathlib_only	VOCABULARY-INDEPENDENT-REVIEW
CL-TASAKI2020-2222	mathlib_only	VOCABULARY-INDEPENDENT-REVIEW
CL-TASAKI2020-2223	mathlib_only	VOCABULARY-INDEPENDENT-REVIEW
CL-TASAKI2020-2224	mathlib_only	VOCABULARY-INDEPENDENT-REVIEW
CL-TASAKI2020-2225	mathlib_only	VOCABULARY-INDEPENDENT-REVIEW
CL-TASAKI2020-2226	mathlib_only	VOCABULARY-INDEPENDENT-REVIEW
CL-TASAKI2020-2227	mathlib_only	VOCABULARY-INDEPENDENT-REVIEW
CL-TASAKI2020-2228	mathlib_only	VOCABULARY-INDEPENDENT-REVIEW
CL-TASAKI2020-2229	mathlib_only	VOCABULARY-INDEPENDENT-REVIEW
CL-TASAKI2020-2230	mathlib_only	VOCABULARY-INDEPENDENT-REVIEW
CL-TASAKI2020-2231	mathlib_only	VOCABULARY-INDEPENDENT-REVIEW
CL-TASAKI2020-2232	mathlib_only	VOCABULARY-INDEPENDENT-REVIEW
CL-TASAKI2020-2233	mathlib_only	VOCABULARY-INDEPENDENT-REVIEW
CL-TASAKI2020-2234	mathlib_only	VOCABULARY-INDEPENDENT-REVIEW
CL-TASAKI2020-2235	mathlib_only	VOCABULARY-INDEPENDENT-REVIEW
CL-TASAKI2020-2236	mathlib_only	VOCABULARY-INDEPENDENT-REVIEW
CL-TASAKI2020-2237	mathlib_only	VOCABULARY-INDEPENDENT-REVIEW
CL-TASAKI2020-2238	mathlib_only	VOCABULARY-INDEPENDENT-REVIEW
CL-TASAKI2020-2239	mathlib_only	VOCABULARY-INDEPENDENT-REVIEW
CL-TASAKI2020-2240	mathlib_only	VOCABULARY-INDEPENDENT-REVIEW
CL-TASAKI2020-2241	mathlib_only	VOCABULARY-INDEPENDENT-REVIEW
CL-TASAKI2020-2242	mathlib_only	VOCABULARY-INDEPENDENT-REVIEW
CL-TASAKI2020-2243	mathlib_only	VOCABULARY-INDEPENDENT-REVIEW
CL-TASAKI2020-2244	mathlib_only	VOCABULARY-INDEPENDENT-REVIEW
CL-TASAKI2020-2245	mathlib_only	VOCABULARY-INDEPENDENT-REVIEW
CL-TASAKI2020-2246	mathlib_only	VOCABULARY-INDEPENDENT-REVIEW
CL-TASAKI2020-2247	mathlib_only	VOCABULARY-INDEPENDENT-REVIEW
CL-TASAKI2020-2248	mathlib_only	VOCABULARY-INDEPENDENT-REVIEW
CL-TASAKI2020-2249	mathlib_only	VOCABULARY-INDEPENDENT-REVIEW
CL-TASAKI2020-2250	mathlib_only	VOCABULARY-INDEPENDENT-REVIEW
CL-TASAKI2020-2251	mathlib_only	VOCABULARY-INDEPENDENT-REVIEW
CL-TASAKI2020-2252	mathlib_only	VOCABULARY-INDEPENDENT-REVIEW
CL-TASAKI2020-2253	mathlib_only	VOCABULARY-INDEPENDENT-REVIEW
CL-TASAKI2020-2254	mathlib_only	VOCABULARY-INDEPENDENT-REVIEW
CL-TASAKI2020-2255	mathlib_only	VOCABULARY-INDEPENDENT-REVIEW
CL-TASAKI2020-2256	mathlib_only	VOCABULARY-INDEPENDENT-REVIEW
CL-TASAKI2020-2257	mathlib_only	VOCABULARY-INDEPENDENT-REVIEW
CL-TASAKI2020-2258	mathlib_only	VOCABULARY-INDEPENDENT-REVIEW
CL-TASAKI2020-2259	mathlib_only	VOCABULARY-INDEPENDENT-REVIEW
CL-TASAKI2020-2260	mathlib_only	VOCABULARY-INDEPENDENT-REVIEW
CL-TASAKI2020-2261	mathlib_only	VOCABULARY-INDEPENDENT-REVIEW
CL-TASAKI2020-2262	mathlib_only	VOCABULARY-INDEPENDENT-REVIEW
CL-TASAKI2020-2263	mathlib_only	VOCABULARY-INDEPENDENT-REVIEW
CL-TASAKI2020-2264	mathlib_only	VOCABULARY-INDEPENDENT-REVIEW
CL-TASAKI2020-2265	mathlib_only	VOCABULARY-INDEPENDENT-REVIEW
CL-TASAKI2020-2266	mathlib_only	VOCABULARY-INDEPENDENT-REVIEW
CL-TASAKI2020-2267	mathlib_only	VOCABULARY-INDEPENDENT-REVIEW
CL-TASAKI2020-2268	mathlib_only	VOCABULARY-INDEPENDENT-REVIEW
CL-TASAKI2020-2269	mathlib_only	VOCABULARY-INDEPENDENT-REVIEW
CL-TASAKI2020-3160	mathlib_only	VOCABULARY-INDEPENDENT-REVIEW
CL-TASAKI2020-3161	mathlib_only	VOCABULARY-INDEPENDENT-REVIEW
CL-TASAKI2020-3162	mathlib_only	VOCABULARY-INDEPENDENT-REVIEW
CL-TASAKI2020-2271	mathlib_only	VOCABULARY-INDEPENDENT-REVIEW
CL-TASAKI2020-3163	mathlib_only	VOCABULARY-INDEPENDENT-REVIEW
CL-TASAKI2020-3364	mathlib_only	VOCABULARY-INDEPENDENT-REVIEW
CL-TASAKI2020-3164	mathlib_only	VOCABULARY-INDEPENDENT-REVIEW
CL-TASAKI2020-2273	mathlib_only	VOCABULARY-INDEPENDENT-REVIEW
CL-TASAKI2020-2274	mathlib_only	VOCABULARY-INDEPENDENT-REVIEW
CL-TASAKI2020-2275	mathlib_only	VOCABULARY-INDEPENDENT-REVIEW
CL-TASAKI2020-2276	mathlib_only	VOCABULARY-INDEPENDENT-REVIEW
CL-TASAKI2020-2277	mathlib_only	VOCABULARY-INDEPENDENT-REVIEW
CL-TASAKI2020-2278	mathlib_only	VOCABULARY-INDEPENDENT-REVIEW
CL-TASAKI2020-3165	mathlib_only	VOCABULARY-INDEPENDENT-REVIEW
CL-TASAKI2020-3166	mathlib_only	VOCABULARY-INDEPENDENT-REVIEW
CL-TASAKI2020-3167	mathlib_only	VOCABULARY-INDEPENDENT-REVIEW
CL-TASAKI2020-3168	mathlib_only	VOCABULARY-INDEPENDENT-REVIEW
CL-TASAKI2020-3169	mathlib_only	VOCABULARY-INDEPENDENT-REVIEW
CL-TASAKI2020-2280	mathlib_only	VOCABULARY-INDEPENDENT-REVIEW
CL-TASAKI2020-2281	mathlib_only	VOCABULARY-INDEPENDENT-REVIEW
CL-TASAKI2020-3170	mathlib_only	VOCABULARY-INDEPENDENT-REVIEW
CL-TASAKI2020-3171	mathlib_only	VOCABULARY-INDEPENDENT-REVIEW
CL-TASAKI2020-3172	mathlib_only	VOCABULARY-INDEPENDENT-REVIEW
CL-TASAKI2020-2283	mathlib_only	VOCABULARY-INDEPENDENT-REVIEW
CL-TASAKI2020-2284	mathlib_only	VOCABULARY-INDEPENDENT-REVIEW
CL-TASAKI2020-3229	mathlib_only	VOCABULARY-INDEPENDENT-REVIEW
CL-TASAKI2020-3376	mathlib_only	VOCABULARY-INDEPENDENT-REVIEW
CL-TASAKI2020-2286	mathlib_only	VOCABULARY-INDEPENDENT-REVIEW
CL-TASAKI2020-3377	mathlib_only	VOCABULARY-INDEPENDENT-REVIEW
CL-TASAKI2020-3378	mathlib_only	VOCABULARY-INDEPENDENT-REVIEW
CL-TASAKI2020-3230	mathlib_only	VOCABULARY-INDEPENDENT-REVIEW
CL-TASAKI2020-3379	mathlib_only	VOCABULARY-INDEPENDENT-REVIEW
CL-TASAKI2020-2287	mathlib_only	VOCABULARY-INDEPENDENT-REVIEW
CL-TASAKI2020-2288	mathlib_only	VOCABULARY-INDEPENDENT-REVIEW
CL-TASAKI2020-2289	mathlib_only	VOCABULARY-INDEPENDENT-REVIEW
CL-TASAKI2020-2290	mathlib_only	VOCABULARY-INDEPENDENT-REVIEW
CL-TASAKI2020-2291	mathlib_only	VOCABULARY-INDEPENDENT-REVIEW
CL-TASAKI2020-2292	mathlib_only	VOCABULARY-INDEPENDENT-REVIEW
CL-TASAKI2020-2293	mathlib_only	VOCABULARY-INDEPENDENT-REVIEW
CL-TASAKI2020-2294	mathlib_only	VOCABULARY-INDEPENDENT-REVIEW
CL-TASAKI2020-2295	mathlib_only	VOCABULARY-INDEPENDENT-REVIEW
CL-TASAKI2020-2296	mathlib_only	VOCABULARY-INDEPENDENT-REVIEW
CL-TASAKI2020-2297	mathlib_only	VOCABULARY-INDEPENDENT-REVIEW
CL-TASAKI2020-2298	mathlib_only	VOCABULARY-INDEPENDENT-REVIEW
CL-TASAKI2020-2299	mathlib_only	VOCABULARY-INDEPENDENT-REVIEW
CL-TASAKI2020-2300	mathlib_only	VOCABULARY-INDEPENDENT-REVIEW
CL-TASAKI2020-2301	mathlib_only	VOCABULARY-INDEPENDENT-REVIEW
CL-TASAKI2020-2302	mathlib_only	VOCABULARY-INDEPENDENT-REVIEW
CL-TASAKI2020-2303	mathlib_only	VOCABULARY-INDEPENDENT-REVIEW
CL-TASAKI2020-2304	mathlib_only	VOCABULARY-INDEPENDENT-REVIEW
CL-TASAKI2020-2305	mathlib_only	VOCABULARY-INDEPENDENT-REVIEW
CL-TASAKI2020-2306	mathlib_only	VOCABULARY-INDEPENDENT-REVIEW
CL-TASAKI2020-2307	mathlib_only	VOCABULARY-INDEPENDENT-REVIEW
CL-TASAKI2020-2308	mathlib_only	VOCABULARY-INDEPENDENT-REVIEW
CL-TASAKI2020-2309	mathlib_only	VOCABULARY-INDEPENDENT-REVIEW
CL-TASAKI2020-3173	mathlib_only	VOCABULARY-INDEPENDENT-REVIEW
CL-TASAKI2020-3174	mathlib_only	VOCABULARY-INDEPENDENT-REVIEW
CL-TASAKI2020-3175	mathlib_only	VOCABULARY-INDEPENDENT-REVIEW
CL-TASAKI2020-3177	mathlib_only	VOCABULARY-INDEPENDENT-REVIEW
CL-TASAKI2020-3178	mathlib_only	VOCABULARY-INDEPENDENT-REVIEW
CL-TASAKI2020-2311	mathlib_only	VOCABULARY-INDEPENDENT-REVIEW
CL-TASAKI2020-2312	mathlib_only	VOCABULARY-INDEPENDENT-REVIEW
CL-TASAKI2020-2313	mathlib_only	VOCABULARY-INDEPENDENT-REVIEW
CL-TASAKI2020-2314	mathlib_only	VOCABULARY-INDEPENDENT-REVIEW
CL-TASAKI2020-2315	mathlib_only	VOCABULARY-INDEPENDENT-REVIEW
CL-TASAKI2020-2316	mathlib_only	VOCABULARY-INDEPENDENT-REVIEW
CL-TASAKI2020-2317	mathlib_only	VOCABULARY-INDEPENDENT-REVIEW
CL-TASAKI2020-2318	mathlib_only	VOCABULARY-INDEPENDENT-REVIEW
CL-TASAKI2020-2319	mathlib_only	VOCABULARY-INDEPENDENT-REVIEW
CL-TASAKI2020-2320	mathlib_only	VOCABULARY-INDEPENDENT-REVIEW
CL-TASAKI2020-2321	mathlib_only	VOCABULARY-INDEPENDENT-REVIEW
CL-TASAKI2020-2322	mathlib_only	VOCABULARY-INDEPENDENT-REVIEW
CL-TASAKI2020-2323	mathlib_only	VOCABULARY-INDEPENDENT-REVIEW
CL-TASAKI2020-2324	mathlib_only	VOCABULARY-INDEPENDENT-REVIEW
CL-TASAKI2020-3179	mathlib_only	VOCABULARY-INDEPENDENT-REVIEW
CL-TASAKI2020-3365	mathlib_only	VOCABULARY-INDEPENDENT-REVIEW
CL-TASAKI2020-3180	mathlib_only	VOCABULARY-INDEPENDENT-REVIEW
CL-TASAKI2020-3181	mathlib_only	VOCABULARY-INDEPENDENT-REVIEW
CL-TASAKI2020-3182	mathlib_only	VOCABULARY-INDEPENDENT-REVIEW
CL-TASAKI2020-2326	mathlib_only	VOCABULARY-INDEPENDENT-REVIEW
CL-TASAKI2020-2327	mathlib_only	VOCABULARY-INDEPENDENT-REVIEW
CL-TASAKI2020-2328	mathlib_only	VOCABULARY-INDEPENDENT-REVIEW
CL-TASAKI2020-2329	mathlib_only	VOCABULARY-INDEPENDENT-REVIEW
CL-TASAKI2020-2330	mathlib_only	VOCABULARY-INDEPENDENT-REVIEW
CL-TASAKI2020-2331	mathlib_only	VOCABULARY-INDEPENDENT-REVIEW
CL-TASAKI2020-2332	mathlib_only	VOCABULARY-INDEPENDENT-REVIEW
CL-TASAKI2020-2333	mathlib_only	VOCABULARY-INDEPENDENT-REVIEW
CL-TASAKI2020-2334	mathlib_only	VOCABULARY-INDEPENDENT-REVIEW
CL-TASAKI2020-2335	mathlib_only	VOCABULARY-INDEPENDENT-REVIEW
CL-TASAKI2020-3183	mathlib_only	VOCABULARY-INDEPENDENT-REVIEW
CL-TASAKI2020-3184	mathlib_only	VOCABULARY-INDEPENDENT-REVIEW
CL-TASAKI2020-3366	mathlib_only	VOCABULARY-INDEPENDENT-REVIEW
CL-TASAKI2020-3185	mathlib_only	VOCABULARY-INDEPENDENT-REVIEW
CL-TASAKI2020-3186	mathlib_only	VOCABULARY-INDEPENDENT-REVIEW
CL-TASAKI2020-3367	mathlib_only	VOCABULARY-INDEPENDENT-REVIEW
CL-TASAKI2020-3187	mathlib_only	VOCABULARY-INDEPENDENT-REVIEW
CL-TASAKI2020-2337	mathlib_only	VOCABULARY-INDEPENDENT-REVIEW
CL-TASAKI2020-2338	mathlib_only	VOCABULARY-INDEPENDENT-REVIEW
CL-TASAKI2020-2339	mathlib_only	VOCABULARY-INDEPENDENT-REVIEW
CL-TASAKI2020-2340	mathlib_only	VOCABULARY-INDEPENDENT-REVIEW
CL-TASAKI2020-2341	mathlib_only	VOCABULARY-INDEPENDENT-REVIEW
CL-TASAKI2020-2342	mathlib_only	VOCABULARY-INDEPENDENT-REVIEW
CL-TASAKI2020-2343	mathlib_only	VOCABULARY-INDEPENDENT-REVIEW
CL-TASAKI2020-2344	mathlib_only	VOCABULARY-INDEPENDENT-REVIEW
CL-TASAKI2020-3188	mathlib_only	VOCABULARY-INDEPENDENT-REVIEW
CL-TASAKI2020-3368	mathlib_only	VOCABULARY-INDEPENDENT-REVIEW
CL-TASAKI2020-3369	mathlib_only	VOCABULARY-INDEPENDENT-REVIEW
CL-TASAKI2020-3189	mathlib_only	VOCABULARY-INDEPENDENT-REVIEW
CL-TASAKI2020-3190	mathlib_only	VOCABULARY-INDEPENDENT-REVIEW
CL-TASAKI2020-3191	mathlib_only	VOCABULARY-INDEPENDENT-REVIEW
CL-TASAKI2020-2346	mathlib_only	VOCABULARY-INDEPENDENT-REVIEW
CL-TASAKI2020-2347	mathlib_only	VOCABULARY-INDEPENDENT-REVIEW
CL-TASAKI2020-2348	mathlib_only	VOCABULARY-INDEPENDENT-REVIEW
CL-TASAKI2020-2349	mathlib_only	VOCABULARY-INDEPENDENT-REVIEW
CL-TASAKI2020-2350	mathlib_only	VOCABULARY-INDEPENDENT-REVIEW
CL-TASAKI2020-2351	mathlib_only	VOCABULARY-INDEPENDENT-REVIEW
CL-TASAKI2020-2352	mathlib_only	VOCABULARY-INDEPENDENT-REVIEW
CL-TASAKI2020-2353	mathlib_only	VOCABULARY-INDEPENDENT-REVIEW
CL-TASAKI2020-2354	mathlib_only	VOCABULARY-INDEPENDENT-REVIEW
CL-TASAKI2020-2356	mathlib_only	VOCABULARY-INDEPENDENT-REVIEW
CL-TASAKI2020-2357	mathlib_only	VOCABULARY-INDEPENDENT-REVIEW
CL-TASAKI2020-2358	mathlib_only	VOCABULARY-INDEPENDENT-REVIEW
CL-TASAKI2020-2359	mathlib_only	VOCABULARY-INDEPENDENT-REVIEW
CL-TASAKI2020-2360	mathlib_only	VOCABULARY-INDEPENDENT-REVIEW
CL-TASAKI2020-2361	mathlib_only	VOCABULARY-INDEPENDENT-REVIEW
CL-TASAKI2020-2362	mathlib_only	VOCABULARY-INDEPENDENT-REVIEW
CL-TASAKI2020-2363	mathlib_only	VOCABULARY-INDEPENDENT-REVIEW
CL-TASAKI2020-2364	mathlib_only	VOCABULARY-INDEPENDENT-REVIEW
CL-TASAKI2020-2365	mathlib_only	VOCABULARY-INDEPENDENT-REVIEW
CL-TASAKI2020-2366	mathlib_only	VOCABULARY-INDEPENDENT-REVIEW
CL-TASAKI2020-3192	mathlib_only	VOCABULARY-INDEPENDENT-REVIEW
CL-TASAKI2020-3193	mathlib_only	VOCABULARY-INDEPENDENT-REVIEW
CL-TASAKI2020-3194	mathlib_only	VOCABULARY-INDEPENDENT-REVIEW
CL-TASAKI2020-2368	mathlib_only	VOCABULARY-INDEPENDENT-REVIEW
CL-TASAKI2020-2369	mathlib_only	VOCABULARY-INDEPENDENT-REVIEW
CL-TASAKI2020-2370	mathlib_only	VOCABULARY-INDEPENDENT-REVIEW
CL-TASAKI2020-2371	mathlib_only	VOCABULARY-INDEPENDENT-REVIEW
CL-TASAKI2020-2372	mathlib_only	VOCABULARY-INDEPENDENT-REVIEW
CL-TASAKI2020-2373	mathlib_only	VOCABULARY-INDEPENDENT-REVIEW
CL-TASAKI2020-2374	mathlib_only	VOCABULARY-INDEPENDENT-REVIEW
CL-TASAKI2020-2375	mathlib_only	VOCABULARY-INDEPENDENT-REVIEW
CL-TASAKI2020-2376	mathlib_only	VOCABULARY-INDEPENDENT-REVIEW
CL-TASAKI2020-2377	mathlib_only	VOCABULARY-INDEPENDENT-REVIEW
CL-TASAKI2020-2378	mathlib_only	VOCABULARY-INDEPENDENT-REVIEW
CL-TASAKI2020-2379	mathlib_only	VOCABULARY-INDEPENDENT-REVIEW
CL-TASAKI2020-3195	mathlib_only	VOCABULARY-INDEPENDENT-REVIEW
CL-TASAKI2020-3196	mathlib_only	VOCABULARY-INDEPENDENT-REVIEW
CL-TASAKI2020-2381	mathlib_only	VOCABULARY-INDEPENDENT-REVIEW
CL-TASAKI2020-2382	mathlib_only	VOCABULARY-INDEPENDENT-REVIEW
CL-TASAKI2020-3231	mathlib_only	VOCABULARY-INDEPENDENT-REVIEW
CL-TASAKI2020-3232	mathlib_only	VOCABULARY-INDEPENDENT-REVIEW
CL-TASAKI2020-3380	mathlib_only	VOCABULARY-INDEPENDENT-REVIEW
CL-TASAKI2020-3381	mathlib_only	VOCABULARY-INDEPENDENT-REVIEW
CL-TASAKI2020-3382	mathlib_only	VOCABULARY-INDEPENDENT-REVIEW
CL-TASAKI2020-3233	mathlib_only	VOCABULARY-INDEPENDENT-REVIEW
CL-TASAKI2020-3383	mathlib_only	VOCABULARY-INDEPENDENT-REVIEW
CL-TASAKI2020-3197	mathlib_only	VOCABULARY-INDEPENDENT-REVIEW
CL-TASAKI2020-3198	mathlib_only	CORPUS-NORMALIZATION-INDEPENDENT-REVIEW
CL-TASAKI2020-3199	mathlib_only	VOCABULARY-INDEPENDENT-REVIEW
CL-TASAKI2020-3200	mathlib_only	VOCABULARY-INDEPENDENT-REVIEW
CL-TASAKI2020-3201	mathlib_only	VOCABULARY-INDEPENDENT-REVIEW
CL-TASAKI2020-3202	mathlib_only	VOCABULARY-INDEPENDENT-REVIEW
CL-TASAKI2020-2385	mathlib_only	VOCABULARY-INDEPENDENT-REVIEW
CL-TASAKI2020-2386	mathlib_only	VOCABULARY-INDEPENDENT-REVIEW
CL-TASAKI2020-2387	mathlib_only	VOCABULARY-INDEPENDENT-REVIEW
CL-TASAKI2020-3203	mathlib_only	VOCABULARY-INDEPENDENT-REVIEW
CL-TASAKI2020-3370	mathlib_only	VOCABULARY-INDEPENDENT-REVIEW
CL-TASAKI2020-3371	mathlib_only	VOCABULARY-INDEPENDENT-REVIEW
CL-TASAKI2020-3204	mathlib_only	VOCABULARY-INDEPENDENT-REVIEW
CL-TASAKI2020-3234	mathlib_only	VOCABULARY-INDEPENDENT-REVIEW
CL-TASAKI2020-3235	mathlib_only	VOCABULARY-INDEPENDENT-REVIEW
CL-TASAKI2020-2390	mathlib_only	VOCABULARY-INDEPENDENT-REVIEW
CL-TASAKI2020-2391	mathlib_only	VOCABULARY-INDEPENDENT-REVIEW
CL-TASAKI2020-2392	mathlib_only	VOCABULARY-INDEPENDENT-REVIEW
CL-TASAKI2020-2393	mathlib_only	VOCABULARY-INDEPENDENT-REVIEW
CL-TASAKI2020-2394	mathlib_only	VOCABULARY-INDEPENDENT-REVIEW
CL-TASAKI2020-2395	mathlib_only	VOCABULARY-INDEPENDENT-REVIEW
CL-TASAKI2020-2396	mathlib_only	VOCABULARY-INDEPENDENT-REVIEW
CL-TASAKI2020-2397	mathlib_only	VOCABULARY-INDEPENDENT-REVIEW
CL-TASAKI2020-2398	mathlib_only	VOCABULARY-INDEPENDENT-REVIEW
CL-TASAKI2020-2399	mathlib_only	VOCABULARY-INDEPENDENT-REVIEW
CL-TASAKI2020-2400	mathlib_only	VOCABULARY-INDEPENDENT-REVIEW
CL-TASAKI2020-2401	mathlib_only	VOCABULARY-INDEPENDENT-REVIEW
CL-TASAKI2020-2402	mathlib_only	VOCABULARY-INDEPENDENT-REVIEW
CL-TASAKI2020-2403	mathlib_only	VOCABULARY-INDEPENDENT-REVIEW
CL-TASAKI2020-2404	mathlib_only	VOCABULARY-INDEPENDENT-REVIEW
CL-TASAKI2020-3279	mathlib_only	VOCABULARY-INDEPENDENT-REVIEW
CL-TASAKI2020-3280	mathlib_only	VOCABULARY-INDEPENDENT-REVIEW
CL-TASAKI2020-2406	mathlib_only	VOCABULARY-INDEPENDENT-REVIEW
CL-TASAKI2020-2407	mathlib_only	VOCABULARY-INDEPENDENT-REVIEW
CL-TASAKI2020-2408	mathlib_only	VOCABULARY-INDEPENDENT-REVIEW
CL-TASAKI2020-2409	mathlib_only	CORPUS-NORMALIZATION-INDEPENDENT-REVIEW
CL-TASAKI2020-2410	mathlib_only	VOCABULARY-INDEPENDENT-REVIEW
CL-TASAKI2020-2411	mathlib_only	VOCABULARY-INDEPENDENT-REVIEW
CL-TASAKI2020-2412	mathlib_only	VOCABULARY-INDEPENDENT-REVIEW
CL-TASAKI2020-2413	mathlib_only	VOCABULARY-INDEPENDENT-REVIEW
CL-TASAKI2020-2414	mathlib_only	VOCABULARY-INDEPENDENT-REVIEW
CL-TASAKI2020-2415	mathlib_only	VOCABULARY-INDEPENDENT-REVIEW
CL-TASAKI2020-2416	mathlib_only	VOCABULARY-INDEPENDENT-REVIEW
CL-TASAKI2020-2417	mathlib_only	VOCABULARY-INDEPENDENT-REVIEW
CL-TASAKI2020-2418	mathlib_only	VOCABULARY-INDEPENDENT-REVIEW
CL-TASAKI2020-2419	mathlib_only	VOCABULARY-INDEPENDENT-REVIEW
CL-TASAKI2020-3425	mathlib_only	VOCABULARY-INDEPENDENT-REVIEW
CL-TASAKI2020-2420	mathlib_only	VOCABULARY-INDEPENDENT-REVIEW
CL-TASAKI2020-2421	mathlib_only	VOCABULARY-INDEPENDENT-REVIEW
CL-TASAKI2020-2422	mathlib_only	VOCABULARY-INDEPENDENT-REVIEW
CL-TASAKI2020-2423	mathlib_only	VOCABULARY-INDEPENDENT-REVIEW
CL-TASAKI2020-2424	mathlib_only	VOCABULARY-INDEPENDENT-REVIEW
CL-TASAKI2020-2425	mathlib_only	VOCABULARY-INDEPENDENT-REVIEW
CL-TASAKI2020-2426	mathlib_only	VOCABULARY-INDEPENDENT-REVIEW
CL-TASAKI2020-2428	mathlib_only	VOCABULARY-INDEPENDENT-REVIEW
CL-TASAKI2020-2429	mathlib_only	VOCABULARY-INDEPENDENT-REVIEW
CL-TASAKI2020-2430	mathlib_only	VOCABULARY-INDEPENDENT-REVIEW
CL-TASAKI2020-3205	mathlib_only	VOCABULARY-INDEPENDENT-REVIEW
CL-TASAKI2020-3206	mathlib_only	VOCABULARY-INDEPENDENT-REVIEW
CL-TASAKI2020-3207	mathlib_only	VOCABULARY-INDEPENDENT-REVIEW
CL-TASAKI2020-3372	mathlib_only	VOCABULARY-INDEPENDENT-REVIEW
CL-TASAKI2020-3208	mathlib_only	VOCABULARY-INDEPENDENT-REVIEW
CL-TASAKI2020-2432	mathlib_only	VOCABULARY-INDEPENDENT-REVIEW
CL-TASAKI2020-2433	mathlib_only	VOCABULARY-INDEPENDENT-REVIEW
CL-TASAKI2020-2434	mathlib_only	VOCABULARY-INDEPENDENT-REVIEW
CL-TASAKI2020-2435	mathlib_only	VOCABULARY-INDEPENDENT-REVIEW
CL-TASAKI2020-2436	mathlib_only	VOCABULARY-INDEPENDENT-REVIEW
CL-TASAKI2020-2437	mathlib_only	VOCABULARY-INDEPENDENT-REVIEW
CL-TASAKI2020-2438	mathlib_only	VOCABULARY-INDEPENDENT-REVIEW
CL-TASAKI2020-2439	mathlib_only	VOCABULARY-INDEPENDENT-REVIEW
CL-TASAKI2020-2440	mathlib_only	VOCABULARY-INDEPENDENT-REVIEW
CL-TASAKI2020-2441	mathlib_only	VOCABULARY-INDEPENDENT-REVIEW
CL-TASAKI2020-2442	mathlib_only	VOCABULARY-INDEPENDENT-REVIEW
CL-TASAKI2020-3209	mathlib_only	VOCABULARY-INDEPENDENT-REVIEW
CL-TASAKI2020-3373	mathlib_only	VOCABULARY-INDEPENDENT-REVIEW
CL-TASAKI2020-3210	mathlib_only	VOCABULARY-INDEPENDENT-REVIEW
CL-TASAKI2020-3211	mathlib_only	VOCABULARY-INDEPENDENT-REVIEW
CL-TASAKI2020-2444	mathlib_only	VOCABULARY-INDEPENDENT-REVIEW
CL-TASAKI2020-2445	mathlib_only	VOCABULARY-INDEPENDENT-REVIEW
CL-TASAKI2020-2446	mathlib_only	VOCABULARY-INDEPENDENT-REVIEW
CL-TASAKI2020-2447	mathlib_only	VOCABULARY-INDEPENDENT-REVIEW
CL-TASAKI2020-2448	mathlib_only	VOCABULARY-INDEPENDENT-REVIEW
CL-TASAKI2020-2449	mathlib_only	VOCABULARY-INDEPENDENT-REVIEW
CL-TASAKI2020-2450	mathlib_only	VOCABULARY-INDEPENDENT-REVIEW
CL-TASAKI2020-2451	mathlib_only	VOCABULARY-INDEPENDENT-REVIEW
CL-TASAKI2020-2452	mathlib_only	VOCABULARY-INDEPENDENT-REVIEW
CL-TASAKI2020-2453	mathlib_only	VOCABULARY-INDEPENDENT-REVIEW
CL-TASAKI2020-2454	mathlib_only	VOCABULARY-INDEPENDENT-REVIEW
CL-TASAKI2020-2455	mathlib_only	VOCABULARY-INDEPENDENT-REVIEW
CL-TASAKI2020-2456	mathlib_only	VOCABULARY-INDEPENDENT-REVIEW
CL-TASAKI2020-2457	mathlib_only	VOCABULARY-INDEPENDENT-REVIEW
CL-TASAKI2020-2458	mathlib_only	VOCABULARY-INDEPENDENT-REVIEW
CL-TASAKI2020-2459	mathlib_only	VOCABULARY-INDEPENDENT-REVIEW
CL-TASAKI2020-2460	mathlib_only	VOCABULARY-INDEPENDENT-REVIEW
CL-TASAKI2020-2461	mathlib_only	VOCABULARY-INDEPENDENT-REVIEW
CL-TASAKI2020-2462	mathlib_only	VOCABULARY-INDEPENDENT-REVIEW
CL-TASAKI2020-2463	mathlib_only	VOCABULARY-INDEPENDENT-REVIEW
CL-TASAKI2020-2464	mathlib_only	VOCABULARY-INDEPENDENT-REVIEW
CL-TASAKI2020-2465	mathlib_only	VOCABULARY-INDEPENDENT-REVIEW
CL-TASAKI2020-2466	mathlib_only	VOCABULARY-INDEPENDENT-REVIEW
CL-TASAKI2020-2467	mathlib_only	VOCABULARY-INDEPENDENT-REVIEW
CL-TASAKI2020-2468	mathlib_only	VOCABULARY-INDEPENDENT-REVIEW
CL-TASAKI2020-2469	mathlib_only	VOCABULARY-INDEPENDENT-REVIEW
CL-TASAKI2020-2470	mathlib_only	VOCABULARY-INDEPENDENT-REVIEW
CL-TASAKI2020-2471	mathlib_only	VOCABULARY-INDEPENDENT-REVIEW
CL-TASAKI2020-2472	mathlib_only	VOCABULARY-INDEPENDENT-REVIEW
CL-TASAKI2020-2473	mathlib_only	VOCABULARY-INDEPENDENT-REVIEW
CL-TASAKI2020-2474	mathlib_only	VOCABULARY-INDEPENDENT-REVIEW
CL-TASAKI2020-2475	mathlib_only	VOCABULARY-INDEPENDENT-REVIEW
CL-TASAKI2020-2476	mathlib_only	VOCABULARY-INDEPENDENT-REVIEW
CL-TASAKI2020-2478	mathlib_only	VOCABULARY-INDEPENDENT-REVIEW
CL-TASAKI2020-2479	mathlib_only	VOCABULARY-INDEPENDENT-REVIEW
CL-TASAKI2020-2480	mathlib_only	VOCABULARY-INDEPENDENT-REVIEW
CL-TASAKI2020-2481	mathlib_only	VOCABULARY-INDEPENDENT-REVIEW
CL-TASAKI2020-2482	mathlib_only	VOCABULARY-INDEPENDENT-REVIEW
CL-TASAKI2020-2483	mathlib_only	VOCABULARY-INDEPENDENT-REVIEW
CL-TASAKI2020-2484	mathlib_only	VOCABULARY-INDEPENDENT-REVIEW
CL-TASAKI2020-2485	mathlib_only	VOCABULARY-INDEPENDENT-REVIEW
CL-TASAKI2020-2486	mathlib_only	VOCABULARY-INDEPENDENT-REVIEW
CL-TASAKI2020-2487	project_vocabulary	VOCABULARY-INDEPENDENT-REVIEW
CL-TASAKI2020-2488	project_vocabulary	VOCABULARY-INDEPENDENT-REVIEW
CL-TASAKI2020-2489	mathlib_only	VOCABULARY-INDEPENDENT-REVIEW
CL-TASAKI2020-2490	mathlib_only	VOCABULARY-INDEPENDENT-REVIEW
CL-TASAKI2020-2491	mathlib_only	VOCABULARY-INDEPENDENT-REVIEW
CL-TASAKI2020-2492	mathlib_only	VOCABULARY-INDEPENDENT-REVIEW
CL-TASAKI2020-2493	mathlib_only	VOCABULARY-INDEPENDENT-REVIEW
CL-TASAKI2020-2494	mathlib_only	VOCABULARY-INDEPENDENT-REVIEW
CL-TASAKI2020-2495	mathlib_only	VOCABULARY-INDEPENDENT-REVIEW
CL-TASAKI2020-2496	mathlib_only	VOCABULARY-INDEPENDENT-REVIEW
CL-TASAKI2020-2497	mathlib_only	VOCABULARY-INDEPENDENT-REVIEW
CL-TASAKI2020-2498	mathlib_only	VOCABULARY-INDEPENDENT-REVIEW
CL-TASAKI2020-2499	mathlib_only	VOCABULARY-INDEPENDENT-REVIEW
CL-TASAKI2020-2500	mathlib_only	VOCABULARY-INDEPENDENT-REVIEW
CL-TASAKI2020-2501	mathlib_only	VOCABULARY-INDEPENDENT-REVIEW
CL-TASAKI2020-2502	mathlib_only	VOCABULARY-INDEPENDENT-REVIEW
CL-TASAKI2020-2503	mathlib_only	VOCABULARY-INDEPENDENT-REVIEW
CL-TASAKI2020-2504	mathlib_only	VOCABULARY-INDEPENDENT-REVIEW
CL-TASAKI2020-2505	mathlib_only	VOCABULARY-INDEPENDENT-REVIEW
CL-TASAKI2020-2506	mathlib_only	VOCABULARY-INDEPENDENT-REVIEW
CL-TASAKI2020-2507	mathlib_only	VOCABULARY-INDEPENDENT-REVIEW
CL-TASAKI2020-2508	mathlib_only	VOCABULARY-INDEPENDENT-REVIEW
CL-TASAKI2020-2509	mathlib_only	VOCABULARY-INDEPENDENT-REVIEW
CL-TASAKI2020-2510	mathlib_only	VOCABULARY-INDEPENDENT-REVIEW
CL-TASAKI2020-2511	mathlib_only	VOCABULARY-INDEPENDENT-REVIEW
CL-TASAKI2020-2512	mathlib_only	VOCABULARY-INDEPENDENT-REVIEW
CL-TASAKI2020-2513	mathlib_only	VOCABULARY-INDEPENDENT-REVIEW
CL-TASAKI2020-2514	mathlib_only	VOCABULARY-INDEPENDENT-REVIEW
CL-TASAKI2020-2515	mathlib_only	VOCABULARY-INDEPENDENT-REVIEW
CL-TASAKI2020-2516	mathlib_only	VOCABULARY-INDEPENDENT-REVIEW
CL-TASAKI2020-2517	mathlib_only	VOCABULARY-INDEPENDENT-REVIEW
CL-TASAKI2020-2518	mathlib_only	VOCABULARY-INDEPENDENT-REVIEW
CL-TASAKI2020-2519	mathlib_only	VOCABULARY-INDEPENDENT-REVIEW
CL-TASAKI2020-2520	mathlib_only	VOCABULARY-INDEPENDENT-REVIEW
CL-TASAKI2020-2521	mathlib_only	VOCABULARY-INDEPENDENT-REVIEW
CL-TASAKI2020-2522	mathlib_only	VOCABULARY-INDEPENDENT-REVIEW
CL-TASAKI2020-2523	mathlib_only	VOCABULARY-INDEPENDENT-REVIEW
CL-TASAKI2020-2524	mathlib_only	VOCABULARY-INDEPENDENT-REVIEW
CL-TASAKI2020-2525	mathlib_only	VOCABULARY-INDEPENDENT-REVIEW
CL-TASAKI2020-3281	mathlib_only	VOCABULARY-INDEPENDENT-REVIEW
CL-TASAKI2020-3392	mathlib_only	VOCABULARY-INDEPENDENT-REVIEW
CL-TASAKI2020-3282	mathlib_only	VOCABULARY-INDEPENDENT-REVIEW
CL-TASAKI2020-2527	mathlib_only	VOCABULARY-INDEPENDENT-REVIEW
CL-TASAKI2020-3212	mathlib_only	VOCABULARY-INDEPENDENT-REVIEW
CL-TASAKI2020-2529	mathlib_only	VOCABULARY-INDEPENDENT-REVIEW
CL-TASAKI2020-2530	mathlib_only	VOCABULARY-INDEPENDENT-REVIEW
CL-TASAKI2020-2531	mathlib_only	VOCABULARY-INDEPENDENT-REVIEW
CL-TASAKI2020-2532	mathlib_only	VOCABULARY-INDEPENDENT-REVIEW
CL-TASAKI2020-2533	mathlib_only	VOCABULARY-INDEPENDENT-REVIEW
CL-TASAKI2020-3283	mathlib_only	VOCABULARY-INDEPENDENT-REVIEW
CL-TASAKI2020-3284	mathlib_only	VOCABULARY-INDEPENDENT-REVIEW
CL-TASAKI2020-2535	mathlib_only	VOCABULARY-INDEPENDENT-REVIEW
CL-TASAKI2020-2536	mathlib_only	VOCABULARY-INDEPENDENT-REVIEW
CL-TASAKI2020-2537	mathlib_only	VOCABULARY-INDEPENDENT-REVIEW
CL-TASAKI2020-2538	mathlib_only	VOCABULARY-INDEPENDENT-REVIEW
CL-TASAKI2020-2539	mathlib_only	VOCABULARY-INDEPENDENT-REVIEW
CL-TASAKI2020-2540	mathlib_only	VOCABULARY-INDEPENDENT-REVIEW
CL-TASAKI2020-2541	mathlib_only	VOCABULARY-INDEPENDENT-REVIEW
CL-TASAKI2020-2542	mathlib_only	VOCABULARY-INDEPENDENT-REVIEW
CL-TASAKI2020-2543	mathlib_only	VOCABULARY-INDEPENDENT-REVIEW
CL-TASAKI2020-2544	mathlib_only	VOCABULARY-INDEPENDENT-REVIEW
CL-TASAKI2020-2545	mathlib_only	VOCABULARY-INDEPENDENT-REVIEW
CL-TASAKI2020-2546	mathlib_only	VOCABULARY-INDEPENDENT-REVIEW
CL-TASAKI2020-2547	mathlib_only	VOCABULARY-INDEPENDENT-REVIEW
CL-TASAKI2020-2548	mathlib_only	VOCABULARY-INDEPENDENT-REVIEW
CL-TASAKI2020-2549	mathlib_only	VOCABULARY-INDEPENDENT-REVIEW
CL-TASAKI2020-2550	mathlib_only	VOCABULARY-INDEPENDENT-REVIEW
CL-TASAKI2020-2551	mathlib_only	VOCABULARY-INDEPENDENT-REVIEW
CL-TASAKI2020-2552	mathlib_only	VOCABULARY-INDEPENDENT-REVIEW
CL-TASAKI2020-2553	mathlib_only	VOCABULARY-INDEPENDENT-REVIEW
CL-TASAKI2020-2554	mathlib_only	VOCABULARY-INDEPENDENT-REVIEW
CL-TASAKI2020-2555	mathlib_only	VOCABULARY-INDEPENDENT-REVIEW
CL-TASAKI2020-2556	mathlib_only	VOCABULARY-INDEPENDENT-REVIEW
CL-TASAKI2020-2557	mathlib_only	VOCABULARY-INDEPENDENT-REVIEW
CL-TASAKI2020-2558	mathlib_only	VOCABULARY-INDEPENDENT-REVIEW
CL-TASAKI2020-2559	mathlib_only	VOCABULARY-INDEPENDENT-REVIEW
CL-TASAKI2020-2560	mathlib_only	VOCABULARY-INDEPENDENT-REVIEW
CL-TASAKI2020-2561	mathlib_only	VOCABULARY-INDEPENDENT-REVIEW
CL-TASAKI2020-2562	mathlib_only	VOCABULARY-INDEPENDENT-REVIEW
CL-TASAKI2020-2563	mathlib_only	VOCABULARY-INDEPENDENT-REVIEW
CL-TASAKI2020-2564	mathlib_only	VOCABULARY-INDEPENDENT-REVIEW
CL-TASAKI2020-3326	mathlib_only	VOCABULARY-INDEPENDENT-REVIEW
CL-TASAKI2020-2566	mathlib_only	VOCABULARY-INDEPENDENT-REVIEW
CL-TASAKI2020-2567	mathlib_only	VOCABULARY-INDEPENDENT-REVIEW
CL-TASAKI2020-2568	mathlib_only	VOCABULARY-INDEPENDENT-REVIEW
CL-TASAKI2020-2569	mathlib_only	VOCABULARY-INDEPENDENT-REVIEW
CL-TASAKI2020-2570	mathlib_only	VOCABULARY-INDEPENDENT-REVIEW
CL-TASAKI2020-2572	mathlib_only	VOCABULARY-INDEPENDENT-REVIEW
CL-TASAKI2020-3327	mathlib_only	VOCABULARY-INDEPENDENT-REVIEW
CL-TASAKI2020-2573	mathlib_only	VOCABULARY-INDEPENDENT-REVIEW
CL-TASAKI2020-2574	mathlib_only	VOCABULARY-INDEPENDENT-REVIEW
CL-TASAKI2020-2575	mathlib_only	VOCABULARY-INDEPENDENT-REVIEW
CL-TASAKI2020-2576	mathlib_only	VOCABULARY-INDEPENDENT-REVIEW
CL-TASAKI2020-2577	mathlib_only	VOCABULARY-INDEPENDENT-REVIEW
CL-TASAKI2020-2578	mathlib_only	VOCABULARY-INDEPENDENT-REVIEW
CL-TASAKI2020-2579	mathlib_only	VOCABULARY-INDEPENDENT-REVIEW
CL-TASAKI2020-2580	mathlib_only	VOCABULARY-INDEPENDENT-REVIEW
CL-TASAKI2020-2581	mathlib_only	VOCABULARY-INDEPENDENT-REVIEW
CL-TASAKI2020-2582	mathlib_only	VOCABULARY-INDEPENDENT-REVIEW
CL-TASAKI2020-2583	mathlib_only	VOCABULARY-INDEPENDENT-REVIEW
CL-TASAKI2020-2584	mathlib_only	VOCABULARY-INDEPENDENT-REVIEW
CL-TASAKI2020-2585	mathlib_only	VOCABULARY-INDEPENDENT-REVIEW
CL-TASAKI2020-2586	mathlib_only	VOCABULARY-INDEPENDENT-REVIEW
CL-TASAKI2020-2587	mathlib_only	VOCABULARY-INDEPENDENT-REVIEW
CL-TASAKI2020-2588	mathlib_only	VOCABULARY-INDEPENDENT-REVIEW
CL-TASAKI2020-2589	mathlib_only	VOCABULARY-INDEPENDENT-REVIEW
CL-TASAKI2020-2590	mathlib_only	VOCABULARY-INDEPENDENT-REVIEW
CL-TASAKI2020-2591	mathlib_only	VOCABULARY-INDEPENDENT-REVIEW
CL-TASAKI2020-2592	mathlib_only	VOCABULARY-INDEPENDENT-REVIEW
CL-TASAKI2020-2593	mathlib_only	VOCABULARY-INDEPENDENT-REVIEW
CL-TASAKI2020-2594	mathlib_only	VOCABULARY-INDEPENDENT-REVIEW
CL-TASAKI2020-2595	mathlib_only	VOCABULARY-INDEPENDENT-REVIEW
CL-TASAKI2020-2596	mathlib_only	VOCABULARY-INDEPENDENT-REVIEW
CL-TASAKI2020-2597	mathlib_only	VOCABULARY-INDEPENDENT-REVIEW
CL-TASAKI2020-2598	mathlib_only	VOCABULARY-INDEPENDENT-REVIEW
CL-TASAKI2020-2599	mathlib_only	VOCABULARY-INDEPENDENT-REVIEW
CL-TASAKI2020-2600	mathlib_only	VOCABULARY-INDEPENDENT-REVIEW
CL-TASAKI2020-2601	mathlib_only	VOCABULARY-INDEPENDENT-REVIEW
CL-TASAKI2020-2602	mathlib_only	VOCABULARY-INDEPENDENT-REVIEW
CL-TASAKI2020-2603	mathlib_only	VOCABULARY-INDEPENDENT-REVIEW
CL-TASAKI2020-2604	mathlib_only	VOCABULARY-INDEPENDENT-REVIEW
CL-TASAKI2020-2605	mathlib_only	VOCABULARY-INDEPENDENT-REVIEW
CL-TASAKI2020-2606	mathlib_only	VOCABULARY-INDEPENDENT-REVIEW
CL-TASAKI2020-2607	mathlib_only	VOCABULARY-INDEPENDENT-REVIEW
CL-TASAKI2020-2608	mathlib_only	VOCABULARY-INDEPENDENT-REVIEW
CL-TASAKI2020-2609	mathlib_only	VOCABULARY-INDEPENDENT-REVIEW
CL-TASAKI2020-2610	mathlib_only	VOCABULARY-INDEPENDENT-REVIEW
CL-TASAKI2020-2611	mathlib_only	VOCABULARY-INDEPENDENT-REVIEW
CL-TASAKI2020-2612	mathlib_only	VOCABULARY-INDEPENDENT-REVIEW
CL-TASAKI2020-2614	mathlib_only	VOCABULARY-INDEPENDENT-REVIEW
CL-TASAKI2020-2615	mathlib_only	VOCABULARY-INDEPENDENT-REVIEW
CL-TASAKI2020-3328	mathlib_only	VOCABULARY-INDEPENDENT-REVIEW
CL-TASAKI2020-2616	mathlib_only	VOCABULARY-INDEPENDENT-REVIEW
CL-TASAKI2020-3329	mathlib_only	VOCABULARY-INDEPENDENT-REVIEW
CL-TASAKI2020-2617	mathlib_only	VOCABULARY-INDEPENDENT-REVIEW
CL-TASAKI2020-3330	mathlib_only	VOCABULARY-INDEPENDENT-REVIEW
CL-TASAKI2020-2619	mathlib_only	VOCABULARY-INDEPENDENT-REVIEW
CL-TASAKI2020-2620	mathlib_only	VOCABULARY-INDEPENDENT-REVIEW
CL-TASAKI2020-2621	mathlib_only	VOCABULARY-INDEPENDENT-REVIEW
CL-TASAKI2020-2622	mathlib_only	VOCABULARY-INDEPENDENT-REVIEW
CL-TASAKI2020-2623	mathlib_only	VOCABULARY-INDEPENDENT-REVIEW
CL-TASAKI2020-2624	mathlib_only	VOCABULARY-INDEPENDENT-REVIEW
CL-TASAKI2020-2625	mathlib_only	VOCABULARY-INDEPENDENT-REVIEW
CL-TASAKI2020-2626	mathlib_only	VOCABULARY-INDEPENDENT-REVIEW
CL-TASAKI2020-2627	mathlib_only	VOCABULARY-INDEPENDENT-REVIEW
CL-TASAKI2020-2628	mathlib_only	VOCABULARY-INDEPENDENT-REVIEW
CL-TASAKI2020-2629	mathlib_only	VOCABULARY-INDEPENDENT-REVIEW
CL-TASAKI2020-3214	mathlib_only	VOCABULARY-INDEPENDENT-REVIEW
CL-TASAKI2020-3215	mathlib_only	VOCABULARY-INDEPENDENT-REVIEW
CL-TASAKI2020-2631	mathlib_only	VOCABULARY-INDEPENDENT-REVIEW
CL-TASAKI2020-2632	mathlib_only	VOCABULARY-INDEPENDENT-REVIEW
CL-TASAKI2020-2633	mathlib_only	VOCABULARY-INDEPENDENT-REVIEW
CL-TASAKI2020-2634	mathlib_only	VOCABULARY-INDEPENDENT-REVIEW
CL-TASAKI2020-2635	mathlib_only	VOCABULARY-INDEPENDENT-REVIEW
CL-TASAKI2020-2636	mathlib_only	VOCABULARY-INDEPENDENT-REVIEW
CL-TASAKI2020-2637	mathlib_only	VOCABULARY-INDEPENDENT-REVIEW
CL-TASAKI2020-2638	mathlib_only	VOCABULARY-INDEPENDENT-REVIEW
CL-TASAKI2020-2639	mathlib_only	VOCABULARY-INDEPENDENT-REVIEW
CL-TASAKI2020-3426	mathlib_only	VOCABULARY-INDEPENDENT-REVIEW
CL-TASAKI2020-2640	mathlib_only	VOCABULARY-INDEPENDENT-REVIEW
CL-TASAKI2020-3331	mathlib_only	VOCABULARY-INDEPENDENT-REVIEW
CL-TASAKI2020-3332	mathlib_only	VOCABULARY-INDEPENDENT-REVIEW
CL-TASAKI2020-3333	mathlib_only	VOCABULARY-INDEPENDENT-REVIEW
CL-TASAKI2020-2642	mathlib_only	VOCABULARY-INDEPENDENT-REVIEW
CL-TASAKI2020-2643	mathlib_only	VOCABULARY-INDEPENDENT-REVIEW
CL-TASAKI2020-3427	mathlib_only	VOCABULARY-INDEPENDENT-REVIEW
CL-TASAKI2020-2644	mathlib_only	VOCABULARY-INDEPENDENT-REVIEW
CL-TASAKI2020-3259	mathlib_only	VOCABULARY-INDEPENDENT-REVIEW
CL-TASAKI2020-3260	mathlib_only	VOCABULARY-INDEPENDENT-REVIEW
CL-TASAKI2020-2646	mathlib_only	VOCABULARY-INDEPENDENT-REVIEW
CL-TASAKI2020-2647	mathlib_only	VOCABULARY-INDEPENDENT-REVIEW
CL-TASAKI2020-2648	mathlib_only	VOCABULARY-INDEPENDENT-REVIEW
CL-TASAKI2020-3261	mathlib_only	VOCABULARY-INDEPENDENT-REVIEW
CL-TASAKI2020-3262	mathlib_only	VOCABULARY-INDEPENDENT-REVIEW
CL-TASAKI2020-3390	mathlib_only	VOCABULARY-INDEPENDENT-REVIEW
CL-TASAKI2020-2650	mathlib_only	VOCABULARY-INDEPENDENT-REVIEW
CL-TASAKI2020-2651	mathlib_only	VOCABULARY-INDEPENDENT-REVIEW
CL-TASAKI2020-2652	mathlib_only	VOCABULARY-INDEPENDENT-REVIEW
CL-TASAKI2020-2653	mathlib_only	VOCABULARY-INDEPENDENT-REVIEW
CL-TASAKI2020-2654	mathlib_only	VOCABULARY-INDEPENDENT-REVIEW
CL-TASAKI2020-2655	mathlib_only	VOCABULARY-INDEPENDENT-REVIEW
CL-TASAKI2020-2656	mathlib_only	VOCABULARY-INDEPENDENT-REVIEW
CL-TASAKI2020-2657	mathlib_only	VOCABULARY-INDEPENDENT-REVIEW
CL-TASAKI2020-2658	mathlib_only	VOCABULARY-INDEPENDENT-REVIEW
CL-TASAKI2020-2659	mathlib_only	VOCABULARY-INDEPENDENT-REVIEW
CL-TASAKI2020-2660	mathlib_only	VOCABULARY-INDEPENDENT-REVIEW
CL-TASAKI2020-2661	mathlib_only	VOCABULARY-INDEPENDENT-REVIEW
CL-TASAKI2020-2662	mathlib_only	VOCABULARY-INDEPENDENT-REVIEW
CL-TASAKI2020-2663	mathlib_only	VOCABULARY-INDEPENDENT-REVIEW
CL-TASAKI2020-2664	mathlib_only	VOCABULARY-INDEPENDENT-REVIEW
CL-TASAKI2020-2665	mathlib_only	VOCABULARY-INDEPENDENT-REVIEW
CL-TASAKI2020-2666	mathlib_only	VOCABULARY-INDEPENDENT-REVIEW
CL-TASAKI2020-3216	mathlib_only	VOCABULARY-INDEPENDENT-REVIEW
CL-TASAKI2020-3217	mathlib_only	VOCABULARY-INDEPENDENT-REVIEW
CL-TASAKI2020-3218	mathlib_only	VOCABULARY-INDEPENDENT-REVIEW
CL-TASAKI2020-2668	mathlib_only	VOCABULARY-INDEPENDENT-REVIEW
CL-TASAKI2020-2669	mathlib_only	VOCABULARY-INDEPENDENT-REVIEW
CL-TASAKI2020-2670	mathlib_only	VOCABULARY-INDEPENDENT-REVIEW
CL-TASAKI2020-2671	mathlib_only	VOCABULARY-INDEPENDENT-REVIEW
CL-TASAKI2020-2672	mathlib_only	VOCABULARY-INDEPENDENT-REVIEW
CL-TASAKI2020-2673	mathlib_only	VOCABULARY-INDEPENDENT-REVIEW
CL-TASAKI2020-2674	mathlib_only	VOCABULARY-INDEPENDENT-REVIEW
CL-TASAKI2020-3219	mathlib_only	VOCABULARY-INDEPENDENT-REVIEW
CL-TASAKI2020-3220	mathlib_only	VOCABULARY-INDEPENDENT-REVIEW
CL-TASAKI2020-3374	mathlib_only	VOCABULARY-INDEPENDENT-REVIEW
CL-TASAKI2020-3221	mathlib_only	VOCABULARY-INDEPENDENT-REVIEW
CL-TASAKI2020-2676	mathlib_only	VOCABULARY-INDEPENDENT-REVIEW
CL-TASAKI2020-2677	mathlib_only	VOCABULARY-INDEPENDENT-REVIEW
CL-TASAKI2020-2678	mathlib_only	VOCABULARY-INDEPENDENT-REVIEW
CL-TASAKI2020-2679	mathlib_only	VOCABULARY-INDEPENDENT-REVIEW
CL-TASAKI2020-2680	mathlib_only	VOCABULARY-INDEPENDENT-REVIEW
CL-TASAKI2020-2681	mathlib_only	VOCABULARY-INDEPENDENT-REVIEW
CL-TASAKI2020-2682	mathlib_only	VOCABULARY-INDEPENDENT-REVIEW
CL-TASAKI2020-2683	mathlib_only	VOCABULARY-INDEPENDENT-REVIEW
CL-TASAKI2020-2684	mathlib_only	VOCABULARY-INDEPENDENT-REVIEW
CL-TASAKI2020-2685	mathlib_only	VOCABULARY-INDEPENDENT-REVIEW
CL-TASAKI2020-2686	mathlib_only	VOCABULARY-INDEPENDENT-REVIEW
CL-TASAKI2020-2687	mathlib_only	VOCABULARY-INDEPENDENT-REVIEW
CL-TASAKI2020-2688	mathlib_only	VOCABULARY-INDEPENDENT-REVIEW
CL-TASAKI2020-2689	mathlib_only	VOCABULARY-INDEPENDENT-REVIEW
CL-TASAKI2020-2690	mathlib_only	VOCABULARY-INDEPENDENT-REVIEW
CL-TASAKI2020-2691	mathlib_only	VOCABULARY-INDEPENDENT-REVIEW
CL-TASAKI2020-2692	mathlib_only	VOCABULARY-INDEPENDENT-REVIEW
CL-TASAKI2020-2693	mathlib_only	VOCABULARY-INDEPENDENT-REVIEW
CL-TASAKI2020-2694	mathlib_only	VOCABULARY-INDEPENDENT-REVIEW
CL-TASAKI2020-3285	mathlib_only	VOCABULARY-INDEPENDENT-REVIEW
CL-TASAKI2020-3393	mathlib_only	VOCABULARY-INDEPENDENT-REVIEW
CL-TASAKI2020-3286	mathlib_only	VOCABULARY-INDEPENDENT-REVIEW
CL-TASAKI2020-3287	mathlib_only	VOCABULARY-INDEPENDENT-REVIEW
CL-TASAKI2020-2696	mathlib_only	VOCABULARY-INDEPENDENT-REVIEW
CL-TASAKI2020-2697	mathlib_only	VOCABULARY-INDEPENDENT-REVIEW
CL-TASAKI2020-2698	mathlib_only	VOCABULARY-INDEPENDENT-REVIEW
CL-TASAKI2020-2699	mathlib_only	VOCABULARY-INDEPENDENT-REVIEW
CL-TASAKI2020-2700	mathlib_only	VOCABULARY-INDEPENDENT-REVIEW
CL-TASAKI2020-2701	mathlib_only	VOCABULARY-INDEPENDENT-REVIEW
CL-TASAKI2020-2702	mathlib_only	VOCABULARY-INDEPENDENT-REVIEW
CL-TASAKI2020-3222	mathlib_only	VOCABULARY-INDEPENDENT-REVIEW
CL-TASAKI2020-3223	mathlib_only	VOCABULARY-INDEPENDENT-REVIEW
CL-TASAKI2020-3224	mathlib_only	VOCABULARY-INDEPENDENT-REVIEW
CL-TASAKI2020-3375	mathlib_only	VOCABULARY-INDEPENDENT-REVIEW
CL-TASAKI2020-2704	mathlib_only	VOCABULARY-INDEPENDENT-REVIEW
CL-TASAKI2020-2705	mathlib_only	VOCABULARY-INDEPENDENT-REVIEW
CL-TASAKI2020-2706	mathlib_only	VOCABULARY-INDEPENDENT-REVIEW
CL-TASAKI2020-2707	mathlib_only	VOCABULARY-INDEPENDENT-REVIEW
CL-TASAKI2020-2708	mathlib_only	VOCABULARY-INDEPENDENT-REVIEW
CL-TASAKI2020-2709	mathlib_only	VOCABULARY-INDEPENDENT-REVIEW
CL-TASAKI2020-3428	mathlib_only	VOCABULARY-INDEPENDENT-REVIEW
CL-TASAKI2020-3429	mathlib_only	VOCABULARY-INDEPENDENT-REVIEW
CL-TASAKI2020-2710	mathlib_only	VOCABULARY-INDEPENDENT-REVIEW
CL-TASAKI2020-2712	mathlib_only	VOCABULARY-INDEPENDENT-REVIEW
CL-TASAKI2020-2713	mathlib_only	VOCABULARY-INDEPENDENT-REVIEW
CL-TASAKI2020-2714	mathlib_only	VOCABULARY-INDEPENDENT-REVIEW
CL-TASAKI2020-2715	mathlib_only	VOCABULARY-INDEPENDENT-REVIEW
CL-TASAKI2020-2716	mathlib_only	VOCABULARY-INDEPENDENT-REVIEW
CL-TASAKI2020-2717	mathlib_only	VOCABULARY-INDEPENDENT-REVIEW
CL-TASAKI2020-2718	mathlib_only	VOCABULARY-INDEPENDENT-REVIEW
CL-TASAKI2020-2719	mathlib_only	VOCABULARY-INDEPENDENT-REVIEW
CL-TASAKI2020-2720	mathlib_only	VOCABULARY-INDEPENDENT-REVIEW
CL-TASAKI2020-2721	mathlib_only	VOCABULARY-INDEPENDENT-REVIEW
CL-TASAKI2020-2722	mathlib_only	VOCABULARY-INDEPENDENT-REVIEW
CL-TASAKI2020-2723	mathlib_only	VOCABULARY-INDEPENDENT-REVIEW
CL-TASAKI2020-2724	mathlib_only	VOCABULARY-INDEPENDENT-REVIEW
CL-TASAKI2020-2725	mathlib_only	VOCABULARY-INDEPENDENT-REVIEW
CL-TASAKI2020-2726	mathlib_only	VOCABULARY-INDEPENDENT-REVIEW
CL-TASAKI2020-2727	mathlib_only	VOCABULARY-INDEPENDENT-REVIEW
CL-TASAKI2020-2728	mathlib_only	VOCABULARY-INDEPENDENT-REVIEW
CL-TASAKI2020-2729	mathlib_only	VOCABULARY-INDEPENDENT-REVIEW
CL-TASAKI2020-2730	mathlib_only	VOCABULARY-INDEPENDENT-REVIEW
CL-TASAKI2020-2731	mathlib_only	VOCABULARY-INDEPENDENT-REVIEW
CL-TASAKI2020-2732	mathlib_only	VOCABULARY-INDEPENDENT-REVIEW
CL-TASAKI2020-2733	mathlib_only	VOCABULARY-INDEPENDENT-REVIEW
CL-TASAKI2020-2734	mathlib_only	VOCABULARY-INDEPENDENT-REVIEW
CL-TASAKI2020-2735	mathlib_only	VOCABULARY-INDEPENDENT-REVIEW
CL-TASAKI2020-2736	mathlib_only	VOCABULARY-INDEPENDENT-REVIEW
CL-TASAKI2020-2737	mathlib_only	VOCABULARY-INDEPENDENT-REVIEW
CL-TASAKI2020-2738	mathlib_only	VOCABULARY-INDEPENDENT-REVIEW
CL-TASAKI2020-2739	mathlib_only	VOCABULARY-INDEPENDENT-REVIEW
CL-TASAKI2020-2740	mathlib_only	VOCABULARY-INDEPENDENT-REVIEW
CL-TASAKI2020-2741	mathlib_only	VOCABULARY-INDEPENDENT-REVIEW
CL-TASAKI2020-2742	mathlib_only	VOCABULARY-INDEPENDENT-REVIEW
CL-TASAKI2020-2743	mathlib_only	VOCABULARY-INDEPENDENT-REVIEW
CL-TASAKI2020-2744	mathlib_only	VOCABULARY-INDEPENDENT-REVIEW
CL-TASAKI2020-2745	mathlib_only	VOCABULARY-INDEPENDENT-REVIEW
CL-TASAKI2020-2746	mathlib_only	VOCABULARY-INDEPENDENT-REVIEW
CL-TASAKI2020-2747	mathlib_only	VOCABULARY-INDEPENDENT-REVIEW
CL-TASAKI2020-2748	mathlib_only	VOCABULARY-INDEPENDENT-REVIEW
CL-TASAKI2020-2749	mathlib_only	VOCABULARY-INDEPENDENT-REVIEW
CL-TASAKI2020-2750	mathlib_only	VOCABULARY-INDEPENDENT-REVIEW
CL-TASAKI2020-2751	mathlib_only	VOCABULARY-INDEPENDENT-REVIEW
CL-TASAKI2020-3236	mathlib_only	VOCABULARY-INDEPENDENT-REVIEW
CL-TASAKI2020-3237	mathlib_only	VOCABULARY-INDEPENDENT-REVIEW
CL-TASAKI2020-2753	mathlib_only	VOCABULARY-INDEPENDENT-REVIEW
CL-TASAKI2020-2754	mathlib_only	VOCABULARY-INDEPENDENT-REVIEW
CL-TASAKI2020-2755	mathlib_only	VOCABULARY-INDEPENDENT-REVIEW
CL-TASAKI2020-2756	mathlib_only	VOCABULARY-INDEPENDENT-REVIEW
CL-TASAKI2020-2757	mathlib_only	VOCABULARY-INDEPENDENT-REVIEW
CL-TASAKI2020-2758	mathlib_only	VOCABULARY-INDEPENDENT-REVIEW
CL-TASAKI2020-2759	mathlib_only	VOCABULARY-INDEPENDENT-REVIEW
CL-TASAKI2020-2760	mathlib_only	VOCABULARY-INDEPENDENT-REVIEW
CL-TASAKI2020-2761	mathlib_only	VOCABULARY-INDEPENDENT-REVIEW
CL-TASAKI2020-2762	mathlib_only	VOCABULARY-INDEPENDENT-REVIEW
CL-TASAKI2020-2763	mathlib_only	VOCABULARY-INDEPENDENT-REVIEW
CL-TASAKI2020-2765	mathlib_only	VOCABULARY-INDEPENDENT-REVIEW
CL-TASAKI2020-2766	mathlib_only	VOCABULARY-INDEPENDENT-REVIEW
CL-TASAKI2020-2767	mathlib_only	VOCABULARY-INDEPENDENT-REVIEW
CL-TASAKI2020-2769	mathlib_only	VOCABULARY-INDEPENDENT-REVIEW
CL-TASAKI2020-2770	mathlib_only	VOCABULARY-INDEPENDENT-REVIEW
CL-TASAKI2020-2771	mathlib_only	VOCABULARY-INDEPENDENT-REVIEW
CL-TASAKI2020-2772	mathlib_only	VOCABULARY-INDEPENDENT-REVIEW
CL-TASAKI2020-2773	mathlib_only	VOCABULARY-INDEPENDENT-REVIEW
CL-TASAKI2020-2775	mathlib_only	VOCABULARY-INDEPENDENT-REVIEW
CL-TASAKI2020-2776	mathlib_only	VOCABULARY-INDEPENDENT-REVIEW
CL-TASAKI2020-2777	mathlib_only	VOCABULARY-INDEPENDENT-REVIEW
CL-TASAKI2020-2778	mathlib_only	VOCABULARY-INDEPENDENT-REVIEW
CL-TASAKI2020-2779	mathlib_only	VOCABULARY-INDEPENDENT-REVIEW
CL-TASAKI2020-2780	mathlib_only	VOCABULARY-INDEPENDENT-REVIEW
CL-TASAKI2020-2781	mathlib_only	VOCABULARY-INDEPENDENT-REVIEW
CL-TASAKI2020-2782	mathlib_only	VOCABULARY-INDEPENDENT-REVIEW
CL-TASAKI2020-2783	mathlib_only	VOCABULARY-INDEPENDENT-REVIEW
CL-TASAKI2020-2784	mathlib_only	VOCABULARY-INDEPENDENT-REVIEW
CL-TASAKI2020-3238	mathlib_only	VOCABULARY-INDEPENDENT-REVIEW
CL-TASAKI2020-3239	mathlib_only	VOCABULARY-INDEPENDENT-REVIEW
CL-TASAKI2020-3240	mathlib_only	VOCABULARY-INDEPENDENT-REVIEW
CL-TASAKI2020-3384	mathlib_only	VOCABULARY-INDEPENDENT-REVIEW
CL-TASAKI2020-2786	mathlib_only	VOCABULARY-INDEPENDENT-REVIEW
CL-TASAKI2020-2787	mathlib_only	VOCABULARY-INDEPENDENT-REVIEW
CL-TASAKI2020-2788	mathlib_only	VOCABULARY-INDEPENDENT-REVIEW
CL-TASAKI2020-2789	mathlib_only	VOCABULARY-INDEPENDENT-REVIEW
CL-TASAKI2020-2790	mathlib_only	VOCABULARY-INDEPENDENT-REVIEW
CL-TASAKI2020-2791	mathlib_only	VOCABULARY-INDEPENDENT-REVIEW
CL-TASAKI2020-2792	mathlib_only	VOCABULARY-INDEPENDENT-REVIEW
CL-TASAKI2020-2793	mathlib_only	VOCABULARY-INDEPENDENT-REVIEW
CL-TASAKI2020-3225	mathlib_only	VOCABULARY-INDEPENDENT-REVIEW
CL-TASAKI2020-3226	mathlib_only	VOCABULARY-INDEPENDENT-REVIEW
CL-TASAKI2020-3227	mathlib_only	VOCABULARY-INDEPENDENT-REVIEW
CL-TASAKI2020-3228	mathlib_only	VOCABULARY-INDEPENDENT-REVIEW
CL-TASAKI2020-2796	mathlib_only	VOCABULARY-INDEPENDENT-REVIEW
CL-TASAKI2020-2797	mathlib_only	VOCABULARY-INDEPENDENT-REVIEW
CL-TASAKI2020-2798	mathlib_only	VOCABULARY-INDEPENDENT-REVIEW
CL-TASAKI2020-2799	mathlib_only	VOCABULARY-INDEPENDENT-REVIEW
CL-TASAKI2020-2800	mathlib_only	VOCABULARY-INDEPENDENT-REVIEW
CL-TASAKI2020-2801	mathlib_only	VOCABULARY-INDEPENDENT-REVIEW
CL-TASAKI2020-3241	mathlib_only	VOCABULARY-INDEPENDENT-REVIEW
CL-TASAKI2020-3242	mathlib_only	VOCABULARY-INDEPENDENT-REVIEW
CL-TASAKI2020-3243	mathlib_only	VOCABULARY-INDEPENDENT-REVIEW
CL-TASAKI2020-3244	mathlib_only	VOCABULARY-INDEPENDENT-REVIEW
CL-TASAKI2020-2804	mathlib_only	VOCABULARY-INDEPENDENT-REVIEW
CL-TASAKI2020-2805	mathlib_only	VOCABULARY-INDEPENDENT-REVIEW
CL-TASAKI2020-2806	mathlib_only	VOCABULARY-INDEPENDENT-REVIEW
CL-TASAKI2020-2807	mathlib_only	VOCABULARY-INDEPENDENT-REVIEW
CL-TASAKI2020-2808	mathlib_only	VOCABULARY-INDEPENDENT-REVIEW
CL-TASAKI2020-2809	mathlib_only	VOCABULARY-INDEPENDENT-REVIEW
CL-TASAKI2020-2810	mathlib_only	VOCABULARY-INDEPENDENT-REVIEW
CL-TASAKI2020-2811	mathlib_only	VOCABULARY-INDEPENDENT-REVIEW
CL-TASAKI2020-2812	mathlib_only	VOCABULARY-INDEPENDENT-REVIEW
CL-TASAKI2020-2813	mathlib_only	VOCABULARY-INDEPENDENT-REVIEW
CL-TASAKI2020-2814	mathlib_only	VOCABULARY-INDEPENDENT-REVIEW
CL-TASAKI2020-2815	mathlib_only	VOCABULARY-INDEPENDENT-REVIEW
CL-TASAKI2020-2816	mathlib_only	VOCABULARY-INDEPENDENT-REVIEW
CL-TASAKI2020-2817	mathlib_only	VOCABULARY-INDEPENDENT-REVIEW
CL-TASAKI2020-2818	mathlib_only	VOCABULARY-INDEPENDENT-REVIEW
CL-TASAKI2020-2819	mathlib_only	VOCABULARY-INDEPENDENT-REVIEW
CL-TASAKI2020-2820	mathlib_only	VOCABULARY-INDEPENDENT-REVIEW
CL-TASAKI2020-2821	mathlib_only	VOCABULARY-INDEPENDENT-REVIEW
CL-TASAKI2020-2822	mathlib_only	VOCABULARY-INDEPENDENT-REVIEW
CL-TASAKI2020-2823	mathlib_only	VOCABULARY-INDEPENDENT-REVIEW
CL-TASAKI2020-2824	mathlib_only	VOCABULARY-INDEPENDENT-REVIEW
CL-TASAKI2020-2825	mathlib_only	VOCABULARY-INDEPENDENT-REVIEW
CL-TASAKI2020-2826	mathlib_only	VOCABULARY-INDEPENDENT-REVIEW
CL-TASAKI2020-2827	mathlib_only	VOCABULARY-INDEPENDENT-REVIEW
CL-TASAKI2020-2828	mathlib_only	VOCABULARY-INDEPENDENT-REVIEW
CL-TASAKI2020-2829	mathlib_only	VOCABULARY-INDEPENDENT-REVIEW
CL-TASAKI2020-2830	mathlib_only	VOCABULARY-INDEPENDENT-REVIEW
CL-TASAKI2020-2831	mathlib_only	VOCABULARY-INDEPENDENT-REVIEW
CL-TASAKI2020-2832	mathlib_only	VOCABULARY-INDEPENDENT-REVIEW
CL-TASAKI2020-2833	mathlib_only	VOCABULARY-INDEPENDENT-REVIEW
CL-TASAKI2020-2834	mathlib_only	VOCABULARY-INDEPENDENT-REVIEW
CL-TASAKI2020-2835	mathlib_only	VOCABULARY-INDEPENDENT-REVIEW
CL-TASAKI2020-2836	mathlib_only	VOCABULARY-INDEPENDENT-REVIEW
CL-TASAKI2020-2837	mathlib_only	VOCABULARY-INDEPENDENT-REVIEW
CL-TASAKI2020-2838	mathlib_only	VOCABULARY-INDEPENDENT-REVIEW
CL-TASAKI2020-2839	mathlib_only	VOCABULARY-INDEPENDENT-REVIEW
CL-TASAKI2020-2840	mathlib_only	VOCABULARY-INDEPENDENT-REVIEW
CL-TASAKI2020-2841	mathlib_only	VOCABULARY-INDEPENDENT-REVIEW
CL-TASAKI2020-2842	mathlib_only	VOCABULARY-INDEPENDENT-REVIEW
CL-TASAKI2020-2843	mathlib_only	VOCABULARY-INDEPENDENT-REVIEW
CL-TASAKI2020-2844	mathlib_only	VOCABULARY-INDEPENDENT-REVIEW
CL-TASAKI2020-2845	mathlib_only	VOCABULARY-INDEPENDENT-REVIEW
CL-TASAKI2020-2846	mathlib_only	VOCABULARY-INDEPENDENT-REVIEW
CL-TASAKI2020-2847	mathlib_only	VOCABULARY-INDEPENDENT-REVIEW
CL-TASAKI2020-2848	mathlib_only	VOCABULARY-INDEPENDENT-REVIEW
CL-TASAKI2020-2849	mathlib_only	VOCABULARY-INDEPENDENT-REVIEW
CL-TASAKI2020-2850	mathlib_only	VOCABULARY-INDEPENDENT-REVIEW
CL-TASAKI2020-2851	mathlib_only	VOCABULARY-INDEPENDENT-REVIEW
CL-TASAKI2020-2852	mathlib_only	VOCABULARY-INDEPENDENT-REVIEW
CL-TASAKI2020-2853	mathlib_only	VOCABULARY-INDEPENDENT-REVIEW
CL-TASAKI2020-2854	mathlib_only	VOCABULARY-INDEPENDENT-REVIEW
CL-TASAKI2020-2855	mathlib_only	VOCABULARY-INDEPENDENT-REVIEW
CL-TASAKI2020-2856	mathlib_only	VOCABULARY-INDEPENDENT-REVIEW
CL-TASAKI2020-2857	mathlib_only	VOCABULARY-INDEPENDENT-REVIEW
CL-TASAKI2020-2858	mathlib_only	VOCABULARY-INDEPENDENT-REVIEW
CL-TASAKI2020-2859	mathlib_only	VOCABULARY-INDEPENDENT-REVIEW
CL-TASAKI2020-2860	mathlib_only	VOCABULARY-INDEPENDENT-REVIEW
CL-TASAKI2020-2861	mathlib_only	VOCABULARY-INDEPENDENT-REVIEW
CL-TASAKI2020-2862	mathlib_only	VOCABULARY-INDEPENDENT-REVIEW
CL-TASAKI2020-2863	mathlib_only	VOCABULARY-INDEPENDENT-REVIEW
CL-TASAKI2020-3245	mathlib_only	VOCABULARY-INDEPENDENT-REVIEW
CL-TASAKI2020-3246	mathlib_only	VOCABULARY-INDEPENDENT-REVIEW
CL-TASAKI2020-2865	mathlib_only	VOCABULARY-INDEPENDENT-REVIEW
CL-TASAKI2020-2866	mathlib_only	VOCABULARY-INDEPENDENT-REVIEW
CL-TASAKI2020-2867	mathlib_only	VOCABULARY-INDEPENDENT-REVIEW
CL-TASAKI2020-2868	mathlib_only	VOCABULARY-INDEPENDENT-REVIEW
CL-TASAKI2020-2869	mathlib_only	VOCABULARY-INDEPENDENT-REVIEW
CL-TASAKI2020-2870	mathlib_only	VOCABULARY-INDEPENDENT-REVIEW
CL-TASAKI2020-2871	mathlib_only	VOCABULARY-INDEPENDENT-REVIEW
CL-TASAKI2020-2872	mathlib_only	VOCABULARY-INDEPENDENT-REVIEW
CL-TASAKI2020-2873	mathlib_only	VOCABULARY-INDEPENDENT-REVIEW
CL-TASAKI2020-2874	mathlib_only	VOCABULARY-INDEPENDENT-REVIEW
CL-TASAKI2020-2875	mathlib_only	VOCABULARY-INDEPENDENT-REVIEW
CL-TASAKI2020-2876	mathlib_only	VOCABULARY-INDEPENDENT-REVIEW
CL-TASAKI2020-3247	mathlib_only	VOCABULARY-INDEPENDENT-REVIEW
CL-TASAKI2020-3248	mathlib_only	VOCABULARY-INDEPENDENT-REVIEW
CL-TASAKI2020-3249	mathlib_only	VOCABULARY-INDEPENDENT-REVIEW
CL-TASAKI2020-3250	mathlib_only	VOCABULARY-INDEPENDENT-REVIEW
CL-TASAKI2020-3385	mathlib_only	VOCABULARY-INDEPENDENT-REVIEW
CL-TASAKI2020-2878	mathlib_only	VOCABULARY-INDEPENDENT-REVIEW
CL-TASAKI2020-2879	mathlib_only	VOCABULARY-INDEPENDENT-REVIEW
CL-TASAKI2020-2880	mathlib_only	VOCABULARY-INDEPENDENT-REVIEW
CL-TASAKI2020-2881	mathlib_only	VOCABULARY-INDEPENDENT-REVIEW
CL-TASAKI2020-2882	mathlib_only	VOCABULARY-INDEPENDENT-REVIEW
CL-TASAKI2020-2883	mathlib_only	VOCABULARY-INDEPENDENT-REVIEW
CL-TASAKI2020-2884	mathlib_only	VOCABULARY-INDEPENDENT-REVIEW
CL-TASAKI2020-2885	mathlib_only	VOCABULARY-INDEPENDENT-REVIEW
CL-TASAKI2020-2886	mathlib_only	VOCABULARY-INDEPENDENT-REVIEW
CL-TASAKI2020-2887	mathlib_only	VOCABULARY-INDEPENDENT-REVIEW
CL-TASAKI2020-2888	mathlib_only	VOCABULARY-INDEPENDENT-REVIEW
CL-TASAKI2020-2889	mathlib_only	VOCABULARY-INDEPENDENT-REVIEW
CL-TASAKI2020-3251	mathlib_only	VOCABULARY-INDEPENDENT-REVIEW
CL-TASAKI2020-3252	mathlib_only	VOCABULARY-INDEPENDENT-REVIEW
CL-TASAKI2020-2891	mathlib_only	VOCABULARY-INDEPENDENT-REVIEW
CL-TASAKI2020-2892	mathlib_only	VOCABULARY-INDEPENDENT-REVIEW
CL-TASAKI2020-2893	mathlib_only	VOCABULARY-INDEPENDENT-REVIEW
CL-TASAKI2020-2894	mathlib_only	VOCABULARY-INDEPENDENT-REVIEW
CL-TASAKI2020-2895	mathlib_only	VOCABULARY-INDEPENDENT-REVIEW
CL-TASAKI2020-2896	mathlib_only	VOCABULARY-INDEPENDENT-REVIEW
CL-TASAKI2020-2897	mathlib_only	VOCABULARY-INDEPENDENT-REVIEW
CL-TASAKI2020-2898	mathlib_only	VOCABULARY-INDEPENDENT-REVIEW
CL-TASAKI2020-2899	mathlib_only	VOCABULARY-INDEPENDENT-REVIEW
CL-TASAKI2020-2900	mathlib_only	VOCABULARY-INDEPENDENT-REVIEW
CL-TASAKI2020-2901	mathlib_only	VOCABULARY-INDEPENDENT-REVIEW
CL-TASAKI2020-2902	mathlib_only	VOCABULARY-INDEPENDENT-REVIEW
CL-TASAKI2020-2903	mathlib_only	VOCABULARY-INDEPENDENT-REVIEW
CL-TASAKI2020-2904	mathlib_only	VOCABULARY-INDEPENDENT-REVIEW
CL-TASAKI2020-2905	mathlib_only	VOCABULARY-INDEPENDENT-REVIEW
CL-TASAKI2020-3288	mathlib_only	VOCABULARY-INDEPENDENT-REVIEW
CL-TASAKI2020-3289	mathlib_only	VOCABULARY-INDEPENDENT-REVIEW
CL-TASAKI2020-2907	mathlib_only	VOCABULARY-INDEPENDENT-REVIEW
CL-TASAKI2020-2908	mathlib_only	VOCABULARY-INDEPENDENT-REVIEW
CL-TASAKI2020-2909	mathlib_only	VOCABULARY-INDEPENDENT-REVIEW
CL-TASAKI2020-2910	mathlib_only	VOCABULARY-INDEPENDENT-REVIEW
CL-TASAKI2020-2911	mathlib_only	VOCABULARY-INDEPENDENT-REVIEW
CL-TASAKI2020-2912	mathlib_only	VOCABULARY-INDEPENDENT-REVIEW
CL-TASAKI2020-2920	mathlib_only	VOCABULARY-INDEPENDENT-REVIEW
CL-TASAKI2020-2913	mathlib_only	VOCABULARY-INDEPENDENT-REVIEW
CL-TASAKI2020-2914	mathlib_only	VOCABULARY-INDEPENDENT-REVIEW
CL-TASAKI2020-2915	mathlib_only	VOCABULARY-INDEPENDENT-REVIEW
CL-TASAKI2020-2916	mathlib_only	VOCABULARY-INDEPENDENT-REVIEW
CL-TASAKI2020-2917	mathlib_only	VOCABULARY-INDEPENDENT-REVIEW
CL-TASAKI2020-2918	mathlib_only	VOCABULARY-INDEPENDENT-REVIEW
CL-TASAKI2020-3253	mathlib_only	VOCABULARY-INDEPENDENT-REVIEW
CL-TASAKI2020-3386	mathlib_only	VOCABULARY-INDEPENDENT-REVIEW
CL-TASAKI2020-3254	mathlib_only	VOCABULARY-INDEPENDENT-REVIEW
CL-TASAKI2020-2921	mathlib_only	VOCABULARY-INDEPENDENT-REVIEW
CL-TASAKI2020-2922	mathlib_only	VOCABULARY-INDEPENDENT-REVIEW
CL-TASAKI2020-2923	mathlib_only	VOCABULARY-INDEPENDENT-REVIEW
CL-TASAKI2020-2924	mathlib_only	VOCABULARY-INDEPENDENT-REVIEW
CL-TASAKI2020-2925	mathlib_only	VOCABULARY-INDEPENDENT-REVIEW
CL-TASAKI2020-2926	mathlib_only	VOCABULARY-INDEPENDENT-REVIEW
CL-TASAKI2020-2927	mathlib_only	VOCABULARY-INDEPENDENT-REVIEW
CL-TASAKI2020-2928	mathlib_only	VOCABULARY-INDEPENDENT-REVIEW
CL-TASAKI2020-2929	mathlib_only	VOCABULARY-INDEPENDENT-REVIEW
CL-TASAKI2020-2930	mathlib_only	VOCABULARY-INDEPENDENT-REVIEW
CL-TASAKI2020-2931	mathlib_only	VOCABULARY-INDEPENDENT-REVIEW
CL-TASAKI2020-2932	mathlib_only	VOCABULARY-INDEPENDENT-REVIEW
CL-TASAKI2020-2933	mathlib_only	VOCABULARY-INDEPENDENT-REVIEW
CL-TASAKI2020-2934	mathlib_only	VOCABULARY-INDEPENDENT-REVIEW
CL-TASAKI2020-2935	mathlib_only	VOCABULARY-INDEPENDENT-REVIEW
CL-TASAKI2020-2936	mathlib_only	VOCABULARY-INDEPENDENT-REVIEW
CL-TASAKI2020-2937	mathlib_only	VOCABULARY-INDEPENDENT-REVIEW
CL-TASAKI2020-2938	mathlib_only	VOCABULARY-INDEPENDENT-REVIEW
CL-TASAKI2020-2939	mathlib_only	VOCABULARY-INDEPENDENT-REVIEW
CL-TASAKI2020-2940	mathlib_only	VOCABULARY-INDEPENDENT-REVIEW
CL-TASAKI2020-2941	mathlib_only	VOCABULARY-INDEPENDENT-REVIEW
CL-TASAKI2020-3255	mathlib_only	VOCABULARY-INDEPENDENT-REVIEW
CL-TASAKI2020-3256	mathlib_only	VOCABULARY-INDEPENDENT-REVIEW
CL-TASAKI2020-2943	mathlib_only	VOCABULARY-INDEPENDENT-REVIEW
CL-TASAKI2020-2944	mathlib_only	VOCABULARY-INDEPENDENT-REVIEW
