claim_id	source_id	order_key	page_id	locator	disposition	subkind	normalized_content	content_oid	exclusion_rationale	exclusion_review_ref	tombstone	superseded_by	tombstone_rationale	tombstone_review_ref
CL-TASAKI2020-0001	TASAKI2020	000015.0001	PG-TASAKI2020-0015	PDF p. 15; print p. xvii; Symbols; visible Symbols bullet 1	notation	notation	A := B or B =: A means that A is defined in terms of B.	PENDING	NONE	NONE	false	NONE	NONE	NONE
CL-TASAKI2020-0002	TASAKI2020	000015.0002	PG-TASAKI2020-0015	PDF p. 15; print p. xvii; Symbols; visible Symbols bullet 2	notation	notation	A ≃ B means that A and B are very close; A ∼ B means that they are roughly close or have the same order of magnitude.	PENDING	NONE	NONE	false	NONE	NONE	NONE
CL-TASAKI2020-0003	TASAKI2020	000015.0003	PG-TASAKI2020-0015	PDF p. 15; print p. xvii; Symbols; visible Symbols bullet 3	notation	notation	A ≅ B means that A and B are isomorphic.	PENDING	NONE	NONE	false	NONE	NONE	NONE
CL-TASAKI2020-0004	TASAKI2020	000015.0004	PG-TASAKI2020-0015	PDF p. 15; print p. xvii; Symbols; visible Symbols bullet 4	notation	notation	For a finite set S, |S| denotes its number of elements.	PENDING	NONE	NONE	false	NONE	NONE	NONE
CL-TASAKI2020-0005	TASAKI2020	000015.0005	PG-TASAKI2020-0015	PDF p. 15; print p. xvii; Symbols; visible Symbols bullet 5	notation	notation	A condition in a summation or product is specified within brackets beneath the operator.	PENDING	NONE	NONE	false	NONE	NONE	NONE
CL-TASAKI2020-0006	TASAKI2020	000015.0006	PG-TASAKI2020-0015	PDF p. 15; print p. xvii; Symbols; visible Symbols bullet 6	notation	notation	For c ∈ ℂ, c* denotes the complex conjugate of c.	PENDING	NONE	NONE	false	NONE	NONE	NONE
CL-TASAKI2020-0007	TASAKI2020	000015.0007	PG-TASAKI2020-0015	PDF p. 15; print p. xvii; Symbols; visible Symbols bullet 7	notation	notation	Λ denotes the set of sites of a general lattice.	PENDING	NONE	NONE	false	NONE	NONE	NONE
CL-TASAKI2020-0008	TASAKI2020	000015.0008	PG-TASAKI2020-0015	PDF p. 15; print p. xvii; Symbols; visible Symbols bullet 8	notation	notation	B denotes the set of bonds of a general lattice; a bond is an unordered pair {x,y} of distinct sites.	PENDING	NONE	NONE	false	NONE	NONE	NONE
CL-TASAKI2020-0009	TASAKI2020	000015.0009	PG-TASAKI2020-0015	PDF p. 15; print p. xvii; Symbols; visible Symbols bullet 9	notation	notation	N(x) = {y ∈ Λ | {x,y} ∈ B} is the set of sites directly connected to x by a bond.	PENDING	NONE	NONE	false	NONE	NONE	NONE
CL-TASAKI2020-0010	TASAKI2020	000015.0010	PG-TASAKI2020-0015	PDF p. 15; print p. xvii; Symbols; visible Symbols bullet 10	notation	notation	Λ_L denotes the sites of the d-dimensional hypercubic lattice defined in (3.1.2).	PENDING	NONE	NONE	false	NONE	NONE	NONE
CL-TASAKI2020-0011	TASAKI2020	000015.0011	PG-TASAKI2020-0015	PDF p. 15; print p. xvii; Symbols; visible Symbols bullet 11	notation	notation	B_L denotes the bonds of the d-dimensional hypercubic lattice with periodic boundary conditions, defined in (3.1.3).	PENDING	NONE	NONE	false	NONE	NONE	NONE
CL-TASAKI2020-0012	TASAKI2020	000016.0001	PG-TASAKI2020-0016	PDF p. 16; print p. xviii; Symbols; visible Symbols bullet 1	notation	notation	For x=(x₁,…,x_d) ∈ ℤ^d, |x| denotes the Euclidean norm.	PENDING	NONE	NONE	false	NONE	NONE	NONE
CL-TASAKI2020-0013	TASAKI2020	000016.0002	PG-TASAKI2020-0016	PDF p. 16; print p. xviii; Symbols; visible Symbols bullet 2	notation	notation	A† denotes the Hermitian conjugate of an operator or matrix A.	PENDING	NONE	NONE	false	NONE	NONE	NONE
CL-TASAKI2020-0014	TASAKI2020	000016.0003	PG-TASAKI2020-0016	PDF p. 16; print p. xviii; Symbols; visible Symbols bullet 3	notation	notation	Ŝ_x=(Ŝ_x^(1),Ŝ_x^(2),Ŝ_x^(3)) denotes the spin operator at site x, with (Ŝ_x)^2=S(S+1).	PENDING	NONE	NONE	false	NONE	NONE	NONE
CL-TASAKI2020-0015	TASAKI2020	000016.0004	PG-TASAKI2020-0016	PDF p. 16; print p. xviii; Symbols; visible Symbols bullet 4	notation	notation	Ŝ_tot denotes total spin; eigenvalues of (Ŝ_tot)^2 and Ŝ_tot^(3) are written S_tot(S_tot+1) and S_tot (sometimes M).	PENDING	NONE	NONE	false	NONE	NONE	NONE
CL-TASAKI2020-0016	TASAKI2020	000016.0005	PG-TASAKI2020-0016	PDF p. 16; print p. xviii; Symbols; visible Symbols bullet 5	notation	notation	The spinless single-particle Hilbert space on Λ is h ≅ ℂ^|Λ| and consists of states u=(u(x)) with u(x)∈ℂ.	PENDING	NONE	NONE	false	NONE	NONE	NONE
CL-TASAKI2020-0017	TASAKI2020	000016.0006	PG-TASAKI2020-0016	PDF p. 16; print p. xviii; Symbols; visible Symbols bullet 6	notation	notation	The spinful single-particle Hilbert space on Λ is h̃ ≅ ℂ^(2|Λ|) and consists of states u=(u(x,σ)).	PENDING	NONE	NONE	false	NONE	NONE	NONE
CL-TASAKI2020-0018	TASAKI2020	000016.0007	PG-TASAKI2020-0016	PDF p. 16; print p. xviii; Symbols; visible Symbols bullet 7	notation	notation	ĉ_x,σ, ĉ†_x,σ, and n̂_x,σ denote the annihilation, creation, and number operators for an electron at x with spin σ.	PENDING	NONE	NONE	false	NONE	NONE	NONE
CL-TASAKI2020-0019	TASAKI2020	000016.0008	PG-TASAKI2020-0016	PDF p. 16; print p. xviii; Symbols; visible Symbols bullet 8	notation	notation	Ĉ_σ(u) and Ĉ†_σ(u) denote annihilation and creation operators for an electron in state u with spin σ.	PENDING	NONE	NONE	false	NONE	NONE	NONE
CL-TASAKI2020-0020	TASAKI2020	000016.0009	PG-TASAKI2020-0016	PDF p. 16; print p. xviii; Symbols; visible Symbols bullet 9	notation	notation	(v₁,…,v_D)^t denotes a column vector, and t denotes transpose.	PENDING	NONE	NONE	false	NONE	NONE	NONE
CL-TASAKI2020-0021	TASAKI2020	000016.0010	PG-TASAKI2020-0016	PDF p. 16; print p. xviii; Symbols; visible Symbols bullet 10	notation	notation	A bold symbol v denotes a column vector; (v)_j denotes its j-th component.	PENDING	NONE	NONE	false	NONE	NONE	NONE
CL-TASAKI2020-0022	TASAKI2020	000016.0011	PG-TASAKI2020-0016	PDF p. 16; print p. xviii; Symbols; visible Symbols bullet 11	notation	notation	v† is the conjugate row vector; ⟨v,u⟩=v†u is the inner product; uv† is the outer-product matrix.	PENDING	NONE	NONE	false	NONE	NONE	NONE
CL-TASAKI2020-0023	TASAKI2020	000016.0012	PG-TASAKI2020-0016	PDF p. 16; print p. xviii; Symbols; visible Symbols bullet 12	notation	notation	A sans-serif symbol A denotes a square matrix; (A)_i,j is its i,j entry and I is the identity matrix.	PENDING	NONE	NONE	false	NONE	NONE	NONE
CL-TASAKI2020-0024	TASAKI2020	000016.0013	PG-TASAKI2020-0016	PDF p. 16; print p. xviii; Symbols; visible Symbols bullet 13	notation	notation	|A| denotes the determinant of A.	PENDING	NONE	NONE	false	NONE	NONE	NONE
CL-TASAKI2020-0025	TASAKI2020	000016.0014	PG-TASAKI2020-0016	PDF p. 16; print p. xviii; Symbols; visible Symbols bullet 14	notation	notation	A†, A^t, and A* denote the Hermitian conjugate, transpose, and entrywise complex conjugate of A.	PENDING	NONE	NONE	false	NONE	NONE	NONE
CL-TASAKI2020-0026	TASAKI2020	000016.0015	PG-TASAKI2020-0016	PDF p. 16; print p. xviii; Symbols; visible Symbols bullet 15	notation	notation	For column vectors v and u, ⟨v,Au⟩ = v†Au.	PENDING	NONE	NONE	false	NONE	NONE	NONE
CL-TASAKI2020-0027	TASAKI2020	000020.0001	PG-TASAKI2020-0020	PDF p. 20; print p. 4; §1.2; equation (1.2.1)	assertion	equation	Ĥ = ∑_{x,y} Ŝx·Ŝy. (1.2.1)	PENDING	NONE	NONE	false	NONE	NONE	NONE
CL-TASAKI2020-0028	TASAKI2020	000020.0002	PG-TASAKI2020-0020	PDF p. 20; print p. 4; §1.2; paragraph 5	assertion	unnumbered_obligation	The Marshall–Lieb–Mattis theorem states that, when L is even, the ground state of Ĥ is unique and therefore preserves every symmetry of Ĥ, in particular rotational symmetry.	PENDING	NONE	NONE	false	NONE	NONE	NONE
CL-TASAKI2020-0029	TASAKI2020	000020.0003	PG-TASAKI2020-0020	PDF p. 20; print p. 4; §1.2; equation (1.2.2)	assertion	equation	Ĥ = −∑_{x,y} Ŝx·Ŝy. (1.2.2)	PENDING	NONE	NONE	false	NONE	NONE	NONE
CL-TASAKI2020-2946	TASAKI2020	000020.0004	PG-TASAKI2020-0020	PDF p. 20; print p. 4; §1.2; paragraph 6; audit split atom 1/3	assertion	unnumbered_obligation	One obtains many ground states in which the spins are mutually aligned and point in an arbitrarily chosen direction.	PENDING	NONE	NONE	false	NONE	NONE	NONE
CL-TASAKI2020-2947	TASAKI2020	000020.0005	PG-TASAKI2020-0020	PDF p. 20; print p. 4; §1.2; paragraph 6; audit split atom 2/3	out_of_scope	remark	This comparison already suggests that there is something “more quantum” in antiferromagnets than in ferromagnets, and that the Marshall–Lieb–Mattis theorem touches the essence of this difference.	PENDING	nonpropositional-physical-interpretation	CORPUS-NORMALIZATION-INDEPENDENT-REVIEW	false	NONE	NONE	NONE
CL-TASAKI2020-2948	TASAKI2020	000020.0006	PG-TASAKI2020-0020	PDF p. 20; print p. 4; §1.2; paragraph 6; audit split atom 3/3	assertion	remark	It may be worth noting that the difference between antiferromagnetic and ferromagnetic systems is apparent even in the simplest possible quantum spin systems, namely, that of two spins with spin quantum number S = 1/2.	PENDING	NONE	NONE	false	NONE	NONE	NONE
CL-TASAKI2020-0031	TASAKI2020	000021.0001	PG-TASAKI2020-0021	PDF p. 21; print p. 5; §1.2; equation (1.2.3)	assertion	equation	|Φ0,0⟩ = (1/√2)(|↑⟩1|↓⟩2 − |↓⟩1|↑⟩2). (1.2.3)	PENDING	NONE	NONE	false	NONE	NONE	NONE
CL-TASAKI2020-0032	TASAKI2020	000021.0002	PG-TASAKI2020-0021	PDF p. 21; print p. 5; §1.2; equation (1.2.4)	assertion	equation	|Φ1,1⟩ = |↑⟩1|↑⟩2,  |Φ1,0⟩ = (1/√2)(|↑⟩1|↓⟩2 + |↓⟩1|↑⟩2),  |Φ1,−1⟩ = |↓⟩1|↓⟩2. (1.2.4)	PENDING	NONE	NONE	false	NONE	NONE	NONE
CL-TASAKI2020-0033	TASAKI2020	000022.0001	PG-TASAKI2020-0022	PDF p. 22; print p. 6; §1.2; paragraph 2	assertion	unnumbered_obligation	The nature of the ground state for the most basic model with S = 1/2 had been studied by using the Bethe ansatz method. (Here S denotes the spin quantum number, which takes the values S = 1/2, 1, 3/2, 2, . . ..) It was found that the ground state is critical, i.e., the correlation functions decay with power law, and there are gapless excitations immediately above the ground state.	PENDING	NONE	NONE	false	NONE	NONE	NONE
CL-TASAKI2020-2949	TASAKI2020	000023.0001	PG-TASAKI2020-0023	PDF p. 23; print p. 7; §1.2; paragraph 1	assertion	remark	It seems that Haldane’s conclusion was totally against common beliefs of experts of the day.	PENDING	NONE	NONE	false	NONE	NONE	NONE
CL-TASAKI2020-2950	TASAKI2020	000023.0002	PG-TASAKI2020-0023	PDF p. 23; print p. 7; §1.2; paragraph 1	assertion	unnumbered_obligation	People referred to Haldane's conclusion as the “Haldane conjecture” in the 1980s, possibly because it opposed prevailing expert belief.	PENDING	NONE	NONE	false	NONE	NONE	NONE
CL-TASAKI2020-3334	TASAKI2020	000023.0003	PG-TASAKI2020-0023	PDF p. 23; print p. 7; §1.2; paragraph 1	assertion	unnumbered_obligation	The validity of Haldane's conclusion was gradually established through experimental, numerical, theoretical, and mathematical work.	PENDING	NONE	NONE	false	NONE	NONE	NONE
CL-TASAKI2020-2951	TASAKI2020	000023.0004	PG-TASAKI2020-0023	PDF p. 23; print p. 7; §1.2; paragraph 2	assertion	remark	A strong theoretical (and mathematical) support to Haldane’s conclusion was provided by Affleck, Kennedy, Lieb, and Tasaki in 1987 [1, 2].	PENDING	NONE	NONE	false	NONE	NONE	NONE
CL-TASAKI2020-2952	TASAKI2020	000023.0005	PG-TASAKI2020-0023	PDF p. 23; print p. 7; §1.2; paragraph 2; audit split atom 4/15	assertion	unnumbered_obligation	They proposed a model of S = 1 antiferromagnetic spin chain whose ground state can be written down explicitly.	PENDING	NONE	NONE	false	NONE	NONE	NONE
CL-TASAKI2020-0035	TASAKI2020	000023.0006	PG-TASAKI2020-0023	PDF p. 23; print p. 7; §1.2; equation (1.2.5)	assertion	equation	ĤAKLT = ∑_{x=1}^L {Ŝx·Ŝx+1 + (1/3)(Ŝx·Ŝx+1)²}. (1.2.5)	PENDING	NONE	NONE	false	NONE	NONE	NONE
CL-TASAKI2020-2953	TASAKI2020	000023.0007	PG-TASAKI2020-0023	PDF p. 23; print p. 7; §1.2; paragraph 2; audit split atom 5/15	assertion	unnumbered_obligation	The Hamiltonian of the model, now called the AKLT model, is given by (1.2.5) and has an additional biquadratic term compared with the Heisenberg Hamiltonian (1.2.1).	PENDING	NONE	NONE	false	NONE	NONE	NONE
CL-TASAKI2020-2954	TASAKI2020	000023.0008	PG-TASAKI2020-0023	PDF p. 23; print p. 7; §1.2; paragraph 2; atom 1	assertion	unnumbered_obligation	The AKLT ground state is unique.	PENDING	NONE	NONE	false	NONE	NONE	NONE
CL-TASAKI2020-3335	TASAKI2020	000023.0009	PG-TASAKI2020-0023	PDF p. 23; print p. 7; §1.2; paragraph 2; atom 2	assertion	unnumbered_obligation	The AKLT ground state is accompanied by a nonzero gap.	PENDING	NONE	NONE	false	NONE	NONE	NONE
CL-TASAKI2020-3336	TASAKI2020	000023.0010	PG-TASAKI2020-0023	PDF p. 23; print p. 7; §1.2; paragraph 2; atom 3	assertion	unnumbered_obligation	AKLT ground-state correlations decay exponentially.	PENDING	NONE	NONE	false	NONE	NONE	NONE
CL-TASAKI2020-2955	TASAKI2020	000023.0011	PG-TASAKI2020-0023	PDF p. 23; print p. 7; §1.2; paragraph 2; audit split atom 7/15	out_of_scope	conjecture	It is now believed that the AKLT model represents the universality class of models exhibiting Haldane phenomena.	PENDING	belief-report-not-source-conjecture	CORPUS-NORMALIZATION-INDEPENDENT-REVIEW	false	NONE	NONE	NONE
CL-TASAKI2020-2956	TASAKI2020	000023.0012	PG-TASAKI2020-0023	PDF p. 23; print p. 7; §1.2; paragraph 3	assertion	unnumbered_obligation	The AKLT ground state is a matrix-product state.	PENDING	NONE	NONE	false	NONE	NONE	NONE
CL-TASAKI2020-3337	TASAKI2020	000023.0013	PG-TASAKI2020-0023	PDF p. 23; print p. 7; §1.2; paragraph 3	assertion	unnumbered_obligation	Fannes, Nachtergaele, and Werner proposed and formulated matrix-product states in 1989.	PENDING	NONE	NONE	false	NONE	NONE	NONE
CL-TASAKI2020-2957	TASAKI2020	000023.0014	PG-TASAKI2020-0023	PDF p. 23; print p. 7; §1.2; paragraph 3	assertion	remark	MPS efficiently approximate a large class of one-dimensional many-body states.	PENDING	NONE	NONE	false	NONE	NONE	NONE
CL-TASAKI2020-3338	TASAKI2020	000023.0015	PG-TASAKI2020-0023	PDF p. 23; print p. 7; §1.2; paragraph 3	assertion	remark	MPS play major roles in condensed-matter physics, mathematical physics, and quantum information.	PENDING	NONE	NONE	false	NONE	NONE	NONE
CL-TASAKI2020-2959	TASAKI2020	000023.0016	PG-TASAKI2020-0023	PDF p. 23; print p. 7; §1.2; paragraph 4	assertion	unnumbered_obligation	The AKLT ground state has hidden antiferromagnetic order.	PENDING	NONE	NONE	false	NONE	NONE	NONE
CL-TASAKI2020-3339	TASAKI2020	000023.0017	PG-TASAKI2020-0023	PDF p. 23; print p. 7; §1.2; paragraph 4	assertion	unnumbered_obligation	An open AKLT chain has effective S=1/2 edge degrees of freedom.	PENDING	NONE	NONE	false	NONE	NONE	NONE
CL-TASAKI2020-2960	TASAKI2020	000023.0018	PG-TASAKI2020-0023	PDF p. 23; print p. 7; §1.2; paragraph 4	assertion	unnumbered_obligation	It was later pointed out by den Nijs and Rommelses [7] and by Kennedy [20] that these exotic properties are shared by a class of models which includes the Heisenberg model.	PENDING	NONE	NONE	false	NONE	NONE	NONE
CL-TASAKI2020-2961	TASAKI2020	000023.0019	PG-TASAKI2020-0023	PDF p. 23; print p. 7; §1.2; paragraph 4	assertion	remark	Kennedy and Tasaki noted that these properties can be interpreted as consequences of spontaneous breakdown of the hidden Z2 × Z2 symmetry [21].	PENDING	NONE	NONE	false	NONE	NONE	NONE
CL-TASAKI2020-2962	TASAKI2020	000023.0020	PG-TASAKI2020-0023	PDF p. 23; print p. 7; §1.2; paragraph 5	conjecture	conjecture	All these observations suggest that the S = 1 antiferromagnetic Heisenberg chain and the AKLT model, which have exotic disordered ground states, belong to a new quantum phase which should be called the “Haldane phase”.	PENDING	NONE	NONE	false	NONE	NONE	NONE
CL-TASAKI2020-2963	TASAKI2020	000023.0021	PG-TASAKI2020-0023	PDF p. 23; print p. 7; §1.2; paragraph 5	assertion	remark	The true nature of the new phase remained unclear until Gu and Wen pointed out in 2009 that the Haldane phase should be identified as a symmetry protected topological (SPT) phase [13].	PENDING	NONE	NONE	false	NONE	NONE	NONE
CL-TASAKI2020-2964	TASAKI2020	000024.0001	PG-TASAKI2020-0024	PDF p. 24; print p. 8; §1.2; opening continuation paragraph	assertion	unnumbered_obligation	Pollmann, Turner, Berg, and Oshikawa determined the complete symmetry set protecting the Haldane phase.	PENDING	NONE	NONE	false	NONE	NONE	NONE
CL-TASAKI2020-3340	TASAKI2020	000024.0002	PG-TASAKI2020-0024	PDF p. 24; print p. 8; §1.2; opening continuation paragraph	assertion	unnumbered_obligation	They defined MPS indices characterizing the topological phases.	PENDING	NONE	NONE	false	NONE	NONE	NONE
CL-TASAKI2020-2966	TASAKI2020	000024.0003	PG-TASAKI2020-0024	PDF p. 24; print p. 8; §1.2; opening continuation paragraph	assertion	remark	Finally, in 2018 and 2019, by using sophisticated notions in operator algebraic approach to quantum many-body systems, Ogata developed fully rigorous index theorems, which essentially solves the problem of SPT phases in quantum spin chains [31, 32].	PENDING	NONE	NONE	false	NONE	NONE	NONE
CL-TASAKI2020-2968	TASAKI2020	000024.0004	PG-TASAKI2020-0024	PDF p. 24; print p. 8; §1.2; paragraph beginning “In this part”	assertion	remark	The latter is of considerable interest as a simple model exhibiting topological order, which is distinct from (and probably more important than) symmetry protected topological order.	PENDING	NONE	NONE	false	NONE	NONE	NONE
CL-TASAKI2020-2971	TASAKI2020	000024.0005	PG-TASAKI2020-0024	PDF p. 24; print p. 8; §1.2; Heisenberg-history and Hubbard-introduction paragraphs	assertion	remark	Heisenberg argued from a two-electron perturbation theory that Coulomb interaction and fermionic many-body dynamics produce ferromagnetic exchange.	PENDING	NONE	NONE	false	NONE	NONE	NONE
CL-TASAKI2020-3341	TASAKI2020	000024.0006	PG-TASAKI2020-0024	PDF p. 24; print p. 8; §1.2; Heisenberg-history and Hubbard-introduction paragraphs	assertion	remark	Kanamori, Gutzwiller, and Hubbard independently introduced the Hubbard model to study ferromagnetism in many-electron systems.	PENDING	NONE	NONE	false	NONE	NONE	NONE
CL-TASAKI2020-0037	TASAKI2020	000024.0007	PG-TASAKI2020-0024	PDF p. 24; print p. 8; §1.2; equation (1.2.6)	assertion	equation	Ĥ = ∑_{x,y}∑_{σ=↑,↓} tx,y ĉx,σ†ĉy,σ + U∑x n̂x,↑n̂x,↓. (1.2.6)	PENDING	NONE	NONE	false	NONE	NONE	NONE
CL-TASAKI2020-0038	TASAKI2020	000024.0008	PG-TASAKI2020-0024	PDF p. 24; print p. 8; §1.2; paragraph 3, atom 2	assertion	unnumbered_obligation	We shall carefully explain in Sect. 9.2 the description (also known as the “second quantization” formalism) of many-electron systems in terms of creation and annihilation operators, the motivations behind the definition of the Hamiltonian (1.2.6), and the basics about non-interacting fermion systems.	PENDING	NONE	NONE	false	NONE	NONE	NONE
CL-TASAKI2020-0039	TASAKI2020	000028.0001	PG-TASAKI2020-0028	PDF p. 28; print p. 13; §2.1; paragraph 2	definition	definition	In this preparatory chapter, we define quantum spin systems, and discuss basic features of the ground states of the Heisenberg models.	PENDING	NONE	NONE	false	NONE	NONE	NONE
CL-TASAKI2020-0040	TASAKI2020	000028.0002	PG-TASAKI2020-0028	PDF p. 28; print p. 13; §2.1; equation (2.1.1)	assertion	equation	[Ŝ^(α),Ŝ^(β)] = i∑_{γ=1,2,3} εαβγ Ŝ^(γ). (2.1.1)	PENDING	NONE	NONE	false	NONE	NONE	NONE
CL-TASAKI2020-0041	TASAKI2020	000029.0001	PG-TASAKI2020-0029	PDF p. 29; print p. 14; §2.1; equation (2.1.2)	assertion	equation	Ŝ^(3)|ψσ⟩ = σ|ψσ⟩. (2.1.2)	PENDING	NONE	NONE	false	NONE	NONE	NONE
CL-TASAKI2020-0042	TASAKI2020	000029.0002	PG-TASAKI2020-0029	PDF p. 29; print p. 14; §2.1; equation (2.1.3)	assertion	equation	Ŝ±|ψσ⟩ = √{S(S+1)−σ(σ±1)} |ψσ±1⟩. (2.1.3)	PENDING	NONE	NONE	false	NONE	NONE	NONE
CL-TASAKI2020-0043	TASAKI2020	000029.0003	PG-TASAKI2020-0029	PDF p. 29; print p. 14; §2.1; equation (2.1.4)	assertion	equation	Ŝ^(3)|ψ^↑⟩=(1/2)|ψ^↑⟩, Ŝ^(3)|ψ^↓⟩=−(1/2)|ψ^↓⟩. (2.1.4)	PENDING	NONE	NONE	false	NONE	NONE	NONE
CL-TASAKI2020-0044	TASAKI2020	000029.0004	PG-TASAKI2020-0029	PDF p. 29; print p. 14; §2.1; equation (2.1.5)	assertion	equation	Ŝ^+|ψ^↑⟩=0, Ŝ^−|ψ^↑⟩=|ψ^↓⟩, Ŝ^+|ψ^↓⟩=|ψ^↑⟩, Ŝ^−|ψ^↓⟩=0. (2.1.5)	PENDING	NONE	NONE	false	NONE	NONE	NONE
CL-TASAKI2020-0045	TASAKI2020	000029.0005	PG-TASAKI2020-0029	PDF p. 29; print p. 14; §2.1; equation (2.1.6)	assertion	equation	|ψσ⟩ = (0,…,1_(S−σ+1),…,0)^T. (2.1.6)	PENDING	NONE	NONE	false	NONE	NONE	NONE
CL-TASAKI2020-0047	TASAKI2020	000029.0006	PG-TASAKI2020-0029	PDF p. 29; print p. 14; §2.1; paragraph 2, atom 2	hypothesis	hypothesis	We assume Ŝ²=S(S+1), where S is a fixed spin quantum number taking one of the values 1/2,1,3/2,2,… .	PENDING	NONE	NONE	false	NONE	NONE	NONE
CL-TASAKI2020-0048	TASAKI2020	000030.0001	PG-TASAKI2020-0030	PDF p. 30; print p. 15; §2.1; equation (2.1.7)	assertion	equation	Ŝ^(1)=(1/2)[[0,1],[1,0]], Ŝ^(2)=(1/2)[[0,−i],[i,0]], Ŝ^(3)=(1/2)[[1,0],[0,−1]]. (2.1.7)	PENDING	NONE	NONE	false	NONE	NONE	NONE
CL-TASAKI2020-0049	TASAKI2020	000030.0002	PG-TASAKI2020-0030	PDF p. 30; print p. 15; §2.1; equation (2.1.8)	assertion	equation	σ̂^(1)=[[0,1],[1,0]], σ̂^(2)=[[0,−i],[i,0]], σ̂^(3)=[[1,0],[0,−1]]. (2.1.8)	PENDING	NONE	NONE	false	NONE	NONE	NONE
CL-TASAKI2020-0050	TASAKI2020	000030.0003	PG-TASAKI2020-0030	PDF p. 30; print p. 15; §2.1; equation (2.1.9)	assertion	equation	Ŝ^(1) = (1/√2)((0,1,0),(1,0,1),(0,1,0)),  Ŝ^(2) = (1/√2)((0,−i,0),(i,0,−i),(0,i,0)),  Ŝ^(3) = ((1,0,0),(0,0,0),(0,0,−1)). (2.1.9)	PENDING	NONE	NONE	false	NONE	NONE	NONE
CL-TASAKI2020-0051	TASAKI2020	000030.0004	PG-TASAKI2020-0030	PDF p. 30; print p. 15; §2.1; Problem 2.1.a	assertion	problem	Problem 2.1.a Show that any operator on h0 (i.e., any (2S + 1) × (2S + 1) matrix) can be written as a polynomial of 1̂, Ŝ (1) , Ŝ (2) , and Ŝ (3) . [solution→p.493]	PENDING	NONE	NONE	false	NONE	NONE	NONE
CL-TASAKI2020-0052	TASAKI2020	000030.0005	PG-TASAKI2020-0030	PDF p. 30; print p. 15; §2.1; paragraph 6, atom 1	assertion	unnumbered_obligation	Note that (A.2.20) implies Ûθ(α) Ûϕ(α) = Ûθ+ϕ (α) .	PENDING	NONE	NONE	false	NONE	NONE	NONE
CL-TASAKI2020-0053	TASAKI2020	000030.0006	PG-TASAKI2020-0030	PDF p. 30; print p. 15; §2.1; paragraph 6, atom 2	domain	domain	Take any spin state |ψ⟩ and write its transform as |ψ′⟩=Û_θ^(α)|ψ⟩.	PENDING	NONE	NONE	false	NONE	NONE	NONE
CL-TASAKI2020-0054	TASAKI2020	000030.0007	PG-TASAKI2020-0030	PDF p. 30; print p. 15; §2.1; paragraph 6, atom 3	assertion	remark	Since this is true for any |ψ⟩, we find that the transformation from ( Ŝ (1) , Ŝ (2) , Ŝ (3) ) into ((Ûθ(α) )† Ŝ (1) Ûθ(α) , (Ûθ(α) )† Ŝ (2) Ûθ(α) , (Ûθ(α) )† Ŝ (3) Ûθ(α) ) should also obey the same rule.	PENDING	NONE	NONE	false	NONE	NONE	NONE
CL-TASAKI2020-0055	TASAKI2020	000030.0008	PG-TASAKI2020-0030	PDF p. 30; print p. 15; §2.1; equation (2.1.10)	assertion	equation	((Ûθ^(α))†Ŝ^(1)Ûθ^(α),(Ûθ^(α))†Ŝ^(2)Ûθ^(α),(Ûθ^(α))†Ŝ^(3)Ûθ^(α))^T = Rθ^(α)(Ŝ^(1),Ŝ^(2),Ŝ^(3))^T. (2.1.10)	PENDING	NONE	NONE	false	NONE	NONE	NONE
CL-TASAKI2020-0056	TASAKI2020	000031.0001	PG-TASAKI2020-0031	PDF p. 31; print p. 16; §2.1; paragraph 2	notation	notation	The Cartesian rotation matrices are R_θ^(1)=[[1,0,0],[0,cosθ,−sinθ],[0,sinθ,cosθ]], R_θ^(2)=[[cosθ,0,sinθ],[0,1,0],[−sinθ,0,cosθ]], and R_θ^(3)=[[cosθ,−sinθ,0],[sinθ,cosθ,0],[0,0,1]]. (2.1.11)	PENDING	NONE	NONE	false	NONE	NONE	NONE
CL-TASAKI2020-0057	TASAKI2020	000031.0002	PG-TASAKI2020-0031	PDF p. 31; print p. 16; §2.1; equation (2.1.11)	assertion	equation	Rθ^(1)=((1,0,0),(0,cosθ,−sinθ),(0,sinθ,cosθ)),  Rθ^(2)=((cosθ,0,sinθ),(0,1,0),(−sinθ,0,cosθ)),  Rθ^(3)=((cosθ,−sinθ,0),(sinθ,cosθ,0),(0,0,1)). (2.1.11)	PENDING	NONE	NONE	false	NONE	NONE	NONE
CL-TASAKI2020-0058	TASAKI2020	000031.0003	PG-TASAKI2020-0031	PDF p. 31; print p. 16; §2.1; equation (2.1.12)	assertion	equation	(R_θ^(α))_{β,γ}={δ_{β,γ}cosθ−ε_{αβγ}sinθ if α≠β; δ_{α,γ} if α=β}. (2.1.12)	PENDING	NONE	NONE	false	NONE	NONE	NONE
CL-TASAKI2020-0059	TASAKI2020	000031.0004	PG-TASAKI2020-0031	PDF p. 31; print p. 16; §2.1; equation (2.1.13)	assertion	equation	(Û_θ^(3))†Ŝ^(1)Û_θ^(3)=cosθ Ŝ^(1)−sinθ Ŝ^(2). (2.1.13)	PENDING	NONE	NONE	false	NONE	NONE	NONE
CL-TASAKI2020-0060	TASAKI2020	000031.0005	PG-TASAKI2020-0031	PDF p. 31; print p. 16; §2.1; equation (2.1.14)	assertion	equation	(Û_θ^(3))†Ŝ^(2)Û_θ^(3)=sinθ Ŝ^(1)+cosθ Ŝ^(2). (2.1.14)	PENDING	NONE	NONE	false	NONE	NONE	NONE
CL-TASAKI2020-0061	TASAKI2020	000031.0006	PG-TASAKI2020-0031	PDF p. 31; print p. 16; §2.1; equation (2.1.15)	assertion	equation	(Û_θ^(3))†Ŝ^(3)Û_θ^(3)=Ŝ^(3). (2.1.15)	PENDING	NONE	NONE	false	NONE	NONE	NONE
CL-TASAKI2020-0062	TASAKI2020	000031.0007	PG-TASAKI2020-0031	PDF p. 31; print p. 16; §2.1; equation (2.1.16)	assertion	equation	(Ûθ^(α))† Ŝ^(β) Ûθ^(α) = cosθ Ŝ^(β) − sinθ ∑_{γ=1}^3 εαβγ Ŝ^(γ). (2.1.16)	PENDING	NONE	NONE	false	NONE	NONE	NONE
CL-TASAKI2020-0064	TASAKI2020	000031.0008	PG-TASAKI2020-0031	PDF p. 31; print p. 16; §2.1; equation (2.1.17)	assertion	equation	dL̂(θ)/dθ=i[Ŝ^(3),L̂(θ)]. (2.1.17)	PENDING	NONE	NONE	false	NONE	NONE	NONE
CL-TASAKI2020-0065	TASAKI2020	000031.0009	PG-TASAKI2020-0031	PDF p. 31; print p. 16; §2.1; equation (2.1.18)	assertion	equation	dR̂(θ)/dθ=−sinθ Ŝ^(1)−cosθ Ŝ^(2)=i[Ŝ^(3),R̂(θ)]. (2.1.18)	PENDING	NONE	NONE	false	NONE	NONE	NONE
CL-TASAKI2020-0066	TASAKI2020	000031.0010	PG-TASAKI2020-0031	PDF p. 31; print p. 16; §2.1; paragraph 12	assertion	unnumbered_obligation	Since L̂(θ) and R̂(θ) satisfy the same differential equation, and satisfy L̂(0) = R̂(0), we conclude that L̂(θ) = R̂(θ) for any θ.	PENDING	NONE	NONE	false	NONE	NONE	NONE
CL-TASAKI2020-0067	TASAKI2020	000032.0001	PG-TASAKI2020-0032	PDF p. 32; print p. 17; §2.1; paragraph 2, atom 1	domain	domain	For v=(v₁,v₂,v₃)∈ℝ³, write Ŝ·v:=∑_{β=1}^3 Ŝ^(β)v_β.	PENDING	NONE	NONE	false	NONE	NONE	NONE
CL-TASAKI2020-0069	TASAKI2020	000032.0002	PG-TASAKI2020-0032	PDF p. 32; print p. 17; §2.1; equation (2.1.19)	assertion	equation	Ûθ^(α)(Ŝ·v)(Ûθ^(α))† = ∑_{β=1}^3 (Û_(−θ)^(α))†Ŝ^(β)Û_(−θ)^(α)vβ = ∑_{β,γ=1}^3 (R_(−θ)^(α))β,γ Ŝ^(γ)vβ = ∑_{β,γ=1}^3 Ŝ^(γ)(Rθ^(α))γ,β vβ = Ŝ·(Rθ^(α)v). (2.1.19)	PENDING	NONE	NONE	false	NONE	NONE	NONE
CL-TASAKI2020-0070	TASAKI2020	000032.0003	PG-TASAKI2020-0032	PDF p. 32; print p. 17; §2.1; equation (2.1.20)	assertion	equation	Û(Ŝ·v)Û†=Ŝ·(Rv). (2.1.20)	PENDING	NONE	NONE	false	NONE	NONE	NONE
CL-TASAKI2020-0071	TASAKI2020	000032.0004	PG-TASAKI2020-0032	PDF p. 32; print p. 17; §2.1; equation (2.1.21)	assertion	equation	(Û±π^(α))† Ŝ^(β) Û±π^(α) = −Ŝ^(β) for α≠β. (2.1.21)	PENDING	NONE	NONE	false	NONE	NONE	NONE
CL-TASAKI2020-0072	TASAKI2020	000032.0005	PG-TASAKI2020-0032	PDF p. 32; print p. 17; §2.1; equation (2.1.22)	assertion	equation	(Û±π/2^(α))† Ŝ^(β) Û±π/2^(α) = ∓∑_{γ=1}^3 εαβγ Ŝ^(γ). (2.1.22)	PENDING	NONE	NONE	false	NONE	NONE	NONE
CL-TASAKI2020-0073	TASAKI2020	000032.0006	PG-TASAKI2020-0032	PDF p. 32; print p. 17; §2.1; paragraph 8	assertion	remark	The eigenvalues of Ŝ^(α) are integers when S is an integer and half-odd-integers when S is a half-odd-integer.	PENDING	NONE	NONE	false	NONE	NONE	NONE
CL-TASAKI2020-0074	TASAKI2020	000032.0007	PG-TASAKI2020-0032	PDF p. 32; print p. 17; §2.1; equation (2.1.23)	assertion	equation	Û_{2π}^(α)=e^(−2πiŜ^(α))={−1̂ for S=1/2,3/2,…; 1̂ for S=1,2,…}. (2.1.23)	PENDING	NONE	NONE	false	NONE	NONE	NONE
CL-TASAKI2020-0075	TASAKI2020	000033.0001	PG-TASAKI2020-0033	PDF p. 33; print p. 18; §2.1; equation (2.1.24)	assertion	equation	(Û_π^(α))†Û_π^(β)Û_π^(α)=(Û_π^(β))†. (2.1.24)	PENDING	NONE	NONE	false	NONE	NONE	NONE
CL-TASAKI2020-0076	TASAKI2020	000033.0002	PG-TASAKI2020-0033	PDF p. 33; print p. 18; §2.1; equation (2.1.25)	assertion	equation	Û_π^(α)Û_π^(β)={−Û_π^(β)Û_π^(α) for S=1/2,3/2,…; Û_π^(β)Û_π^(α) for S=1,2,…}. (2.1.25)	PENDING	NONE	NONE	false	NONE	NONE	NONE
CL-TASAKI2020-0077	TASAKI2020	000033.0003	PG-TASAKI2020-0033	PDF p. 33; print p. 18; §2.1; equation (2.1.26)	assertion	equation	Û_θ^(α)=cos(θ/2)1̂−2i sin(θ/2)Ŝ^(α). (2.1.26)	PENDING	NONE	NONE	false	NONE	NONE	NONE
CL-TASAKI2020-0078	TASAKI2020	000033.0004	PG-TASAKI2020-0033	PDF p. 33; print p. 18; §2.1; Problem 2.1.b	assertion	problem	Problem 2.1.b Derive (2.1.26). (Hint: What is (2 Ŝ (α) )2 ?) [solution→p.493]	PENDING	NONE	NONE	false	NONE	NONE	NONE
CL-TASAKI2020-0079	TASAKI2020	000033.0005	PG-TASAKI2020-0033	PDF p. 33; print p. 18; §2.1; Problem 2.1.c	assertion	problem	Problem 2.1.c Find a relation corresponding to (2.1.26) for S = 1. [solution→p.493]	PENDING	NONE	NONE	false	NONE	NONE	NONE
CL-TASAKI2020-0080	TASAKI2020	000033.0006	PG-TASAKI2020-0033	PDF p. 33; print p. 18; §2.1; Problem 2.1.d	assertion	problem	Problem 2.1.d We consider a spin with S = 1/2. Express Ûθ(α) with α = 1, 2, 3 as 2 × 2 matrices. Take θ and ϕ such that 0 ≤ θ ≤ π and 0 ≤ ϕ < 2π, and let n(θ, ϕ) = (cos ϕ sin θ, sin ϕ sin θ, cos θ) be the standard unit vector. Then |ψθ,ϕ ⟩ = Ûϕ(3) Ûθ(2) |ψ ↑ ⟩ should be the state where the spin is pointing in the direction n(θ, ϕ). Express |ψθ,ϕ ⟩ as a two-component vector, and confirm that it is an eigenstate of Ŝ · n(θ, ϕ). [solution→p.494]	PENDING	NONE	NONE	false	NONE	NONE	NONE
CL-TASAKI2020-0081	TASAKI2020	000033.0007	PG-TASAKI2020-0033	PDF p. 33; print p. 18; §2.1; Problem 2.1.e	assertion	problem	Problem 2.1.e By setting θ = ϕ = π/2 in Problem 2.1.d, we get the state |ψ(0,1,0) ⟩ in which the spin is pointing in the positive 2-direction. But a state in which the spin is pointing in the same direction may be obtained, e.g., by applying the −π/2 (1) rotation about the 1-axis to |ψ ↑ ⟩. Compute both |ψ(0,1,0) ⟩ and |ψ(0,1,0) ⟩ = Û−π/2 |ψ ↑ ⟩ explicitly and check that they differ by a phase factor. Consider the same setup for a spin with S = 1 and confirm that we still get a phase factor. See also Problem 2.2.c (p. 23). [solution→p.494]	PENDING	NONE	NONE	false	NONE	NONE	NONE
CL-TASAKI2020-0082	TASAKI2020	000034.0001	PG-TASAKI2020-0034	PDF p. 34; print p. 19; §2.1; equation (2.1.27)	assertion	equation	ea=ae=a, eb=be=b, ec=ce=c, a²=b²=c²=e. (2.1.27)	PENDING	NONE	NONE	false	NONE	NONE	NONE
CL-TASAKI2020-0083	TASAKI2020	000034.0002	PG-TASAKI2020-0034	PDF p. 34; print p. 19; §2.1; paragraph 3	assertion	unnumbered_obligation	At θ=π, R_π^(1)=diag(1,−1,−1), R_π^(2)=diag(−1,1,−1), and R_π^(3)=diag(−1,−1,1). (2.1.28)	PENDING	NONE	NONE	false	NONE	NONE	NONE
CL-TASAKI2020-0084	TASAKI2020	000034.0003	PG-TASAKI2020-0034	PDF p. 34; print p. 19; §2.1; equation (2.1.28)	assertion	equation	Rπ^(1)=((1,0,0),(0,−1,0),(0,0,−1)),  Rπ^(2)=((−1,0,0),(0,1,0),(0,0,−1)),  Rπ^(3)=((−1,0,0),(0,−1,0),(0,0,1)). (2.1.28)	PENDING	NONE	NONE	false	NONE	NONE	NONE
CL-TASAKI2020-0085	TASAKI2020	000034.0004	PG-TASAKI2020-0034	PDF p. 34; print p. 19; §2.1; Problem 2.1.f	assertion	problem	Problem 2.1.f What does the relation R_π^(1)R_π^(2)=R_π^(3) mean in the ordinary language? If this is not intuitively obvious to you, try convincing yourself of this fact, probably by performing experiments. [solution→p.495]	PENDING	NONE	NONE	false	NONE	NONE	NONE
CL-TASAKI2020-0086	TASAKI2020	000034.0005	PG-TASAKI2020-0034	PDF p. 34; print p. 19; §2.1; equation (2.1.29)	assertion	equation	û_1û_2=û_3, û_2û_3=û_1, û_3û_1=û_2. (2.1.29)	PENDING	NONE	NONE	false	NONE	NONE	NONE
CL-TASAKI2020-0087	TASAKI2020	000034.0006	PG-TASAKI2020-0034	PDF p. 34; print p. 19; §2.1; equation (2.1.30)	assertion	equation	e^(−iπŜ^(1))e^(−iπŜ^(2))=e^(−iπŜ^(3)). (2.1.30)	PENDING	NONE	NONE	false	NONE	NONE	NONE
CL-TASAKI2020-0088	TASAKI2020	000034.0007	PG-TASAKI2020-0034	PDF p. 34; print p. 19; §2.1; paragraph 7	assertion	unnumbered_obligation	This is indeed the case when S is an integer, where one has (û_α)²=Û_{2π}^(α)=1̂ from (2.1.23).	PENDING	NONE	NONE	false	NONE	NONE	NONE
CL-TASAKI2020-0089	TASAKI2020	000035.0001	PG-TASAKI2020-0035	PDF p. 35; print p. 20; §2.1; paragraph 2	assertion	unnumbered_obligation	Thus the four operators 1̂, û 1 , û 2 , and û 3 form a representation of Z2 × Z2 . When S is a half-odd-integer, we have (û α )2 = −1̂ and û α û β = −û β û α if α ≠ β.	PENDING	NONE	NONE	false	NONE	NONE	NONE
CL-TASAKI2020-0090	TASAKI2020	000035.0002	PG-TASAKI2020-0035	PDF p. 35; print p. 20; §2.1; equation (2.1.31)	assertion	equation	1̂û1=û11̂=û1, 1̂û2=û21̂=û2, 1̂û3=û31̂=û3; (û1)²=(û2)²=(û3)²=−1̂; û1û2=−û2û1=û3, û2û3=−û3û2=û1, û3û1=−û1û3=û2. (2.1.31)	PENDING	NONE	NONE	false	NONE	NONE	NONE
CL-TASAKI2020-0091	TASAKI2020	000035.0003	PG-TASAKI2020-0035	PDF p. 35; print p. 20; §2.1; equation (2.1.32)	assertion	equation	û₁=[[0,−i],[−i,0]], û₂=[[0,−1],[1,0]], û₃=[[−i,0],[0,i]]. (2.1.32)	PENDING	NONE	NONE	false	NONE	NONE	NONE
CL-TASAKI2020-0092	TASAKI2020	000035.0004	PG-TASAKI2020-0035	PDF p. 35; print p. 20; §2.1; equation (2.1.33)	assertion	equation	û1=((0,0,−1),(0,−1,0),(−1,0,0)),  û2=((0,0,1),(0,−1,0),(1,0,0)),  û3=((−1,0,0),(0,1,0),(0,0,−1)). (2.1.33)	PENDING	NONE	NONE	false	NONE	NONE	NONE
CL-TASAKI2020-0093	TASAKI2020	000035.0005	PG-TASAKI2020-0035	PDF p. 35; print p. 20; §2.1; equation (2.1.34)	assertion	equation	⟨ψ^σ|û_1|ψ^τ⟩=(−i)^(2S)δ_{σ,−τ}, ⟨ψ^σ|û_2|ψ^τ⟩=(−1)^(S+σ)δ_{σ,−τ}. (2.1.34)	PENDING	NONE	NONE	false	NONE	NONE	NONE
CL-TASAKI2020-0094	TASAKI2020	000035.0006	PG-TASAKI2020-0035	PDF p. 35; print p. 20; §2.1; Problem 2.1.g	assertion	problem	Problem 2.1.g Derive the expressions (2.1.34). (Hint: A direct derivation seems to be not easy. It is useful to express a single spin S by using 2S spins with spin quantum number 1/2. See Appendix A.3.3 and the expression (2.4.11).) [solution→p.495]	PENDING	NONE	NONE	false	NONE	NONE	NONE
CL-TASAKI2020-0095	TASAKI2020	000036.0001	PG-TASAKI2020-0036	PDF p. 36; print p. 21; §2.2; paragraph 3, atom 1	hypothesis	hypothesis	We also fix the spin quantum number S = 1/2, 1, 3/2, . . ., and assume that each site (i.e., an atom) carries a spin quantum angular momentum with quantum number S. See Part III, in particular Fig. 9.1, for a further discussion on the relation between quantum spin systems and microscopic pictures of solids.	PENDING	NONE	NONE	false	NONE	NONE	NONE
CL-TASAKI2020-0096	TASAKI2020	000036.0002	PG-TASAKI2020-0036	PDF p. 36; print p. 21; §2.2; paragraph 10	notation	notation	The compact notation |ψ^σ⟩_x is used for the copy at site x of the single-spin state |ψ^σ⟩.	PENDING	NONE	NONE	false	NONE	NONE	NONE
CL-TASAKI2020-0097	TASAKI2020	000036.0003	PG-TASAKI2020-0036	PDF p. 36; print p. 21; §2.2; equation (2.2.1)	assertion	equation	|Ψ^σ⟩:=⊗_{x∈Λ}|ψ_x^(σ_x)⟩. (2.2.1)	PENDING	NONE	NONE	false	NONE	NONE	NONE
CL-TASAKI2020-0098	TASAKI2020	000036.0004	PG-TASAKI2020-0036	PDF p. 36; print p. 21; §2.2; equation (2.2.2)	assertion	equation	σ̄:=∑_{x∈Λ}σ_x. (2.2.2)	PENDING	NONE	NONE	false	NONE	NONE	NONE
CL-TASAKI2020-0099	TASAKI2020	000036.0005	PG-TASAKI2020-0036	PDF p. 36; print p. 21; §2.2; paragraph 5	definition	definition	For a spin configuration σ=(σ_x)_{x∈Λ}, define σ̄:=∑_{x∈Λ}σ_x. (2.2.2)	PENDING	NONE	NONE	false	NONE	NONE	NONE
CL-TASAKI2020-0100	TASAKI2020	000036.0006	PG-TASAKI2020-0036	PDF p. 36; print p. 21; §2.2; equation (2.2.3)	assertion	equation	|Ψ^(↑,↑)⟩=|ψ_1^↑⟩⊗|ψ_2^↑⟩, |Ψ^(↑,↓)⟩=|ψ_1^↑⟩⊗|ψ_2^↓⟩. (2.2.3)	PENDING	NONE	NONE	false	NONE	NONE	NONE
CL-TASAKI2020-0102	TASAKI2020	000036.0007	PG-TASAKI2020-0036	PDF p. 36; print p. 21; §2.2; equation (2.2.4)	assertion	equation	Ŝ_x^(α)(⊗_{y∈Λ}|ψ_y^(σ_y)⟩)=(Ŝ^(α)|ψ_x^(σ_x)⟩)⊗(⊗_{y∈Λ∖{x}}|ψ_y^(σ_y)⟩). (2.2.4)	PENDING	NONE	NONE	false	NONE	NONE	NONE
CL-TASAKI2020-0103	TASAKI2020	000036.0008	PG-TASAKI2020-0036	PDF p. 36; print p. 21; §2.2; equation (2.2.5)	assertion	equation	Ŝ_x^(α)=1̂⊗⋯⊗1̂⊗Ŝ^(α)⊗1̂⊗⋯⊗1̂. (2.2.5)	PENDING	NONE	NONE	false	NONE	NONE	NONE
CL-TASAKI2020-0104	TASAKI2020	000037.0001	PG-TASAKI2020-0037	PDF p. 37; print p. 22; §2.2; paragraph 2, atom 1	definition	definition	Note that Ŝx(α) is defined as an operator on the whole Hilbert space H (rather than hx ).	PENDING	NONE	NONE	false	NONE	NONE	NONE
CL-TASAKI2020-0105	TASAKI2020	000037.0002	PG-TASAKI2020-0037	PDF p. 37; print p. 22; §2.2; paragraph 2, atom 2	notation	notation	We write Ŝx = ( Ŝx(1) , Ŝx(2) , Ŝx(3) ).	PENDING	NONE	NONE	false	NONE	NONE	NONE
CL-TASAKI2020-0106	TASAKI2020	000037.0003	PG-TASAKI2020-0037	PDF p. 37; print p. 22; §2.2; paragraph 2, atom 3	assertion	unnumbered_obligation	[Ŝ_x^(α),Ŝ_y^(β)] = iδ_{x,y}∑_{γ=1}^3 ε_{αβγ}Ŝ_x^(γ). (2.2.6)	PENDING	NONE	NONE	false	NONE	NONE	NONE
CL-TASAKI2020-0107	TASAKI2020	000037.0004	PG-TASAKI2020-0037	PDF p. 37; print p. 22; §2.2; equation (2.2.6)	assertion	equation	[Ŝx^(α),Ŝy^(β)] = iδx,y ∑_{γ=1,2,3} εαβγ Ŝx^(γ). (2.2.6)	PENDING	NONE	NONE	false	NONE	NONE	NONE
CL-TASAKI2020-0108	TASAKI2020	000037.0005	PG-TASAKI2020-0037	PDF p. 37; print p. 22; §2.2; equation (2.2.7)	assertion	equation	Ŝtot := ∑_{x∈Λ} Ŝx. (2.2.7)	PENDING	NONE	NONE	false	NONE	NONE	NONE
CL-TASAKI2020-0109	TASAKI2020	000037.0006	PG-TASAKI2020-0037	PDF p. 37; print p. 22; §2.2; paragraph 3	definition	definition	Define the total spin operator by Ŝ_tot:=∑_{x∈Λ}Ŝ_x. (2.2.7)	PENDING	NONE	NONE	false	NONE	NONE	NONE
CL-TASAKI2020-0111	TASAKI2020	000037.0007	PG-TASAKI2020-0037	PDF p. 37; print p. 22; §2.2; equation (2.2.8)	assertion	equation	Ŝtot± := Ŝtot^(1) ± iŜtot^(2) = ∑_{x∈Λ} Ŝx±. (2.2.8)	PENDING	NONE	NONE	false	NONE	NONE	NONE
CL-TASAKI2020-0112	TASAKI2020	000037.0008	PG-TASAKI2020-0037	PDF p. 37; print p. 22; §2.2; paragraph 6, atom 1	notation	notation	An eigenvalue of ( Ŝtot )2 is denoted as Stot (Stot + 1), where Stot takes a value in Smin , Smin + 1, . . . , |Λ|S − 1, |Λ|S.	PENDING	NONE	NONE	false	NONE	NONE	NONE
CL-TASAKI2020-0113	TASAKI2020	000037.0009	PG-TASAKI2020-0037	PDF p. 37; print p. 22; §2.2; paragraph 6, atom 2	definition	definition	When a state |Φ⟩ satisfies ( Ŝtot )2 |Φ⟩ = Stot (Stot + 1)|Φ⟩, we say that the state |Φ⟩ has total spin Stot .	PENDING	NONE	NONE	false	NONE	NONE	NONE
CL-TASAKI2020-0114	TASAKI2020	000037.0010	PG-TASAKI2020-0037	PDF p. 37; print p. 22; §2.2; equation (2.2.9)	assertion	equation	H=⊕_{M=−|Λ|S}^{|Λ|S}H_M. (2.2.9)	PENDING	NONE	NONE	false	NONE	NONE	NONE
CL-TASAKI2020-0115	TASAKI2020	000037.0011	PG-TASAKI2020-0037	PDF p. 37; print p. 22; §2.2; equation (2.2.10)	assertion	equation	H_M:={|Φ⟩∈H | Ŝ_tot^(3)|Φ⟩=M|Φ⟩}. (2.2.10)	PENDING	NONE	NONE	false	NONE	NONE	NONE
CL-TASAKI2020-0116	TASAKI2020	000037.0012	PG-TASAKI2020-0037	PDF p. 37; print p. 22; §2.2; paragraph 8	definition	definition	Define Û_θ^(α):=exp[−iθŜ_tot^(α)]=∏_{x∈Λ}exp[−iθŜ_x^(α)]. (2.2.11)	PENDING	NONE	NONE	false	NONE	NONE	NONE
CL-TASAKI2020-0117	TASAKI2020	000037.0013	PG-TASAKI2020-0037	PDF p. 37; print p. 22; §2.2; equation (2.2.11)	assertion	equation	Ûθ^(α) := exp[−iθŜtot^(α)] = ∏_{x∈Λ} exp[−iθŜx^(α)]. (2.2.11)	PENDING	NONE	NONE	false	NONE	NONE	NONE
CL-TASAKI2020-0118	TASAKI2020	000037.0014	PG-TASAKI2020-0037	PDF p. 37; print p. 22; §2.2; equation (2.2.12)	assertion	equation	[Â,Ŝ_tot^(α)]=0. (2.2.12)	PENDING	NONE	NONE	false	NONE	NONE	NONE
CL-TASAKI2020-0120	TASAKI2020	000038.0001	PG-TASAKI2020-0038	PDF p. 38; print p. 23; §2.2; equation (2.2.13)	assertion	equation	(Û_θ^(α))†ÂÛ_θ^(α)=Â for every θ. (2.2.13)	PENDING	NONE	NONE	false	NONE	NONE	NONE
CL-TASAKI2020-0121	TASAKI2020	000038.0002	PG-TASAKI2020-0038	PDF p. 38; print p. 23; §2.2; Problem 2.2.a	assertion	problem	Problem 2.2.a For any α, β = 1, 2, 3 such that α ≠ β, show that Ûπ(α) Ûπ(β) = Ûπ(β) Ûπ(α) if |Λ|S is an integer, and Ûπ(α) Ûπ(β) = −Ûπ(β) Ûπ(α) if |Λ|S is a half-odd-integer. Let |Λ|S be a half-odd-integer, and take any eigenstate |Φ⟩ of Ûπ(α) . Show that |Φ⟩ and Ûπ(β) |Φ⟩ are orthogonal for β ≠ α. [solution→p.496]	PENDING	NONE	NONE	false	NONE	NONE	NONE
CL-TASAKI2020-0123	TASAKI2020	000038.0003	PG-TASAKI2020-0038	PDF p. 38; print p. 23; §2.2; Problem 2.2.b	assertion	problem	Problem 2.2.b Consider a system of two spins with S=1/2, with basis states |σ⟩₁|σ′⟩₂ for σ,σ′=↑,↓. Show by explicit calculation that (1/4π)∫₀^{2π}dϕ∫₀^πdθ sinθ Ûϕ^(3)Ûθ^(2)|↑⟩₁|↓⟩₂ = (1/2)(|↑⟩₁|↓⟩₂−|↓⟩₁|↑⟩₂) = (1/√2)|Φ₀,₀⟩, (2.2.14) where |Φ₀,₀⟩ is defined in (A.3.23). Although this state is SU(2) invariant, show that (1/4π)∫₀^{2π}dϕ∫₀^πdθ sinθ Ûϕ^(3)Ûθ^(2)|↑⟩₁|↑⟩₂ = (π/8)(|↑⟩₁|↓⟩₂+|↓⟩₁|↑⟩₂) = (π/(4√2))|Φ₁,₀⟩, (2.2.15) where |Φ₁,₀⟩, one of the spin triplets defined in (A.3.22), is not SU(2) invariant. [solution→p.496]	PENDING	NONE	NONE	false	NONE	NONE	NONE
CL-TASAKI2020-0124	TASAKI2020	000038.0004	PG-TASAKI2020-0038	PDF p. 38; print p. 23; §2.2; equation (2.2.14)	assertion	equation	(1/4π)∫_0^(2π)dϕ∫_0^πdθ sinθ Ûϕ^(3)Ûθ^(2)|↑⟩1|↓⟩2 = (1/2)(|↑⟩1|↓⟩2−|↓⟩1|↑⟩2) = 1/√2 |Φ0,0⟩. (2.2.14)	PENDING	NONE	NONE	false	NONE	NONE	NONE
CL-TASAKI2020-0125	TASAKI2020	000038.0005	PG-TASAKI2020-0038	PDF p. 38; print p. 23; §2.2; paragraph 4, atom 2	assertion	unnumbered_obligation	One might then conclude that the resulting state must be completely SU(2) invariant (in the sense that a state |Φ⟩ satisfies Ûθ(α) |Φ⟩ = |Φ⟩ for any α and θ).	PENDING	NONE	NONE	false	NONE	NONE	NONE
CL-TASAKI2020-0126	TASAKI2020	000038.0006	PG-TASAKI2020-0038	PDF p. 38; print p. 23; §2.2; equation (2.2.15)	assertion	equation	(1/(4π))∫₀^{2π}dϕ∫₀^πdθ sinθ Û_ϕ^(3)Û_θ^(2)|↑⟩₁|↑⟩₂=(π/8)(|↑⟩₁|↓⟩₂+|↓⟩₁|↑⟩₂)=(π/(4√2))|Φ_{1,0}⟩. (2.2.15)	PENDING	NONE	NONE	false	NONE	NONE	NONE
CL-TASAKI2020-0127	TASAKI2020	000038.0007	PG-TASAKI2020-0038	PDF p. 38; print p. 23; §2.2; Problem 2.2.c	assertion	problem	Problem 2.2.c The basic reason that we get an SU(2) non-invariant state in (2.2.15) is the presence of the nontrivial phase that we saw in Problem 2.1.e (p. 18). As the SU(2) invariance of (2.2.14) suggests, we do not encounter such a phase when rotating the state | ↑⟩1 | ↓⟩2 . To be more precise, fix an arbitrary unit vector n ∈ R3 , and let Û be any uniform rotation of two spins such that Û Ŝx(3) Û † = Ŝx · n for x=1,2. Then prove that the rotated state Û|↑⟩₁|↓⟩₂ is determined solely by n and does not depend on the choice of Û. We can say that the state |↑⟩₁|↓⟩₂ transforms exactly as a classical vector under rotation. This is a special case of the observation made in [10]. (This problem may be difficult without hints. See footnote 17 below for a big hint.) [solution→p.496]	PENDING	NONE	NONE	false	NONE	NONE	NONE
CL-TASAKI2020-0128	TASAKI2020	000039.0001	PG-TASAKI2020-0039	PDF p. 39; print p. 24; §2.2; equation (2.2.16)	assertion	equation	Ŝ_x·Ŝ_y=(1/2)(Ŝ_x^+Ŝ_y^−+Ŝ_x^−Ŝ_y^+)+Ŝ_x^(3)Ŝ_y^(3). (2.2.16)	PENDING	NONE	NONE	false	NONE	NONE	NONE
CL-TASAKI2020-0129	TASAKI2020	000039.0002	PG-TASAKI2020-0039	PDF p. 39; print p. 24; §2.2; equation (2.2.17)	assertion	equation	[Ŝ_x·Ŝ_y,Ŝ_tot^(α)]=0. (2.2.17)	PENDING	NONE	NONE	false	NONE	NONE	NONE
CL-TASAKI2020-0130	TASAKI2020	000039.0003	PG-TASAKI2020-0039	PDF p. 39; print p. 24; §2.2; equation (2.2.18)	assertion	equation	Ŝ_x·Ŝ_y=(1/2){(Ŝ_x+Ŝ_y)²−(Ŝ_x)²−(Ŝ_y)²}=(1/2)(Ŝ_x+Ŝ_y)²−S(S+1). (2.2.18)	PENDING	NONE	NONE	false	NONE	NONE	NONE
CL-TASAKI2020-0131	TASAKI2020	000039.0004	PG-TASAKI2020-0039	PDF p. 39; print p. 24; §2.2; equation (2.2.19)	assertion	equation	minimum eigenvalue −S(S+1); maximum eigenvalue S². (2.2.19)	PENDING	NONE	NONE	false	NONE	NONE	NONE
CL-TASAKI2020-0132	TASAKI2020	000040.0001	PG-TASAKI2020-0040	PDF p. 40; print p. 25; §2.2; paragraph 2, atom 1	assertion	unnumbered_obligation	For each extremal value of the classical two-spin interaction there are infinitely many configurations, corresponding to an arbitrary common spin direction.	PENDING	NONE	NONE	false	NONE	NONE	NONE
CL-TASAKI2020-0133	TASAKI2020	000040.0002	PG-TASAKI2020-0040	PDF p. 40; print p. 25; §2.2; paragraph 2, atom 2	assertion	unnumbered_obligation	For two sites, the quantum eigenstate with minimum eigenvalue −S(S+1) is unique, unlike the degenerate maximum-eigenvalue states and the classically degenerate extrema.	PENDING	NONE	NONE	false	NONE	NONE	NONE
CL-TASAKI2020-0134	TASAKI2020	000040.0003	PG-TASAKI2020-0040	PDF p. 40; print p. 25; §2.3; equation (2.3.1)	assertion	equation	i∂ψ(t,r)/∂t={−Δ/(2m)+V(r)}ψ(t,r). (2.3.1)	PENDING	NONE	NONE	false	NONE	NONE	NONE
CL-TASAKI2020-0135	TASAKI2020	000041.0001	PG-TASAKI2020-0041	PDF p. 41; print p. 26; §2.3; equation (2.3.2)	assertion	equation	i∂ψ_R(s,r)/∂s={−Δ/(2m)+V(r)}ψ_R(s,r). (2.3.2)	PENDING	NONE	NONE	false	NONE	NONE	NONE
CL-TASAKI2020-0136	TASAKI2020	000041.0002	PG-TASAKI2020-0041	PDF p. 41; print p. 26; §2.3; equation (2.3.3)	assertion	equation	ψ_R(s,r):={ψ(−s,r)}*. (2.3.3)	PENDING	NONE	NONE	false	NONE	NONE	NONE
CL-TASAKI2020-0137	TASAKI2020	000041.0003	PG-TASAKI2020-0041	PDF p. 41; print p. 26; §2.3; paragraph 3, atom 1	assertion	unnumbered_obligation	To treat spin systems, we recall that the time reversal switches the sign of the velocity as v → −v and hence that of the angular momentum as J → − J. Since spin is a form of angular momentum, the desired time reversal map should induce the transformation Ŝ → − Ŝ.	PENDING	NONE	NONE	false	NONE	NONE	NONE
CL-TASAKI2020-0138	TASAKI2020	000041.0004	PG-TASAKI2020-0041	PDF p. 41; print p. 26; §2.3; paragraph 3, atom 2	definition	definition	For |ϕ⟩=∑_{σ=−S}^S c_σ|ψ^σ⟩, define K̂|ϕ⟩:=∑_{σ=−S}^S(c_σ)*|ψ^σ⟩. (2.3.4)	PENDING	NONE	NONE	false	NONE	NONE	NONE
CL-TASAKI2020-0139	TASAKI2020	000041.0005	PG-TASAKI2020-0041	PDF p. 41; print p. 26; §2.3; equation (2.3.4)	assertion	equation	K̂|ϕ⟩ = ∑_{σ=−S}^S (cσ)* |ψσ⟩. (2.3.4)	PENDING	NONE	NONE	false	NONE	NONE	NONE
CL-TASAKI2020-0140	TASAKI2020	000041.0006	PG-TASAKI2020-0041	PDF p. 41; print p. 26; §2.3; paragraph 5, atom 1	assertion	unnumbered_obligation	It should be noted that the map K̂ is antilinear, i.e., K̂ (α|ϕ⟩ + β|ψ⟩) = α∗ K̂ |ϕ⟩ + β ∗ K̂ |ψ⟩ for any |ϕ⟩, |ψ⟩ ∈ h0 and α, β ∈ C, and that the definition of K̂ depends explicitly on the choice of basis states.	PENDING	NONE	NONE	false	NONE	NONE	NONE
CL-TASAKI2020-0141	TASAKI2020	000041.0007	PG-TASAKI2020-0041	PDF p. 41; print p. 26; §2.3; paragraph 5, atom 2	definition	definition	Denoting, as before, the operator for the π rotation about the 2-axis as û 2 = (2) e−iπ Ŝ , we define the time-reversal map by Θ̂ := û 2 K̂ .	PENDING	NONE	NONE	false	NONE	NONE	NONE
CL-TASAKI2020-0142	TASAKI2020	000041.0008	PG-TASAKI2020-0041	PDF p. 41; print p. 26; §2.3; paragraph 5, atom 3	assertion	unnumbered_obligation	Since the matrix elements of û 2 are real as in (2.1.32)–(2.1.34), we have Θ̂ = K̂ û 2 .	PENDING	NONE	NONE	false	NONE	NONE	NONE
CL-TASAKI2020-0143	TASAKI2020	000041.0009	PG-TASAKI2020-0041	PDF p. 41; print p. 26; §2.3; equation (2.3.5)	assertion	equation	Θ̂|ϕ⟩ = ∑_{σ=−S}^S (−1)^(S+σ)(c−σ)* |ψσ⟩. (2.3.5)	PENDING	NONE	NONE	false	NONE	NONE	NONE
CL-TASAKI2020-0144	TASAKI2020	000041.0010	PG-TASAKI2020-0041	PDF p. 41; print p. 26; §2.3; equation (2.3.6)	assertion	equation	Θ̂[[a],[b]]=[[−b*],[a*]]. (2.3.6)	PENDING	NONE	NONE	false	NONE	NONE	NONE
CL-TASAKI2020-0145	TASAKI2020	000041.0011	PG-TASAKI2020-0041	PDF p. 41; print p. 26; §2.3; paragraph 7	notation	notation	For S=1/2, Θ̂(a|ψ^↑⟩+b|ψ^↓⟩)=−b*|ψ^↑⟩+a*|ψ^↓⟩; equivalently Θ̂(a,b)^t=(−b*,a*)^t. (2.3.6) The map Θ̂ is antilinear.	PENDING	NONE	NONE	false	NONE	NONE	NONE
CL-TASAKI2020-0146	TASAKI2020	000042.0001	PG-TASAKI2020-0042	PDF p. 42; print p. 27; §2.3; equation (2.3.7)	assertion	equation	⟨ϕ|K̂|ψ⟩=⟨ψ|K̂|ϕ⟩. (2.3.7)	PENDING	NONE	NONE	false	NONE	NONE	NONE
CL-TASAKI2020-0147	TASAKI2020	000042.0002	PG-TASAKI2020-0042	PDF p. 42; print p. 27; §2.3; equation (2.3.8)	assertion	equation	∑_{σ=−S}^S {(−1)^(S+σ)+(−1)^(S−σ)}(cσc−σ)* = 0. (2.3.8)	PENDING	NONE	NONE	false	NONE	NONE	NONE
CL-TASAKI2020-0148	TASAKI2020	000042.0003	PG-TASAKI2020-0042	PDF p. 42; print p. 27; §2.3; paragraph 4	assertion	unnumbered_obligation	For half-odd-integer S, ⟨ϕ|Θ̂|ϕ⟩=0 for every |ϕ⟩ because 2σ is odd, so |ϕ⟩ and Θ̂|ϕ⟩ are orthogonal.	PENDING	NONE	NONE	false	NONE	NONE	NONE
CL-TASAKI2020-0149	TASAKI2020	000042.0004	PG-TASAKI2020-0042	PDF p. 42; print p. 27; §2.3; equation (2.3.9)	assertion	equation	Θ̂^(−1)|ϕ⟩ = ∑_{σ=−S}^S (−1)^(S−σ)(c−σ)*|ψσ⟩. (2.3.9)	PENDING	NONE	NONE	false	NONE	NONE	NONE
CL-TASAKI2020-0150	TASAKI2020	000042.0005	PG-TASAKI2020-0042	PDF p. 42; print p. 27; §2.3; paragraph 6, atom 1	assertion	unnumbered_obligation	By definition one has Θ̂ −1 Θ̂|ϕ⟩ = Θ̂ Θ̂ −1 |ϕ⟩ = |ϕ⟩ for any |ϕ⟩.	PENDING	NONE	NONE	false	NONE	NONE	NONE
CL-TASAKI2020-0151	TASAKI2020	000042.0006	PG-TASAKI2020-0042	PDF p. 42; print p. 27; §2.3; paragraph 6, atom 2	assertion	unnumbered_obligation	Equivalently, we have Θ̂ 2 = 1̂ if S is an integer, and Θ̂ 2 = −1̂ if S is a half-odd-integer.	PENDING	NONE	NONE	false	NONE	NONE	NONE
CL-TASAKI2020-0152	TASAKI2020	000042.0007	PG-TASAKI2020-0042	PDF p. 42; print p. 27; §2.3; equation (2.3.10)	assertion	equation	Θ̂^(−1)(Â(Θ̂|ϕ⟩)) = K̂(û2†Âû2K̂(∑_σ cσ|ψσ⟩)) = K̂(û2†Âû2∑_σ(cσ)*|ψσ⟩) = K̂(∑_{τ,τ′,τ″,σ}(cσ)*|ψτ″⟩⟨ψτ″|û2†|ψτ′⟩⟨ψτ′|Â|ψτ⟩⟨ψτ|û2|ψσ⟩) = ∑_{τ,τ′,τ″,σ}cσ|ψτ″⟩⟨ψτ″|û2†|ψτ′⟩(⟨ψτ′|Â|ψτ⟩)*⟨ψτ|û2|ψσ⟩ = {∑_{τ,τ′}û2†|ψτ′⟩(⟨ψτ′|Â|ψτ⟩)*⟨ψτ|û2}|ϕ⟩. (2.3.10)	PENDING	NONE	NONE	false	NONE	NONE	NONE
CL-TASAKI2020-0153	TASAKI2020	000042.0008	PG-TASAKI2020-0042	PDF p. 42; print p. 27; §2.3; paragraph 7	assertion	unnumbered_obligation	Footnote 20: Equation (2.3.7) may be interpreted as K̂†=K̂. Footnote 21: For every bra ⟨ϕ| and linear operator Â there is a bra ⟨ξ| such that ⟨ϕ|(Â|ψ⟩)=⟨ξ|ψ⟩ for every |ψ⟩.	PENDING	NONE	NONE	false	NONE	NONE	NONE
CL-TASAKI2020-0154	TASAKI2020	000042.0009	PG-TASAKI2020-0042	PDF p. 42; print p. 27; §2.3; paragraph 8, atom 1	assertion	unnumbered_obligation	We therefore write ⟨ξ| = ⟨ϕ| Â.	PENDING	NONE	NONE	false	NONE	NONE	NONE
CL-TASAKI2020-0155	TASAKI2020	000042.0010	PG-TASAKI2020-0042	PDF p. 42; print p. 27; §2.3; paragraph 8, atom 2	assertion	unnumbered_obligation	But note, e.g., that there are no ⟨ϕ| and ⟨ξ| such that ⟨ϕ|( K̂ |ψ⟩) = ⟨ξ|ψ⟩ for any |ψ⟩. One can also write Θ̂ −1 as Θ̂ † .	PENDING	NONE	NONE	false	NONE	NONE	NONE
CL-TASAKI2020-0156	TASAKI2020	000043.0001	PG-TASAKI2020-0043	PDF p. 43; print p. 28; §2.3; paragraph 2	assertion	unnumbered_obligation	In (2.3.10), the operator enclosed in braces on the right-hand side is linear; therefore Θ̂⁻¹ÂΘ̂ acts as that linear operator on every ket.	PENDING	NONE	NONE	false	NONE	NONE	NONE
CL-TASAKI2020-0157	TASAKI2020	000043.0002	PG-TASAKI2020-0043	PDF p. 43; print p. 28; §2.3; equation (2.3.11)	assertion	equation	Θ̂^(−1)ÂΘ̂ = ∑_{σ,τ=−S}^S (⟨ψσ|û2† Â û2|ψτ⟩)* |ψσ⟩⟨ψτ|. (2.3.11)	PENDING	NONE	NONE	false	NONE	NONE	NONE
CL-TASAKI2020-0158	TASAKI2020	000043.0003	PG-TASAKI2020-0043	PDF p. 43; print p. 28; §2.3; paragraph 4, atom 1	definition	definition	Θ̂⁻¹ Â Θ̂ is called the time-reversal of Â.	PENDING	NONE	NONE	false	NONE	NONE	NONE
CL-TASAKI2020-0159	TASAKI2020	000043.0004	PG-TASAKI2020-0043	PDF p. 43; print p. 28; §2.3; paragraph 4, atom 2	assertion	unnumbered_obligation	It is useful to note that (2.3.11) implies Θ̂ −1 ÂΘ̂ = û †2 Â û 2 if all the matrix elements ⟨ψ τ | Â|ψ τ ⟩ are real, and Θ̂ −1 ÂΘ̂ = −û †2 Â û 2 if all the matrix elements are pure imaginary.	PENDING	NONE	NONE	false	NONE	NONE	NONE
CL-TASAKI2020-0160	TASAKI2020	000043.0005	PG-TASAKI2020-0043	PDF p. 43; print p. 28; §2.3; equation (2.3.12)	assertion	equation	Θ̂^(−1)Ŝ^(1)Θ̂=û_2†Ŝ^(1)û_2=−Ŝ^(1), Θ̂^(−1)Ŝ^(3)Θ̂=û_2†Ŝ^(3)û_2=−Ŝ^(3). (2.3.12)	PENDING	NONE	NONE	false	NONE	NONE	NONE
CL-TASAKI2020-0161	TASAKI2020	000043.0006	PG-TASAKI2020-0043	PDF p. 43; print p. 28; §2.3; equation (2.3.13)	assertion	equation	Θ̂^(−1)Ŝ^(2)Θ̂=−û_2†Ŝ^(2)û_2=−Ŝ^(2). (2.3.13)	PENDING	NONE	NONE	false	NONE	NONE	NONE
CL-TASAKI2020-0162	TASAKI2020	000043.0007	PG-TASAKI2020-0043	PDF p. 43; print p. 28; §2.3; equation (2.3.14)	assertion	equation	Θ̂^(−1)Ŝ^(α)Θ̂=−Ŝ^(α). (2.3.14)	PENDING	NONE	NONE	false	NONE	NONE	NONE
CL-TASAKI2020-0163	TASAKI2020	000043.0008	PG-TASAKI2020-0043	PDF p. 43; print p. 28; §2.3; paragraph 9	domain	domain	Take an arbitrary state |Φ⟩=∑_σ c_σ|Ψ^σ⟩, where c_σ∈ℂ and |Ψ^σ⟩ is defined in (2.2.1).	PENDING	NONE	NONE	false	NONE	NONE	NONE
CL-TASAKI2020-0164	TASAKI2020	000043.0009	PG-TASAKI2020-0043	PDF p. 43; print p. 28; §2.3; equation (2.3.15)	assertion	equation	Θ̂:=Û_2K̂=K̂Û_2, Θ̂^(−1)=K̂Û_2†=Û_2†K̂. (2.3.15)	PENDING	NONE	NONE	false	NONE	NONE	NONE
CL-TASAKI2020-0165	TASAKI2020	000044.0001	PG-TASAKI2020-0044	PDF p. 44; print p. 29; §2.3; equation (2.3.16)	assertion	equation	Θ̂|Φ⟩ = ∑σ {∏_{x∈Λ}(−1)^(S+σx)}(c−σ)*|Ψσ⟩. (2.3.16)	PENDING	NONE	NONE	false	NONE	NONE	NONE
CL-TASAKI2020-0166	TASAKI2020	000044.0002	PG-TASAKI2020-0044	PDF p. 44; print p. 29; §2.3; equation (2.3.17)	assertion	equation	Θ̂^(−1)|Φ⟩ = ∑σ {∏_{x∈Λ}(−1)^(S−σx)}(c−σ)*|Ψσ⟩. (2.3.17)	PENDING	NONE	NONE	false	NONE	NONE	NONE
CL-TASAKI2020-0167	TASAKI2020	000044.0003	PG-TASAKI2020-0044	PDF p. 44; print p. 29; §2.3; equation (2.3.18)	assertion	equation	Θ̂^(−1)ÂΘ̂ = Θ̂ÂΘ̂^(−1) = ∑_{σ,τ}( ⟨Ψσ|Â|Ψτ⟩ )* Û2†|Ψσ⟩⟨Ψτ|Û2. (2.3.18)	PENDING	NONE	NONE	false	NONE	NONE	NONE
CL-TASAKI2020-0168	TASAKI2020	000044.0004	PG-TASAKI2020-0044	PDF p. 44; print p. 29; §2.3; equation (2.3.19)	assertion	equation	Θ̂^(−1)1̂Θ̂=1̂. (2.3.19)	PENDING	NONE	NONE	false	NONE	NONE	NONE
CL-TASAKI2020-0169	TASAKI2020	000044.0005	PG-TASAKI2020-0044	PDF p. 44; print p. 29; §2.3; equation (2.3.20)	assertion	equation	Θ̂^(−1)Â†Θ̂=(Θ̂^(−1)ÂΘ̂)†. (2.3.20)	PENDING	NONE	NONE	false	NONE	NONE	NONE
CL-TASAKI2020-0170	TASAKI2020	000044.0006	PG-TASAKI2020-0044	PDF p. 44; print p. 29; §2.3; equation (2.3.21)	assertion	equation	Θ̂^(−1)(αÂ+βB̂)Θ̂=α*(Θ̂^(−1)ÂΘ̂)+β*(Θ̂^(−1)B̂Θ̂). (2.3.21)	PENDING	NONE	NONE	false	NONE	NONE	NONE
CL-TASAKI2020-0171	TASAKI2020	000044.0007	PG-TASAKI2020-0044	PDF p. 44; print p. 29; §2.3; equation (2.3.22)	assertion	equation	Θ̂^(−1)(ÂB̂)Θ̂=(Θ̂^(−1)ÂΘ̂)(Θ̂^(−1)B̂Θ̂). (2.3.22)	PENDING	NONE	NONE	false	NONE	NONE	NONE
CL-TASAKI2020-0172	TASAKI2020	000044.0008	PG-TASAKI2020-0044	PDF p. 44; print p. 29; §2.3; equation (2.3.23)	assertion	equation	Θ̂^(−1)Ŝ_x^(α)Θ̂=−Ŝ_x^(α). (2.3.23)	PENDING	NONE	NONE	false	NONE	NONE	NONE
CL-TASAKI2020-0173	TASAKI2020	000044.0009	PG-TASAKI2020-0044	PDF p. 44; print p. 29; §2.3; paragraph 8	assertion	unnumbered_obligation	Time reversal sends Ŝ_x^(α) to −Ŝ_x^(α) for every α=1,2,3 and x∈Λ; together with the general algebraic properties, this determines the time-reversal map on all linear operators.	PENDING	NONE	NONE	false	NONE	NONE	NONE
CL-TASAKI2020-0174	TASAKI2020	000044.0010	PG-TASAKI2020-0044	PDF p. 44; print p. 29; §2.3; paragraph 9	assertion	unnumbered_obligation	Then a general result known as Wigner’s theorem guarantees that there exists an antiunitary operator Θ̂ such that Γtr ( Â) = Θ̂ −1 ÂΘ̂ for any Â.	PENDING	NONE	NONE	false	NONE	NONE	NONE
CL-TASAKI2020-0175	TASAKI2020	000045.0001	PG-TASAKI2020-0045	PDF p. 45; print p. 30; §2.3; equation (2.3.24)	assertion	equation	i d|Φ(t)⟩/dt=Ĥ|Φ(t)⟩. (2.3.24)	PENDING	NONE	NONE	false	NONE	NONE	NONE
CL-TASAKI2020-0176	TASAKI2020	000045.0002	PG-TASAKI2020-0045	PDF p. 45; print p. 30; §2.3; equation (2.3.25)	assertion	equation	−i d(Θ̂|Φ(t)⟩)/dt=Θ̂Ĥ|Φ(t)⟩=Θ̂ĤΘ̂^(−1)Θ̂|Φ(t)⟩=Ĥ_RΘ̂|Φ(t)⟩. (2.3.25)	PENDING	NONE	NONE	false	NONE	NONE	NONE
CL-TASAKI2020-0177	TASAKI2020	000045.0003	PG-TASAKI2020-0045	PDF p. 45; print p. 30; §2.3; equation (2.3.26)	assertion	equation	Ĥ_R:=Θ̂ĤΘ̂^(−1)=Θ̂^(−1)ĤΘ̂. (2.3.26)	PENDING	NONE	NONE	false	NONE	NONE	NONE
CL-TASAKI2020-0178	TASAKI2020	000045.0004	PG-TASAKI2020-0045	PDF p. 45; print p. 30; §2.3; equation (2.3.27)	assertion	equation	|Φ_R(s)⟩=Θ̂|Φ(−s)⟩. (2.3.27)	PENDING	NONE	NONE	false	NONE	NONE	NONE
CL-TASAKI2020-0179	TASAKI2020	000045.0005	PG-TASAKI2020-0045	PDF p. 45; print p. 30; §2.3; equation (2.3.28)	assertion	equation	i d|Φ_R(s)⟩/ds=Ĥ_R|Φ_R(s)⟩. (2.3.28)	PENDING	NONE	NONE	false	NONE	NONE	NONE
CL-TASAKI2020-0180	TASAKI2020	000045.0006	PG-TASAKI2020-0045	PDF p. 45; print p. 30; §2.3; paragraph 11	assertion	unnumbered_obligation	For Ĥ=−B·∑_{x∈Λ}Ŝ_x, the time-reversed Hamiltonian is Ĥ_R=B·∑_{x∈Λ}Ŝ_x.	PENDING	NONE	NONE	false	NONE	NONE	NONE
CL-TASAKI2020-0182	TASAKI2020	000046.0001	PG-TASAKI2020-0046	PDF p. 46; print p. 31; §2.3; equation (2.3.29)	assertion	equation	⟨Φ|Θ̂|Φ⟩=∑_σ{∏_{x∈Λ}(−1)^(S+σ_x)}(c_σc_{−σ})*=(1/2)∑_σ[{∏_{x∈Λ}(−1)^(S+σ_x)}+{∏_{x∈Λ}(−1)^(S−σ_x)}](c_σc_{−σ})*=0. (2.3.29)	PENDING	NONE	NONE	false	NONE	NONE	NONE
CL-TASAKI2020-0183	TASAKI2020	000046.0002	PG-TASAKI2020-0046	PDF p. 46; print p. 31; §2.3; equation (2.3.30)	assertion	equation	Ĥ=Θ̂^(−1)ĤΘ̂. (2.3.30)	PENDING	NONE	NONE	false	NONE	NONE	NONE
CL-TASAKI2020-0184	TASAKI2020	000046.0003	PG-TASAKI2020-0046	PDF p. 46; print p. 31; §2.3; paragraph 4	domain	domain	Let |Φ⟩ be an arbitrary eigenstate of Ĥ , i.e, Ĥ |Φ⟩ = E|Φ⟩.	PENDING	NONE	NONE	false	NONE	NONE	NONE
CL-TASAKI2020-0185	TASAKI2020	000046.0004	PG-TASAKI2020-0046	PDF p. 46; print p. 31; §2.3; equation (2.3.31)	assertion	equation	ĤΘ̂|Φ⟩=Θ̂Θ̂^(−1)ĤΘ̂|Φ⟩=Θ̂Ĥ|Φ⟩=EΘ̂|Φ⟩. (2.3.31)	PENDING	NONE	NONE	false	NONE	NONE	NONE
CL-TASAKI2020-0186	TASAKI2020	000046.0005	PG-TASAKI2020-0046	PDF p. 46; print p. 31; §2.3; equation (2.3.32)	assertion	equation	Ĥ=J_1Ŝ_1^(1)Ŝ_2^(1)+J_2Ŝ_2^(2)Ŝ_3^(2)+J_3Ŝ_3^(3)Ŝ_1^(3). (2.3.32)	PENDING	NONE	NONE	false	NONE	NONE	NONE
CL-TASAKI2020-0187	TASAKI2020	000046.0006	PG-TASAKI2020-0046	PDF p. 46; print p. 31; §2.3; Problem 2.3.a	assertion	problem	Problem 2.3.a Here we use the notations in Appendix A.4.3. Let V be an antiunitary operator such that V2 = −I. Then prove that ⟨v, Vv⟩ = 0 for any v. Note that (2.3.8) and (2.3.29) are special cases of this result. [solution→p.496]	PENDING	NONE	NONE	false	NONE	NONE	NONE
CL-TASAKI2020-0188	TASAKI2020	000047.0001	PG-TASAKI2020-0047	PDF p. 47; print p. 32; §2.4; paragraph 2	domain	domain	Let Λ be an arbitrary finite lattice.	PENDING	NONE	NONE	false	NONE	NONE	NONE
CL-TASAKI2020-0189	TASAKI2020	000047.0002	PG-TASAKI2020-0047	PDF p. 47; print p. 32; §2.4; equation (2.4.1)	assertion	equation	Ĥ = −∑_{{x,y}∈B} Ŝx·Ŝy. (2.4.1)	PENDING	NONE	NONE	false	NONE	NONE	NONE
CL-TASAKI2020-0190	TASAKI2020	000047.0003	PG-TASAKI2020-0047	PDF p. 47; print p. 32; §2.4; equation (2.4.2)	assertion	equation	[Ĥ,Ŝ_tot^(α)]=0. (2.4.2)	PENDING	NONE	NONE	false	NONE	NONE	NONE
CL-TASAKI2020-0191	TASAKI2020	000047.0004	PG-TASAKI2020-0047	PDF p. 47; print p. 32; §2.4; paragraph 4	assertion	unnumbered_obligation	The Hamiltonian is SU(2)-invariant: [Ĥ,Û_θ^(α)]=0 for all α and θ.	PENDING	NONE	NONE	false	NONE	NONE	NONE
CL-TASAKI2020-0192	TASAKI2020	000047.0005	PG-TASAKI2020-0047	PDF p. 47; print p. 32; §2.4; equation (2.4.3)	assertion	equation	(Û_θ^(α))†ĤÛ_θ^(α)=Ĥ. (2.4.3)	PENDING	NONE	NONE	false	NONE	NONE	NONE
CL-TASAKI2020-0193	TASAKI2020	000047.0006	PG-TASAKI2020-0047	PDF p. 47; print p. 32; §2.4; equation (2.4.4)	assertion	equation	|Φ↑⟩ := ⊗_{x∈Λ}|ψxS⟩. (2.4.4)	PENDING	NONE	NONE	false	NONE	NONE	NONE
CL-TASAKI2020-0194	TASAKI2020	000047.0007	PG-TASAKI2020-0047	PDF p. 47; print p. 32; §2.4; paragraph 7	assertion	unnumbered_obligation	The fully polarized state is the unique state satisfying (Ŝ_tot)²|Φ_↑⟩=S_max(S_max+1)|Φ_↑⟩ and Ŝ_tot^(3)|Φ_↑⟩=S_max|Φ_↑⟩, where S_max=|Λ|S.	PENDING	NONE	NONE	false	NONE	NONE	NONE
CL-TASAKI2020-0195	TASAKI2020	000047.0008	PG-TASAKI2020-0047	PDF p. 47; print p. 32; §2.4; equation (2.4.5)	assertion	equation	Ĥ|Φ^↑⟩=−|B|S²|Φ^↑⟩. (2.4.5)	PENDING	NONE	NONE	false	NONE	NONE	NONE
CL-TASAKI2020-0196	TASAKI2020	000048.0001	PG-TASAKI2020-0048	PDF p. 48; print p. 33; §2.4; equation (2.4.6)	assertion	equation	|Ξ_{θ,ϕ}⟩:=Û_ϕ^(3)Û_θ^(2)|Φ^↑⟩. (2.4.6)	PENDING	NONE	NONE	false	NONE	NONE	NONE
CL-TASAKI2020-0197	TASAKI2020	000048.0002	PG-TASAKI2020-0048	PDF p. 48; print p. 33; §2.4; equation (2.4.7)	assertion	equation	Ĥ|Ξ_{θ,ϕ}⟩=ĤÛ_ϕ^(3)Û_θ^(2)|Φ^↑⟩=Û_ϕ^(3)Û_θ^(2)Ĥ|Φ^↑⟩=E_GS|Ξ_{θ,ϕ}⟩. (2.4.7)	PENDING	NONE	NONE	false	NONE	NONE	NONE
CL-TASAKI2020-0198	TASAKI2020	000048.0003	PG-TASAKI2020-0048	PDF p. 48; print p. 33; §2.4; paragraph 6	assertion	unnumbered_obligation	To see that it is pointing in the desired direction, we note that (2.1.20) implies (Ûϕ(3) Ûθ(2) ) Ŝtot (3) (Ûϕ(3) Ûθ(2) )† = Ŝtot · n(θ, ϕ).	PENDING	NONE	NONE	false	NONE	NONE	NONE
CL-TASAKI2020-0199	TASAKI2020	000048.0004	PG-TASAKI2020-0048	PDF p. 48; print p. 33; §2.4; equation (2.4.8)	assertion	equation	Ŝ_tot·n(θ,ϕ)|Ξ_{θ,ϕ}⟩=Û_ϕ^(3)Û_θ^(2)Ŝ_tot^(3)|Φ^↑⟩=S_max|Ξ_{θ,ϕ}⟩. (2.4.8)	PENDING	NONE	NONE	false	NONE	NONE	NONE
CL-TASAKI2020-0200	TASAKI2020	000048.0005	PG-TASAKI2020-0048	PDF p. 48; print p. 33; §2.4; paragraph 11	assertion	unnumbered_obligation	The state |Φ_M⟩ satisfies Ŝ_tot^(3)|Φ_M⟩=M|Φ_M⟩ and, because [Ĥ,Ŝ_tot^−]=0, it is a ground state with energy E_GS.	PENDING	NONE	NONE	false	NONE	NONE	NONE
CL-TASAKI2020-0201	TASAKI2020	000048.0006	PG-TASAKI2020-0048	PDF p. 48; print p. 33; §2.4; paragraph 13	assertion	unnumbered_obligation	In one and two dimensions, the Hohenberg–Mermin–Wagner theorem implies that the ferromagnetic Heisenberg model has no ferromagnetic order at nonzero temperature.	PENDING	NONE	NONE	false	NONE	NONE	NONE
CL-TASAKI2020-0202	TASAKI2020	000048.0007	PG-TASAKI2020-0048	PDF p. 48; print p. 33; §2.4; equation (2.4.9)	assertion	equation	|Φ_M⟩:=((Ŝ_tot^−)^(|Λ|S−M)|Φ^↑⟩)/‖(Ŝ_tot^−)^(|Λ|S−M)|Φ^↑⟩‖. (2.4.9)	PENDING	NONE	NONE	false	NONE	NONE	NONE
CL-TASAKI2020-0203	TASAKI2020	000049.0001	PG-TASAKI2020-0049	PDF p. 49; print p. 34; §2.4; Theorem 2.1	assertion	theorem	Theorem 2.1 Assume that the lattice (Λ, B) is connected. Then any state |Φ⟩ such that Ĥ|Φ⟩ = E_GS|Φ⟩ is written as |Φ⟩ = ∑_{M=−|Λ|S}^{|Λ|S} c_M |Φ_M⟩, (2.4.10) with suitable coefficients c_M ∈ ℂ.	PENDING	NONE	NONE	false	NONE	NONE	NONE
CL-TASAKI2020-0204	TASAKI2020	000049.0002	PG-TASAKI2020-0049	PDF p. 49; print p. 34; §2.4; equation (2.4.10)	assertion	equation	|Φ⟩ = ∑_{M=−|Λ|S}^{|Λ|S} cM|ΦM⟩. (2.4.10)	PENDING	NONE	NONE	false	NONE	NONE	NONE
CL-TASAKI2020-0205	TASAKI2020	000049.0003	PG-TASAKI2020-0049	PDF p. 49; print p. 34; §2.4; paragraph 5, atom 1	assertion	unnumbered_obligation	We also note that (2.4.10) are the only states which have the maximum total spin Smax = |Λ|S, i.e., states which satisfy ( Ŝtot )2 |Φ⟩ = Smax (Smax + 1)|Φ⟩.	PENDING	NONE	NONE	false	NONE	NONE	NONE
CL-TASAKI2020-0206	TASAKI2020	000049.0004	PG-TASAKI2020-0049	PDF p. 49; print p. 34; §2.4; paragraph 5, atom 2	assertion	unnumbered_obligation	For S=1/2, a maximum-total-spin state has S_max=|Λ|/2 and the product-state representation (2.4.11).	PENDING	NONE	NONE	false	NONE	NONE	NONE
CL-TASAKI2020-0207	TASAKI2020	000049.0005	PG-TASAKI2020-0049	PDF p. 49; print p. 34; §2.4; equation (2.4.11)	assertion	equation	|ΦM⟩ = √{(Smax + M)!(Smax − M)!/(2Smax)!} ∑_{σ: σ̄=M} |Ψσ⟩. (2.4.11)	PENDING	NONE	NONE	false	NONE	NONE	NONE
CL-TASAKI2020-0208	TASAKI2020	000049.0006	PG-TASAKI2020-0049	PDF p. 49; print p. 34; §2.4; Problem 2.4.a	assertion	problem	Problem 2.4.a Prove Theorem 2.1. The proof uses an idea presented in the Proof of Theorem 2.2. [solution→p.496]	PENDING	NONE	NONE	false	NONE	NONE	NONE
CL-TASAKI2020-0209	TASAKI2020	000049.0007	PG-TASAKI2020-0049	PDF p. 49; print p. 34; §2.4; Problem 2.4.b	assertion	problem	Problem 2.4.b Express the ground state |Φ M ⟩ for a given M in terms of the ground states |Ξθ,ϕ ⟩. [solution→p.496]	PENDING	NONE	NONE	false	NONE	NONE	NONE
CL-TASAKI2020-0210	TASAKI2020	000049.0008	PG-TASAKI2020-0049	PDF p. 49; print p. 34; §2.4; Problem 2.4.c	assertion	problem	Problem 2.4.c Express the ground state |Ξθ,ϕ ⟩ for given θ and ϕ in terms of the ground states |Φ M ⟩. It is enough to solve the case with S = 1/2 since a general spin can be represented by using S = 1/2 spins. (Hint: Use (2.4.11) and the result of Problem 2.1.d in p.18.) [solution→p.497]	PENDING	NONE	NONE	false	NONE	NONE	NONE
CL-TASAKI2020-0211	TASAKI2020	000049.0009	PG-TASAKI2020-0049	PDF p. 49; print p. 34; §2.4; equation (2.4.12)	assertion	equation	−∑_{y∈Λ} Δx,y fy = λfx for each x∈Λ. (2.4.12)	PENDING	NONE	NONE	false	NONE	NONE	NONE
CL-TASAKI2020-0212	TASAKI2020	000050.0001	PG-TASAKI2020-0050	PDF p. 50; print p. 35; §2.4; paragraph 2	definition	definition	The lattice Laplacian is the real symmetric matrix Δ with Δ_{x,y}=−|N(x)| if x=y, Δ_{x,y}=1 if {x,y}∈B, and Δ_{x,y}=0 otherwise. (2.4.13)	PENDING	NONE	NONE	false	NONE	NONE	NONE
CL-TASAKI2020-0213	TASAKI2020	000050.0002	PG-TASAKI2020-0050	PDF p. 50; print p. 35; §2.4; equation (2.4.13)	assertion	equation	Δx,y = {−|N(x)| if x=y; 1 if {x,y}∈B; 0 otherwise}. (2.4.13)	PENDING	NONE	NONE	false	NONE	NONE	NONE
CL-TASAKI2020-0214	TASAKI2020	000050.0003	PG-TASAKI2020-0050	PDF p. 50; print p. 35; §2.4; equation (2.4.14)	assertion	equation	∑_{x,y∈Λ}(gx)*Δx,y gy = −∑_{{x,y}∈B}|gx−gy|². (2.4.14)	PENDING	NONE	NONE	false	NONE	NONE	NONE
CL-TASAKI2020-0215	TASAKI2020	000050.0004	PG-TASAKI2020-0050	PDF p. 50; print p. 35; §2.4; equation (2.4.15)	assertion	equation	λ∑_{x∈Λ}|fx|² = ∑_{{x,y}∈B}|fx−fy|². (2.4.15)	PENDING	NONE	NONE	false	NONE	NONE	NONE
CL-TASAKI2020-0216	TASAKI2020	000050.0005	PG-TASAKI2020-0050	PDF p. 50; print p. 35; §2.4; Problem 2.4.d	assertion	problem	Problem 2.4.d Derive (2.4.14). This is not difficult. The reader unfamiliar with the relation is encouraged to derive it. [solution→p.497]	PENDING	NONE	NONE	false	NONE	NONE	NONE
CL-TASAKI2020-0217	TASAKI2020	000050.0006	PG-TASAKI2020-0050	PDF p. 50; print p. 35; §2.4; equation (2.4.16)	assertion	equation	2fx−fx+1−fx−1 = λfx. (2.4.16)	PENDING	NONE	NONE	false	NONE	NONE	NONE
CL-TASAKI2020-0218	TASAKI2020	000050.0007	PG-TASAKI2020-0050	PDF p. 50; print p. 35; §2.4; equation (2.4.17)	assertion	equation	fx^(k) = (1/√L)e^(ikx),  λ(k)=2(1−cos k). (2.4.17)	PENDING	NONE	NONE	false	NONE	NONE	NONE
CL-TASAKI2020-0219	TASAKI2020	000050.0008	PG-TASAKI2020-0050	PDF p. 50; print p. 35; §2.4; paragraph 7	definition	definition	For every eigenvector f satisfying (2.4.12), define |Φ_f⟩:=∑_{x∈Λ}f_x|Γ_x⟩. (2.4.18)	PENDING	NONE	NONE	false	NONE	NONE	NONE
CL-TASAKI2020-0220	TASAKI2020	000050.0009	PG-TASAKI2020-0050	PDF p. 50; print p. 35; §2.4; equation (2.4.18)	assertion	equation	|Φf⟩ := ∑_{x∈Λ} fx|Γx⟩. (2.4.18)	PENDING	NONE	NONE	false	NONE	NONE	NONE
CL-TASAKI2020-0221	TASAKI2020	000051.0001	PG-TASAKI2020-0051	PDF p. 51; print p. 36; §2.4; equation (2.4.19)	assertion	equation	|Γx⟩ = (⊗_{y≠x}|ψyS⟩)⊗|ψx,S−1⟩ = 1/√{2S} Ŝx−|Φ↑⟩. (2.4.19)	PENDING	NONE	NONE	false	NONE	NONE	NONE
CL-TASAKI2020-0222	TASAKI2020	000051.0002	PG-TASAKI2020-0051	PDF p. 51; print p. 36; §2.4; equation (2.4.20)	assertion	equation	Ĥ|Φ_f⟩=(E_GS+λS)|Φ_f⟩. (2.4.20)	PENDING	NONE	NONE	false	NONE	NONE	NONE
CL-TASAKI2020-0223	TASAKI2020	000051.0003	PG-TASAKI2020-0051	PDF p. 51; print p. 36; §2.4; equation (2.4.21)	assertion	equation	−(∑_{{u,v}∈B} Ŝu^(3)Ŝv^(3))|Γx⟩ = −{(|B|−|N(x)|)S²+|N(x)|S(S−1)}|Γx⟩ = {−|B|S²+|N(x)|S}|Γx⟩. (2.4.21)	PENDING	NONE	NONE	false	NONE	NONE	NONE
CL-TASAKI2020-0224	TASAKI2020	000051.0004	PG-TASAKI2020-0051	PDF p. 51; print p. 36; §2.4; equation (2.4.22)	assertion	equation	−(1/2)∑_{{u,v}∈B}{Ŝu+Ŝv−+Ŝu−Ŝv+}|Γx⟩ = −S∑_{y∈N(x)}|Γy⟩. (2.4.22)	PENDING	NONE	NONE	false	NONE	NONE	NONE
CL-TASAKI2020-0225	TASAKI2020	000051.0005	PG-TASAKI2020-0051	PDF p. 51; print p. 36; §2.4; equation (2.4.23)	assertion	equation	(Ĥ+|B|S²)∑_{x∈Λ}fx|Γx⟩ = S∑_{x∈Λ}|N(x)|fx|Γx⟩−S∑_{x∈Λ}fx∑_{y∈N(x)}|Γy⟩ = S∑_{x∈Λ}∑_{y∈N(x)}(fx−fy)|Γx⟩ = −S∑_{x,y∈Λ}Δx,y fy|Γx⟩ = λS∑_{x∈Λ}fx|Γx⟩. (2.4.23)	PENDING	NONE	NONE	false	NONE	NONE	NONE
CL-TASAKI2020-0226	TASAKI2020	000051.0006	PG-TASAKI2020-0051	PDF p. 51; print p. 36; §2.4; equation (2.4.24)	assertion	equation	∑_{x∈Λ}∑_{y∈N(x)}fx|Γy⟩ = ∑_{x,y∈Λ:{x,y}∈B}fx|Γy⟩ = ∑_{x,y∈Λ:{x,y}∈B}fy|Γx⟩ = ∑_{x∈Λ}∑_{y∈N(x)}fy|Γx⟩. (2.4.24)	PENDING	NONE	NONE	false	NONE	NONE	NONE
CL-TASAKI2020-0227	TASAKI2020	000052.0001	PG-TASAKI2020-0052	PDF p. 52; print p. 37; §2.5; paragraph 3, atom 1	hypothesis	hypothesis	Definition of the model Here we make an additional assumption that the lattice is bipartite.	PENDING	NONE	NONE	false	NONE	NONE	NONE
CL-TASAKI2020-0228	TASAKI2020	000052.0002	PG-TASAKI2020-0052	PDF p. 52; print p. 37; §2.5; paragraph 3, atom 2	assertion	unnumbered_obligation	More precisely, the lattice (Λ, B) is bipartite if Λ = A ∪ B with A ∩ B = ∅, and for any {x, y} ∈ B one has either x ∈ A, y ∈ B or x ∈ B, y ∈ A.	PENDING	NONE	NONE	false	NONE	NONE	NONE
CL-TASAKI2020-0229	TASAKI2020	000052.0003	PG-TASAKI2020-0052	PDF p. 52; print p. 37; §2.5; equation (2.5.1)	assertion	equation	Ĥ = ∑_{{x,y}∈B} Ŝx·Ŝy. (2.5.1)	PENDING	NONE	NONE	false	NONE	NONE	NONE
CL-TASAKI2020-0230	TASAKI2020	000052.0004	PG-TASAKI2020-0052	PDF p. 52; print p. 37; §2.5; equation (2.5.2)	assertion	equation	|Φ_Néel⟩:=(⊗_{x∈A}|ψ_x^S⟩)⊗(⊗_{y∈B}|ψ_y^(−S)⟩). (2.5.2)	PENDING	NONE	NONE	false	NONE	NONE	NONE
CL-TASAKI2020-0231	TASAKI2020	000052.0005	PG-TASAKI2020-0052	PDF p. 52; print p. 37; §2.5; equation (2.5.3)	assertion	equation	Ŝ_x·Ŝ_y|ψ_x^S⟩|ψ_y^(−S)⟩=−S²|ψ_x^S⟩|ψ_y^(−S)⟩+S|ψ_x^(S−1)⟩|ψ_y^(−S+1)⟩. (2.5.3)	PENDING	NONE	NONE	false	NONE	NONE	NONE
CL-TASAKI2020-0232	TASAKI2020	000053.0001	PG-TASAKI2020-0053	PDF p. 53; print p. 38; §2.5; Problem 2.5.a	assertion	problem	Problem 2.5.a Consider z+1 spins Ŝ0,Ŝ1,…,Ŝz with spin quantum number S. Show that the ground-state energy of ĥ0=∑_{j=1}^z Ŝ0·Ŝj is −S(1+zS). [solution→p.497]	PENDING	NONE	NONE	false	NONE	NONE	NONE
CL-TASAKI2020-3290	TASAKI2020	000053.0002	PG-TASAKI2020-0053	PDF p. 53; print p. 38; §2.5; Problem 2.5.b; v8 source-atomic partition	assertion	problem	Problem 2.5.b Using the result of Problem 2.5.a, derive a lower bound for the ground-state energy E_GS of the Hamiltonian (2.5.1). [solution→p.497]	PENDING	NONE	NONE	false	NONE	NONE	NONE
CL-TASAKI2020-3291	TASAKI2020	000053.0003	PG-TASAKI2020-0053	PDF p. 53; print p. 38; §2.5; Problem 2.5.b; v8 source-atomic partition	assertion	subclaim	If the ground-state energies of Ĥ₁ and Ĥ₂ are E₀, then the ground-state energy of Ĥ₁+Ĥ₂ is not less than 2E₀; this follows from Lemma A.5 (p. 468).	PENDING	NONE	NONE	false	NONE	NONE	NONE
CL-TASAKI2020-0234	TASAKI2020	000053.0004	PG-TASAKI2020-0053	PDF p. 53; print p. 38; §2.5; paragraph 5	hypothesis	hypothesis	Note that we do not assume that Ĥ1 and Ĥ2 commute.	PENDING	NONE	NONE	false	NONE	NONE	NONE
CL-TASAKI2020-0235	TASAKI2020	000053.0005	PG-TASAKI2020-0053	PDF p. 53; print p. 38; §2.5; Fig. 2.1 caption	assertion	remark	Fig. 2.1 a A bipartite lattice. Sites in two sublattices are distinguished by black and gray dots. b A non-bipartite lattice.	PENDING	NONE	NONE	false	NONE	NONE	NONE
CL-TASAKI2020-0236	TASAKI2020	000054.0001	PG-TASAKI2020-0054	PDF p. 54; print p. 39; §2.5; paragraph 2, atom 1	definition	definition	Recall that, for a spin configuration σ=(σ_x)_{x∈Λ}, we have defined σ̄:=∑_{x∈Λ}σ_x in (2.2.2).	PENDING	NONE	NONE	false	NONE	NONE	NONE
CL-TASAKI2020-3292	TASAKI2020	000054.0002	PG-TASAKI2020-0054	PDF p. 54; print p. 39; §2.5; Theorem 2.2; v8 source-atomic partition	hypothesis	hypothesis	Let (Λ,B) be a connected bipartite lattice with |A|=|B|.	PENDING	NONE	NONE	false	NONE	NONE	NONE
CL-TASAKI2020-0238	TASAKI2020	000054.0003	PG-TASAKI2020-0054	PDF p. 54; print p. 39; §2.5; paragraph 2, atom 2	assertion	unnumbered_obligation	Then the ground state, |ΦGS ⟩, is unique and has total spin Stot = 0.	PENDING	NONE	NONE	false	NONE	NONE	NONE
CL-TASAKI2020-0239	TASAKI2020	000054.0004	PG-TASAKI2020-0054	PDF p. 54; print p. 39; §2.5; equation (2.5.4)	assertion	equation	|ΦGS⟩ = ∑_{σ:σ̄=0}{∏_{x∈B}(−1)^(σx−S)}cσ|Ψσ⟩. (2.5.4)	PENDING	NONE	NONE	false	NONE	NONE	NONE
CL-TASAKI2020-3293	TASAKI2020	000054.0005	PG-TASAKI2020-0054	PDF p. 54; print p. 39; §2.5; Theorem 2.2; v8 source-atomic partition	assertion	unnumbered_obligation	In the expansion (2.5.4), c_σ>0 for every σ with σ̄=0.	PENDING	NONE	NONE	false	NONE	NONE	NONE
CL-TASAKI2020-0240	TASAKI2020	000054.0006	PG-TASAKI2020-0054	PDF p. 54; print p. 39; §2.5; equation (2.5.5)	assertion	equation	Û_θ^(α)|Φ_GS⟩=|Φ_GS⟩. (2.5.5)	PENDING	NONE	NONE	false	NONE	NONE	NONE
CL-TASAKI2020-0241	TASAKI2020	000054.0007	PG-TASAKI2020-0054	PDF p. 54; print p. 39; §2.5; Problem 2.5.c	assertion	problem	Problem 2.5.c Show, for the present ground state, that ⟨ΦGS|(Ŝx^(α))²|ΦGS⟩ = S(S+1)/3, (2.5.6) for any α=1,2,3 and x∈Λ. (This is easy.) [solution→p.498]	PENDING	NONE	NONE	false	NONE	NONE	NONE
CL-TASAKI2020-0242	TASAKI2020	000054.0008	PG-TASAKI2020-0054	PDF p. 54; print p. 39; §2.5; equation (2.5.6)	assertion	equation	⟨Φ_GS|(Ŝ_x^(α))²|Φ_GS⟩=S(S+1)/3. (2.5.6)	PENDING	NONE	NONE	false	NONE	NONE	NONE
CL-TASAKI2020-2972	TASAKI2020	000054.0009	PG-TASAKI2020-0054	PDF p. 54; print p. 39; §2.5; Footnote 33	assertion	remark	(Ŝ_tot)²|Φ_GS⟩=0 implies Ŝ_tot^(α)|Φ_GS⟩=0 for α=1,2,3.	PENDING	NONE	NONE	false	NONE	NONE	NONE
CL-TASAKI2020-2973	TASAKI2020	000054.0010	PG-TASAKI2020-0054	PDF p. 54; print p. 39; §2.5; Footnote 34	definition	definition	A state |Φ⟩ is SU(2)-invariant when Û_θ^(α)|Φ⟩=c|Φ⟩ for every α and θ, where c∈ℂ may depend on α and θ and satisfies |c|=1.	PENDING	NONE	NONE	false	NONE	NONE	NONE
CL-TASAKI2020-0244	TASAKI2020	000055.0001	PG-TASAKI2020-0055	PDF p. 55; print p. 40; §2.5; Problem 2.5.d	assertion	problem	Problem 2.5.d Under the conditions of Theorem 2.2, prove that the two-spin correlation functions in the ground state have the following sign: ⟨ΦGS|Ŝx·Ŝy|ΦGS⟩ > 0 when x,y∈A or x,y∈B, and ⟨ΦGS|Ŝx·Ŝy|ΦGS⟩ < 0 when x∈A,y∈B or x∈B,y∈A. (2.5.7) Hint: define Û := ∏_{x∈B}(−1)^(Ŝx^(3)−S), with which (2.5.4) is written as |ΦGS⟩ = Û∑_{σ:σ̄=0}cσ|Ψσ⟩. [solution→p.498]	PENDING	NONE	NONE	false	NONE	NONE	NONE
CL-TASAKI2020-0245	TASAKI2020	000055.0002	PG-TASAKI2020-0055	PDF p. 55; print p. 40; §2.5; equation (2.5.7)	assertion	equation	⟨Φ_GS|Ŝ_x·Ŝ_y|Φ_GS⟩ { >0 if x,y∈A or x,y∈B; <0 if x∈A,y∈B or x∈B,y∈A }. (2.5.7)	PENDING	NONE	NONE	false	NONE	NONE	NONE
CL-TASAKI2020-0246	TASAKI2020	000055.0003	PG-TASAKI2020-0055	PDF p. 55; print p. 40; §2.5; paragraph 4, atom 1	definition	definition	Bipartiteness is essential for the Marshall–Lieb–Mattis theorem.	PENDING	NONE	NONE	false	NONE	NONE	NONE
CL-TASAKI2020-0247	TASAKI2020	000055.0004	PG-TASAKI2020-0055	PDF p. 55; print p. 40; §2.5; equation (2.5.8)	assertion	equation	|Ψ̃σ⟩ := {∏_{x∈B}(−1)^(σx−S)}|Ψσ⟩. (2.5.8)	PENDING	NONE	NONE	false	NONE	NONE	NONE
CL-TASAKI2020-0248	TASAKI2020	000055.0005	PG-TASAKI2020-0055	PDF p. 55; print p. 40; §2.5; paragraph 5	domain	domain	For σ̄=0, define |Ψ̃^σ⟩:=∏_{x∈B}(−1)^(σ_x−S)|Ψ^σ⟩. (2.5.8)	PENDING	NONE	NONE	false	NONE	NONE	NONE
CL-TASAKI2020-2974	TASAKI2020	000055.0006	PG-TASAKI2020-0055	PDF p. 55; print p. 40; §2.5; Proof of Theorem 2.2; item (ii)	assertion	unnumbered_obligation	Each nonzero action of Ŝ_x^+Ŝ_y^− or Ŝ_x^−Ŝ_y^+ switches the Marshall sign factor ∏_{x∈B}(−1)^(σ_x−S).	PENDING	NONE	NONE	false	NONE	NONE	NONE
CL-TASAKI2020-2975	TASAKI2020	000055.0007	PG-TASAKI2020-0055	PDF p. 55; print p. 40; §2.5; Proof of Theorem 2.2; item (iii)	assertion	unnumbered_obligation	Connectivity of the lattice implies that any two configurations σ,σ′ with σ̄=σ̄′=0 are connected in the Perron–Frobenius sense by a sequence of nonvanishing Hamiltonian matrix elements in the transformed basis.	PENDING	NONE	NONE	false	NONE	NONE	NONE
CL-TASAKI2020-0250	TASAKI2020	000055.0008	PG-TASAKI2020-0055	PDF p. 55; print p. 40; §2.5; paragraph 6, atom 2	assertion	remark	The Perron–Frobenius theorem implies that the ground state in the subspace H₀ is unique and has the strictly positive expansion (2.5.9).	PENDING	NONE	NONE	false	NONE	NONE	NONE
CL-TASAKI2020-0251	TASAKI2020	000055.0009	PG-TASAKI2020-0055	PDF p. 55; print p. 40; §2.5; equation (2.5.9)	assertion	equation	|ΦGS⟩ = ∑_{σ:σ̄=0} cσ|Ψ̃σ⟩. (2.5.9)	PENDING	NONE	NONE	false	NONE	NONE	NONE
CL-TASAKI2020-0252	TASAKI2020	000055.0010	PG-TASAKI2020-0055	PDF p. 55; print p. 40; §2.5; paragraph 4, atom 2	assertion	unnumbered_obligation	The periodic antiferromagnetic Heisenberg chain Ĥ_L=∑_{x=1}^L Ŝ_x·Ŝ_{x+1}, with Ŝ_{L+1}=Ŝ_1, is bipartite only when L is even.	PENDING	NONE	NONE	false	NONE	NONE	NONE
CL-TASAKI2020-0253	TASAKI2020	000056.0001	PG-TASAKI2020-0056	PDF p. 56; print p. 41; §2.5; equation (2.5.10)	assertion	equation	Ĥtoy := (1/|Λ|)∑_{x∈A}∑_{y∈B} Ŝx·Ŝy = (1/|Λ|)ŜA·ŜB. (2.5.10)	PENDING	NONE	NONE	false	NONE	NONE	NONE
CL-TASAKI2020-0254	TASAKI2020	000056.0002	PG-TASAKI2020-0056	PDF p. 56; print p. 41; §2.5; equation (2.5.11)	assertion	equation	Ĥ_toy=(1/(2|Λ|)){(Ŝ_tot)²−(Ŝ_A)²−(Ŝ_B)²}. (2.5.11)	PENDING	NONE	NONE	false	NONE	NONE	NONE
CL-TASAKI2020-0255	TASAKI2020	000056.0003	PG-TASAKI2020-0056	PDF p. 56; print p. 41; §2.5; paragraph 5	assertion	remark	We clearly have (Ŝ_tot)²|Φ_GS^toy⟩=0. (See Problem 4.2.1.a on p.104.) Note that the toy Hamiltonian (2.5.10) satisfies the conditions for the present theorem.	PENDING	NONE	NONE	false	NONE	NONE	NONE
CL-TASAKI2020-0256	TASAKI2020	000056.0004	PG-TASAKI2020-0056	PDF p. 56; print p. 41; §2.5; equation (2.5.12)	assertion	equation	|ΦGS^toy⟩ = ∑_{σ:σ̄=0} cσ^toy|Ψ̃σ⟩. (2.5.12)	PENDING	NONE	NONE	false	NONE	NONE	NONE
CL-TASAKI2020-0257	TASAKI2020	000056.0005	PG-TASAKI2020-0056	PDF p. 56; print p. 41; §2.5; paragraph 6, atom 1	assertion	unnumbered_obligation	This, with (2.5.9), implies ⟨Φ_GS^toy|Φ_GS⟩≠0.	PENDING	NONE	NONE	false	NONE	NONE	NONE
CL-TASAKI2020-0258	TASAKI2020	000056.0006	PG-TASAKI2020-0056	PDF p. 56; print p. 41; §2.5; paragraph 6, atom 2	assertion	unnumbered_obligation	Since the uniqueness within H0 implies that |ΦGS ⟩ is an eigenstate of ( Ŝtot )2 , this means ( Ŝtot )2 |ΦGS ⟩ = 0.	PENDING	NONE	NONE	false	NONE	NONE	NONE
CL-TASAKI2020-0259	TASAKI2020	000056.0007	PG-TASAKI2020-0056	PDF p. 56; print p. 41; §2.5; paragraph 6, atom 3	assertion	unnumbered_obligation	This also implies the uniqueness in the whole Hilbert space since the existence of a degenerate ground state in H M with M ≠ 0 implies that there is a degenerate ground state in H0 with Stot ≠ 0.	PENDING	NONE	NONE	false	NONE	NONE	NONE
CL-TASAKI2020-0260	TASAKI2020	000057.0001	PG-TASAKI2020-0057	PDF p. 57; print p. 42; §2.5; paragraph 2, atom 1	domain	domain	Let x, y ∈ Λ and x ≠ y.	PENDING	NONE	NONE	false	NONE	NONE	NONE
CL-TASAKI2020-0261	TASAKI2020	000057.0002	PG-TASAKI2020-0057	PDF p. 57; print p. 42; §2.5; paragraph 2, atom 2	definition	definition	For σ_x<S and σ_y>−S, define F_{x,y}(σ) by increasing σ_x by 1, decreasing σ_y by 1, and leaving every other component unchanged.	PENDING	NONE	NONE	false	NONE	NONE	NONE
CL-TASAKI2020-0262	TASAKI2020	000057.0003	PG-TASAKI2020-0057	PDF p. 57; print p. 42; §2.5; paragraph 2, atom 4	definition	definition	Write σ∼σ′ when σ′ is obtained from σ by a finite sequence F_{x_n,y_n}∘⋯∘F_{x_1,y_1} with {x_j,y_j}∈B. Configurations with σ̄≠σ̄′ are never connected.	PENDING	NONE	NONE	false	NONE	NONE	NONE
CL-TASAKI2020-0263	TASAKI2020	000057.0004	PG-TASAKI2020-0057	PDF p. 57; print p. 42; §2.5; paragraph 3	assertion	unnumbered_obligation	Then for any x, y ∈ Λ with x ≠ y (which do not necessarily form a bond in B), we have Fx,y (σ) ∼ σ for any σ such that σx < S and σ y > −S.	PENDING	NONE	NONE	false	NONE	NONE	NONE
CL-TASAKI2020-0264	TASAKI2020	000057.0005	PG-TASAKI2020-0057	PDF p. 57; print p. 42; §2.5; paragraph 4, atom 1	assertion	unnumbered_obligation	For a positive integer r , consider the statement “for any x ≠ y such that d(x, y) ≤ r , we have Fx,y (σ) ∼ σ for any σ such that σx < S and σ y > −S.” The statement is valid by definition for r = 1.	PENDING	NONE	NONE	false	NONE	NONE	NONE
CL-TASAKI2020-0265	TASAKI2020	000057.0006	PG-TASAKI2020-0057	PDF p. 57; print p. 42; §2.5; paragraph 4, atom 2	domain	domain	Take any x, y ∈ Λ such that d(x, y) = r + 1.	PENDING	NONE	NONE	false	NONE	NONE	NONE
CL-TASAKI2020-0266	TASAKI2020	000057.0007	PG-TASAKI2020-0057	PDF p. 57; print p. 42; §2.5; paragraph 4, atom 3	assertion	unnumbered_obligation	Then there exists a site z ∈ Λ such that {x, z} ∈ B and d(z, y) = r .	PENDING	NONE	NONE	false	NONE	NONE	NONE
CL-TASAKI2020-0267	TASAKI2020	000057.0008	PG-TASAKI2020-0057	PDF p. 57; print p. 42; §2.5; paragraph 4, atom 4	assertion	unnumbered_obligation	When σz < S, we observe that Fx,y (σ) = Fx,z (Fz,y (σ)), which again implies Fx,y (σ) ∼ σ.	PENDING	NONE	NONE	false	NONE	NONE	NONE
CL-TASAKI2020-0268	TASAKI2020	000057.0009	PG-TASAKI2020-0057	PDF p. 57; print p. 42; §2.5; paragraph 6, atom 1	hypothesis	hypothesis	Suppose that σ≠σ′.	PENDING	NONE	NONE	false	NONE	NONE	NONE
CL-TASAKI2020-0269	TASAKI2020	000057.0010	PG-TASAKI2020-0057	PDF p. 57; print p. 42; §2.5; paragraph 6, atom 2	assertion	unnumbered_obligation	Since σ̄=σ̄′, there are x₁,y₁∈Λ such that σ_{x₁}<σ′_{x₁} and σ_{y₁}>σ′_{y₁}.	PENDING	NONE	NONE	false	NONE	NONE	NONE
CL-TASAKI2020-0270	TASAKI2020	000057.0011	PG-TASAKI2020-0057	PDF p. 57; print p. 42; §2.5; Theorem 2.3	assertion	theorem	Theorem 2.3 Let (Λ, B) be a connected bipartite lattice with |A| ≥ 1 and |B| ≥ 1. Then the ground states have total spin Stot = ||A| − |B|| S, and are 2Stot + 1 fold degenerate. The ground states are expanded as in (2.5.4) with the restriction σ̄ = 0 replaced by σ̄ = M, where M = −Stot, …, Stot − 1, Stot.	PENDING	NONE	NONE	false	NONE	NONE	NONE
CL-TASAKI2020-0271	TASAKI2020	000058.0001	PG-TASAKI2020-0058	PDF p. 58; print p. 43; §2.5; paragraph 2	assertion	unnumbered_obligation	One works in ℋ₀ when (|A|−|B|)S is an integer and in ℋ_{1/2} when it is a half-odd-integer; the Perron–Frobenius argument gives a unique ground state in that sector with positive coefficients, and the toy Hamiltonian fixes S_tot=||A|−|B||S.	PENDING	NONE	NONE	false	NONE	NONE	NONE
CL-TASAKI2020-0272	TASAKI2020	000058.0002	PG-TASAKI2020-0058	PDF p. 58; print p. 43; §2.5; paragraph 4	assertion	remark	Theorems 2.2 and 2.3 and the correlation-sign inequalities remain valid for Ĥ=∑_{{x,y}∈B}J_{x,y}Ŝ_x·Ŝ_y when J_{x,y}=J_{y,x}>0 on every bond.	PENDING	NONE	NONE	false	NONE	NONE	NONE
CL-TASAKI2020-0273	TASAKI2020	000058.0003	PG-TASAKI2020-0058	PDF p. 58; print p. 43; §2.5; equation (2.5.13)	assertion	equation	Ĥ = ∑_{{x,y}∈B} Jx,y Ŝx·Ŝy. (2.5.13)	PENDING	NONE	NONE	false	NONE	NONE	NONE
CL-TASAKI2020-0274	TASAKI2020	000058.0004	PG-TASAKI2020-0058	PDF p. 58; print p. 43; §2.5; paragraph 5	hypothesis	hypothesis	Assume J_{x,y}=J_{y,x}>0 for every {x,y}∈B.	PENDING	NONE	NONE	false	NONE	NONE	NONE
CL-TASAKI2020-0275	TASAKI2020	000058.0005	PG-TASAKI2020-0058	PDF p. 58; print p. 43; §2.5; equation (2.5.14)	assertion	equation	Ĥ = ∑_{{x,y}∈B}{Ŝx^(1)Ŝy^(1)+Ŝx^(2)Ŝy^(2)+λŜx^(3)Ŝy^(3)} + D∑_{x∈Λ}(Ŝx^(3))². (2.5.14)	PENDING	NONE	NONE	false	NONE	NONE	NONE
CL-TASAKI2020-3294	TASAKI2020	000058.0006	PG-TASAKI2020-0058	PDF p. 58; print p. 43; §2.5; Theorem 2.4; v8 source-atomic partition	hypothesis	hypothesis	Let (Λ,B) be a connected bipartite lattice with |A|=|B|.	PENDING	NONE	NONE	false	NONE	NONE	NONE
CL-TASAKI2020-3295	TASAKI2020	000058.0007	PG-TASAKI2020-0058	PDF p. 58; print p. 43; §2.5; Theorem 2.4; v8 source-atomic partition	hypothesis	hypothesis	Consider the spin Hamiltonian (2.5.14) under either (i) −1<λ≤1 and D≥0, or (ii) λ≥1 and D≤0.	PENDING	NONE	NONE	false	NONE	NONE	NONE
CL-TASAKI2020-0277	TASAKI2020	000058.0008	PG-TASAKI2020-0058	PDF p. 58; print p. 43; §2.5; paragraph 7	assertion	unnumbered_obligation	Then the ground state |Φ_GS⟩ is unique and satisfies Ŝ_tot^(3)|Φ_GS⟩=0.	PENDING	NONE	NONE	false	NONE	NONE	NONE
CL-TASAKI2020-0278	TASAKI2020	000059.0001	PG-TASAKI2020-0059	PDF p. 59; print p. 44; §2.5; paragraph 2, atom 1	assertion	unnumbered_obligation	We know from Theorem 2.2 that the ground state is unique and in H0 if (λ, D) = (1, 0).	PENDING	NONE	NONE	false	NONE	NONE	NONE
CL-TASAKI2020-0279	TASAKI2020	000059.0002	PG-TASAKI2020-0059	PDF p. 59; print p. 44; §2.5; paragraph 2, atom 2	hypothesis	hypothesis	Suppose that, as one continuously changes (λ, D) from (1, 0), ground states become degenerate.	PENDING	NONE	NONE	false	NONE	NONE	NONE
CL-TASAKI2020-0280	TASAKI2020	000059.0003	PG-TASAKI2020-0059	PDF p. 59; print p. 44; §2.5; paragraph 2, atom 3	assertion	unnumbered_obligation	Since the ground state within H0 is unique (by a straightforward extension of the first half of Theorem 2.2) there must be a degenerate ground state in H M with M ≠ 0.	PENDING	NONE	NONE	false	NONE	NONE	NONE
CL-TASAKI2020-0281	TASAKI2020	000059.0004	PG-TASAKI2020-0059	PDF p. 59; print p. 44; §2.5; equation (2.5.15)	assertion	equation	Ĥ′ = ∑_{{x,y}∈B}{Ŝx^(1)Ŝy^(1)+λŜx^(2)Ŝy^(2)+Ŝx^(3)Ŝy^(3)} + D∑_{x∈Λ}(Ŝx^(2))². (2.5.15)	PENDING	NONE	NONE	false	NONE	NONE	NONE
CL-TASAKI2020-0282	TASAKI2020	000059.0005	PG-TASAKI2020-0059	PDF p. 59; print p. 44; §2.5; equation (2.5.16)	assertion	equation	Ĥ′ = ∑_{{x,y}∈B}{((1+λ)/4)(Ŝ_x^+Ŝ_y^−+Ŝ_x^−Ŝ_y^+)+((1−λ)/4)(Ŝ_x^+Ŝ_y^++Ŝ_x^−Ŝ_y^−)+Ŝ_x^(3)Ŝ_y^(3)} − (D/4)∑_{x∈Λ}{(Ŝ_x^+)²+(Ŝ_x^−)²−Ŝ_x^+Ŝ_x^−−Ŝ_x^−Ŝ_x^+}. (2.5.16)	PENDING	NONE	NONE	false	NONE	NONE	NONE
CL-TASAKI2020-0283	TASAKI2020	000059.0006	PG-TASAKI2020-0059	PDF p. 59; print p. 44; §2.5; paragraph 4, atom 1	assertion	unnumbered_obligation	Then one can check by inspection that the matrix elements satisfy ⟨Ψ̃ σ | Ĥ |Ψ̃ σ ⟩ ≤ 0 for any σ ≠ σ , where we use the basis states (2.5.8).	PENDING	NONE	NONE	false	NONE	NONE	NONE
CL-TASAKI2020-0284	TASAKI2020	000059.0007	PG-TASAKI2020-0059	PDF p. 59; print p. 44; §2.5; paragraph 4, atom 2	hypothesis	hypothesis	Note that (1 + λ)/4 is positive, and also at least one of (1 − λ)/4 or D is positive because we assume (λ, D) ≠ (1, 0).	PENDING	NONE	NONE	false	NONE	NONE	NONE
CL-TASAKI2020-0285	TASAKI2020	000063.0001	PG-TASAKI2020-0063	PDF p. 63; print p. 49; §3.1; equation (3.1.1)	assertion	equation	⟨Φ_GS|Ŝ_x·Ŝ_y|Φ_GS⟩ ≃ { q₀ if x,y∈A or x,y∈B; −q₀ if x∈A,y∈B or x∈B,y∈A }. (3.1.1)	PENDING	NONE	NONE	false	NONE	NONE	NONE
CL-TASAKI2020-0286	TASAKI2020	000063.0002	PG-TASAKI2020-0063	PDF p. 63; print p. 49; §3.1; paragraph 5	hypothesis	hypothesis	There is a constant q₀>0 such that the staggered two-point correlation is bounded below by q₀ when x and y are sufficiently far apart.	PENDING	NONE	NONE	false	NONE	NONE	NONE
CL-TASAKI2020-0287	TASAKI2020	000064.0001	PG-TASAKI2020-0064	PDF p. 64; print p. 50; §3.1; Fig. 3.1 caption	assertion	remark	Fig. 3.1 Néel order in the square lattice. An arbitrary direction n is chosen (by the system). Spins in one sublattice are pointing in the direction n, and those in the other sublattice are pointing in the direction −n. This is an example of spontaneous symmetry breaking (SSB)	PENDING	NONE	NONE	true	CL-TASAKI2020-3430	compound-caption-split	CORPUS-NORMALIZATION-INDEPENDENT-REVIEW
CL-TASAKI2020-3430	TASAKI2020	000064.0001.0001	PG-TASAKI2020-0064	PDF p. 64; print p. 50; §3.1; Fig. 3.1 caption; corpus correction successor 1/2	domain	domain	Choose an arbitrary direction n. In the square-lattice Néel configuration, spins in one sublattice point along n and spins in the other point along −n.	613ae89fce7e41db8210a0c05ec6a8c3aa1484c7	NONE	NONE	false	NONE	NONE	NONE
CL-TASAKI2020-3431	TASAKI2020	000064.0001.0002	PG-TASAKI2020-0064	PDF p. 64; print p. 50; §3.1; Fig. 3.1 caption; corpus correction successor 2/2	assertion	unnumbered_obligation	The family of square-lattice Néel configurations parametrized by n is an example of spontaneous symmetry breaking.	d677f9a20c6b1d2fd6bef956f85daa8c6911cde3	NONE	NONE	false	NONE	NONE	NONE
CL-TASAKI2020-0288	TASAKI2020	000064.0002	PG-TASAKI2020-0064	PDF p. 64; print p. 50; §3.1; Note unnumbered line 31	assertion	unnumbered_obligation	A unique ground state of the SU(2)-invariant Hamiltonian (2.5.1) must preserve the Hamiltonian symmetries and therefore cannot exhibit order in a specified direction.	PENDING	NONE	NONE	false	NONE	NONE	NONE
CL-TASAKI2020-0290	TASAKI2020	000065.0001	PG-TASAKI2020-0065	PDF p. 65; print p. 51; §3.1; paragraph 3, atom 2	domain	domain	Let d = 1, 2, . . . be the dimension and L be even.	PENDING	NONE	NONE	false	NONE	NONE	NONE
CL-TASAKI2020-0292	TASAKI2020	000065.0002	PG-TASAKI2020-0065	PDF p. 65; print p. 51; §3.1; equation (3.1.2)	assertion	equation	Λ_L:={(x₁,…,x_d) | x_i∈ℤ, −L/2<x_i≤L/2}⊂ℤ^d. (3.1.2)	PENDING	NONE	NONE	false	NONE	NONE	NONE
CL-TASAKI2020-0293	TASAKI2020	000065.0003	PG-TASAKI2020-0065	PDF p. 65; print p. 51; §3.1; equation (3.1.3)	assertion	equation	B_L:={{x,y} | x,y∈Λ_L, |x−y|=1}. (3.1.3)	PENDING	NONE	NONE	false	NONE	NONE	NONE
CL-TASAKI2020-0294	TASAKI2020	000066.0001	PG-TASAKI2020-0066	PDF p. 66; print p. 52; §3.2; paragraph 5, atom 1	definition	definition	Definition of the model We define the classical ferromagnetic Ising model on the d-dimensional hypercubic lattice Λ L .	PENDING	NONE	NONE	false	NONE	NONE	NONE
CL-TASAKI2020-0295	TASAKI2020	000066.0002	PG-TASAKI2020-0066	PDF p. 66; print p. 52; §3.2; paragraph 5, atom 2	definition	definition	The classical ferromagnetic Ising Hamiltonian is H₀(σ):=−∑_{{x,y}∈B_L}σ_xσ_y. (3.2.1)	PENDING	NONE	NONE	false	NONE	NONE	NONE
CL-TASAKI2020-0296	TASAKI2020	000066.0003	PG-TASAKI2020-0066	PDF p. 66; print p. 52; §3.2; equation (3.2.1)	assertion	equation	H0(σ) := −∑_{{x,y}∈BL} σxσy. (3.2.1)	PENDING	NONE	NONE	false	NONE	NONE	NONE
CL-TASAKI2020-0297	TASAKI2020	000066.0004	PG-TASAKI2020-0066	PDF p. 66; print p. 52; §3.2; equation (3.2.2)	assertion	equation	⟨A⟩β,L := [1/ZL(β)]∑_σ A(σ)e^(−βH0(σ)). (3.2.2)	PENDING	NONE	NONE	false	NONE	NONE	NONE
CL-TASAKI2020-0298	TASAKI2020	000066.0005	PG-TASAKI2020-0066	PDF p. 66; print p. 52; §3.2; paragraph 9	definition	definition	The thermal expectation value of an operator Â is defined as ⟨ Â⟩β,L := Tr[ Âe−β Ĥ0 ]/ Tr[e−β Ĥ0 ].	PENDING	NONE	NONE	false	NONE	NONE	NONE
CL-TASAKI2020-0299	TASAKI2020	000066.0006	PG-TASAKI2020-0066	PDF p. 66; print p. 52; §3.1; Fig. 3.2 caption	assertion	remark	Fig. 3.2 The square lattice, which is the d-dimensional hypercubic lattice with d = 2, with L = 4. We impose periodic boundary conditions. The lattice is connected and bipartite. Sites in one sublattice are drawn in black and sites in the other in gray.	PENDING	NONE	NONE	false	NONE	NONE	NONE
CL-TASAKI2020-0300	TASAKI2020	000067.0001	PG-TASAKI2020-0067	PDF p. 67; print p. 53; §3.2; paragraph 2	assertion	unnumbered_obligation	If d ≥ 2, there exists a transition point βc , which depends on d, such that 0 < βc < ∞.	PENDING	NONE	NONE	false	NONE	NONE	NONE
CL-TASAKI2020-0301	TASAKI2020	000067.0002	PG-TASAKI2020-0067	PDF p. 67; print p. 53; §3.2; equation (3.2.3)	assertion	equation	⟨σxσy⟩β,∞ := lim_{L↑∞}⟨σxσy⟩β,L. (3.2.3)	PENDING	NONE	NONE	false	NONE	NONE	NONE
CL-TASAKI2020-0302	TASAKI2020	000067.0003	PG-TASAKI2020-0067	PDF p. 67; print p. 53; §3.2; equation (3.2.4)	assertion	equation	0≤⟨σ_xσ_y⟩_{β,∞}≤exp[−|x−y|/ξ(β)]. (3.2.4)	PENDING	NONE	NONE	false	NONE	NONE	NONE
CL-TASAKI2020-0303	TASAKI2020	000067.0004	PG-TASAKI2020-0067	PDF p. 67; print p. 53; §3.2; equation (3.2.5)	assertion	equation	q(β) := lim_{|x−y|↑∞}⟨σxσy⟩β,∞ > 0. (3.2.5)	PENDING	NONE	NONE	false	NONE	NONE	NONE
CL-TASAKI2020-0304	TASAKI2020	000067.0005	PG-TASAKI2020-0067	PDF p. 67; print p. 53; §3.2; equation (3.2.6)	assertion	equation	⟨σ_xσ_y⟩_{β,∞}≥q(β)>0. (3.2.6)	PENDING	NONE	NONE	false	NONE	NONE	NONE
CL-TASAKI2020-0305	TASAKI2020	000067.0006	PG-TASAKI2020-0067	PDF p. 67; print p. 53; §3.2; equation (3.2.7)	assertion	equation	OL = ∑_{x∈ΛL}σx. (3.2.7)	PENDING	NONE	NONE	false	NONE	NONE	NONE
CL-TASAKI2020-0306	TASAKI2020	000067.0007	PG-TASAKI2020-0067	PDF p. 67; print p. 53; §3.2; paragraph 9	assertion	unnumbered_obligation	For periodic boundary conditions, existence of the limit in (3.2.3) is proved only for β≤β_c; for β>β_c one should use lim sup, lim inf, or a suitable subsequence.	PENDING	NONE	NONE	false	NONE	NONE	NONE
CL-TASAKI2020-0307	TASAKI2020	000068.0001	PG-TASAKI2020-0068	PDF p. 68; print p. 54; §3.2; equation (3.2.8)	assertion	equation	⟨(OL)²⟩β,L = ∑_{x,y∈ΛL}⟨σxσy⟩β,L = L^d∑_{x∈ΛL}⟨σoσx⟩β,L. (3.2.8)	PENDING	NONE	NONE	false	NONE	NONE	NONE
CL-TASAKI2020-0308	TASAKI2020	000068.0002	PG-TASAKI2020-0068	PDF p. 68; print p. 54; §3.2; paragraph 3	definition	definition	As L grows, ⟨(O_L/L^d)²⟩_{β,L}≃L^(−d)χ(β) for β<β_c and ≃q(β) for β>β_c, where χ(β):=∑_{x∈Λ_L}⟨σ_oσ_x⟩_{β,∞}<∞. (3.2.9)	PENDING	NONE	NONE	false	NONE	NONE	NONE
CL-TASAKI2020-0309	TASAKI2020	000068.0003	PG-TASAKI2020-0068	PDF p. 68; print p. 54; §3.2; equation (3.2.9)	assertion	equation	⟨(O_L/L^d)²⟩_{β,L}≃{L^(−d)χ(β) if β<β_c; q(β) if β>β_c}. (3.2.9)	PENDING	NONE	NONE	false	NONE	NONE	NONE
CL-TASAKI2020-0310	TASAKI2020	000068.0004	PG-TASAKI2020-0068	PDF p. 68; print p. 54; §3.2; equation (3.2.10)	assertion	equation	⟨OL/L^d⟩β,L = 0. (3.2.10)	PENDING	NONE	NONE	false	NONE	NONE	NONE
CL-TASAKI2020-0311	TASAKI2020	000068.0005	PG-TASAKI2020-0068	PDF p. 68; print p. 54; §3.2; equation (3.2.11)	assertion	equation	√{⟨(O_L/L^d)²⟩_{β,L}−⟨O_L/L^d⟩_{β,L}²}≃√{q(β)}>0. (3.2.11)	PENDING	NONE	NONE	false	NONE	NONE	NONE
CL-TASAKI2020-0312	TASAKI2020	000068.0006	PG-TASAKI2020-0068	PDF p. 68; print p. 54; §3.2; paragraph 6	domain	domain	For h∈ℝ, define H_h(σ):=H₀(σ)−hO_L=−∑_{{x,y}∈B_L}σ_xσ_y−h∑_{x∈Λ_L}σ_x. (3.2.12)	PENDING	NONE	NONE	false	NONE	NONE	NONE
CL-TASAKI2020-0313	TASAKI2020	000068.0007	PG-TASAKI2020-0068	PDF p. 68; print p. 54; §3.2; equation (3.2.12)	assertion	equation	Hh(σ) := H0(σ)−hOL = −∑_{{x,y}∈BL}σxσy − h∑_{x∈ΛL}σx. (3.2.12)	PENDING	NONE	NONE	false	NONE	NONE	NONE
CL-TASAKI2020-0314	TASAKI2020	000069.0001	PG-TASAKI2020-0069	PDF p. 69; print p. 55; §3.2; equation (3.2.13)	assertion	equation	⟨A⟩β,h,L := [1/ZL(β,h)]∑_σ A(σ)e^(−βHh(σ)),  ⟨1⟩β,h,L=1. (3.2.13)	PENDING	NONE	NONE	false	NONE	NONE	NONE
CL-TASAKI2020-0315	TASAKI2020	000069.0002	PG-TASAKI2020-0069	PDF p. 69; print p. 55; §3.2; equation (3.2.14)	assertion	equation	lim_{h↓0}lim_{L↑∞}⟨OL/L^d⟩β,h,L = {0 if β≤βc; m*(β)>0 if β>βc}. (3.2.14)	PENDING	NONE	NONE	false	NONE	NONE	NONE
CL-TASAKI2020-0316	TASAKI2020	000069.0003	PG-TASAKI2020-0069	PDF p. 69; print p. 55; §3.2; equation (3.2.15)	assertion	equation	m*(β)=√{q(β)}. (3.2.15)	PENDING	NONE	NONE	false	NONE	NONE	NONE
CL-TASAKI2020-0317	TASAKI2020	000069.0004	PG-TASAKI2020-0069	PDF p. 69; print p. 55; §3.2; equation (3.2.16)	assertion	equation	lim_{h↓0}lim_{L↑∞}⟨(O_L/L^d)²⟩_{β,h,L}={0 if β≤βc; q(β) if β>βc}. (3.2.16)	PENDING	NONE	NONE	false	NONE	NONE	NONE
CL-TASAKI2020-0318	TASAKI2020	000069.0005	PG-TASAKI2020-0069	PDF p. 69; print p. 55; §3.2; equation (3.2.17)	assertion	equation	lim_{h↓0}lim_{L↑∞} √{⟨(OL/L^d)²⟩β,h,L − ⟨OL/L^d⟩β,h,L²} = 0. (3.2.17)	PENDING	NONE	NONE	false	NONE	NONE	NONE
CL-TASAKI2020-0319	TASAKI2020	000070.0001	PG-TASAKI2020-0070	PDF p. 70; print p. 56; §3.3; paragraph 2	domain	domain	Definition of the model Consider a quantum spin system with S = 1/2 on the one-dimensional lattice Λ L = {1, 2, . . . , L}.	PENDING	NONE	NONE	false	NONE	NONE	NONE
CL-TASAKI2020-0320	TASAKI2020	000070.0002	PG-TASAKI2020-0070	PDF p. 70; print p. 56; §3.3; equation (3.3.1)	assertion	equation	Ĥ = −∑_{x=1}^{L−1}Ŝx^(3)Ŝx+1^(3) − λ∑_{x=1}^L Ŝx^(1). (3.3.1)	PENDING	NONE	NONE	false	NONE	NONE	NONE
CL-TASAKI2020-0321	TASAKI2020	000070.0003	PG-TASAKI2020-0070	PDF p. 70; print p. 56; §3.3; paragraph 3, atom 1	notation	notation	The model is Z2 invariant. We call Ûπ(1) the symmetry operator of the model.	PENDING	NONE	NONE	false	NONE	NONE	NONE
CL-TASAKI2020-0322	TASAKI2020	000070.0004	PG-TASAKI2020-0070	PDF p. 70; print p. 56; §3.3; paragraph 3, atom 2	assertion	unnumbered_obligation	To see the invariance note that (2.1.16) and (2.2.11) imply (Ûπ(1) )† Ŝx(3) Ûπ(1) = − Ŝx(3) and (Ûπ(1) )† Ŝx(1) Ûπ(1) = Ŝx(1) , which immediately implies (Ûπ(1) )† Ĥ Ûπ(1) = Ĥ .	PENDING	NONE	NONE	false	NONE	NONE	NONE
CL-TASAKI2020-0323	TASAKI2020	000070.0005	PG-TASAKI2020-0070	PDF p. 70; print p. 56; §3.3; equation (3.3.2)	assertion	equation	ÔL = ∑_{x=1}^L Ŝx^(3). (3.3.2)	PENDING	NONE	NONE	false	NONE	NONE	NONE
CL-TASAKI2020-0324	TASAKI2020	000070.0006	PG-TASAKI2020-0070	PDF p. 70; print p. 56; §3.3; paragraph 5, atom 1	assertion	unnumbered_obligation	To see that this can detect breakdown of the symmetry, let |Φ⟩ be an arbitrary normalized state which is invariant under the symmetry transformation, i.e., Ûπ(1) |Φ⟩ = α|Φ⟩ for some α ∈ C with |α| = 1.	PENDING	NONE	NONE	false	NONE	NONE	NONE
CL-TASAKI2020-0325	TASAKI2020	000070.0007	PG-TASAKI2020-0070	PDF p. 70; print p. 56; §3.3; paragraph 5, atom 2	assertion	unnumbered_obligation	Then one has −⟨Φ|Ô L |Φ⟩ = ⟨Φ|(Ûπ(1) )† Ô L Ûπ(1) |Φ⟩ = |α|2 ⟨Φ|Ô L |Φ⟩ = ⟨Φ|Ô L |Φ⟩, which implies ⟨Φ|Ô L |Φ⟩ = 0.	PENDING	NONE	NONE	false	NONE	NONE	NONE
CL-TASAKI2020-0326	TASAKI2020	000071.0001	PG-TASAKI2020-0071	PDF p. 71; print p. 57; §3.3; equation (3.3.3)	assertion	equation	|Φ↑⟩:=⊗_{x=1}^L|ψ_x↑⟩, |Φ↓⟩:=⊗_{x=1}^L|ψ_x↓⟩. (3.3.3)	PENDING	NONE	NONE	false	NONE	NONE	NONE
CL-TASAKI2020-0327	TASAKI2020	000071.0002	PG-TASAKI2020-0071	PDF p. 71; print p. 57; §3.3; equation (3.3.4)	assertion	equation	⟨Φ↑|(Ô_L/L)²|Φ↑⟩=⟨Φ↓|(Ô_L/L)²|Φ↓⟩=1/4. (3.3.4)	PENDING	NONE	NONE	false	NONE	NONE	NONE
CL-TASAKI2020-0328	TASAKI2020	000071.0003	PG-TASAKI2020-0071	PDF p. 71; print p. 57; §3.3; equation (3.3.5)	assertion	equation	⟨Φ↑|Ô_L/L|Φ↑⟩=1/2, ⟨Φ↓|Ô_L/L|Φ↓⟩=−1/2. (3.3.5)	PENDING	NONE	NONE	false	NONE	NONE	NONE
CL-TASAKI2020-0329	TASAKI2020	000071.0004	PG-TASAKI2020-0071	PDF p. 71; print p. 57; §3.3; equation (3.3.6)	assertion	equation	|Φ_j^(↑↓)⟩:=(⊗_{x=1}^j|ψ_x↑⟩)⊗(⊗_{x=j+1}^L|ψ_x↓⟩), |Φ_j^(↓↑)⟩:=(⊗_{x=1}^j|ψ_x↓⟩)⊗(⊗_{x=j+1}^L|ψ_x↑⟩). (3.3.6)	PENDING	NONE	NONE	false	NONE	NONE	NONE
CL-TASAKI2020-0330	TASAKI2020	000071.0005	PG-TASAKI2020-0071	PDF p. 71; print p. 57; §3.3; paragraph 5, atom 1	assertion	unnumbered_obligation	There are 2(L − 1) degenerate energy eigenstates with eigenvalue E_kink^(0) = E_GS + (1/2).	PENDING	NONE	NONE	false	NONE	NONE	NONE
CL-TASAKI2020-0331	TASAKI2020	000071.0006	PG-TASAKI2020-0071	PDF p. 71; print p. 57; §3.3; paragraph 5, atom 2	hypothesis	hypothesis	The case with 0 < λ ≪ 1 Let us turn on the positive transverse field λ, but assume that it is extremely small.	PENDING	NONE	NONE	false	NONE	NONE	NONE
CL-TASAKI2020-0332	TASAKI2020	000071.0007	PG-TASAKI2020-0071	PDF p. 71; print p. 57; §3.3; paragraph 5, atom 3	domain	domain	For every λ>0, the ground state is unique and has an expansion |Φ_GS⟩=∑_σ c_σ|Ψ^σ⟩ with c_σ>0. (3.3.7)	PENDING	NONE	NONE	false	NONE	NONE	NONE
CL-TASAKI2020-0333	TASAKI2020	000071.0008	PG-TASAKI2020-0071	PDF p. 71; print p. 57; §3.3; equation (3.3.7)	assertion	equation	|ΦGS⟩ = ∑_σ cσ|Ψσ⟩. (3.3.7)	PENDING	NONE	NONE	false	NONE	NONE	NONE
CL-TASAKI2020-0334	TASAKI2020	000072.0001	PG-TASAKI2020-0072	PDF p. 72; print p. 58; §3.3; paragraph 6	assertion	unnumbered_obligation	It can also be proved that the ground state satisfies Û_π^(1)|Φ_GS⟩=(−i)^L|Φ_GS⟩, i.e., it is invariant under the symmetry operator. The uniqueness of the ground state is in conflict with the above guess that there should be two ground states.	PENDING	NONE	NONE	false	NONE	NONE	NONE
CL-TASAKI2020-0335	TASAKI2020	000072.0002	PG-TASAKI2020-0072	PDF p. 72; print p. 58; §3.3; equation (3.3.8)	assertion	equation	|ΦGS⟩ ≃ (1/√2)(|Φ↑⟩+|Φ↓⟩). (3.3.8)	PENDING	NONE	NONE	false	NONE	NONE	NONE
CL-TASAKI2020-0336	TASAKI2020	000072.0003	PG-TASAKI2020-0072	PDF p. 72; print p. 58; §3.3; equation (3.3.9)	assertion	equation	|Φ1st⟩ ≃ (1/√2)(|Φ↑⟩−|Φ↓⟩). (3.3.9)	PENDING	NONE	NONE	false	NONE	NONE	NONE
CL-TASAKI2020-0337	TASAKI2020	000072.0004	PG-TASAKI2020-0072	PDF p. 72; print p. 58; §3.3; paragraph 11	assertion	unnumbered_obligation	The uniqueness implies Û|Φ_GS⟩=α|Φ_GS⟩ with some α∈ℂ and |α|=1. This conclusion is valid for any nondegenerate energy eigenstate. For the unique ground state |Φ_GS⟩, (3.3.7) with c_σ>0, together with (2.1.26) or (S.4), implies α=(−i)^L.	PENDING	NONE	NONE	false	NONE	NONE	NONE
CL-TASAKI2020-0338	TASAKI2020	000072.0005	PG-TASAKI2020-0072	PDF p. 72; print p. 58; §3.3; Fig. 3.3 caption	assertion	remark	Figure 3.3 schematically compares the spectra at λ=0 and 0<λ≪1: the perturbation lifts the large degeneracies while preserving the overall level structure.	PENDING	NONE	NONE	false	NONE	NONE	NONE
CL-TASAKI2020-0339	TASAKI2020	000073.0001	PG-TASAKI2020-0073	PDF p. 73; print p. 59; §3.3; Problem 3.3.a	assertion	problem	Problem 3.3.a When 0<λ≪1, the properties of |Φ_GS⟩ and |Φ_1st⟩ can be well described within the 2L-dimensional low-energy Hilbert space spanned by |Φ^↑⟩, |Φ^↓⟩, |Φ_j^{↑↓}⟩, and |Φ_j^{↓↑}⟩ (with j=1,…,L−1). Carry out the analysis and confirm the above conclusions for L≫1. [solution→p.498]	PENDING	NONE	NONE	false	NONE	NONE	NONE
CL-TASAKI2020-0340	TASAKI2020	000073.0002	PG-TASAKI2020-0073	PDF p. 73; print p. 59; §3.3; equation (3.3.10)	assertion	equation	⟨ΦGS|(ÔL/L)²|ΦGS⟩≃(1/2){⟨Φ↑|(ÔL/L)²|Φ↑⟩+⟨Φ↓|(ÔL/L)²|Φ↓⟩}=1/4. (3.3.10)	PENDING	NONE	NONE	false	NONE	NONE	NONE
CL-TASAKI2020-0341	TASAKI2020	000073.0003	PG-TASAKI2020-0073	PDF p. 73; print p. 59; §3.3; equation (3.3.11)	assertion	equation	⟨Φ_GS|Ô_L/L|Φ_GS⟩≃(1/2){⟨Φ↑|Ô_L/L|Φ↑⟩+⟨Φ↓|Ô_L/L|Φ↓⟩}=0. (3.3.11)	PENDING	NONE	NONE	false	NONE	NONE	NONE
CL-TASAKI2020-0342	TASAKI2020	000073.0004	PG-TASAKI2020-0073	PDF p. 73; print p. 59; §3.3; equation (3.3.12)	assertion	equation	√{⟨Φ_GS|(Ô_L/L)²|Φ_GS⟩−{⟨Φ_GS|Ô_L/L|Φ_GS⟩}²}≃1/2. (3.3.12)	PENDING	NONE	NONE	false	NONE	NONE	NONE
CL-TASAKI2020-0343	TASAKI2020	000074.0001	PG-TASAKI2020-0074	PDF p. 74; print p. 60; §3.3; paragraph 2	notation	notation	We call them physical “ground states”. In the next section and the next chapter, we will develop general theories which relate low-energy eigenstates, such as |ΦGS ⟩ and |Φ1st ⟩, to physical “ground states”, such as |Φ ↑ ⟩ and |Φ ↓ ⟩.	PENDING	NONE	NONE	false	NONE	NONE	NONE
CL-TASAKI2020-0344	TASAKI2020	000074.0002	PG-TASAKI2020-0074	PDF p. 74; print p. 60; §3.3; equation (3.3.13)	assertion	equation	|Φ↑⟩ ≃ 1/√2(|ΦGS⟩+|Φ1st⟩),  |Φ↓⟩ ≃ 1/√2(|ΦGS⟩−|Φ1st⟩). (3.3.13)	PENDING	NONE	NONE	false	NONE	NONE	NONE
CL-TASAKI2020-0345	TASAKI2020	000074.0003	PG-TASAKI2020-0074	PDF p. 74; print p. 60; §3.3; equation (3.3.14)	assertion	equation	ÔL|ΦGS⟩ ≃ ÔL(1/√2)(|Φ↑⟩+|Φ↓⟩) ≃ [L/(2√2)](|Φ↑⟩−|Φ↓⟩) ≃ (L/2)|Φ1st⟩. (3.3.14)	PENDING	NONE	NONE	false	NONE	NONE	NONE
CL-TASAKI2020-0346	TASAKI2020	000074.0004	PG-TASAKI2020-0074	PDF p. 74; print p. 60; §3.3; equation (3.3.15)	assertion	equation	|Φ↑⟩ ≃ (1/√2)(|ΦGS⟩+(2/L)ÔL|ΦGS⟩),  |Φ↓⟩ ≃ (1/√2)(|ΦGS⟩−(2/L)ÔL|ΦGS⟩). (3.3.15)	PENDING	NONE	NONE	false	NONE	NONE	NONE
CL-TASAKI2020-0347	TASAKI2020	000075.0001	PG-TASAKI2020-0075	PDF p. 75; print p. 61; §3.3; paragraph 2, atom 1	definition	definition	Define |ψ_x^→⟩:=(|ψ_x^↑⟩+|ψ_x^↓⟩)/√2 and |ψ_x^←⟩:=(|ψ_x^↑⟩−|ψ_x^↓⟩)/√2.	PENDING	NONE	NONE	false	NONE	NONE	NONE
CL-TASAKI2020-0348	TASAKI2020	000075.0002	PG-TASAKI2020-0075	PDF p. 75; print p. 61; §3.3; paragraph 2, atom 2	domain	domain	Let us consider the situation where the transverse magnetic field λ > 0 is so large that the Hamiltonian (3.3.1) is approximated as Ĥ ≃ −λ ∑_{x=1}^L Ŝx^(1).	PENDING	NONE	NONE	false	NONE	NONE	NONE
CL-TASAKI2020-0349	TASAKI2020	000075.0003	PG-TASAKI2020-0075	PDF p. 75; print p. 61; §3.3; paragraph 2, atom 3	definition	definition	A ground-state phase transition occurs when the nature of the ground state and low-energy excitations changes qualitatively as a parameter varies; here it is characterized by nonzero long-range order for 0<λ<λ_c and zero long-range order for λ>λ_c. (3.3.16)	PENDING	NONE	NONE	false	NONE	NONE	NONE
CL-TASAKI2020-0350	TASAKI2020	000075.0004	PG-TASAKI2020-0075	PDF p. 75; print p. 61; §3.3; equation (3.3.16)	assertion	equation	lim_{L↑∞}⟨ΦGS|(ÔL/L)²|ΦGS⟩ = {>0 if 0<λ<λc; =0 if λ>λc}. (3.3.16)	PENDING	NONE	NONE	false	NONE	NONE	NONE
CL-TASAKI2020-0351	TASAKI2020	000075.0005	PG-TASAKI2020-0075	PDF p. 75; print p. 61; §3.3; paragraph 4	hypothesis	hypothesis	Footnote 14: This definition does not assume that the two parameter ranges belong to distinct phases.	PENDING	NONE	NONE	false	NONE	NONE	NONE
CL-TASAKI2020-0352	TASAKI2020	000076.0001	PG-TASAKI2020-0076	PDF p. 76; print p. 62; §3.3; paragraph 3	assertion	remark	Fig. 3.4 a The phase diagram of the ground states of the quantum Ising model (3.3.1) which has Z2 symmetry. The two phases with and without symmetry breaking is separated by the critical point at λc . b The phase diagram of the ground states of the quantum Ising model with additional magnetic field (3.3.17) which explicitly breaks the Z2 symmetry. The model has a unique ground state with a gap except on the line determined by h = 0 and 0 ≤ λ ≤ λc . There are no well defined phases in this case.	PENDING	NONE	NONE	true	CL-TASAKI2020-3432	compound-phase-caption-split	CORPUS-NORMALIZATION-INDEPENDENT-REVIEW
CL-TASAKI2020-3432	TASAKI2020	000076.0001.0001	PG-TASAKI2020-0076	PDF p. 76; print p. 62; §3.3; paragraph 3; corpus correction successor 1/3	assertion	unnumbered_obligation	The quantum Ising Hamiltonian (3.3.1) has Z₂ symmetry.	c3ea90d3b6500df9a3ab9ff81d9bd323254cc3d2	NONE	NONE	false	NONE	NONE	NONE
CL-TASAKI2020-3433	TASAKI2020	000076.0001.0002	PG-TASAKI2020-0076	PDF p. 76; print p. 62; §3.3; paragraph 3; corpus correction successor 2/3	assertion	unnumbered_obligation	A nonzero longitudinal field h in (3.3.17) explicitly breaks the Z₂ symmetry.	fada1999a3445220f01c2dd1304b509b51463402	NONE	NONE	false	NONE	NONE	NONE
CL-TASAKI2020-3434	TASAKI2020	000076.0001.0003	PG-TASAKI2020-0076	PDF p. 76; print p. 62; §3.3; paragraph 3; corpus correction successor 3/3	assertion	unnumbered_obligation	The Hamiltonian (3.3.17) has a unique ground state and a nonzero gap away from the line h=0 with 0≤λ≤λ_c.	ffc6042c1a7984025637a4b723653b5278c81f97	NONE	NONE	false	NONE	NONE	NONE
CL-TASAKI2020-0353	TASAKI2020	000076.0002	PG-TASAKI2020-0076	PDF p. 76; print p. 62; §3.3; paragraph 6	assertion	unnumbered_obligation	A uniform positive gap ΔE means E_1st−E_GS≥ΔE for every L.	PENDING	NONE	NONE	false	NONE	NONE	NONE
CL-TASAKI2020-0354	TASAKI2020	000077.0001	PG-TASAKI2020-0077	PDF p. 77; print p. 63; §3.3; equation (3.3.17)	assertion	equation	Ĥ = −∑_{x=1}^{L−1}Ŝx^(3)Ŝx+1^(3) − λ∑_{x=1}^L Ŝx^(1) − h∑_{x=1}^L Ŝx^(3). (3.3.17)	PENDING	NONE	NONE	false	NONE	NONE	NONE
CL-TASAKI2020-0355	TASAKI2020	000077.0002	PG-TASAKI2020-0077	PDF p. 77; print p. 63; §3.3; paragraph 8, atom 1	assertion	unnumbered_obligation	This means that there are no distinct phases in the (λ, h) parameter space; there is only a line of singularity at h = 0 and 0 ≤ λ ≤ λc .	PENDING	NONE	NONE	false	NONE	NONE	NONE
CL-TASAKI2020-0356	TASAKI2020	000077.0003	PG-TASAKI2020-0077	PDF p. 77; print p. 63; §3.3; paragraph 8, atom 2	assertion	unnumbered_obligation	It is only in the restricted parameter region with h = 0, where the Hamiltonian is invariant under Ûπ(1) , that the notion of the ordered phase is meaningful. One may say that the ordered phase in the quantum Ising model is “protected” by the Z2 symmetry, which is present only when h = 0.	PENDING	NONE	NONE	false	NONE	NONE	NONE
CL-TASAKI2020-0357	TASAKI2020	000079.0001	PG-TASAKI2020-0079	PDF p. 79; print p. 65; §3.4; equation (3.4.1)	assertion	equation	Ĥ = ∑_{{x,y}∈BL} ĥx,y. (3.4.1)	PENDING	NONE	NONE	false	NONE	NONE	NONE
CL-TASAKI2020-0358	TASAKI2020	000079.0002	PG-TASAKI2020-0079	PDF p. 79; print p. 65; §3.4; paragraph 3, atom 1	assertion	unnumbered_obligation	Each ĥ_{x,y} is self-adjoint, acts nontrivially only on h_x⊗h_y, and satisfies ‖ĥ_{x,y}‖=h₀.	PENDING	NONE	NONE	false	NONE	NONE	NONE
CL-TASAKI2020-0359	TASAKI2020	000079.0003	PG-TASAKI2020-0079	PDF p. 79; print p. 65; §3.4; equation (3.4.2)	assertion	equation	ÔL = ∑_{x∈ΛL} ôx. (3.4.2)	PENDING	NONE	NONE	false	NONE	NONE	NONE
CL-TASAKI2020-0360	TASAKI2020	000079.0004	PG-TASAKI2020-0079	PDF p. 79; print p. 65; §3.4; paragraph 4, atom 1	assertion	unnumbered_obligation	Each ô_x is self-adjoint, acts nontrivially only at x, and satisfies ‖ô_x‖=o₀.	PENDING	NONE	NONE	false	NONE	NONE	NONE
CL-TASAKI2020-0361	TASAKI2020	000079.0005	PG-TASAKI2020-0079	PDF p. 79; print p. 65; §3.4; paragraph 4, atom 2	assertion	remark	Examples are the quantum Ising model with Ô_L=∑_{x=1}^L Ŝ_x^(3), and the d≥2 antiferromagnetic Heisenberg model with Ô_L=∑_{x∈Λ_L}(−1)^xŜ_x^(3).	PENDING	NONE	NONE	false	NONE	NONE	NONE
CL-TASAKI2020-0363	TASAKI2020	000079.0006	PG-TASAKI2020-0079	PDF p. 79; print p. 65; §3.4; equation (3.4.3)	assertion	equation	⟨Φ_GS|(Ô_L/L^d)²|Φ_GS⟩≥q₀>0. (3.4.3)	PENDING	NONE	NONE	false	NONE	NONE	NONE
CL-TASAKI2020-0364	TASAKI2020	000079.0007	PG-TASAKI2020-0079	PDF p. 79; print p. 65; §3.4; equation (3.4.4)	assertion	equation	⟨Φ_GS|(Ô_L/L^d)^n|Φ_GS⟩=0 for n=1,3. (3.4.4)	PENDING	NONE	NONE	false	NONE	NONE	NONE
CL-TASAKI2020-0365	TASAKI2020	000079.0008	PG-TASAKI2020-0079	PDF p. 79; print p. 65; §3.4; paragraph 9, atom 1	assertion	unnumbered_obligation	This implies Û † (Ô L )n Û = −(Ô L )n for any odd n.	PENDING	NONE	NONE	false	NONE	NONE	NONE
CL-TASAKI2020-0366	TASAKI2020	000079.0009	PG-TASAKI2020-0079	PDF p. 79; print p. 65; §3.4; paragraph 9, atom 2	hypothesis	hypothesis	Assume Û|Φ_GS⟩=c|Φ_GS⟩ with |c|=1; this always holds when the ground state is unique.	PENDING	NONE	NONE	false	NONE	NONE	NONE
CL-TASAKI2020-0367	TASAKI2020	000079.0010	PG-TASAKI2020-0079	PDF p. 79; print p. 65; §3.4; paragraph 9, atom 3	assertion	unnumbered_obligation	When the ground states are degenerate, one can always find a ground state invariant under Û. Then, for odd n, ⟨Φ_GS|(Ô_L)^n|Φ_GS⟩=⟨Φ_GS|Û†(Ô_L)^nÛ|Φ_GS⟩=−⟨Φ_GS|(Ô_L)^n|Φ_GS⟩, and hence ⟨Φ_GS|(Ô_L)^n|Φ_GS⟩=0.	PENDING	NONE	NONE	false	NONE	NONE	NONE
CL-TASAKI2020-0368	TASAKI2020	000080.0001	PG-TASAKI2020-0080	PDF p. 80; print p. 66; §3.4; equation (3.4.5)	assertion	equation	√{⟨ΦGS|(ÔL/L^d)²|ΦGS⟩ − {⟨ΦGS|ÔL/L^d|ΦGS⟩}²} ≥ √q0. (3.4.5)	PENDING	NONE	NONE	false	NONE	NONE	NONE
CL-TASAKI2020-0369	TASAKI2020	000080.0002	PG-TASAKI2020-0080	PDF p. 80; print p. 66; §3.4; paragraph 3	assertion	unnumbered_obligation	Writing ⟨(Ô_L/L^d)²⟩ as L^(−2d)∑_{x,y∈Λ_L}⟨ô_xô_y⟩ shows that the long-range-order condition (3.4.3) is essentially equivalent to a nonvanishing averaged two-point correlation.	PENDING	NONE	NONE	false	NONE	NONE	NONE
CL-TASAKI2020-0370	TASAKI2020	000080.0003	PG-TASAKI2020-0080	PDF p. 80; print p. 66; §3.4; equation (3.4.6)	assertion	equation	lim_{|x−y|↑∞}lim_{L↑∞}⟨ΦGS|ôx ôy|ΦGS⟩ ≥ q0. (3.4.6)	PENDING	NONE	NONE	false	NONE	NONE	NONE
CL-TASAKI2020-0371	TASAKI2020	000080.0004	PG-TASAKI2020-0080	PDF p. 80; print p. 66; §3.4; equation (3.4.7)	assertion	equation	|Γ⟩=ÔL|ΦGS⟩/∥ÔL|ΦGS⟩∥. (3.4.7)	PENDING	NONE	NONE	false	NONE	NONE	NONE
CL-TASAKI2020-0372	TASAKI2020	000080.0005	PG-TASAKI2020-0080	PDF p. 80; print p. 66; §3.4; paragraph 7	assertion	remark	Note that the condition (3.4.4) implies the orthogonality ⟨ΦGS |Γ ⟩ = 0.	PENDING	NONE	NONE	false	NONE	NONE	NONE
CL-TASAKI2020-0373	TASAKI2020	000080.0006	PG-TASAKI2020-0080	PDF p. 80; print p. 66; §3.4; equation (3.4.8)	assertion	equation	⟨Γ|Ĥ|Γ⟩−EGS = {⟨ΦGS|ÔL Ĥ ÔL|ΦGS⟩−EGS⟨ΦGS|(ÔL)²|ΦGS⟩}/⟨ΦGS|(ÔL)²|ΦGS⟩ = {⟨ΦGS|ÔL Ĥ ÔL|ΦGS⟩−(1/2)⟨ΦGS|(ÔL)²Ĥ|ΦGS⟩−(1/2)⟨ΦGS|Ĥ(ÔL)²|ΦGS⟩}/⟨ΦGS|(ÔL)²|ΦGS⟩ = ⟨ΦGS|[ÔL,[Ĥ,ÔL]]|ΦGS⟩/{2⟨ΦGS|(ÔL)²|ΦGS⟩}. (3.4.8)	PENDING	NONE	NONE	false	NONE	NONE	NONE
CL-TASAKI2020-0374	TASAKI2020	000080.0007	PG-TASAKI2020-0080	PDF p. 80; print p. 66; §3.4; equation (3.4.9)	assertion	equation	[Ĥ,ÔL] = ∑_{{x,y}∈BL}∑_{z∈ΛL}[ĥx,y,ôz] = ∑_{{x,y}∈BL}{[ĥx,y,ôx]+[ĥx,y,ôy]}. (3.4.9)	PENDING	NONE	NONE	false	NONE	NONE	NONE
CL-TASAKI2020-0375	TASAKI2020	000081.0001	PG-TASAKI2020-0081	PDF p. 81; print p. 67; §3.4; equation (3.4.10)	assertion	equation	[ÔL,[Ĥ,ÔL]] = ∑_{z∈ΛL}∑_{{x,y}∈BL}[ôz,âx,y] = ∑_{{x,y}∈BL}{[ôx,âx,y]+[ôy,âx,y]}. (3.4.10)	PENDING	NONE	NONE	false	NONE	NONE	NONE
CL-TASAKI2020-0376	TASAKI2020	000081.0002	PG-TASAKI2020-0081	PDF p. 81; print p. 67; §3.4; equation (3.4.11)	assertion	equation	⟨ΦGS|[ÔL,[Ĥ,ÔL]]|ΦGS⟩ ≤ ‖[ÔL,[Ĥ,ÔL]]‖ ≤ {16dh0(o0)²}L^d. (3.4.11)	PENDING	NONE	NONE	false	NONE	NONE	NONE
CL-TASAKI2020-0377	TASAKI2020	000081.0003	PG-TASAKI2020-0081	PDF p. 81; print p. 67; §3.4; equation (3.4.12)	assertion	equation	0≤⟨Γ|Ĥ|Γ⟩−E_GS≤CL^(−d). (3.4.12)	PENDING	NONE	NONE	false	NONE	NONE	NONE
CL-TASAKI2020-3296	TASAKI2020	000081.0004	PG-TASAKI2020-0081	PDF p. 81; print p. 67; §3.4; Theorem 3.1; v8 source-atomic partition	hypothesis	hypothesis	Assume (3.4.3) and (3.4.4).	PENDING	NONE	NONE	false	NONE	NONE	NONE
CL-TASAKI2020-0379	TASAKI2020	000081.0005	PG-TASAKI2020-0081	PDF p. 81; print p. 67; §3.4; paragraph 4, atom 1	assertion	unnumbered_obligation	For sufficiently large L, there exists an energy eigenstate |Ψ ⟩ such that ⟨ΦGS |Ψ ⟩ = 0 whose energy eigenvalue E satisfies E GS ≤ E ≤ E GS + C L −d .	PENDING	NONE	NONE	false	NONE	NONE	NONE
CL-TASAKI2020-0381	TASAKI2020	000081.0006	PG-TASAKI2020-0081	PDF p. 81; print p. 67; §3.4; Problem 3.4.a	assertion	problem	Problem 3.4.a The key estimate (3.4.11) can be considerably generalized. Write Ĥ=∑_{x∈Λ_L}ĥ_x and Ô_L=∑_{x∈Λ_L}ô_x, and assume that ĥ_x and ô_x act only on sites y with |x−y|≤r, where r is fixed. Also assume ‖ĥ_x‖≤h₀ and ‖ô_x‖≤o₀. Show ⟨Φ_GS|[Ô_L,[Ĥ,Ô_L]]|Φ_GS⟩≤4(2r+1)^d(4r+1)^d h₀(o₀)²L^d. (3.4.13) Hence Theorem 3.1 extends when (3.4.3) and ⟨Φ_GS|Ô_L|Φ_GS⟩=0 hold. [solution→p.501]	PENDING	NONE	NONE	false	NONE	NONE	NONE
CL-TASAKI2020-0382	TASAKI2020	000082.0001	PG-TASAKI2020-0082	PDF p. 82; print p. 68; §3.4; paragraph 2	hypothesis	hypothesis	Assume that both ĥ_x and ô_x act only on sites y with |x−y|≤r, where r is a fixed constant.	PENDING	NONE	NONE	false	NONE	NONE	NONE
CL-TASAKI2020-0383	TASAKI2020	000082.0002	PG-TASAKI2020-0082	PDF p. 82; print p. 68; §3.4; equation (3.4.13)	assertion	equation	⟨Φ_GS|[Ô_L,[Ĥ,Ô_L]]|Φ_GS⟩≤4(2r+1)^d(4r+1)^d h₀(o₀)²L^d. (3.4.13)	PENDING	NONE	NONE	false	NONE	NONE	NONE
CL-TASAKI2020-0384	TASAKI2020	000082.0003	PG-TASAKI2020-0082	PDF p. 82; print p. 68; §3.4; equation (3.4.14)	assertion	equation	|Ξ+⟩ = (1/√2)(|ΦGS⟩+|Γ⟩). (3.4.14)	PENDING	NONE	NONE	false	NONE	NONE	NONE
CL-TASAKI2020-0385	TASAKI2020	000082.0004	PG-TASAKI2020-0082	PDF p. 82; print p. 68; §3.4; paragraph 5	assertion	unnumbered_obligation	The state |Ξ+⟩ satisfies ⟨Ξ+|Ξ+⟩=1 and ⟨Ξ+|Ĥ|Ξ+⟩≤E_GS+(C/2)L^(−d).	PENDING	NONE	NONE	false	NONE	NONE	NONE
CL-TASAKI2020-0386	TASAKI2020	000082.0005	PG-TASAKI2020-0082	PDF p. 82; print p. 68; §3.4; equation (3.4.15)	assertion	equation	⟨Ξ+|ÔL|Ξ+⟩ = 1/2 {(⟨ΦGS| + ⟨ΦGS|ÔL/∥ÔL|ΦGS⟩∥) ÔL (|ΦGS⟩ + ÔL|ΦGS⟩/∥ÔL|ΦGS⟩∥)} = ⟨ΦGS|(ÔL)²|ΦGS⟩/∥ÔL|ΦGS⟩∥ = √{⟨ΦGS|(ÔL)²|ΦGS⟩}. (3.4.15)	PENDING	NONE	NONE	false	NONE	NONE	NONE
CL-TASAKI2020-0387	TASAKI2020	000082.0006	PG-TASAKI2020-0082	PDF p. 82; print p. 68; §3.4; equation (3.4.16)	assertion	equation	⟨Ξ+|ÔL/L^d|Ξ+⟩ ≥ √q0. (3.4.16)	PENDING	NONE	NONE	false	NONE	NONE	NONE
CL-TASAKI2020-0388	TASAKI2020	000082.0007	PG-TASAKI2020-0082	PDF p. 82; print p. 68; §3.4; paragraph 7, atom 1	assertion	unnumbered_obligation	We have thus found that |Ξ+⟩ is a low-lying state which exhibits both LRO and SSB (see the remark below).	PENDING	NONE	NONE	false	NONE	NONE	NONE
CL-TASAKI2020-0389	TASAKI2020	000082.0008	PG-TASAKI2020-0082	PDF p. 82; print p. 68; §3.4; paragraph 7, atom 2	assertion	unnumbered_obligation	Of course, the state |Ξ−⟩=(|Φ_GS⟩−|Γ⟩)/√2, which is orthogonal to |Ξ+⟩, is a low-lying state that satisfies ⟨Ξ−|Ô_L/L^d|Ξ−⟩≤−√q₀.	PENDING	NONE	NONE	false	NONE	NONE	NONE
CL-TASAKI2020-0390	TASAKI2020	000083.0001	PG-TASAKI2020-0083	PDF p. 83; print p. 69; §3.4; paragraph 3	assertion	remark	For every normalized |Φ⟩, |⟨Φ|Ô_L/L^d|Φ⟩|≤√⟨Φ|(Ô_L/L^d)²|Φ⟩. (3.4.17)	PENDING	NONE	NONE	false	NONE	NONE	NONE
CL-TASAKI2020-0391	TASAKI2020	000083.0002	PG-TASAKI2020-0083	PDF p. 83; print p. 69; §3.4; equation (3.4.17)	assertion	equation	|⟨Φ|Ô_L/L^d|Φ⟩|≤√{⟨Φ|(Ô_L/L^d)²|Φ⟩}. (3.4.17)	PENDING	NONE	NONE	false	NONE	NONE	NONE
CL-TASAKI2020-0392	TASAKI2020	000083.0003	PG-TASAKI2020-0083	PDF p. 83; print p. 69; §3.4; Problem 3.4.b	assertion	problem	Problem 3.4.b Show that lim_{L↑∞}{⟨ΦGS|(ÔL/L^d)^4|ΦGS⟩−(⟨ΦGS|(ÔL/L^d)^2|ΦGS⟩)²}=0 (3.4.18) implies that the fluctuation of ÔL/L^d in |Ξ+⟩ vanishes as L↑∞, and hence |Ξ+⟩ can be regarded as a physical “ground state”. Note that (3.4.18) essentially says that (ÔL/L^d)² does not fluctuate much. This is valid for the quantum Ising model (and other models where Z2 symmetry is broken) but not for the antiferromagnetic Heisenberg model (and other models where a continuous symmetry is broken). [solution→p.501]	PENDING	NONE	NONE	false	NONE	NONE	NONE
CL-TASAKI2020-0393	TASAKI2020	000083.0004	PG-TASAKI2020-0083	PDF p. 83; print p. 69; §3.4; equation (3.4.18)	assertion	equation	lim_{L↑∞}[⟨ΦGS|(ÔL/L^d)^4|ΦGS⟩−{⟨ΦGS|(ÔL/L^d)²|ΦGS⟩}²]=0. (3.4.18)	PENDING	NONE	NONE	false	NONE	NONE	NONE
CL-TASAKI2020-0394	TASAKI2020	000083.0005	PG-TASAKI2020-0083	PDF p. 83; print p. 69; §3.4; equation (3.4.19)	assertion	equation	Ĥ_h=Ĥ−hÔ_L. (3.4.19)	PENDING	NONE	NONE	false	NONE	NONE	NONE
CL-TASAKI2020-0395	TASAKI2020	000084.0001	PG-TASAKI2020-0084	PDF p. 84; print p. 70; §3.4; equation (3.4.20)	assertion	equation	⟨Ξ_+|Ĥ_h|Ξ_+⟩≥⟨Φ_GS,h|Ĥ_h|Φ_GS,h⟩. (3.4.20)	PENDING	NONE	NONE	false	NONE	NONE	NONE
CL-TASAKI2020-0396	TASAKI2020	000084.0002	PG-TASAKI2020-0084	PDF p. 84; print p. 70; §3.4; equation (3.4.21)	assertion	equation	⟨ΦGS,h|ÔL/L^d|ΦGS,h⟩ ≥ ⟨Ξ+|ÔL/L^d|Ξ+⟩ + {⟨ΦGS,h|Ĥ|ΦGS,h⟩−⟨Ξ+|Ĥ|Ξ+⟩}/(hL^d) ≥ √q0 + {EGS−⟨Ξ+|Ĥ|Ξ+⟩}/(hL^d). (3.4.21)	PENDING	NONE	NONE	false	NONE	NONE	NONE
CL-TASAKI2020-0397	TASAKI2020	000084.0003	PG-TASAKI2020-0084	PDF p. 84; print p. 70; §3.4; paragraph 5	assertion	unnumbered_obligation	We know that 0 ≥ E GS − ⟨Ξ+ | Ĥ |Ξ+ ⟩ ≥ −(C/2)L −d , and hence the second term in the right-most-hand vanishes as L ↑ ∞.	PENDING	NONE	NONE	false	NONE	NONE	NONE
CL-TASAKI2020-0398	TASAKI2020	000084.0004	PG-TASAKI2020-0084	PDF p. 84; print p. 70; §3.4; Theorem 3.2	assertion	theorem	Theorem 3.2 states lim_{h↓0}lim_{L↑∞}⟨Φ_GS,h|Ô_L/L^d|Φ_GS,h⟩≥√q₀. (3.4.22)	PENDING	NONE	NONE	false	NONE	NONE	NONE
CL-TASAKI2020-0399	TASAKI2020	000084.0005	PG-TASAKI2020-0084	PDF p. 84; print p. 70; §3.4; equation (3.4.22)	assertion	equation	lim_{h↓0}lim_{L↑∞}⟨ΦGS,h|ÔL/L^d|ΦGS,h⟩ ≥ √q0. (3.4.22)	PENDING	NONE	NONE	false	NONE	NONE	NONE
CL-TASAKI2020-0400	TASAKI2020	000084.0006	PG-TASAKI2020-0084	PDF p. 84; print p. 70; §3.4; Note unnumbered line 35	assertion	remark	For every finite L, lim_{h↓0} ⟨Φ_GS,h|O_L/L^d|Φ_GS,h⟩ = 0 by continuity; hence the order of limits in (3.4.22) is essential.	PENDING	NONE	NONE	false	NONE	NONE	NONE
CL-TASAKI2020-0401	TASAKI2020	000087.0001	PG-TASAKI2020-0087	PDF p. 87; print p. 74; §4.1.1; equation (4.1.1)	assertion	equation	Ĥ = ∑_{{x,y}∈BL} Ŝx·Ŝy. (4.1.1)	PENDING	NONE	NONE	false	NONE	NONE	NONE
CL-TASAKI2020-0402	TASAKI2020	000087.0002	PG-TASAKI2020-0087	PDF p. 87; print p. 74; §4.1.1; equation (4.1.2)	assertion	equation	A := {(x1,…,xd)∈ΛL | ∑_{i=1}^d xi is even}. (4.1.2)	PENDING	NONE	NONE	false	NONE	NONE	NONE
CL-TASAKI2020-0403	TASAKI2020	000087.0003	PG-TASAKI2020-0087	PDF p. 87; print p. 74; §4.1.1; equation (4.1.3)	assertion	equation	B := {(x1,…,xd)∈ΛL | ∑_{i=1}^d xi is odd}. (4.1.3)	PENDING	NONE	NONE	false	NONE	NONE	NONE
CL-TASAKI2020-0404	TASAKI2020	000087.0004	PG-TASAKI2020-0087	PDF p. 87; print p. 74; §4.1.1; paragraph 7, atom 1	assertion	unnumbered_obligation	The Marshall–Lieb–Mattis theorem (Theorem 2.2 in p. 39) thus applies to the present model, and guarantees that there is a unique ground state with Stot = 0.	PENDING	NONE	NONE	false	NONE	NONE	NONE
CL-TASAKI2020-0405	TASAKI2020	000087.0005	PG-TASAKI2020-0087	PDF p. 87; print p. 74; §4.1.1; paragraph 7, atom 2	notation	notation	We denote by |ΦGS ⟩ the ground state for each system size L.	PENDING	NONE	NONE	false	NONE	NONE	NONE
CL-TASAKI2020-0406	TASAKI2020	000087.0006	PG-TASAKI2020-0087	PDF p. 87; print p. 74; §4.1.1; equation (4.1.4)	assertion	equation	ÔL^(α) := ∑_{x∈ΛL}(−1)^x Ŝx^(α). (4.1.4)	PENDING	NONE	NONE	false	NONE	NONE	NONE
CL-TASAKI2020-0407	TASAKI2020	000087.0007	PG-TASAKI2020-0087	PDF p. 87; print p. 74; §4.1.1; equation (4.1.5)	assertion	equation	(−1)^x={1 if x∈A; −1 if x∈B}. (4.1.5)	PENDING	NONE	NONE	false	NONE	NONE	NONE
CL-TASAKI2020-0408	TASAKI2020	000087.0008	PG-TASAKI2020-0087	PDF p. 87; print p. 74; §4.1.1; paragraph 8	definition	definition	Define (−1)^x=1 for x∈A and (−1)^x=−1 for x∈B. (4.1.5)	PENDING	NONE	NONE	false	NONE	NONE	NONE
CL-TASAKI2020-0409	TASAKI2020	000087.0009	PG-TASAKI2020-0087	PDF p. 87; print p. 74; §4.1.1; paragraph 9	assertion	unnumbered_obligation	If a state |Φ⟩ is invariant under Ûθ(α) , i.e., Ûθ(α) |Φ⟩ = c|Φ⟩ with some c ∈ C such that |c| = 1, then we have ⟨Φ|Δ Â|Φ⟩ = ⟨Φ|(Ûθ(α) )† ÂÛθ(α) |Φ⟩−⟨Φ| Â|Φ⟩ = |c|2 ⟨Φ| Â|Φ⟩−⟨Φ| Â|Φ⟩ = 0.	PENDING	NONE	NONE	false	NONE	NONE	NONE
CL-TASAKI2020-0410	TASAKI2020	000087.0010	PG-TASAKI2020-0087	PDF p. 87; print p. 74; §4.1.1; equation (4.1.6)	assertion	equation	ΔÂ=(Û_θ^(α))†ÂÛ_θ^(α)−Â=iθ[Ŝ_tot^(α),Â]+O(θ²). (4.1.6)	PENDING	NONE	NONE	false	NONE	NONE	NONE
CL-TASAKI2020-0411	TASAKI2020	000087.0011	PG-TASAKI2020-0087	PDF p. 87; print p. 74; §4.1.1; Note unnumbered line 13	assertion	remark	The hypercubic lattice is bipartite: it decomposes as Λ_L = A ∪ B, with every bond joining the two sublattices.	PENDING	NONE	NONE	false	NONE	NONE	NONE
CL-TASAKI2020-0412	TASAKI2020	000088.0001	PG-TASAKI2020-0088	PDF p. 88; print p. 75; §4.1.1; paragraph 2, atom 1	assertion	unnumbered_obligation	[Ŝ_tot^(α),Ô_L^(β)]=iε_{αβγ}Ô_L^(γ), where γ is the unique index different from α and β.	PENDING	NONE	NONE	false	NONE	NONE	NONE
CL-TASAKI2020-0413	TASAKI2020	000088.0002	PG-TASAKI2020-0088	PDF p. 88; print p. 75; §4.1.1; Theorem 4.1	assertion	theorem	Theorem 4.1 (Dyson–Lieb–Simon, Neves–Perez, Kennedy–Lieb–Shastry theorem) For d ≥ 3 and any S, or d = 2 and S ≥ 1, there exists a positive constant q_0 (which depends only on d and S) such that ⟨Φ_GS|(Ô_L^(α))²/L^{2d}|Φ_GS⟩ ≥ q_0, (4.1.7) for sufficiently large L and α = 1,2,3.	PENDING	NONE	NONE	false	NONE	NONE	NONE
CL-TASAKI2020-0415	TASAKI2020	000088.0003	PG-TASAKI2020-0088	PDF p. 88; print p. 75; §4.1.1; equation (4.1.7)	assertion	equation	⟨Φ_GS|(Ô_L^(α)/L^d)²|Φ_GS⟩≥q₀. (4.1.7)	PENDING	NONE	NONE	false	NONE	NONE	NONE
CL-TASAKI2020-0416	TASAKI2020	000088.0004	PG-TASAKI2020-0088	PDF p. 88; print p. 75; §4.1.1; paragraph 3	assertion	remark	Note that the left-hand side of (4.1.7) is independent of α because |ΦGS ⟩ is SU(2) invariant. The theorem was proved by Neves and Perez [47], except for the difficult case with d = 3 and S = 1/2, by extending the earlier proof for finite temperatures by Dyson, Lieb, and Simon [12].	PENDING	NONE	NONE	false	NONE	NONE	NONE
CL-TASAKI2020-0417	TASAKI2020	000088.0005	PG-TASAKI2020-0088	PDF p. 88; print p. 75; §4.1.1; paragraph 4, atom 1	assertion	unnumbered_obligation	The choice of Â, and hence of the order operator, is partly ad hoc: choosing Â=Ŝ_tot^(β) produces Ŝ_tot^(γ), which is appropriate for ferromagnetic but not antiferromagnetic order.	PENDING	NONE	NONE	false	NONE	NONE	NONE
CL-TASAKI2020-0418	TASAKI2020	000088.0006	PG-TASAKI2020-0088	PDF p. 88; print p. 75; §4.1.1; paragraph 4, atom 2	assertion	unnumbered_obligation	To prove this, note that (2.1.22) implies (Û_(π/2)^(α))† Ŝ_x^(β) Û_(π/2)^(α)=−∑_{γ=1}^3 ε_{αβγ}Ŝ_x^(γ), and make use of the invariance (2.5.5).	PENDING	NONE	NONE	false	NONE	NONE	NONE
CL-TASAKI2020-0419	TASAKI2020	000088.0007	PG-TASAKI2020-0088	PDF p. 88; print p. 75; §4.1.1; Note unnumbered line 38	conjecture	conjecture	For d = 2 and S = 1/2, it is believed that (4.1.7) remains valid with q₀ > 0.	PENDING	NONE	NONE	false	NONE	NONE	NONE
CL-TASAKI2020-0420	TASAKI2020	000089.0001	PG-TASAKI2020-0089	PDF p. 89; print p. 76; §4.1.1; equation (4.1.8)	assertion	equation	⟨Φ_GS|Ô_L^(α)/L^d|Φ_GS⟩=0. (4.1.8)	PENDING	NONE	NONE	false	NONE	NONE	NONE
CL-TASAKI2020-0421	TASAKI2020	000089.0002	PG-TASAKI2020-0089	PDF p. 89; print p. 76; §4.1.1; equation (4.1.9)	assertion	equation	Ĥh = ∑_{x=1}^L{Ŝx·Ŝx+1 − (−1)^x hŜx^(3)}. (4.1.9)	PENDING	NONE	NONE	false	NONE	NONE	NONE
CL-TASAKI2020-0422	TASAKI2020	000089.0003	PG-TASAKI2020-0089	PDF p. 89; print p. 76; §4.1.1; paragraph 4	assertion	unnumbered_obligation	Use Λ_L={1,…,L} with periodic boundary conditions, and let |Φ_GS,h⟩ be a ground state of the field-dependent Hamiltonian (4.1.9).	PENDING	NONE	NONE	false	NONE	NONE	NONE
CL-TASAKI2020-0423	TASAKI2020	000089.0004	PG-TASAKI2020-0089	PDF p. 89; print p. 76; §4.1.1; Theorem 4.2	assertion	theorem	Theorem 4.2 (Shastry’s theorem) For any S, one has lim_{h↓0} lim_{L↑∞} ⟨Φ_GS,h|Ô_L^(3)/L|Φ_GS,h⟩ = 0. (4.1.10)	PENDING	NONE	NONE	false	NONE	NONE	NONE
CL-TASAKI2020-0424	TASAKI2020	000090.0001	PG-TASAKI2020-0090	PDF p. 90; print p. 77; §4.1.1; equation (4.1.10)	assertion	equation	lim_{h↓0}lim_{L↑∞}⟨ΦGS,h|ÔL^(3)/L|ΦGS,h⟩ = 0. (4.1.10)	PENDING	NONE	NONE	false	NONE	NONE	NONE
CL-TASAKI2020-0425	TASAKI2020	000090.0002	PG-TASAKI2020-0090	PDF p. 90; print p. 77; §4.1.1; Corollary 4.3	assertion	corollary	Corollary 4.3 states lim_{L↑∞}⟨Φ_GS|(Ô_L^(α))²/L²|Φ_GS⟩=0. (4.1.11)	PENDING	NONE	NONE	false	NONE	NONE	NONE
CL-TASAKI2020-0426	TASAKI2020	000090.0003	PG-TASAKI2020-0090	PDF p. 90; print p. 77; §4.1.1; equation (4.1.11)	assertion	equation	lim_{L↑∞}⟨ΦGS|(ÔL^(α)/L)²|ΦGS⟩ = 0. (4.1.11)	PENDING	NONE	NONE	false	NONE	NONE	NONE
CL-TASAKI2020-0427	TASAKI2020	000090.0004	PG-TASAKI2020-0090	PDF p. 90; print p. 77; §4.1.1; paragraph 4, atom 1	assertion	unnumbered_obligation	Then the total spin of the ground states of the antiferromagnetic Heisenberg model (2.5.1), which is equal to Stot = ||A| − |B|| S by Theorem 2.3, is also macroscopically large.	PENDING	NONE	NONE	false	NONE	NONE	NONE
CL-TASAKI2020-0428	TASAKI2020	000090.0005	PG-TASAKI2020-0090	PDF p. 90; print p. 77; §4.1.1; paragraph 4, atom 2	assertion	remark	In such a situation, one should better use an SU(2) invariant operator to define the long-range order parameter so that the expectation value is independent of the choice of a ground state.	PENDING	NONE	NONE	false	NONE	NONE	NONE
CL-TASAKI2020-0429	TASAKI2020	000090.0006	PG-TASAKI2020-0090	PDF p. 90; print p. 77; §4.1.1; equation (4.1.12)	assertion	equation	(ÔΛ)² := ∑_{α=1,2,3}(ÔΛ^(α))² = ∑_{x,y∈Λ}(−1)^x(−1)^y Ŝx·Ŝy. (4.1.12)	PENDING	NONE	NONE	false	NONE	NONE	NONE
CL-TASAKI2020-0430	TASAKI2020	000091.0001	PG-TASAKI2020-0091	PDF p. 91; print p. 78; §4.1.1; paragraph 2	definition	definition	Define Ô_Λ^(α) as in (4.1.4), with Λ_L replaced by the general bipartite lattice Λ.	PENDING	NONE	NONE	false	NONE	NONE	NONE
CL-TASAKI2020-0431	TASAKI2020	000091.0002	PG-TASAKI2020-0091	PDF p. 91; print p. 78; §4.1.1; Theorem 4.4	assertion	theorem	Theorem 4.4 Under the same condition as Theorem 2.3 (p.42), we have ⟨ΦGS|(ÔΛ)²|ΦGS⟩ ≥ S²(|A|−|B|)², (4.1.13) for any ground state |ΦGS⟩. The left-hand side is independent of the choice of the ground state.	PENDING	NONE	NONE	false	NONE	NONE	NONE
CL-TASAKI2020-0432	TASAKI2020	000091.0003	PG-TASAKI2020-0091	PDF p. 91; print p. 78; §4.1.1; equation (4.1.13)	assertion	equation	⟨Φ_GS|(Ô_Λ)²|Φ_GS⟩≥S²(|A|−|B|)². (4.1.13)	PENDING	NONE	NONE	false	NONE	NONE	NONE
CL-TASAKI2020-0433	TASAKI2020	000091.0004	PG-TASAKI2020-0091	PDF p. 91; print p. 78; §4.1.1; paragraph 4, atom 1	hypothesis	hypothesis	Suppose ||A|−|B||=a|Λ| for a constant a>0.	PENDING	NONE	NONE	false	NONE	NONE	NONE
CL-TASAKI2020-0434	TASAKI2020	000091.0005	PG-TASAKI2020-0091	PDF p. 91; print p. 78; §4.1.1; paragraph 4, atom 2	assertion	unnumbered_obligation	For the Lieb lattice (Fig. 10.2) we have a = 1/3.	PENDING	NONE	NONE	false	NONE	NONE	NONE
CL-TASAKI2020-0435	TASAKI2020	000091.0006	PG-TASAKI2020-0091	PDF p. 91; print p. 78; §4.1.1; equation (4.1.14)	assertion	equation	⟨Φ_GS|(Ô_Λ/|Λ|)²|Φ_GS⟩≥(aS)². (4.1.14)	PENDING	NONE	NONE	false	NONE	NONE	NONE
CL-TASAKI2020-0436	TASAKI2020	000091.0007	PG-TASAKI2020-0091	PDF p. 91; print p. 78; §4.1.1; equation (4.1.15)	assertion	equation	(−1)^x(−1)^y⟨Φ_GS^(0)|(Ŝ_x^(1)Ŝ_y^(1)+Ŝ_x^(2)Ŝ_y^(2))|Φ_GS^(0)⟩>0. (4.1.15)	PENDING	NONE	NONE	false	NONE	NONE	NONE
CL-TASAKI2020-0437	TASAKI2020	000091.0008	PG-TASAKI2020-0091	PDF p. 91; print p. 78; §4.1.1; equation (4.1.16)	assertion	equation	⟨ΦGS^(0)|(ÔΛ)²|ΦGS^(0)⟩ ≥ ⟨ΦGS^(0)|{(ÔΛ^(1))²+(ÔΛ^(2))²}|ΦGS^(0)⟩ = ∑_{x,y∈Λ}(−1)^x(−1)^y⟨ΦGS^(0)|(Ŝx^(1)Ŝy^(1)+Ŝx^(2)Ŝy^(2))|ΦGS^(0)⟩ ≥ ∑_{x,y∈Λ}⟨ΦGS^(0)|(Ŝx^(1)Ŝy^(1)+Ŝx^(2)Ŝy^(2))|ΦGS^(0)⟩ = ⟨ΦGS^(0)|{(Ŝtot^(1))²+(Ŝtot^(2))²}|ΦGS^(0)⟩ = ⟨ΦGS^(0)|{(Ŝtot)²−(Ŝtot^(3))²}|ΦGS^(0)⟩ ≥ Stot(Stot+1)−1/4 ≥ Stot². (4.1.16)	PENDING	NONE	NONE	false	NONE	NONE	NONE
CL-TASAKI2020-2976	TASAKI2020	000092.0001	PG-TASAKI2020-0092	PDF p. 92; print p. 79; §4.1.2; opening paragraph	assertion	remark	In this section, we prove a part of Theorem 4.1, along the line of the proof given by Kennedy, Lieb, and Shastry [29].	PENDING	NONE	NONE	false	NONE	NONE	NONE
CL-TASAKI2020-2977	TASAKI2020	000092.0002	PG-TASAKI2020-0092	PDF p. 92; print p. 79; §4.1.2; opening paragraph	assertion	unnumbered_obligation	The section completely proves Theorem 4.1 for sufficiently large S for each d≥2.	PENDING	NONE	NONE	false	NONE	NONE	NONE
CL-TASAKI2020-3342	TASAKI2020	000092.0003	PG-TASAKI2020-0092	PDF p. 92; print p. 79; §4.1.2; opening paragraph	assertion	unnumbered_obligation	The section shows how to prove it for every S≥1 when d=2 or d=3.	PENDING	NONE	NONE	false	NONE	NONE	NONE
CL-TASAKI2020-2978	TASAKI2020	000092.0004	PG-TASAKI2020-0092	PDF p. 92; print p. 79; §4.1.2; opening paragraph	assertion	remark	The difficult case with S = 1/2 and d = 3, which was solved in [29], is not covered.	PENDING	NONE	NONE	false	NONE	NONE	NONE
CL-TASAKI2020-2983	TASAKI2020	000092.0005	PG-TASAKI2020-0092	PDF p. 92; print p. 79; §4.1.2; mathematical-core paragraph	assertion	unnumbered_obligation	The mathematical core of the proof is expression (4.1.74) for the ground-state energy of a Hamiltonian with external field.	PENDING	NONE	NONE	false	NONE	NONE	NONE
CL-TASAKI2020-2984	TASAKI2020	000092.0006	PG-TASAKI2020-0092	PDF p. 92; print p. 79; §4.1.2; mathematical-core paragraph	assertion	remark	The expression is nothing more than the standard Schmidt decomposition, but is designed in such a manner that one can make full use of the reflection symmetry of the model.	PENDING	NONE	NONE	false	NONE	NONE	NONE
CL-TASAKI2020-2985	TASAKI2020	000092.0007	PG-TASAKI2020-0092	PDF p. 92; print p. 79; §4.1.2; mathematical-core paragraph	assertion	unnumbered_obligation	Combining (4.1.74) with ab≤(a²+b²)/2 yields the reflection bound (4.1.51).	PENDING	NONE	NONE	false	NONE	NONE	NONE
CL-TASAKI2020-3343	TASAKI2020	000092.0008	PG-TASAKI2020-0092	PDF p. 92; print p. 79; §4.1.2; mathematical-core paragraph	assertion	unnumbered_obligation	The reflection bound leads, through the later argument, to long-range order.	PENDING	NONE	NONE	false	NONE	NONE	NONE
CL-TASAKI2020-2991	TASAKI2020	000092.0009	PG-TASAKI2020-0092	PDF p. 92; print p. 79; §4.1.2; limitations paragraph	hypothesis	hypothesis	It should be noted that the present proof based on the (spatial) reflection positivity requires the lattice to be completely regular and all the interactions to be identical.	PENDING	NONE	NONE	false	NONE	NONE	NONE
CL-TASAKI2020-2992	TASAKI2020	000092.0010	PG-TASAKI2020-0092	PDF p. 92; print p. 79; §4.1.2; limitations paragraph	conjecture	conjecture	Physically speaking, small irregularity in the magnitude of exchange interactions should be irrelevant to macroscopic properties of a spin system.	PENDING	NONE	NONE	false	NONE	NONE	NONE
CL-TASAKI2020-2993	TASAKI2020	000092.0011	PG-TASAKI2020-0092	PDF p. 92; print p. 79; §4.1.2; limitations paragraph	assertion	remark	But the mathematical argument used here does not allow such irregular modifications, no matter how small they are.	PENDING	NONE	NONE	false	NONE	NONE	NONE
CL-TASAKI2020-2994	TASAKI2020	000092.0012	PG-TASAKI2020-0092	PDF p. 92; print p. 79; §4.1.2; “Long-range order and the infrared bound”; opening paragraph	domain	domain	Study the antiferromagnetic Heisenberg model with Hamiltonian Ĥ from (4.1.1) on the d-dimensional L×⋯×L hypercubic lattice Λ_L defined in (3.1.2).	PENDING	NONE	NONE	false	NONE	NONE	NONE
CL-TASAKI2020-2995	TASAKI2020	000092.0013	PG-TASAKI2020-0092	PDF p. 92; print p. 79; §4.1.2; “Long-range order and the infrared bound”; opening paragraph	hypothesis	hypothesis	It is essential that L is even.	PENDING	NONE	NONE	false	NONE	NONE	NONE
CL-TASAKI2020-0439	TASAKI2020	000093.0001	PG-TASAKI2020-0093	PDF p. 93; print p. 80; §4.1.2; equation (4.1.17)	assertion	equation	K_L:={(k₁,…,k_d) | k_j=2πn_j/L, n_j∈ℤ, −L/2<n_j≤L/2}⊂(−π,π]^d. (4.1.17)	PENDING	NONE	NONE	false	NONE	NONE	NONE
CL-TASAKI2020-0440	TASAKI2020	000093.0002	PG-TASAKI2020-0093	PDF p. 93; print p. 80; §4.1.2; equation (4.1.18)	assertion	equation	f̃(k)=∑_{x∈ΛL}e^(−ik·x)f(x),  f(x)=L^(−d)∑_{k∈KL}e^(ik·x)f̃(k). (4.1.18)	PENDING	NONE	NONE	false	NONE	NONE	NONE
CL-TASAKI2020-0441	TASAKI2020	000093.0003	PG-TASAKI2020-0093	PDF p. 93; print p. 80; §4.1.2; equation (4.1.19)	assertion	equation	S̃k := L^(−d/2)∑_{x∈ΛL}e^(−ik·x)Ŝx^(3). (4.1.19)	PENDING	NONE	NONE	false	NONE	NONE	NONE
CL-TASAKI2020-0442	TASAKI2020	000093.0004	PG-TASAKI2020-0093	PDF p. 93; print p. 80; §4.1.2; equation (4.1.20)	assertion	equation	gL(k):=⟨S̃−k S̃k⟩L = L^(−d)∑_{x,y∈ΛL}e^(−ik·(x−y))⟨Ŝy^(3)Ŝx^(3)⟩L = ∑_{x∈ΛL}e^(−ik·x)⟨Ŝo^(3)Ŝx^(3)⟩L. (4.1.20)	PENDING	NONE	NONE	false	NONE	NONE	NONE
CL-TASAKI2020-0443	TASAKI2020	000093.0005	PG-TASAKI2020-0093	PDF p. 93; print p. 80; §4.1.2; equation (4.1.21)	assertion	equation	⟨Ŝo^(3)Ŝx^(3)⟩L = L^(−d)∑_{k∈KL}e^(ik·x)gL(k). (4.1.21)	PENDING	NONE	NONE	false	NONE	NONE	NONE
CL-TASAKI2020-0444	TASAKI2020	000093.0006	PG-TASAKI2020-0093	PDF p. 93; print p. 80; §4.1.2; equation (4.1.22)	assertion	equation	gL(k*) = L^(−d)∑_{x,y∈ΛL}(−1)^x(−1)^y⟨Ŝx^(3)Ŝy^(3)⟩L = L^d⟨(ÔL^(3)/L^d)²⟩L =: L^d qL. (4.1.22)	PENDING	NONE	NONE	false	NONE	NONE	NONE
CL-TASAKI2020-0445	TASAKI2020	000094.0001	PG-TASAKI2020-0094	PDF p. 94; print p. 81; §4.1.2; equation (4.1.23)	assertion	equation	S(S+1)/3 = L^(−d)∑_{k∈KL}gL(k) = qL + L^(−d)∑_{k∈KL∖{k*}}gL(k). (4.1.23)	PENDING	NONE	NONE	false	NONE	NONE	NONE
CL-TASAKI2020-0446	TASAKI2020	000094.0002	PG-TASAKI2020-0094	PDF p. 94; print p. 81; §4.1.2; equation (4.1.24)	assertion	equation	gL(k) ≤ √{(e0/(6d)) ε(k)/ε(k−k*)}. (4.1.24)	PENDING	NONE	NONE	false	NONE	NONE	NONE
CL-TASAKI2020-0447	TASAKI2020	000094.0003	PG-TASAKI2020-0094	PDF p. 94; print p. 81; §4.1.2; equation (4.1.25)	assertion	equation	ε(k) := ∑_{j=1}^d(1−cos kj). (4.1.25)	PENDING	NONE	NONE	false	NONE	NONE	NONE
CL-TASAKI2020-0448	TASAKI2020	000094.0004	PG-TASAKI2020-0094	PDF p. 94; print p. 81; §4.1.2; equation (4.1.26)	assertion	equation	e₀=S(2dS+1)/2. (4.1.26)	PENDING	NONE	NONE	false	NONE	NONE	NONE
CL-TASAKI2020-2997	TASAKI2020	000094.0005	PG-TASAKI2020-0094	PDF p. 94; print p. 81; §4.1.2; paragraph 7; atom 1	assertion	unnumbered_obligation	If |k−k*|≪1, then ε(k−k*)≃|k−k*|²/2.	PENDING	NONE	NONE	false	NONE	NONE	NONE
CL-TASAKI2020-3344	TASAKI2020	000094.0006	PG-TASAKI2020-0094	PDF p. 94; print p. 81; §4.1.2; paragraph 7; atom 2	assertion	unnumbered_obligation	Consequently the right-hand side of (4.1.24) behaves as const./|k−k*|.	PENDING	NONE	NONE	false	NONE	NONE	NONE
CL-TASAKI2020-2999	TASAKI2020	000094.0007	PG-TASAKI2020-0094	PDF p. 94; print p. 81; §4.1.2; paragraph 7; audit split atom 4/4	assertion	remark	The infrared bound (4.1.24) has a significant physical importance in that it provides a rigorous (partial) justification of the spin wave theory.	PENDING	NONE	NONE	false	NONE	NONE	NONE
CL-TASAKI2020-0449	TASAKI2020	000094.0008	PG-TASAKI2020-0094	PDF p. 94; print p. 81; §4.1.2; equation (4.1.27)	assertion	equation	S(S+1)/3 ≤ qL + L^(−d)∑_{k∈KL\{k*}} √{(e0/(6d)) ε(k)/ε(k−k*)}. (4.1.27)	PENDING	NONE	NONE	false	NONE	NONE	NONE
CL-TASAKI2020-0450	TASAKI2020	000094.0009	PG-TASAKI2020-0094	PDF p. 94; print p. 81; §4.1.2; equation (4.1.28)	assertion	equation	liminf_{L↑∞}qL ≥ S(S+1)/3 − √{S(2dS+1)/(12d)} Id. (4.1.28)	PENDING	NONE	NONE	false	NONE	NONE	NONE
CL-TASAKI2020-0452	TASAKI2020	000095.0001	PG-TASAKI2020-0095	PDF p. 95; print p. 82; §4.1.2; equation (4.1.29)	assertion	equation	L^(−d)∑_{k∈KL∖{k*}}√{ε(k)/ε(k−k*)} → ∫_{[−π,π]^d}[d^d k/(2π)^d]√{ε(k)/ε(k−k*)} =: Id. (4.1.29)	PENDING	NONE	NONE	false	NONE	NONE	NONE
CL-TASAKI2020-0453	TASAKI2020	000095.0002	PG-TASAKI2020-0095	PDF p. 95; print p. 82; §4.1.2; paragraph 3	assertion	unnumbered_obligation	The integrand √{ε(k)/ε(k − k*)} is singular only at k = k*. As we have seen before, the integral near k* is approximated as (const.) ∫ d^d k |k − k*|^(−1), which is convergent unless d = 1.	PENDING	NONE	NONE	false	NONE	NONE	NONE
CL-TASAKI2020-0454	TASAKI2020	000095.0003	PG-TASAKI2020-0095	PDF p. 95; print p. 82; §4.1.2; paragraph 4, atom 1	assertion	unnumbered_obligation	Then, for each d ≥ 2, we find that the right-hand side of (4.1.28) becomes strictly positive for sufficiently large S, since the first term S(S + 1)/3 grows more rapidly than the second term.	PENDING	NONE	NONE	false	NONE	NONE	NONE
CL-TASAKI2020-0455	TASAKI2020	000095.0004	PG-TASAKI2020-0095	PDF p. 95; print p. 82; §4.1.2; paragraph 4, atom 2	notation	notation	Derivation of the infrared bound In this part we prove the infrared bound (4.1.24) by using the inequality (4.1.40), which we call the uniform (staggered) field bound.	PENDING	NONE	NONE	false	NONE	NONE	NONE
CL-TASAKI2020-0456	TASAKI2020	000095.0005	PG-TASAKI2020-0095	PDF p. 95; print p. 82; §4.1.2; equation (4.1.30)	assertion	equation	gL(k)=⟨ΦGS|S̃−k S̃k|ΦGS⟩=∑_n⟨ΦGS|S̃−k|Φn⟩⟨Φn|S̃k|ΦGS⟩=∑_n|⟨Φn|S̃k|ΦGS⟩|². (4.1.30)	PENDING	NONE	NONE	false	NONE	NONE	NONE
CL-TASAKI2020-0457	TASAKI2020	000095.0006	PG-TASAKI2020-0095	PDF p. 95; print p. 82; §4.1.2; equation (4.1.31)	assertion	equation	{gL(k)}² = [∑_n |⟨Φn|S̃k|ΦGS⟩|²√(En−EGS)/√(En−EGS)]² ≤ {∑_n|⟨Φn|S̃k|ΦGS⟩|²(En−EGS)}{∑_n|⟨Φn|S̃k|ΦGS⟩|²/(En−EGS)} = fL^(1)(k)fL^(−1)(k). (4.1.31)	PENDING	NONE	NONE	false	NONE	NONE	NONE
CL-TASAKI2020-0458	TASAKI2020	000096.0001	PG-TASAKI2020-0096	PDF p. 96; print p. 83; §4.1.2; equation (4.1.32)	assertion	equation	fL^(±1)(k)=∑_n|⟨Φn|S̃k|ΦGS⟩|²(En−EGS)^±1. (4.1.32)	PENDING	NONE	NONE	false	NONE	NONE	NONE
CL-TASAKI2020-0459	TASAKI2020	000096.0002	PG-TASAKI2020-0096	PDF p. 96; print p. 83; §4.1.2; equation (4.1.33)	assertion	equation	fL^(1)(k)=∑_n⟨ΦGS|S̃−k|Φn⟩⟨Φn|S̃k|ΦGS⟩(En−EGS) = ⟨S̃−k Ĥ S̃k⟩L − (1/2){⟨S̃−k S̃k Ĥ⟩L+⟨Ĥ S̃−k S̃k⟩L}. (4.1.33)	PENDING	NONE	NONE	false	NONE	NONE	NONE
CL-TASAKI2020-0460	TASAKI2020	000096.0003	PG-TASAKI2020-0096	PDF p. 96; print p. 83; §4.1.2; paragraph 4	assertion	remark	Note that we can make an overall replacement S̃k → S̃−k in ⟨· · · ⟩ L since the ground state is invariant under the reflection x → −x.	PENDING	NONE	NONE	false	NONE	NONE	NONE
CL-TASAKI2020-0461	TASAKI2020	000096.0004	PG-TASAKI2020-0096	PDF p. 96; print p. 83; §4.1.2; equation (4.1.34)	assertion	equation	fL^(1)(k) = 1/2 {⟨S̃−k Ĥ S̃k⟩L + ⟨S̃k Ĥ S̃−k⟩L − ⟨S̃−k S̃k Ĥ⟩L − ⟨Ĥ S̃k S̃−k⟩L} = 1/2 ⟨[[S̃k,Ĥ],S̃−k]⟩L. (4.1.34)	PENDING	NONE	NONE	false	NONE	NONE	NONE
CL-TASAKI2020-0462	TASAKI2020	000096.0005	PG-TASAKI2020-0096	PDF p. 96; print p. 83; §4.1.2; equation (4.1.35)	assertion	equation	[[S̃k,Ĥ],S̃−k] = L^(−d)∑_{x∈ΛL}∑_{y∈N(x)}(e^(ik·(y−x))−1)(Ŝx^(1)Ŝy^(1)+Ŝx^(2)Ŝy^(2)). (4.1.35)	PENDING	NONE	NONE	false	NONE	NONE	NONE
CL-TASAKI2020-0463	TASAKI2020	000096.0006	PG-TASAKI2020-0096	PDF p. 96; print p. 83; §4.1.2; paragraph 5, atom 1	assertion	remark	Note that E GS = ⟨ Ĥ ⟩ L = |B L |⟨ Ŝx · Ŝ y ⟩ L for any {x, y} ∈ B L , since the translation invariance of the ground state (which follows from the uniqueness) implies that ⟨ Ŝx · Ŝ y ⟩ L is identical for all {x, y} ∈ B L .	PENDING	NONE	NONE	false	NONE	NONE	NONE
CL-TASAKI2020-0464	TASAKI2020	000096.0007	PG-TASAKI2020-0096	PDF p. 96; print p. 83; §4.1.2; paragraph 5, atom 2	assertion	unnumbered_obligation	For every bond {x,y}∈B_L, ⟨Ŝ_x^(α)Ŝ_y^(α)⟩_L=⟨Ŝ_x·Ŝ_y⟩_L/3=E_GS/(3dL^d).	PENDING	NONE	NONE	false	NONE	NONE	NONE
CL-TASAKI2020-0465	TASAKI2020	000096.0008	PG-TASAKI2020-0096	PDF p. 96; print p. 83; §4.1.2; equation (4.1.36)	assertion	equation	f_L^(1)(k)=−2ε(k)E_GS/(3dL^d)≤2e₀ε(k)/(3d). (4.1.36)	PENDING	NONE	NONE	false	NONE	NONE	NONE
CL-TASAKI2020-0466	TASAKI2020	000096.0009	PG-TASAKI2020-0096	PDF p. 96; print p. 83; §4.1.2; paragraph 6, atom 1	assertion	unnumbered_obligation	The inequality in (4.1.36) follows from the definition of e₀.	PENDING	NONE	NONE	false	NONE	NONE	NONE
CL-TASAKI2020-0467	TASAKI2020	000096.0010	PG-TASAKI2020-0096	PDF p. 96; print p. 83; §4.1.2; paragraph 6, atom 2	domain	domain	Fix arbitrary bx ∈ R for each x ∈ Λ L .	PENDING	NONE	NONE	false	NONE	NONE	NONE
CL-TASAKI2020-0469	TASAKI2020	000097.0001	PG-TASAKI2020-0097	PDF p. 97; print p. 84; §4.1.2; equation (4.1.37)	assertion	equation	Ĥλ = ∑_{{x,y}∈BL}[Ŝx^(1)Ŝy^(1)+Ŝx^(2)Ŝy^(2)+(1/2){Ŝx^(3)+Ŝy^(3)−λ(bx+by)}²] − d∑_{x∈ΛL}(Ŝx^(3))². (4.1.37)	PENDING	NONE	NONE	false	NONE	NONE	NONE
CL-TASAKI2020-0470	TASAKI2020	000097.0002	PG-TASAKI2020-0097	PDF p. 97; print p. 84; §4.1.2; paragraph 4, atom 1	domain	domain	Let us denote by E GS (λ) the ground state energy of Ĥλ .	PENDING	NONE	NONE	false	NONE	NONE	NONE
CL-TASAKI2020-0471	TASAKI2020	000097.0003	PG-TASAKI2020-0097	PDF p. 97; print p. 84; §4.1.2; equation (4.1.38)	assertion	equation	Ĥλ = Ĥ − λ∑_{{x,y}∈BL}(bx+by)(Ŝx^(3)+Ŝy^(3)) + (λ²/2)∑_{{x,y}∈BL}(bx+by)² = Ĥ − λ∑_{x∈ΛL}b̃xŜx^(3) + (λ²/2)∑_{{x,y}∈BL}(bx+by)². (4.1.38)	PENDING	NONE	NONE	false	NONE	NONE	NONE
CL-TASAKI2020-0472	TASAKI2020	000097.0004	PG-TASAKI2020-0097	PDF p. 97; print p. 84; §4.1.2; paragraph 6	assertion	unnumbered_obligation	Since ⟨ΦGS | Ŝx(3) |ΦGS ⟩ = 0 by symmetry, there is no first order correction to E GS (λ).	PENDING	NONE	NONE	false	NONE	NONE	NONE
CL-TASAKI2020-0473	TASAKI2020	000097.0005	PG-TASAKI2020-0097	PDF p. 97; print p. 84; §4.1.2; equation (4.1.39)	assertion	equation	EGS(λ)=EGS+(λ²/2)∑_{{x,y}∈BL}(bx+by)² − λ²∑_n {⟨ΦGS|∑_x b̃xŜx^(3)|Φn⟩⟨Φn|∑_x b̃xŜx^(3)|ΦGS⟩}/(En−EGS) + O(λ³). (4.1.39)	PENDING	NONE	NONE	false	NONE	NONE	NONE
CL-TASAKI2020-0474	TASAKI2020	000097.0006	PG-TASAKI2020-0097	PDF p. 97; print p. 84; §4.1.2; equation (4.1.40)	assertion	equation	E_GS(λ)≥E_GS(0)=E_GS. (4.1.40)	PENDING	NONE	NONE	false	NONE	NONE	NONE
CL-TASAKI2020-0475	TASAKI2020	000097.0007	PG-TASAKI2020-0097	PDF p. 97; print p. 84; §4.1.2; paragraph 10	notation	notation	Combining the perturbative estimate (4.1.39) with the uniform-field bound (4.1.40) yields inequality (4.1.41).	PENDING	NONE	NONE	false	NONE	NONE	NONE
CL-TASAKI2020-0476	TASAKI2020	000097.0008	PG-TASAKI2020-0097	PDF p. 97; print p. 84; §4.1.2; equation (4.1.41)	assertion	equation	∑_n {⟨ΦGS|∑_x{∑_{y∈N(x)}(bx+by)}Ŝx^(3)|Φn⟩⟨Φn|∑_x{∑_{y∈N(x)}(bx+by)}Ŝx^(3)|ΦGS⟩}/(En−EGS) ≤ (1/2)∑_{{x,y}∈BL}(bx+by)². (4.1.41)	PENDING	NONE	NONE	false	NONE	NONE	NONE
CL-TASAKI2020-0477	TASAKI2020	000097.0009	PG-TASAKI2020-0097	PDF p. 97; print p. 84; §4.1.2; paragraph 11	assertion	unnumbered_obligation	The choice b_x=(−1)^x is equivalent to λ=0 and therefore realizes the minimum energy.	PENDING	NONE	NONE	false	NONE	NONE	NONE
CL-TASAKI2020-0478	TASAKI2020	000098.0001	PG-TASAKI2020-0098	PDF p. 98; print p. 85; §4.1.2; equation (4.1.42)	assertion	equation	∑_n {⟨ΦGS|∑_x{∑_{y∈N(x)}(ξx+ξy)}Ŝx^(3)|Φn⟩⟨Φn|∑_x{∑_{y∈N(x)}(ξx+ξy)}Ŝx^(3)|ΦGS⟩}/(En−EGS) ≤ (1/2)∑_{{x,y}∈BL}|ξx+ξy|². (4.1.42)	PENDING	NONE	NONE	false	NONE	NONE	NONE
CL-TASAKI2020-0479	TASAKI2020	000098.0002	PG-TASAKI2020-0098	PDF p. 98; print p. 85; §4.1.2; equation (4.1.43)	assertion	equation	∑_{y:{x,y}∈BL}(ξx+ξy) = e^(−ik·x)2∑_{j=1}^d(1+cos kj) = 2e^(−ik·x)ε(k−k*). (4.1.43)	PENDING	NONE	NONE	false	NONE	NONE	NONE
CL-TASAKI2020-0480	TASAKI2020	000098.0003	PG-TASAKI2020-0098	PDF p. 98; print p. 85; §4.1.2; equation (4.1.44)	assertion	equation	∑_{{x,y}∈BL}|ξx+ξy|² = 2L^d∑_{j=1}^d(1+cos kj) = 2L^d ε(k−k*). (4.1.44)	PENDING	NONE	NONE	false	NONE	NONE	NONE
CL-TASAKI2020-0481	TASAKI2020	000098.0004	PG-TASAKI2020-0098	PDF p. 98; print p. 85; §4.1.2; equation (4.1.45)	assertion	equation	∑_n {⟨ΦGS|S̃−k|Φn⟩⟨Φn|S̃k|ΦGS⟩}/(En−EGS) ≤ 1/{4ε(k−k*)}. (4.1.45)	PENDING	NONE	NONE	false	NONE	NONE	NONE
CL-TASAKI2020-0482	TASAKI2020	000098.0005	PG-TASAKI2020-0098	PDF p. 98; print p. 85; §4.1.2; equation (4.1.46)	assertion	equation	{gL(k)}² ≤ {2e0ε(k)/(3d)}·{1/[4ε(k−k*)]} = {e0/(6d)}·{ε(k)/ε(k−k*)}. (4.1.46)	PENDING	NONE	NONE	false	NONE	NONE	NONE
CL-TASAKI2020-0483	TASAKI2020	000098.0006	PG-TASAKI2020-0098	PDF p. 98; print p. 85; §4.1.2; paragraph 9, atom 1	notation	notation	From the reflection bound to the uniform field bound We now introduce the spatial reflection, and show that the uniform field bound (4.1.40) can be derived from another bound (4.1.51), which we call the reflection bound, that follows from reflection positivity.	PENDING	NONE	NONE	false	NONE	NONE	NONE
CL-TASAKI2020-0484	TASAKI2020	000098.0007	PG-TASAKI2020-0098	PDF p. 98; print p. 85; §4.1.2; paragraph 9, atom 2	notation	notation	We write the site x ∈ Λ as x = (x1 , . . . , xd ) with x j = −(L/2) + 1, . . . , L/2.	PENDING	NONE	NONE	false	NONE	NONE	NONE
CL-TASAKI2020-0486	TASAKI2020	000098.0008	PG-TASAKI2020-0098	PDF p. 98; print p. 85; §4.1.2; equation (4.1.47)	assertion	equation	R(x₁,x₂,…,x_d)=(1−x₁,x₂,…,x_d). (4.1.47)	PENDING	NONE	NONE	false	NONE	NONE	NONE
CL-TASAKI2020-0487	TASAKI2020	000099.0001	PG-TASAKI2020-0099	PDF p. 99; print p. 86; §4.1.2; equation (4.1.48)	assertion	equation	Ĥh = ∑_{{x,y}∈BL}[Ŝx^(1)Ŝy^(1)+Ŝx^(2)Ŝy^(2)+(1/2){Ŝx^(3)+Ŝy^(3)−(−1)^x hx−(−1)^y hy}²] − d∑_{x∈ΛL}(Ŝx^(3))². (4.1.48)	PENDING	NONE	NONE	false	NONE	NONE	NONE
CL-TASAKI2020-0488	TASAKI2020	000099.0002	PG-TASAKI2020-0099	PDF p. 99; print p. 86; §4.1.2; paragraph 5, atom 1	notation	notation	We write the field configuration as h = (h x )x∈Λ .	PENDING	NONE	NONE	false	NONE	NONE	NONE
CL-TASAKI2020-0489	TASAKI2020	000099.0003	PG-TASAKI2020-0099	PDF p. 99; print p. 86; §4.1.2; paragraph 5, atom 2	notation	notation	We denote the ground state energy of Ĥh as E GS (h).	PENDING	NONE	NONE	false	NONE	NONE	NONE
CL-TASAKI2020-0490	TASAKI2020	000099.0004	PG-TASAKI2020-0099	PDF p. 99; print p. 86; §4.1.2; equation (4.1.49)	assertion	equation	E_GS(h)≥E_GS(h_const)=E_GS(0,…,0). (4.1.49)	PENDING	NONE	NONE	false	NONE	NONE	NONE
CL-TASAKI2020-0491	TASAKI2020	000099.0005	PG-TASAKI2020-0099	PDF p. 99; print p. 86; §4.1.2; equation (4.1.50)	assertion	equation	h_x^L={h_x if x∈ΛL; h_{R(x)} if x∈ΛR}, h_x^R={h_{R(x)} if x∈ΛL; h_x if x∈ΛR}. (4.1.50)	PENDING	NONE	NONE	false	NONE	NONE	NONE
CL-TASAKI2020-0492	TASAKI2020	000099.0006	PG-TASAKI2020-0099	PDF p. 99; print p. 86; §4.1.2; equation (4.1.51)	assertion	equation	E_GS(h)≥(1/2){E_GS(h^L)+E_GS(h^R)}. (4.1.51)	PENDING	NONE	NONE	false	NONE	NONE	NONE
CL-TASAKI2020-0493	TASAKI2020	000099.0007	PG-TASAKI2020-0099	PDF p. 99; print p. 86; §4.1.2; paragraph 8	notation	notation	We call (4.1.51) the reflection bound.	PENDING	NONE	NONE	false	NONE	NONE	NONE
CL-TASAKI2020-0494	TASAKI2020	000099.0008	PG-TASAKI2020-0099	PDF p. 99; print p. 86; §4.1.2; Fig. 4.1 caption	assertion	remark	Fig. 4.1 The reflection map R and the sublattices ΛL and ΛR for the lattice with d = 1 and L = 6. Two thick bonds (0, 1) and (−2, 3) are the elements of ∂ B defined later in (4.1.62)	PENDING	NONE	NONE	false	NONE	NONE	NONE
CL-TASAKI2020-0495	TASAKI2020	000100.0001	PG-TASAKI2020-0100	PDF p. 100; print p. 87; §4.1.2; paragraph 3	domain	domain	Let us see how the uniform field bound (4.1.49) is derived from the reflection bound (4.1.51). Consider first the simplest case with d = 1 and L = 2, where h is simply (h 0 , h 1 ).	PENDING	NONE	NONE	false	NONE	NONE	NONE
CL-TASAKI2020-0496	TASAKI2020	000100.0002	PG-TASAKI2020-0100	PDF p. 100; print p. 87; §4.1.2; equation (4.1.52)	assertion	equation	E_GS(α,β)≥(1/2){E_GS(α,α)+E_GS(β,β)}=E_GS(0,0). (4.1.52)	PENDING	NONE	NONE	false	NONE	NONE	NONE
CL-TASAKI2020-0497	TASAKI2020	000100.0003	PG-TASAKI2020-0100	PDF p. 100; print p. 87; §4.1.2; equation (4.1.53)	assertion	equation	E_GS(α,β,γ,η)≥(1/2){E_GS(α,β,β,α)+E_GS(η,γ,γ,η)}. (4.1.53)	PENDING	NONE	NONE	false	NONE	NONE	NONE
CL-TASAKI2020-0498	TASAKI2020	000100.0004	PG-TASAKI2020-0100	PDF p. 100; print p. 87; §4.1.2; equation (4.1.54)	assertion	equation	E_GS(α,β,β,α)=E_GS(α,α,β,β)≥(1/2){E_GS(α,α,α,α)+E_GS(β,β,β,β)}=E_GS(0,0,0,0). (4.1.54)	PENDING	NONE	NONE	false	NONE	NONE	NONE
CL-TASAKI2020-0499	TASAKI2020	000100.0005	PG-TASAKI2020-0100	PDF p. 100; print p. 87; §4.1.2; Lemma 4.5	assertion	lemma	Lemma 4.5 Let F : (ℝ^D)^{2n} → ℝ be a function of 2n vectors in ℝ^D, where D is arbitrary. We assume that F satisfies cyclicity F(f_1,…,f_{2n}) = F(f_{2n},f_1,…,f_{2n−1}), (4.1.55) and the reflection bound F(f_1,…,f_n,f_{n+1},…,f_{2n}) ≤ (1/2){F(f_1,…,f_n,−f_n,…,−f_1) + F(−f_{2n},…,−f_{n+1},f_{n+1},…,f_{2n})}. (4.1.56) Then, for any f_1,…,f_{2n} ∈ ℝ^D, one has F(f_1,…,f_{2n}) ≥ (1/(2n)) ∑_{j=1}^{2n} F(f_j,…,f_j). (4.1.57)	PENDING	NONE	NONE	false	NONE	NONE	NONE
CL-TASAKI2020-0500	TASAKI2020	000100.0006	PG-TASAKI2020-0100	PDF p. 100; print p. 87; §4.1.2; equation (4.1.55)	assertion	equation	F(f₁,…,f_(2n−1),f_(2n))=F(f_(2n),f₁,…,f_(2n−1)). (4.1.55)	PENDING	NONE	NONE	false	NONE	NONE	NONE
CL-TASAKI2020-0501	TASAKI2020	000100.0007	PG-TASAKI2020-0100	PDF p. 100; print p. 87; §4.1.2; Fig. 4.2 caption	assertion	remark	Fig. 4.2 The field configuration h and its reflected copies hL and hR for the lattice with d = 1 and L = 4.	PENDING	NONE	NONE	false	NONE	NONE	NONE
CL-TASAKI2020-0502	TASAKI2020	000101.0001	PG-TASAKI2020-0101	PDF p. 101; print p. 88; §4.1.2; equation (4.1.56)	assertion	equation	F(f₁,…,f_n,f_(n+1),…,f_(2n))≥(1/2){F(f₁,…,f_n,f_n,…,f₁)+F(f_(2n),…,f_(n+1),f_(n+1),…,f_(2n))}. (4.1.56)	PENDING	NONE	NONE	false	NONE	NONE	NONE
CL-TASAKI2020-0504	TASAKI2020	000101.0002	PG-TASAKI2020-0101	PDF p. 101; print p. 88; §4.1.2; equation (4.1.57)	assertion	equation	F(f1,…,f2n) ≥ (1/2n)∑_{j=1}^{2n}F(fj,…,fj). (4.1.57)	PENDING	NONE	NONE	false	NONE	NONE	NONE
CL-TASAKI2020-0505	TASAKI2020	000101.0003	PG-TASAKI2020-0101	PDF p. 101; print p. 88; §4.1.2; paragraph 6, atom 1	domain	domain	Let G min = min(g 1 ,...,g 2n ) G(g 1 , . . . , g 2n ).	PENDING	NONE	NONE	false	NONE	NONE	NONE
CL-TASAKI2020-0506	TASAKI2020	000101.0004	PG-TASAKI2020-0101	PDF p. 101; print p. 88; §4.1.2; paragraph 6, atom 2	assertion	subclaim	We shall show G min = 0, which implies the desired (4.1.57).	PENDING	NONE	NONE	false	NONE	NONE	NONE
CL-TASAKI2020-0507	TASAKI2020	000101.0005	PG-TASAKI2020-0101	PDF p. 101; print p. 88; §4.1.2; paragraph 6, atom 3	domain	domain	Take a string (g 1 , . . . , g 2n ) such that G(g 1 , . . . , g 2n ) = G min .	PENDING	NONE	NONE	false	NONE	NONE	NONE
CL-TASAKI2020-0508	TASAKI2020	000101.0006	PG-TASAKI2020-0101	PDF p. 101; print p. 88; §4.1.2; equation (4.1.58)	assertion	equation	G_min=G(g₁,g₂,…,g_n,g_n,…,g₂,g₁)=G(g₁,g₁,g₂,…,g_n,g_n,…,g₃,g₂). (4.1.58)	PENDING	NONE	NONE	false	NONE	NONE	NONE
CL-TASAKI2020-0509	TASAKI2020	000101.0007	PG-TASAKI2020-0101	PDF p. 101; print p. 88; §4.1.2; paragraph 9	notation	notation	To get the uniform field bound (4.1.49) in a general case, we write an arbitrary field configuration h = (h x )x∈Λ as h = ( h̃1 , . . . , h̃ L ), where h̃ j is the collection of h x for all sites x = ( j − (L/2), x2 , . . . , xd ) with arbitrary x2 , . . . , xd .	PENDING	NONE	NONE	false	NONE	NONE	NONE
CL-TASAKI2020-0510	TASAKI2020	000101.0008	PG-TASAKI2020-0101	PDF p. 101; print p. 88; §4.1.2; equation (4.1.59)	assertion	equation	E_GS(h̃₁,…,h̃_L)≥(1/2){E_GS(h̃₁,…,h̃_(L/2),h̃_(L/2),…,h̃₁)+E_GS(h̃_L,…,h̃_(L/2+1),h̃_(L/2+1),…,h̃_L)}. (4.1.59)	PENDING	NONE	NONE	false	NONE	NONE	NONE
CL-TASAKI2020-0511	TASAKI2020	000102.0001	PG-TASAKI2020-0102	PDF p. 102; print p. 89; §4.1.2; equation (4.1.60)	assertion	equation	EGS(h) ≥ (1/L)∑_{j=1}^L EGS(h̃j,…,h̃j). (4.1.60)	PENDING	NONE	NONE	false	NONE	NONE	NONE
CL-TASAKI2020-0512	TASAKI2020	000102.0002	PG-TASAKI2020-0102	PDF p. 102; print p. 89; §4.1.2; equation (4.1.61)	assertion	equation	EGS(h) ≥ L^(−d)∑_{x∈Λ}EGS(hx,…,hx) = EGS(0,…,0). (4.1.61)	PENDING	NONE	NONE	false	NONE	NONE	NONE
CL-TASAKI2020-0514	TASAKI2020	000102.0003	PG-TASAKI2020-0102	PDF p. 102; print p. 89; §4.1.2; equation (4.1.62)	assertion	equation	∂B:={(x,y) | x∈Λ^L,y∈Λ^R,{x,y}∈B}. (4.1.62)	PENDING	NONE	NONE	false	NONE	NONE	NONE
CL-TASAKI2020-0515	TASAKI2020	000102.0004	PG-TASAKI2020-0102	PDF p. 102; print p. 89; §4.1.2; paragraph 8, atom 1	domain	domain	Let τ = (τx )x∈ΛL with τx = −S, . . . , S be a spin configuration on the left half ΛL .	PENDING	NONE	NONE	false	NONE	NONE	NONE
CL-TASAKI2020-0516	TASAKI2020	000102.0005	PG-TASAKI2020-0102	PDF p. 102; print p. 89; §4.1.2; equation (4.1.63)	assertion	equation	|Ψ^(L,τ)⟩=⊗_{x∈Λ^L}|ψ_x^(τ_x)⟩. (4.1.63)	PENDING	NONE	NONE	false	NONE	NONE	NONE
CL-TASAKI2020-0517	TASAKI2020	000102.0006	PG-TASAKI2020-0102	PDF p. 102; print p. 89; §4.1.2; equation (4.1.64)	assertion	equation	|Ψ^(R,τ)⟩=R̂|Ψ^(L,τ)⟩. (4.1.64)	PENDING	NONE	NONE	false	NONE	NONE	NONE
CL-TASAKI2020-0518	TASAKI2020	000102.0007	PG-TASAKI2020-0102	PDF p. 102; print p. 89; §4.1.2; Note unnumbered line 12	assertion	remark	Repeating the reflection-bound argument in every coordinate direction yields field configurations uniform in all d directions.	PENDING	NONE	NONE	false	NONE	NONE	NONE
CL-TASAKI2020-0519	TASAKI2020	000103.0001	PG-TASAKI2020-0103	PDF p. 103; print p. 90; §4.1.2; equation (4.1.65)	assertion	equation	T̂_x^(1)=(−1)^xŜ_x^(1), T̂_x^(2)=iŜ_x^(2), T̂_x^(3)=(−1)^xŜ_x^(3). (4.1.65)	PENDING	NONE	NONE	false	NONE	NONE	NONE
CL-TASAKI2020-0520	TASAKI2020	000103.0002	PG-TASAKI2020-0103	PDF p. 103; print p. 90; §4.1.2; equation (4.1.66)	assertion	equation	Ĥ_h = ∑_{{x,y}∈B}{−T̂_x^(1)T̂_y^(1)−T̂_x^(2)T̂_y^(2)+(1/2)(T̂_x^(3)−T̂_y^(3)−h_x+h_y)^2} − d∑_{x∈Λ^L}(T̂_x^(3))^2. (4.1.66)	PENDING	NONE	NONE	false	NONE	NONE	NONE
CL-TASAKI2020-0521	TASAKI2020	000103.0003	PG-TASAKI2020-0103	PDF p. 103; print p. 90; §4.1.2; equation (4.1.67)	assertion	equation	Ĥ_h^L = ∑_{{x,y}∈B; x,y∈Λ^L}{−T̂_x^(1)T̂_y^(1)−T̂_x^(2)T̂_y^(2)+(1/2)(T̂_x^(3)−T̂_y^(3)−h_x+h_y)^2} − d∑_{x∈Λ^L}(T̂_x^(3))^2 + (1/2)∑_{(x,y)∈∂B}(T̂_x^(3)−h_x)^2. (4.1.67)	PENDING	NONE	NONE	false	NONE	NONE	NONE
CL-TASAKI2020-0522	TASAKI2020	000103.0004	PG-TASAKI2020-0103	PDF p. 103; print p. 90; §4.1.2; equation (4.1.68)	assertion	equation	Ĥ_h^R = ∑_{{x,y}∈B; x,y∈Λ^R}{−T̂_x^(1)T̂_y^(1)−T̂_x^(2)T̂_y^(2)+(1/2)(T̂_x^(3)−T̂_y^(3)−h_x+h_y)^2} − d∑_{x∈Λ^R}(T̂_x^(3))^2 + (1/2)∑_{(x,y)∈∂B}(T̂_y^(3)−h_y)^2. (4.1.68)	PENDING	NONE	NONE	false	NONE	NONE	NONE
CL-TASAKI2020-0523	TASAKI2020	000103.0005	PG-TASAKI2020-0103	PDF p. 103; print p. 90; §4.1.2; equation (4.1.69)	assertion	equation	Ĥh = ĤhL+ĤhR−∑_{(x,y)∈∂B}{∑_{α=1,2}T̂x^(α)T̂y^(α)+(T̂x^(3)−hx)(T̂y^(3)−hy)}. (4.1.69)	PENDING	NONE	NONE	false	NONE	NONE	NONE
CL-TASAKI2020-0524	TASAKI2020	000103.0006	PG-TASAKI2020-0103	PDF p. 103; print p. 90; §4.1.2; equation (4.1.70)	assertion	equation	|ΦGS,h⟩ = ∑_{τ,η} Cτ,η |ΨL,τ⟩⊗|ΨR,η⟩. (4.1.70)	PENDING	NONE	NONE	false	NONE	NONE	NONE
CL-TASAKI2020-0525	TASAKI2020	000104.0001	PG-TASAKI2020-0104	PDF p. 104; print p. 91; §4.1.2; paragraph 3	notation	notation	By the singular-value decomposition there are orthogonal matrices with entries O^L_{τ_L,j} and O^R_{τ_R,j}, j=1,…,(2S+1)^(L/2), such that the ground-state coefficient matrix has the decomposition used in (4.1.69).	PENDING	NONE	NONE	false	NONE	NONE	NONE
CL-TASAKI2020-0526	TASAKI2020	000104.0002	PG-TASAKI2020-0104	PDF p. 104; print p. 91; §4.1.2; equation (4.1.71)	assertion	equation	Cτ,η = ∑j Oτ,L,j ρj Oη,R,j. (4.1.71)	PENDING	NONE	NONE	false	NONE	NONE	NONE
CL-TASAKI2020-0527	TASAKI2020	000104.0003	PG-TASAKI2020-0104	PDF p. 104; print p. 91; §4.1.2; equation (4.1.72)	assertion	equation	|ΦGS,h⟩ = ∑_{τ,η}∑_j Oτ,j^L ρj Oη,j^R |ΨL,τ⟩⊗|ΨR,η⟩ = ∑_j ρj|ΞjL⟩⊗|ΞjR⟩. (4.1.72)	PENDING	NONE	NONE	false	NONE	NONE	NONE
CL-TASAKI2020-0528	TASAKI2020	000104.0004	PG-TASAKI2020-0104	PDF p. 104; print p. 91; §4.1.2; equation (4.1.73)	assertion	equation	|ΞjL⟩=∑_τ Oτ,j^L|ΨL,τ⟩,  |ΞjR⟩=∑_τ Oτ,j^R|ΨR,τ⟩. (4.1.73)	PENDING	NONE	NONE	false	NONE	NONE	NONE
CL-TASAKI2020-0529	TASAKI2020	000104.0005	PG-TASAKI2020-0104	PDF p. 104; print p. 91; §4.1.2; paragraph 7, atom 1	assertion	remark	Note that the orthogonality implies ⟨Ξ Lj |ΞkL ⟩ = δ j,k and ⟨Ξ Rj |ΞkR ⟩ = δ j,k .	PENDING	NONE	NONE	false	NONE	NONE	NONE
CL-TASAKI2020-0530	TASAKI2020	000104.0006	PG-TASAKI2020-0104	PDF p. 104; print p. 91; §4.1.2; paragraph 7, atom 2	assertion	unnumbered_obligation	Normalization gives ∑_j(ρ_j)²=1.	PENDING	NONE	NONE	false	NONE	NONE	NONE
CL-TASAKI2020-0531	TASAKI2020	000104.0007	PG-TASAKI2020-0104	PDF p. 104; print p. 91; §4.1.2; equation (4.1.74)	assertion	equation	EGS(h)=∑_j(ρj)²{⟨ΞjL|ĤhL|ΞjL⟩+⟨ΞjR|ĤhR|ΞjR⟩} − ∑_{j,k}ρjρk∑_{(x,y)∈∂B}{∑_{α=1,2}⟨ΞjL|T̂x^(α)|ΞkL⟩⟨ΞjR|T̂y^(α)|ΞkR⟩+⟨ΞjL|(T̂x^(3)−hx)|ΞkL⟩⟨ΞjR|(T̂y^(3)−hy)|ΞkR⟩}. (4.1.74)	PENDING	NONE	NONE	false	NONE	NONE	NONE
CL-TASAKI2020-0532	TASAKI2020	000104.0008	PG-TASAKI2020-0104	PDF p. 104; print p. 91; §4.1.2; Note unnumbered line 57	assertion	remark	All matrix elements in the chosen bases are real.	PENDING	NONE	NONE	false	NONE	NONE	NONE
CL-TASAKI2020-0533	TASAKI2020	000105.0001	PG-TASAKI2020-0105	PDF p. 105; print p. 92; §4.1.2; equation (4.1.75)	assertion	equation	E_GS(h)≥(1/2)([2∑_jρ_j²⟨Ξ_j^L|Ĥ_(h^L)^L|Ξ_j^L⟩−∑_(j,k)ρ_jρ_k∑_((x,y)∈∂B){∑_(α=1,2)⟨Ξ_j^L|T̂_x^(α)|Ξ_k^L⟩²+⟨Ξ_j^L|(T̂_x^(3)−h_x)|Ξ_k^L⟩²}]+[2∑_jρ_j²⟨Ξ_j^R|Ĥ_(h^R)^R|Ξ_j^R⟩−∑_(j,k)ρ_jρ_k∑_((x,y)∈∂B){∑_(α=1,2)⟨Ξ_j^R|T̂_y^(α)|Ξ_k^R⟩²+⟨Ξ_j^R|(T̂_y^(3)−h_y)|Ξ_k^R⟩²}]). (4.1.75)	PENDING	NONE	NONE	false	NONE	NONE	NONE
CL-TASAKI2020-0534	TASAKI2020	000105.0002	PG-TASAKI2020-0105	PDF p. 105; print p. 92; §4.1.2; equation (4.1.76)	assertion	equation	|Ξ̃jL⟩ = (∏_{x∈ΛR}e^(−iπŜx^(2)))R̂|ΞjL⟩. (4.1.76)	PENDING	NONE	NONE	false	NONE	NONE	NONE
CL-TASAKI2020-0535	TASAKI2020	000105.0003	PG-TASAKI2020-0105	PDF p. 105; print p. 92; §4.1.2; equation (4.1.77)	assertion	equation	R̂†e^(iπŜ_x^(2))T̂_x^(α)e^(−iπŜ_x^(2))R̂=T̂_(R(x))^(α). (4.1.77)	PENDING	NONE	NONE	false	NONE	NONE	NONE
CL-TASAKI2020-0536	TASAKI2020	000105.0004	PG-TASAKI2020-0105	PDF p. 105; print p. 92; §4.1.2; equation (4.1.78)	assertion	equation	⟨Ξ_j^L|T̂_x^(α)|Ξ_k^L⟩=⟨Ξ̃_j^L|T̂_y^(α)|Ξ̃_k^L⟩. (4.1.78)	PENDING	NONE	NONE	false	NONE	NONE	NONE
CL-TASAKI2020-0537	TASAKI2020	000105.0005	PG-TASAKI2020-0105	PDF p. 105; print p. 92; §4.1.2; equation (4.1.79)	assertion	equation	⟨Ξ_j^L|Ĥ_(h^L)^L|Ξ_j^L⟩=⟨Ξ̃_j^L|Ĥ_(h^(RL))^R|Ξ̃_j^L⟩. (4.1.79)	PENDING	NONE	NONE	false	NONE	NONE	NONE
CL-TASAKI2020-0538	TASAKI2020	000105.0006	PG-TASAKI2020-0105	PDF p. 105; print p. 92; §4.1.2; equation (4.1.80)	assertion	equation	|Ξ̃jR⟩ = (∏_{x∈ΛL}e^(−iπŜx^(2)))R̂†|ΞjR⟩. (4.1.80)	PENDING	NONE	NONE	false	NONE	NONE	NONE
CL-TASAKI2020-0539	TASAKI2020	000105.0007	PG-TASAKI2020-0105	PDF p. 105; print p. 92; §4.1.2; paragraph 8	assertion	unnumbered_obligation	We have ⟨Ξ Rj |T̂y(α) |ΞkR ⟩ = ⟨Ξ̃ Rj |T̂x(α) |Ξ̃kR ⟩ for (x, y) ∈ ∂B, ⟨Ξ Rj | ĤhR |Ξ Rj ⟩ = ⟨Ξ̃ Rj | ĤhLR |Ξ̃ Rj ⟩, and ⟨Ξ Rj | ĤhR |Ξ Rj ⟩=⟨Ξ Rj | ĤhRR |Ξ Rj ⟩.	PENDING	NONE	NONE	false	NONE	NONE	NONE
CL-TASAKI2020-0540	TASAKI2020	000106.0001	PG-TASAKI2020-0106	PDF p. 106; print p. 93; §4.1.2; equation (4.1.81)	assertion	equation	(1/2)([∑_jρ_j²{⟨Ξ_j^L|Ĥ_(h^(LL))^L|Ξ_j^L⟩+⟨Ξ̃_j^L|Ĥ_(h^(RL))^R|Ξ̃_j^L⟩}−∑_(j,k)ρ_jρ_k∑_((x,y)∈∂B){∑_(α=1,2)⟨Ξ_j^L|T̂_x^(α)|Ξ_k^L⟩⟨Ξ̃_j^L|T̂_y^(α)|Ξ̃_k^L⟩+⟨Ξ_j^L|(T̂_x^(3)−h_x)|Ξ_k^L⟩⟨Ξ̃_j^L|(T̂_y^(3)−h_x)|Ξ̃_k^L⟩}]+[∑_jρ_j²{⟨Ξ̃_j^R|Ĥ_(h^(LR))^L|Ξ̃_j^R⟩+⟨Ξ_j^R|Ĥ_(h^(RR))^R|Ξ_j^R⟩}−∑_(j,k)ρ_jρ_k∑_((x,y)∈∂B){∑_(α=1,2)⟨Ξ̃_j^R|T̂_x^(α)|Ξ̃_k^R⟩⟨Ξ_j^R|T̂_y^(α)|Ξ_k^R⟩+⟨Ξ̃_j^R|(T̂_x^(3)−h_y)|Ξ̃_k^R⟩⟨Ξ_j^R|(T̂_y^(3)−h_y)|Ξ_k^R⟩}])=(1/2){⟨Φ^L|Ĥ_(h^L)|Φ^L⟩+⟨Φ^R|Ĥ_(h^R)|Φ^R⟩}. (4.1.81)	PENDING	NONE	NONE	false	NONE	NONE	NONE
CL-TASAKI2020-0541	TASAKI2020	000106.0002	PG-TASAKI2020-0106	PDF p. 106; print p. 93; §4.1.2; equation (4.1.82)	assertion	equation	|ΦL⟩ = ∑j ρj|ΞjL⟩⊗|Ξ̃jL⟩,  |ΦR⟩ = ∑j ρj|Ξ̃jR⟩⊗|ΞjR⟩. (4.1.82)	PENDING	NONE	NONE	false	NONE	NONE	NONE
CL-TASAKI2020-0542	TASAKI2020	000106.0003	PG-TASAKI2020-0106	PDF p. 106; print p. 93; §4.1.2; paragraph 3	assertion	remark	Note that these states are normalized because ∑_j(ρ_j)²=1. The right-hand side of (4.1.81) is obtained by comparing (4.1.74) with the left-hand side of (4.1.81). By definition, the right-hand side of (4.1.81) cannot be smaller than {E_GS(h^L)+E_GS(h^R)}/2. We have thus obtained the desired reflection bound (4.1.51), and completed the proof of (a part of) Theorem 4.1.	PENDING	NONE	NONE	false	NONE	NONE	NONE
CL-TASAKI2020-0543	TASAKI2020	000106.0004	PG-TASAKI2020-0106	PDF p. 106; print p. 93; §4.2; paragraph 5	assertion	unnumbered_obligation	The finite-volume antiferromagnetic Heisenberg ground state exhibits long-range order but, being unique, does not exhibit spontaneous symmetry breaking.	PENDING	NONE	NONE	false	NONE	NONE	NONE
CL-TASAKI2020-0544	TASAKI2020	000106.0005	PG-TASAKI2020-0106	PDF p. 106; print p. 93; §4.2; equation (4.2.1)	assertion	equation	√{⟨ΦGS|(ÔL^(α)/L^d)²|ΦGS⟩ − {⟨ΦGS|ÔL^(α)/L^d|ΦGS⟩}²} ≥ √q0. (4.2.1)	PENDING	NONE	NONE	false	NONE	NONE	NONE
CL-TASAKI2020-0545	TASAKI2020	000107.0001	PG-TASAKI2020-0107	PDF p. 107; print p. 94; §4.2.1; equation (4.2.2)	assertion	equation	ÔL± := ÔL^(1)±iÔL^(2) = ∑_{x∈ΛL}(−1)^x Ŝx±. (4.2.2)	PENDING	NONE	NONE	false	NONE	NONE	NONE
CL-TASAKI2020-0547	TASAKI2020	000107.0002	PG-TASAKI2020-0107	PDF p. 107; print p. 94; §4.2.1; equation (4.2.3)	assertion	equation	|Γ_M⟩=(Ô_L^+)^M|ΦGS⟩/∥(Ô_L^+)^M|ΦGS⟩∥, |Γ_{−M}⟩=(Ô_L^−)^M|ΦGS⟩/∥(Ô_L^−)^M|ΦGS⟩∥. (4.2.3)	PENDING	NONE	NONE	false	NONE	NONE	NONE
CL-TASAKI2020-0548	TASAKI2020	000107.0003	PG-TASAKI2020-0107	PDF p. 107; print p. 94; §4.2.1; Theorem 4.6	assertion	theorem	Theorem 4.6: for |M|≤C₁L^(d/2), |Γ_M⟩ is well-defined and ⟨Γ_M|Ĥ|Γ_M⟩≤E_GS+C₂M²/L^d. (4.2.4)	PENDING	NONE	NONE	false	NONE	NONE	NONE
CL-TASAKI2020-0549	TASAKI2020	000107.0004	PG-TASAKI2020-0107	PDF p. 107; print p. 94; §4.2.1; equation (4.2.4)	assertion	equation	⟨Γ_M|Ĥ|Γ_M⟩≤E_GS+C₂M²/L^d. (4.2.4)	PENDING	NONE	NONE	false	NONE	NONE	NONE
CL-TASAKI2020-0550	TASAKI2020	000108.0001	PG-TASAKI2020-0108	PDF p. 108; print p. 95; §4.2.1; paragraph 2	assertion	unnumbered_obligation	Note that the translation invariance of (4.2.3) implies that ⟨Γ M | Ŝx · Ŝ y |Γ M ⟩, the expectation value of the local Hamiltonian in (4.1.1), is identical for any {x, y} ∈ B L .	PENDING	NONE	NONE	false	NONE	NONE	NONE
CL-TASAKI2020-0551	TASAKI2020	000108.0002	PG-TASAKI2020-0108	PDF p. 108; print p. 95; §4.2.1; equation (4.2.5)	assertion	equation	E_GS/|B_L| ≤ ⟨Γ_M|Ŝ_x·Ŝ_y|Γ_M⟩ ≤ E_GS/|B_L| + C_2 M²/L^(2d). (4.2.5)	PENDING	NONE	NONE	false	NONE	NONE	NONE
CL-TASAKI2020-0552	TASAKI2020	000108.0003	PG-TASAKI2020-0108	PDF p. 108; print p. 95; §4.2.1; equation (4.2.6)	assertion	equation	εGS := lim_{L↑∞} EGS/|BL|. (4.2.6)	PENDING	NONE	NONE	false	NONE	NONE	NONE
CL-TASAKI2020-0553	TASAKI2020	000108.0004	PG-TASAKI2020-0108	PDF p. 108; print p. 95; §4.2.1; paragraph 6, atom 1	assertion	unnumbered_obligation	⟨Θ̃_L|Ĥ|Θ̃_L⟩−E_GS=O(1), hence lim_{L↑∞}⟨Θ̃_L|Ĥ|Θ̃_L⟩/|B_L|=ε_GS.	PENDING	NONE	NONE	false	NONE	NONE	NONE
CL-TASAKI2020-0554	TASAKI2020	000108.0005	PG-TASAKI2020-0108	PDF p. 108; print p. 95; §4.2.1; Corollary 4.7	assertion	corollary	Corollary 4.7 For any L and M such that |M| ≤ C_1 L^{d/2}, there exists an energy eigenstate |Ψ_M⟩ ∈ ℋ_M whose energy eigenvalue E_M satisfies E_GS < E_M ≤ E_GS + C_2 M²/L^d. (4.2.7)	PENDING	NONE	NONE	false	NONE	NONE	NONE
CL-TASAKI2020-0555	TASAKI2020	000108.0006	PG-TASAKI2020-0108	PDF p. 108; print p. 95; §4.2.1; equation (4.2.7)	assertion	equation	E_GS<E_M≤E_GS+C₂M²/L^d. (4.2.7)	PENDING	NONE	NONE	false	NONE	NONE	NONE
CL-TASAKI2020-0556	TASAKI2020	000109.0001	PG-TASAKI2020-0109	PDF p. 109; print p. 96; §4.2.1; paragraph 2	assertion	unnumbered_obligation	The toy model has low-lying levels E_GS+S_tot(S_tot+1)/(2|Λ|), suggesting E_M−E_GS≃(constant)M(M+1)/L^d. (4.2.8)	PENDING	NONE	NONE	false	NONE	NONE	NONE
CL-TASAKI2020-0557	TASAKI2020	000109.0002	PG-TASAKI2020-0109	PDF p. 109; print p. 96; §4.2.1; equation (4.2.8)	assertion	equation	E_M−E_GS≃(constant)M(M+1)/L^d. (4.2.8)	PENDING	NONE	NONE	false	NONE	NONE	NONE
CL-TASAKI2020-0558	TASAKI2020	000109.0003	PG-TASAKI2020-0109	PDF p. 109; print p. 96; §4.2.1; Remark unnumbered line 29	assertion	remark	The tower-of-states excitations have energies proportional to L^(−d), whereas spin-wave excitations have energies proportional to L^(−1).	PENDING	NONE	NONE	false	NONE	NONE	NONE
CL-TASAKI2020-0560	TASAKI2020	000110.0001	PG-TASAKI2020-0110	PDF p. 110; print p. 97; §4.2.1; equation (4.2.9)	assertion	equation	m* := lim_{k↑∞}lim_{L↑∞}{⟨ΦGS|(ÔL^(α)/L^d)^(2k)|ΦGS⟩}^(1/(2k)). (4.2.9)	PENDING	NONE	NONE	false	NONE	NONE	NONE
CL-TASAKI2020-3000	TASAKI2020	000110.0002	PG-TASAKI2020-0110	PDF p. 110; print p. 97; §4.2.1; paragraph 4, atom 1; audit split atom 1/2	assertion	remark	Roughly, m* is the maximum infinite-volume value of |Ô_L^(α)/L^d|.	PENDING	NONE	NONE	false	NONE	NONE	NONE
CL-TASAKI2020-3001	TASAKI2020	000110.0003	PG-TASAKI2020-0110	PDF p. 110; print p. 97; §4.2.1; paragraph 4, atom 1; audit split atom 2/2	hypothesis	hypothesis	For illustration, let a₁,…,a_n be real numbers and suppose |a_j| has its unique maximum a_max at j=j₀.	PENDING	NONE	NONE	false	NONE	NONE	NONE
CL-TASAKI2020-0562	TASAKI2020	000110.0004	PG-TASAKI2020-0110	PDF p. 110; print p. 97; §4.2.1; paragraph 4, atom 2	hypothesis	hypothesis	Take any probability distribution p1 , . . . , pn such that p j > 0 for any j, and assume that j is drawn with probability p j .	PENDING	NONE	NONE	false	NONE	NONE	NONE
CL-TASAKI2020-0563	TASAKI2020	000110.0005	PG-TASAKI2020-0110	PDF p. 110; print p. 97; §4.2.1; paragraph 4, atom 3	notation	notation	We denote the corresponding average as ⟨· · · ⟩.	PENDING	NONE	NONE	false	NONE	NONE	NONE
CL-TASAKI2020-0564	TASAKI2020	000110.0006	PG-TASAKI2020-0110	PDF p. 110; print p. 97; §4.2.1; paragraph 4, atom 4	domain	domain	Let M(L) > 0 be an integer-valued increasing function such that M(L) + 1 ≤ C1 L d/2 .	PENDING	NONE	NONE	false	NONE	NONE	NONE
CL-TASAKI2020-0566	TASAKI2020	000110.0007	PG-TASAKI2020-0110	PDF p. 110; print p. 97; §4.2.1; equation (4.2.10)	assertion	equation	|Ξ(1,0,0)⟩ := (1/√2){(ÔL^(1))^M(L)|ΦGS⟩/‖(ÔL^(1))^M(L)|ΦGS⟩‖ + (ÔL^(1))^(M(L)+1)|ΦGS⟩/‖(ÔL^(1))^(M(L)+1)|ΦGS⟩‖}. (4.2.10)	PENDING	NONE	NONE	false	NONE	NONE	NONE
CL-TASAKI2020-0567	TASAKI2020	000110.0008	PG-TASAKI2020-0110	PDF p. 110; print p. 97; §4.2.1; paragraph 6	hypothesis	hypothesis	To see the motivation of the definition, suppose that M(L) is even.	PENDING	NONE	NONE	false	NONE	NONE	NONE
CL-TASAKI2020-0568	TASAKI2020	000111.0001	PG-TASAKI2020-0111	PDF p. 111; print p. 98; §4.2.1; paragraph 2	assertion	unnumbered_obligation	Because Ô_L^(1)=(Ô_L^++Ô_L^−)/2, |Ξ_(1,0,0)⟩ is a superposition of states of the type (4.2.3) with |M|≤M(L)+1 and is itself low-lying.	PENDING	NONE	NONE	false	NONE	NONE	NONE
CL-TASAKI2020-0569	TASAKI2020	000111.0002	PG-TASAKI2020-0111	PDF p. 111; print p. 98; §4.2.1; Theorem 4.8	assertion	theorem	Theorem 4.8 With the same constants as in Theorem 4.6, one has ⟨Ξ_(1,0,0)|Ĥ|Ξ_(1,0,0)⟩ ≤ E_GS + C_2{M(L)+1}²/L^d (4.2.11) for any L.	PENDING	NONE	NONE	false	NONE	NONE	NONE
CL-TASAKI2020-0570	TASAKI2020	000111.0003	PG-TASAKI2020-0111	PDF p. 111; print p. 98; §4.2.1; equation (4.2.11)	assertion	equation	⟨Ξ^(1,0,0)|Ĥ|Ξ^(1,0,0)⟩≤E_GS+C₂{M(L)+1}²/L^d. (4.2.11)	PENDING	NONE	NONE	false	NONE	NONE	NONE
CL-TASAKI2020-0571	TASAKI2020	000111.0004	PG-TASAKI2020-0111	PDF p. 111; print p. 98; §4.2.1; Theorem 4.9	assertion	theorem	Theorem 4.9 If M(L) diverges to infinity not too rapidly as L↑∞, one has lim_{L↑∞}⟨Ξ_(1,0,0)|ÔL^(1)/L^d|Ξ_(1,0,0)⟩ = m*, (4.2.12) lim_{L↑∞}⟨Ξ_(1,0,0)|(ÔL^(1)/L^d)²|Ξ_(1,0,0)⟩ = (m*)², (4.2.13) ⟨Ξ_(1,0,0)|ÔL^(α)/L^d|Ξ_(1,0,0)⟩ = 0, (4.2.14) and lim_{L↑∞}⟨Ξ_(1,0,0)|(ÔL^(α)/L^d)²|Ξ_(1,0,0)⟩ = 0 (4.2.15) for α=2 or 3.	PENDING	NONE	NONE	false	NONE	NONE	NONE
CL-TASAKI2020-0572	TASAKI2020	000111.0005	PG-TASAKI2020-0111	PDF p. 111; print p. 98; §4.2.1; equation (4.2.12)	assertion	equation	lim_{L↑∞}⟨Ξ(1,0,0)|ÔL^(1)/L^d|Ξ(1,0,0)⟩ = m*. (4.2.12)	PENDING	NONE	NONE	false	NONE	NONE	NONE
CL-TASAKI2020-0573	TASAKI2020	000111.0006	PG-TASAKI2020-0111	PDF p. 111; print p. 98; §4.2.1; equation (4.2.13)	assertion	equation	lim_(L↑∞)⟨Ξ^(1,0,0)|{Ô_L^(1)/L^d}²|Ξ^(1,0,0)⟩=(m*)². (4.2.13)	PENDING	NONE	NONE	false	NONE	NONE	NONE
CL-TASAKI2020-0574	TASAKI2020	000111.0007	PG-TASAKI2020-0111	PDF p. 111; print p. 98; §4.2.1; equation (4.2.14)	assertion	equation	⟨Ξ^(1,0,0)|Ô_L^(α)/L^d|Ξ^(1,0,0)⟩=0. (4.2.14)	PENDING	NONE	NONE	false	NONE	NONE	NONE
CL-TASAKI2020-0575	TASAKI2020	000111.0008	PG-TASAKI2020-0111	PDF p. 111; print p. 98; §4.2.1; equation (4.2.15)	assertion	equation	lim_(L↑∞)⟨Ξ^(1,0,0)|{Ô_L^(α)/L^d}²|Ξ^(1,0,0)⟩=0. (4.2.15)	PENDING	NONE	NONE	false	NONE	NONE	NONE
CL-TASAKI2020-0576	TASAKI2020	000111.0009	PG-TASAKI2020-0111	PDF p. 111; print p. 98; §4.2.1; equation (4.2.16)	assertion	equation	lim_{L↑∞}√{⟨Ξ(1,0,0)|(ÔL^(α)/L^d)²|Ξ(1,0,0)⟩−{⟨Ξ(1,0,0)|ÔL^(α)/L^d|Ξ(1,0,0)⟩}²}=0. (4.2.16)	PENDING	NONE	NONE	false	NONE	NONE	NONE
CL-TASAKI2020-3002	TASAKI2020	000112.0001	PG-TASAKI2020-0112	PDF p. 112; print p. 99; §4.2.1; paragraph 2; audit split atom 1/8	conjecture	conjecture	We conclude that the low-lying state |Ξ(1,0,0) ⟩, which exhibits LRO and full SSB, is the desired physical “ground state”.	PENDING	NONE	NONE	false	NONE	NONE	NONE
CL-TASAKI2020-3004	TASAKI2020	000112.0002	PG-TASAKI2020-0112	PDF p. 112; print p. 99; §4.2.1; paragraph 3	assertion	unnumbered_obligation	The state |Ξ(1,0,0) ⟩ is not an energy eigenstate of the Hamiltonian, and hence changes under the unitary time evolution e−i Ĥ t .	PENDING	NONE	NONE	false	NONE	NONE	NONE
CL-TASAKI2020-3005	TASAKI2020	000112.0003	PG-TASAKI2020-0112	PDF p. 112; print p. 99; §4.2.1; paragraph 3	conjecture	conjecture	However since |Ξ(1,0,0) ⟩ is a superposition of energy eigenstates with extremely small excitation energies, it is expected that the time-dependent state e−i Ĥ t |Ξ(1,0,0) ⟩ changes very slowly.	PENDING	NONE	NONE	false	NONE	NONE	NONE
CL-TASAKI2020-3006	TASAKI2020	000112.0004	PG-TASAKI2020-0112	PDF p. 112; print p. 99; §4.2.1; paragraph 3	conjecture	conjecture	We may safely conclude that |Ξ(1,0,0) ⟩ is essentially stationary when L is macroscopically large.	PENDING	NONE	NONE	false	NONE	NONE	NONE
CL-TASAKI2020-3008	TASAKI2020	000112.0005	PG-TASAKI2020-0112	PDF p. 112; print p. 99; §4.2.1; paragraph 4	assertion	remark	We can of course consider essentially the same physical “ground states” in which the order operator (as a vector) is pointing in an arbitrary desired direction.	PENDING	NONE	NONE	false	NONE	NONE	NONE
CL-TASAKI2020-3009	TASAKI2020	000112.0006	PG-TASAKI2020-0112	PDF p. 112; print p. 99; §4.2.1; paragraph 4	definition	definition	For an arbitrary unit vector n=(n₁,n₂,n₃)∈ℝ³, let Ô_L^n:=∑_{α=1}³Ô_L^(α)n_α=∑_{x∈Λ_L}(−1)^xŜ_x·n.	PENDING	NONE	NONE	false	NONE	NONE	NONE
CL-TASAKI2020-0578	TASAKI2020	000112.0007	PG-TASAKI2020-0112	PDF p. 112; print p. 99; §4.2.1; equation (4.2.17)	assertion	equation	|Ξn⟩ := (1/√2){(ÔL^n)^M(L)|ΦGS⟩/‖(ÔL^n)^M(L)|ΦGS⟩‖ + (ÔL^n)^(M(L)+1)|ΦGS⟩/‖(ÔL^n)^(M(L)+1)|ΦGS⟩‖}. (4.2.17)	PENDING	NONE	NONE	false	NONE	NONE	NONE
CL-TASAKI2020-3010	TASAKI2020	000112.0008	PG-TASAKI2020-0112	PDF p. 112; print p. 99; §4.2.1; paragraph 5; audit split atom 1/2	assertion	remark	SU(2) invariance makes ‖(Ô_L^n)^M|Φ_GS⟩‖ independent of the unit vector n.	PENDING	NONE	NONE	false	NONE	NONE	NONE
CL-TASAKI2020-3011	TASAKI2020	000112.0009	PG-TASAKI2020-0112	PDF p. 112; print p. 99; §4.2.1; paragraph 5; audit split atom 2/2	assertion	remark	If n and n′ are orthogonal, symmetry gives ⟨Ξ_n|Ô_L^{n′}|Ξ_n⟩=0.	PENDING	NONE	NONE	false	NONE	NONE	NONE
CL-TASAKI2020-0580	TASAKI2020	000112.0010	PG-TASAKI2020-0112	PDF p. 112; print p. 99; §4.2.1; equation (4.2.18)	assertion	equation	⟨Ξ_n|Ŝ_x|Ξ_n⟩=(−1)^x m(L)n. (4.2.18)	PENDING	NONE	NONE	false	NONE	NONE	NONE
CL-TASAKI2020-0581	TASAKI2020	000112.0011	PG-TASAKI2020-0112	PDF p. 112; print p. 99; §4.2.1; paragraph 7, atom 1	assertion	unnumbered_obligation	Then we have shown in (2.1.20) that Û ( Ŝx · n)Û † = Ŝx · (Rn) for all unit vector n and all x ∈ Λ L .	PENDING	NONE	NONE	false	NONE	NONE	NONE
CL-TASAKI2020-0583	TASAKI2020	000112.0012	PG-TASAKI2020-0112	PDF p. 112; print p. 99; §4.2.1; equation (4.2.19)	assertion	equation	Û|Ξ_n⟩=|Ξ_(Rn)⟩. (4.2.19)	PENDING	NONE	NONE	false	NONE	NONE	NONE
CL-TASAKI2020-0584	TASAKI2020	000113.0001	PG-TASAKI2020-0113	PDF p. 113; print p. 100; §4.2.1; equation (4.2.20)	assertion	equation	Û(1/4π)∫_{|n|=1}dn|Ξn⟩ = (1/4π)∫_{|n|=1}dn|ΞRn⟩ = (1/4π)∫_{|n|=1}dn|Ξn⟩. (4.2.20)	PENDING	NONE	NONE	false	NONE	NONE	NONE
CL-TASAKI2020-0585	TASAKI2020	000113.0002	PG-TASAKI2020-0113	PDF p. 113; print p. 100; §4.2.1; equation (4.2.21)	assertion	equation	(1/4π)∫_{|n|=1}dn|Ξn⟩ ≃ (constant)|ΦGS⟩. (4.2.21)	PENDING	NONE	NONE	false	NONE	NONE	NONE
CL-TASAKI2020-3297	TASAKI2020	000113.0003	PG-TASAKI2020-0113	PDF p. 113; print p. 100; §4.2.1; Proposition 4.10; v8 source-atomic partition	hypothesis	hypothesis	Suppose that the conjectured equality (4.2.26) is valid.	PENDING	NONE	NONE	false	NONE	NONE	NONE
CL-TASAKI2020-0588	TASAKI2020	000113.0004	PG-TASAKI2020-0113	PDF p. 113; print p. 100; §4.2.1; equation (4.2.22)	assertion	equation	lim_{L↑∞}‖[(1/4π)∫_{|n|=1}dn|Ξn⟩]/‖(1/4π)∫_{|n|=1}dn|Ξn⟩‖ − |ΦGS⟩‖ = 0. (4.2.22)	PENDING	NONE	NONE	false	NONE	NONE	NONE
CL-TASAKI2020-0589	TASAKI2020	000113.0005	PG-TASAKI2020-0113	PDF p. 113; print p. 100; §4.2.1; paragraph 9	hypothesis	hypothesis	M(L) is required to diverge as L → ∞, but not too rapidly.	PENDING	NONE	NONE	false	NONE	NONE	NONE
CL-TASAKI2020-0590	TASAKI2020	000114.0001	PG-TASAKI2020-0114	PDF p. 114; print p. 101; §4.2.1; Theorem 4.11	assertion	theorem	Theorem 4.11 The two order parameters satisfy m* ≥ √(3q_0). (4.2.23)	PENDING	NONE	NONE	false	NONE	NONE	NONE
CL-TASAKI2020-0591	TASAKI2020	000114.0002	PG-TASAKI2020-0114	PDF p. 114; print p. 101; §4.2.1; equation (4.2.23)	assertion	equation	m* ≥ √{3q0}. (4.2.23)	PENDING	NONE	NONE	false	NONE	NONE	NONE
CL-TASAKI2020-0592	TASAKI2020	000114.0003	PG-TASAKI2020-0114	PDF p. 114; print p. 101; §4.2.1; paragraph 2, atom 2	hypothesis	hypothesis	In the unique ground state, which is rotationally symmetric, the behavior of ô is far from that of a classical vector, but we assume that the magnitude m ∗ may be computed from the expectation value of (ô)2 .	PENDING	NONE	NONE	false	NONE	NONE	NONE
CL-TASAKI2020-0593	TASAKI2020	000114.0004	PG-TASAKI2020-0114	PDF p. 114; print p. 101; §4.2.1; equation (4.2.24)	assertion	equation	(m*)² ≃ ⟨ΦGS|(ô)²|ΦGS⟩ = ∑_{α=1}^3⟨ΦGS|(ÔL^(α)/L^d)²|ΦGS⟩ ≥ 3q0. (4.2.24)	PENDING	NONE	NONE	false	NONE	NONE	NONE
CL-TASAKI2020-0594	TASAKI2020	000114.0005	PG-TASAKI2020-0114	PDF p. 114; print p. 101; §4.2.1; Conjecture 4.12	conjecture	conjecture	Conjecture 4.12 defines q*:=lim_{L↑∞}⟨Φ_GS|(Ô_L^(α)/L^d)²|Φ_GS⟩ and conjectures m*=√(3q*).	PENDING	NONE	NONE	false	NONE	NONE	NONE
CL-TASAKI2020-0596	TASAKI2020	000114.0006	PG-TASAKI2020-0114	PDF p. 114; print p. 101; §4.2.1; equation (4.2.25)	assertion	equation	q* := lim_{L↑∞}⟨ΦGS|(ÔL^(α)/L^d)²|ΦGS⟩. (4.2.25)	PENDING	NONE	NONE	false	NONE	NONE	NONE
CL-TASAKI2020-0597	TASAKI2020	000114.0007	PG-TASAKI2020-0114	PDF p. 114; print p. 101; §4.2.1; equation (4.2.26)	assertion	equation	m* = √(3q*). (4.2.26)	PENDING	NONE	NONE	false	NONE	NONE	NONE
CL-TASAKI2020-0598	TASAKI2020	000114.0008	PG-TASAKI2020-0114	PDF p. 114; print p. 101; §4.2.1; paragraph 7	definition	definition	Here q ∗ is defined as the exact value in the infinite volume limit.	PENDING	NONE	NONE	false	NONE	NONE	NONE
CL-TASAKI2020-0599	TASAKI2020	000115.0001	PG-TASAKI2020-0115	PDF p. 115; print p. 102; §4.2.1; equation (4.2.27)	assertion	equation	Ĥh=Ĥ−hÔL^(1)=∑_{{x,y}∈BL}Ŝx·Ŝy−h∑_{x∈ΛL}(−1)^xŜx^(1). (4.2.27)	PENDING	NONE	NONE	false	NONE	NONE	NONE
CL-TASAKI2020-0600	TASAKI2020	000115.0002	PG-TASAKI2020-0115	PDF p. 115; print p. 102; §4.2.1; Theorem 4.13	assertion	theorem	Theorem 4.13 states lim_{h↓0}lim_{L↑∞}⟨Φ_GS,h|Ô_L^(1)/L^d|Φ_GS,h⟩≥m*≥√(3q₀). (4.2.28)	PENDING	NONE	NONE	false	NONE	NONE	NONE
CL-TASAKI2020-0601	TASAKI2020	000115.0003	PG-TASAKI2020-0115	PDF p. 115; print p. 102; §4.2.1; equation (4.2.28)	assertion	equation	lim_{h↓0}lim_{L↑∞}⟨ΦGS,h|ÔL^(1)/L^d|ΦGS,h⟩ ≥ m* ≥ √(3q0). (4.2.28)	PENDING	NONE	NONE	false	NONE	NONE	NONE
CL-TASAKI2020-0602	TASAKI2020	000115.0004	PG-TASAKI2020-0115	PDF p. 115; print p. 102; §4.2.1; equation (4.2.29)	assertion	equation	Ĥ=∑_{{x,y}∈BL}{Ŝx^(1)Ŝy^(1)+Ŝx^(2)Ŝy^(2)+λŜx^(3)Ŝy^(3)}. (4.2.29)	PENDING	NONE	NONE	false	NONE	NONE	NONE
CL-TASAKI2020-0603	TASAKI2020	000115.0005	PG-TASAKI2020-0115	PDF p. 115; print p. 102; §4.2.1; Remark unnumbered line 33, atom 1	definition	definition	The left-hand side of (4.2.28) defines another order parameter, called the symmetry-breaking order parameter.	PENDING	NONE	NONE	false	NONE	NONE	NONE
CL-TASAKI2020-0604	TASAKI2020	000115.0006	PG-TASAKI2020-0115	PDF p. 115; print p. 102; §4.2.1; Remark unnumbered line 33, atom 2	conjecture	conjecture	The symmetry-breaking order parameter defined by the left-hand side of (4.2.28) is conjectured to equal m*.	PENDING	NONE	NONE	false	NONE	NONE	NONE
CL-TASAKI2020-0605	TASAKI2020	000116.0001	PG-TASAKI2020-0116	PDF p. 116; print p. 103; §4.2.1; paragraph 2	hypothesis	hypothesis	From Theorem 2.4 (p.43), we know that the ground state |Φ_GS⟩ is unique and satisfies Ŝ_tot^(3)|Φ_GS⟩=0 provided that λ>−1.	PENDING	NONE	NONE	false	NONE	NONE	NONE
CL-TASAKI2020-0606	TASAKI2020	000116.0002	PG-TASAKI2020-0116	PDF p. 116; print p. 103; §4.2.1; Remark unnumbered line 18	assertion	remark	The ferromagnetic Heisenberg model has no tower of low-lying states: its spin-coherent physical ground states are already exact ground states; ferrimagnetism is intermediate between ferromagnetism and antiferromagnetism.	PENDING	NONE	NONE	false	NONE	NONE	NONE
CL-TASAKI2020-0607	TASAKI2020	000117.0001	PG-TASAKI2020-0117	PDF p. 117; print p. 104; §4.2.1; Problem 4.2.1.a	assertion	problem	Problem 4.2.1.a Consider the toy model 2.5.10 with | A| − |B| = a|Λ| with a > 0, and show that there exists a nonzero energy gap (uniform in the system size |Λ|) above the ground state energy. [solution→p.502]	PENDING	NONE	NONE	false	NONE	NONE	NONE
CL-TASAKI2020-0608	TASAKI2020	000117.0002	PG-TASAKI2020-0117	PDF p. 117; print p. 104; §4.2.2; equation (4.2.30)	assertion	equation	ô^(α):=Ô_L^(α)/V, ô±:=Ô_L±/V=ô^(1)±iô^(2). (4.2.30)	PENDING	NONE	NONE	false	NONE	NONE	NONE
CL-TASAKI2020-0609	TASAKI2020	000117.0003	PG-TASAKI2020-0117	PDF p. 117; print p. 104; §4.2.2; equation (4.2.31)	assertion	equation	p̂:=(1/2)(ô+ô−+ô−ô+)=(ô^(1))²+(ô^(2))². (4.2.31)	PENDING	NONE	NONE	false	NONE	NONE	NONE
CL-TASAKI2020-0610	TASAKI2020	000117.0004	PG-TASAKI2020-0117	PDF p. 117; print p. 104; §4.2.2; equation (4.2.32)	assertion	equation	[Ô_L+,Ô_L−]=∑_x[Ŝ_x+,Ŝ_x−]=2Ŝ_tot^(3). (4.2.32)	PENDING	NONE	NONE	false	NONE	NONE	NONE
CL-TASAKI2020-0611	TASAKI2020	000117.0005	PG-TASAKI2020-0117	PDF p. 117; print p. 104; §4.2.2; paragraph 11	assertion	unnumbered_obligation	With o₀=2S, one has ‖ô^±‖≤o₀.	PENDING	NONE	NONE	false	NONE	NONE	NONE
CL-TASAKI2020-0612	TASAKI2020	000117.0006	PG-TASAKI2020-0117	PDF p. 117; print p. 104; §4.2.2; Lemma 4.14	assertion	lemma	Lemma 4.14 Let s_1,…,s_{2n} = ± be any sequence such that ∑_{j=1}^{2n} s_j = 0. Then we have ‖ô^{s_1}⋯ô^{s_{2n}} − p̂^n‖ ≤ n²(o_0)^{2n−1}/V. (4.2.34)	PENDING	NONE	NONE	false	NONE	NONE	NONE
CL-TASAKI2020-0613	TASAKI2020	000117.0007	PG-TASAKI2020-0117	PDF p. 117; print p. 104; §4.2.2; equation (4.2.33)	assertion	equation	‖[ô+,ô−]‖ = V^(−2)‖[ÔL+,ÔL−]‖ ≤ o0/V. (4.2.33)	PENDING	NONE	NONE	false	NONE	NONE	NONE
CL-TASAKI2020-0614	TASAKI2020	000117.0008	PG-TASAKI2020-0117	PDF p. 117; print p. 104; §4.2.2; equation (4.2.34)	assertion	equation	‖ô^(s₁)⋯ ô^(s_(2n))−p̂^n‖≤n²(o₀)^(2n−1)/V. (4.2.34)	PENDING	NONE	NONE	false	NONE	NONE	NONE
CL-TASAKI2020-0615	TASAKI2020	000118.0001	PG-TASAKI2020-0118	PDF p. 118; print p. 105; §4.2.2; paragraph 2	assertion	unnumbered_obligation	Proof. Note that ô^(s₁)⋯ô^(s₂ₙ) can be rearranged into any ô^(s′₁)⋯ô^(s′₂ₙ) with ∑_{j=1}^{2n}s′_j=0 by making at most n² exchanges of neighboring ô⁺ and ô⁻. Then (4.2.33) implies (4.2.34).	PENDING	NONE	NONE	false	NONE	NONE	NONE
CL-TASAKI2020-0616	TASAKI2020	000118.0002	PG-TASAKI2020-0118	PDF p. 118; print p. 105; §4.2.2; equation (4.2.35)	assertion	equation	⟨p̂^n⟩²=⟨p̂^((n−1)/2)p̂^((n+1)/2)⟩²≤⟨p̂^(n−1)⟩⟨p̂^(n+1)⟩. (4.2.35)	PENDING	NONE	NONE	false	NONE	NONE	NONE
CL-TASAKI2020-0617	TASAKI2020	000118.0003	PG-TASAKI2020-0118	PDF p. 118; print p. 105; §4.2.2; equation (4.2.36)	assertion	equation	⟨p̂^n⟩/⟨p̂^(n−1)⟩≤⟨p̂^(n+1)⟩/⟨p̂^n⟩. (4.2.36)	PENDING	NONE	NONE	false	NONE	NONE	NONE
CL-TASAKI2020-0618	TASAKI2020	000118.0004	PG-TASAKI2020-0118	PDF p. 118; print p. 105; §4.2.2; equation (4.2.37)	assertion	equation	⟨p̂^n⟩/⟨p̂^(n−1)⟩≥2q₀. (4.2.37)	PENDING	NONE	NONE	false	NONE	NONE	NONE
CL-TASAKI2020-0619	TASAKI2020	000118.0005	PG-TASAKI2020-0118	PDF p. 118; print p. 105; §4.2.2; paragraph 6, atom 2	assertion	unnumbered_obligation	Equation (4.2.36) implies ⟨p̂^n⟩/⟨p̂^(n−1)⟩≥2q₀. (4.2.37)	PENDING	NONE	NONE	false	NONE	NONE	NONE
CL-TASAKI2020-0620	TASAKI2020	000118.0006	PG-TASAKI2020-0118	PDF p. 118; print p. 105; §4.2.2; paragraph 7	assertion	unnumbered_obligation	It follows that ⟨p̂^n⟩≥(2q₀)^n.	PENDING	NONE	NONE	false	NONE	NONE	NONE
CL-TASAKI2020-0621	TASAKI2020	000118.0007	PG-TASAKI2020-0118	PDF p. 118; print p. 105; §4.2.2; Lemma 4.15	assertion	lemma	Lemma 4.15 We have m* = lim_{n↑∞} lim_{L↑∞} √{⟨p̂^n⟩/⟨p̂^(n−1)⟩}, (4.2.38) where m* is defined in (4.2.9).	PENDING	NONE	NONE	false	NONE	NONE	NONE
CL-TASAKI2020-0622	TASAKI2020	000118.0008	PG-TASAKI2020-0118	PDF p. 118; print p. 105; §4.2.2; equation (4.2.38)	assertion	equation	m* = lim_{n↑∞}lim_{L↑∞}√{⟨p̂n⟩/⟨p̂n−1⟩}. (4.2.38)	PENDING	NONE	NONE	false	NONE	NONE	NONE
CL-TASAKI2020-0623	TASAKI2020	000118.0009	PG-TASAKI2020-0118	PDF p. 118; print p. 105; §4.2.2; equation (4.2.39)	assertion	equation	m*≥√(2q₀). (4.2.39)	PENDING	NONE	NONE	false	NONE	NONE	NONE
CL-TASAKI2020-0624	TASAKI2020	000118.0010	PG-TASAKI2020-0118	PDF p. 118; print p. 105; §4.2.2; equation (4.2.40)	assertion	equation	m* = lim_{n↑∞} lim_{L↑∞} √{⟨(ô^(1))^(2n)⟩/⟨(ô^(1))^(2(n−1))⟩}. (4.2.40)	PENDING	NONE	NONE	false	NONE	NONE	NONE
CL-TASAKI2020-0625	TASAKI2020	000119.0001	PG-TASAKI2020-0119	PDF p. 119; print p. 106; §4.2.2; equation (4.2.41)	assertion	equation	⟨(ô^(1))^(2n)⟩ = 2^(−2n) ∑_{s1,…,s2n=±; ∑j sj=0} ⟨ôs1 ··· ôs2n⟩. (4.2.41)	PENDING	NONE	NONE	false	NONE	NONE	NONE
CL-TASAKI2020-0626	TASAKI2020	000119.0002	PG-TASAKI2020-0119	PDF p. 119; print p. 106; §4.2.2; paragraph 4	assertion	unnumbered_obligation	Here we noted that the ground state satisfies Ŝ_tot^(3)|Φ_GS⟩=0.	PENDING	NONE	NONE	false	NONE	NONE	NONE
CL-TASAKI2020-0627	TASAKI2020	000119.0003	PG-TASAKI2020-0119	PDF p. 119; print p. 106; §4.2.2; equation (4.2.42)	assertion	equation	⟨(ô^(1))^(2n)⟩ = 2^(−2n) (2n)!/(n!)² ⟨p̂^n⟩ + O(1/V) = (2n−1)!!/(2n)!! ⟨p̂^n⟩ + O(1/V). (4.2.42)	PENDING	NONE	NONE	false	NONE	NONE	NONE
CL-TASAKI2020-0628	TASAKI2020	000119.0004	PG-TASAKI2020-0119	PDF p. 119; print p. 106; §4.2.2; equation (4.2.43)	assertion	equation	⟨(ô^(1))^(2n)⟩ / ⟨(ô^(1))^(2(n−1))⟩ = {(2n−1)/(2n)} {⟨p̂^n⟩/⟨p̂^(n−1)⟩} + O(1/V). (4.2.43)	PENDING	NONE	NONE	false	NONE	NONE	NONE
CL-TASAKI2020-0629	TASAKI2020	000119.0005	PG-TASAKI2020-0119	PDF p. 119; print p. 106; §4.2.2; equation (4.2.44)	assertion	equation	lim_{n↑∞} lim_{L↑∞} √{⟨(ô^(1))^(2n)⟩/⟨(ô^(1))^(2(n−1))⟩} = lim_{n↑∞} lim_{L↑∞} √{⟨p̂^n⟩/⟨p̂^(n−1)⟩}. (4.2.44)	PENDING	NONE	NONE	false	NONE	NONE	NONE
CL-TASAKI2020-0630	TASAKI2020	000119.0006	PG-TASAKI2020-0119	PDF p. 119; print p. 106; §4.2.2; equation (4.2.45)	assertion	equation	|ΞL^(M)⟩=(1/√2){(ô^(1))^M|ΦGS⟩/‖(ô^(1))^M|ΦGS⟩‖+(ô^(1))^(M+1)|ΦGS⟩/‖(ô^(1))^(M+1)|ΦGS⟩‖}. (4.2.45)	PENDING	NONE	NONE	false	NONE	NONE	NONE
CL-TASAKI2020-3298	TASAKI2020	000119.0007	PG-TASAKI2020-0119	PDF p. 119; print p. 106; §4.2.2; equation (4.2.46); v8 source-atomic partition	assertion	unnumbered_obligation	Û_π^(3)|Φ_GS⟩=|Φ_GS⟩ implies ⟨Φ_GS|(ô^(1))^K|Φ_GS⟩=0 for every odd K.	PENDING	NONE	NONE	false	NONE	NONE	NONE
CL-TASAKI2020-0631	TASAKI2020	000119.0008	PG-TASAKI2020-0119	PDF p. 119; print p. 106; §4.2.2; equation (4.2.46)	assertion	equation	⟨ΞL^(M)|ô^(1)|ΞL^(M)⟩ = ⟨ΦGS|(ô^(1))^(2M+2)|ΦGS⟩/{‖(ô^(1))^M|ΦGS⟩‖‖(ô^(1))^(M+1)|ΦGS⟩‖} = √{⟨(ô^(1))^(2M+2)⟩/⟨(ô^(1))^(2M)⟩}. (4.2.46)	PENDING	NONE	NONE	false	NONE	NONE	NONE
CL-TASAKI2020-3299	TASAKI2020	000119.0009	PG-TASAKI2020-0119	PDF p. 119; print p. 106; §4.2.2; equation (4.2.46); v8 source-atomic partition	assertion	subclaim	Equation (4.2.46), together with (4.2.40), implies (4.2.47).	PENDING	NONE	NONE	false	NONE	NONE	NONE
CL-TASAKI2020-0633	TASAKI2020	000119.0010	PG-TASAKI2020-0119	PDF p. 119; print p. 106; §4.2.2; equation (4.2.47)	assertion	equation	lim_{M↑∞}lim_{L↑∞}⟨ΞL^(M)|ô^(1)|ΞL^(M)⟩=m*. (4.2.47)	PENDING	NONE	NONE	false	NONE	NONE	NONE
CL-TASAKI2020-0635	TASAKI2020	000120.0001	PG-TASAKI2020-0120	PDF p. 120; print p. 107; §4.2.2; equation (4.2.48)	assertion	equation	⟨Ξ_L^(M)|ô^(α)|Ξ_L^(M)⟩=0. (4.2.48)	PENDING	NONE	NONE	false	NONE	NONE	NONE
CL-TASAKI2020-0636	TASAKI2020	000120.0002	PG-TASAKI2020-0120	PDF p. 120; print p. 107; §4.2.2; paragraph 4, atom 1	domain	domain	Let us evaluate the expectation value of (ô(1) )2 + (ô(2) )2 = p̂.	PENDING	NONE	NONE	false	NONE	NONE	NONE
CL-TASAKI2020-0637	TASAKI2020	000120.0003	PG-TASAKI2020-0120	PDF p. 120; print p. 107; §4.2.2; paragraph 4, atom 2	assertion	unnumbered_obligation	Time-reversal parity gives ⟨(ô^(1))^M p̂ (ô^(1))^(M+1)⟩=0.	PENDING	NONE	NONE	false	NONE	NONE	NONE
CL-TASAKI2020-0638	TASAKI2020	000120.0004	PG-TASAKI2020-0120	PDF p. 120; print p. 107; §4.2.2; equation (4.2.49)	assertion	equation	⟨Ξ_L^(M)|{(ô^(1))²+(ô^(2))²}|Ξ_L^(M)⟩ = (1/2){⟨(ô^(1))^M p̂ (ô^(1))^M⟩/⟨(ô^(1))^(2M)⟩ + ⟨(ô^(1))^(M+1)p̂(ô^(1))^(M+1)⟩/⟨(ô^(1))^(2(M+1))⟩}. (4.2.49)	PENDING	NONE	NONE	false	NONE	NONE	NONE
CL-TASAKI2020-0639	TASAKI2020	000120.0005	PG-TASAKI2020-0120	PDF p. 120; print p. 107; §4.2.2; paragraph 7	assertion	unnumbered_obligation	Using ô^(1)=(ô^++ô^−)/2 and Ŝ_tot^(3)|Φ_GS⟩=0, ⟨(ô^(1))^M p̂ (ô^(1))^M⟩ is the sum over sign sequences s₁,…,s_{2M}=± with ∑_j s_j=0 shown in (4.2.50).	PENDING	NONE	NONE	false	NONE	NONE	NONE
CL-TASAKI2020-0640	TASAKI2020	000120.0006	PG-TASAKI2020-0120	PDF p. 120; print p. 107; §4.2.2; equation (4.2.50)	assertion	equation	⟨(ô^(1))^M p̂ (ô^(1))^M⟩ = 2^(−2M) ∑_{s1,…,s2M=±; ∑_{j=1}^{2M} sj=0} ⟨ôs1 ··· ôsM p̂ ôsM+1 ··· ôs2M⟩ = 2^(−2M) (2M)!/(M!)² ⟨p̂^(M+1)⟩ + O(1/V). (4.2.50)	PENDING	NONE	NONE	false	NONE	NONE	NONE
CL-TASAKI2020-0641	TASAKI2020	000120.0007	PG-TASAKI2020-0120	PDF p. 120; print p. 107; §4.2.2; equation (4.2.51)	assertion	equation	⟨Ξ_L^(M)|{(ô^(1))²+(ô^(2))²}|Ξ_L^(M)⟩=(1/2){⟨p̂^(M+1)⟩/⟨p̂^M⟩+⟨p̂^(M+2)⟩/⟨p̂^(M+1)⟩}+O(1/V). (4.2.51)	PENDING	NONE	NONE	false	NONE	NONE	NONE
CL-TASAKI2020-0642	TASAKI2020	000120.0008	PG-TASAKI2020-0120	PDF p. 120; print p. 107; §4.2.2; equation (4.2.52)	assertion	equation	lim_{M↑∞}lim_{L↑∞}⟨ΞL^(M)|{(ô^(1))²+(ô^(2))²}|ΞL^(M)⟩=(m*)². (4.2.52)	PENDING	NONE	NONE	false	NONE	NONE	NONE
CL-TASAKI2020-0643	TASAKI2020	000120.0009	PG-TASAKI2020-0120	PDF p. 120; print p. 107; §4.2.2; equation (4.2.53)	assertion	equation	(m*)² ≤ lim_{M↑∞}lim_{L↑∞}⟨ΞL^(M)|(ô^(1))²|ΞL^(M)⟩ ≤ lim_{M↑∞}lim_{L↑∞}⟨ΞL^(M)|{(ô^(1))²+(ô^(2))²}|ΞL^(M)⟩=(m*)². (4.2.53)	PENDING	NONE	NONE	false	NONE	NONE	NONE
CL-TASAKI2020-0644	TASAKI2020	000120.0010	PG-TASAKI2020-0120	PDF p. 120; print p. 107; §4.2.2; equation (4.2.54)	assertion	equation	lim_{M↑∞}lim_{L↑∞}⟨ΞL^(M)|(ô^(1))²|ΞL^(M)⟩=(m*)². (4.2.54)	PENDING	NONE	NONE	false	NONE	NONE	NONE
CL-TASAKI2020-0645	TASAKI2020	000120.0011	PG-TASAKI2020-0120	PDF p. 120; print p. 107; §4.2.2; equation (4.2.55)	assertion	equation	lim_{M↑∞}lim_{L↑∞}⟨ΞL^(M)|(ô^(2))²|ΞL^(M)⟩=0. (4.2.55)	PENDING	NONE	NONE	false	NONE	NONE	NONE
CL-TASAKI2020-0646	TASAKI2020	000121.0001	PG-TASAKI2020-0121	PDF p. 121; print p. 108; §4.2.2; equation (4.2.56)	assertion	equation	lim_{M↑∞}lim_{L↑∞}⟨ΞL^(M)|(ô^(α))²|ΞL^(M)⟩=0 for α=2,3. (4.2.56)	PENDING	NONE	NONE	false	NONE	NONE	NONE
CL-TASAKI2020-0647	TASAKI2020	000121.0002	PG-TASAKI2020-0121	PDF p. 121; print p. 108; §4.2.2; paragraph 4, atom 1	assertion	remark	Note that the relations (4.2.47), (4.2.54), (4.2.48), and (4.2.56) precisely correspond to the desired relations (4.2.12), (4.2.13), (4.2.14), and (4.2.15), respectively, except that we have the double limit lim M↑∞ lim L↑∞ instead of the single limit lim L↑∞ in which M = M(L) varies according to L.	PENDING	NONE	NONE	false	NONE	NONE	NONE
CL-TASAKI2020-0648	TASAKI2020	000121.0003	PG-TASAKI2020-0121	PDF p. 121; print p. 108; §4.2.2; paragraph 4, atom 2	assertion	unnumbered_obligation	It only remains to extend the relations to M(L) that does not diverge too rapidly, but this is a straightforward consequence of the following lemma.	PENDING	NONE	NONE	false	NONE	NONE	NONE
CL-TASAKI2020-0649	TASAKI2020	000121.0004	PG-TASAKI2020-0121	PDF p. 121; print p. 108; §4.2.2; Lemma 4.16	assertion	lemma	Lemma 4.16 If f L ,M ∈ R with L , M=1, 2, . . . satisfies lim M↑∞ lim L↑∞ f L ,M =0, then there exists a nondecreasing function M(L) such that lim L↑∞ M(L) = ∞ and lim L↑∞ f L ,M(L) = 0.	PENDING	NONE	NONE	false	NONE	NONE	NONE
CL-TASAKI2020-0650	TASAKI2020	000121.0005	PG-TASAKI2020-0121	PDF p. 121; print p. 108; §4.2.2; paragraph 4, atom 3	assertion	unnumbered_obligation	It then holds that | f L ,M(L) −g M | ≤ ε M(L) , which implies lim L↑∞ f L ,M(L) = 0.	PENDING	NONE	NONE	false	NONE	NONE	NONE
CL-TASAKI2020-0651	TASAKI2020	000121.0006	PG-TASAKI2020-0121	PDF p. 121; print p. 108; §4.2.2; equation (4.2.57)	assertion	equation	|Ξn,L^(M)⟩ = 1/√2{(ô·n)^M|ΦGS⟩/∥(ô·n)^M|ΦGS⟩∥ + (ô·n)^(M+1)|ΦGS⟩/∥(ô·n)^(M+1)|ΦGS⟩∥}. (4.2.57)	PENDING	NONE	NONE	false	NONE	NONE	NONE
CL-TASAKI2020-0652	TASAKI2020	000121.0007	PG-TASAKI2020-0121	PDF p. 121; print p. 108; §4.2.2; equation (4.2.58)	assertion	equation	(1/4π)∫_{|n|=1}dn(ô·n)^M = {(ô²)^(M/2)/(M+1)+O(1/V) for even M; 0 for odd M}. (4.2.58)	PENDING	NONE	NONE	false	NONE	NONE	NONE
CL-TASAKI2020-0653	TASAKI2020	000121.0008	PG-TASAKI2020-0121	PDF p. 121; print p. 108; §4.2.2; equation (4.2.59)	assertion	equation	(1/4π)∫_{|n|=1}dn |Ξn,L^(M)⟩ = C(ô²)^(M/2)|ΦGS⟩ + O(1/V). (4.2.59)	PENDING	NONE	NONE	false	NONE	NONE	NONE
CL-TASAKI2020-0654	TASAKI2020	000122.0001	PG-TASAKI2020-0122	PDF p. 122; print p. 109; §4.2.2; paragraph 6, atom 1	assertion	unnumbered_obligation	Then the conjectured equality lim L↑∞ ⟨ô2 ⟩ = (m ∗ )2 implies lim L↑∞ ⟨(ô2 )n ⟩ = (m ∗ )2n for any n.	PENDING	NONE	NONE	false	NONE	NONE	NONE
CL-TASAKI2020-0655	TASAKI2020	000122.0002	PG-TASAKI2020-0122	PDF p. 122; print p. 109; §4.2.2; paragraph 6, atom 2	assertion	unnumbered_obligation	This implies that the right-hand side of (4.2.60) vanishes in the L ↑ ∞ limit.	PENDING	NONE	NONE	false	NONE	NONE	NONE
CL-TASAKI2020-0656	TASAKI2020	000122.0003	PG-TASAKI2020-0122	PDF p. 122; print p. 109; §4.2.2; paragraph 13	notation	notation	For notational simplicity, we write Ĥ ′ = Ĥ − E GS .	PENDING	NONE	NONE	false	NONE	NONE	NONE
CL-TASAKI2020-0657	TASAKI2020	000122.0004	PG-TASAKI2020-0122	PDF p. 122; print p. 109; §4.2.2; equation (4.2.62)	assertion	equation	⟨Γ_M|Ĥ|Γ_M⟩=⟨(ô−)^M Ĥ (ô+)^M⟩/⟨(ô−)^M(ô+)^M⟩. (4.2.62)	PENDING	NONE	NONE	false	NONE	NONE	NONE
CL-TASAKI2020-0659	TASAKI2020	000122.0005	PG-TASAKI2020-0122	PDF p. 122; print p. 109; §4.2.2; equation (4.2.60)	assertion	equation	∥ (ô²)^(M/2)|ΦGS⟩/∥(ô²)^(M/2)|ΦGS⟩∥ − |ΦGS⟩ ∥² = 2(1 − ⟨(ô²)^(M/2)⟩/√{⟨(ô²)^M⟩}). (4.2.60)	PENDING	NONE	NONE	false	NONE	NONE	NONE
CL-TASAKI2020-0660	TASAKI2020	000122.0006	PG-TASAKI2020-0122	PDF p. 122; print p. 109; §4.2.2; equation (4.2.61)	assertion	equation	‖[(1/4π)∫_{|n|=1}dn|Ξn,L^(M)⟩]/‖(1/4π)∫_{|n|=1}dn|Ξn,L^(M)⟩‖−|ΦGS⟩‖=0. (4.2.61)	PENDING	NONE	NONE	false	NONE	NONE	NONE
CL-TASAKI2020-0661	TASAKI2020	000123.0001	PG-TASAKI2020-0123	PDF p. 123; print p. 110; §4.2.2; equation (4.2.63)	assertion	equation	⟨ΓL^M|Ĥ′|ΓL^M⟩ ≤ {⟨(ô+)^M Ĥ′(ô−)^M⟩ + ⟨(ô−)^M Ĥ′(ô+)^M⟩}/⟨(ô−)^M(ô+)^M⟩ = ⟨[(ô+)^M,[Ĥ′,(ô−)^M]]⟩/⟨(ô−)^M(ô+)^M⟩. (4.2.63)	PENDING	NONE	NONE	false	NONE	NONE	NONE
CL-TASAKI2020-0662	TASAKI2020	000123.0002	PG-TASAKI2020-0123	PDF p. 123; print p. 110; §4.2.2; equation (4.2.64)	assertion	equation	[(ô^+)^M,[Ĥ′,(ô^−)^M]] = ∑_{k=0}^{M−1}[(ô^+)^M,(ô^−)^{M−1−k}[Ĥ′,ô^−](ô^−)^k] = ∑_{k,ℓ=0}^{M−1}(ô^+)^{M−1−ℓ}[(ô^+),(ô^−)^{M−1−k}[Ĥ′,ô^−](ô^−)^k](ô^+)^ℓ = ∑_{k,ℓ=0}^{M−1}(ô^+)^{M−1−ℓ}(ô^−)^{M−1−k}[ô^+,[Ĥ′,ô^−]](ô^−)^k(ô^+)^ℓ + ∑_{k,ℓ=0}^{M−1}∑_{m=0}^{M−k−2}(ô^+)^{M−1−ℓ}(ô^−)^{M−k−2−m}[ô^+,ô^−](ô^−)^m[Ĥ′,ô^−](ô^−)^k(ô^+)^ℓ + ∑_{k,ℓ=0}^{M−1}∑_{n=0}^{k−1}(ô^+)^{M−1−ℓ}(ô^−)^{M−1−k}[Ĥ′,ô^−](ô^−)^{k−1−n}[ô^+,ô^−](ô^−)^n(ô^+)^ℓ. (4.2.64)	PENDING	NONE	NONE	false	NONE	NONE	NONE
CL-TASAKI2020-0663	TASAKI2020	000123.0003	PG-TASAKI2020-0123	PDF p. 123; print p. 110; §4.2.2; paragraph 12, atom 1	assertion	unnumbered_obligation	The denominator of (4.2.63), on the other hand, is bounded from below as ⟨(ô− ) M (ô+ ) M ⟩ ≥ (2q0 ) M .	PENDING	NONE	NONE	false	NONE	NONE	NONE
CL-TASAKI2020-0664	TASAKI2020	000123.0004	PG-TASAKI2020-0123	PDF p. 123; print p. 110; §4.2.2; equation (4.2.66)	assertion	equation	|(first line of RHS of (4.2.64))/⟨(ô−)^M(ô+)^M⟩|≤(const.){(o₀)²/(2q₀)}^M M²/V. (4.2.66)	PENDING	NONE	NONE	false	NONE	NONE	NONE
CL-TASAKI2020-0665	TASAKI2020	000123.0005	PG-TASAKI2020-0123	PDF p. 123; print p. 110; §4.2.2; paragraph 12, atom 2	assertion	unnumbered_obligation	The first line on the right of (4.2.64), divided by ⟨(ô^−)^M(ô^+)^M⟩, is bounded by (constant)(o₀²/(2q₀))^M M²/V. (4.2.66)	PENDING	NONE	NONE	false	NONE	NONE	NONE
CL-TASAKI2020-0666	TASAKI2020	000123.0006	PG-TASAKI2020-0123	PDF p. 123; print p. 110; §4.2.2; equation (4.2.65)	assertion	equation	‖[ô+,[Ĥ′,ô−]]‖≤4ζ²(o₀)²h₀/V. (4.2.65)	PENDING	NONE	NONE	false	NONE	NONE	NONE
CL-TASAKI2020-0667	TASAKI2020	000124.0001	PG-TASAKI2020-0124	PDF p. 124; print p. 111; §4.2.2; paragraph 2	hypothesis	hypothesis	This method can be useful only when one fixes M and lets L grow. Recall that the desired bound (4.2.4) allows M to be as large as √V = L^(d/2). To prove an optimal bound, we use renormalized bounds expressed in terms of ⟨p̂^M⟩. To be precise, under M ≤ (const.)√V, we shall prove (4.2.67) and (4.2.68).	PENDING	NONE	NONE	false	NONE	NONE	NONE
CL-TASAKI2020-0668	TASAKI2020	000124.0002	PG-TASAKI2020-0124	PDF p. 124; print p. 111; §4.2.2; equation (4.2.67)	assertion	equation	1/2 ⟨p̂^M⟩ ≤ ⟨ôs1 ··· ôs2M⟩ ≤ 2⟨p̂^M⟩. (4.2.67)	PENDING	NONE	NONE	false	NONE	NONE	NONE
CL-TASAKI2020-0669	TASAKI2020	000124.0003	PG-TASAKI2020-0124	PDF p. 124; print p. 111; §4.2.2; equation (4.2.68)	assertion	equation	|⟨ôs1 ··· ôsℓ Â ôsℓ+1 ··· ôs2M⟩| ≤ 3∥Â∥⟨p̂^M⟩. (4.2.68)	PENDING	NONE	NONE	false	NONE	NONE	NONE
CL-TASAKI2020-0670	TASAKI2020	000124.0004	PG-TASAKI2020-0124	PDF p. 124; print p. 111; §4.2.2; paragraph 4	assertion	unnumbered_obligation	The ⟨ denominator ⟩ of (4.2.63) is bounded from below by (4.2.67) as ⟨(ô− ) M (ô+ ) M ⟩ ≥ p̂ M /2.	PENDING	NONE	NONE	false	NONE	NONE	NONE
CL-TASAKI2020-0671	TASAKI2020	000124.0005	PG-TASAKI2020-0124	PDF p. 124; print p. 111; §4.2.2; equation (4.2.69)	assertion	equation	⟨Ξ_(1,0,0)|Ĥ|Ξ_(1,0,0)⟩=(1/2){⟨Φ_GS|(Ô_L^(1))^M Ĥ (Ô_L^(1))^M|Φ_GS⟩/‖(Ô_L^(1))^M|Φ_GS⟩‖²+⟨Φ_GS|(Ô_L^(1))^(M+1)Ĥ(Ô_L^(1))^(M+1)|Φ_GS⟩/‖(Ô_L^(1))^(M+1)|Φ_GS⟩‖²}. (4.2.69)	PENDING	NONE	NONE	false	NONE	NONE	NONE
CL-TASAKI2020-0673	TASAKI2020	000124.0006	PG-TASAKI2020-0124	PDF p. 124; print p. 111; §4.2.2; equation (4.2.70)	assertion	equation	⟨(ô^(1))^M Ĥ′(ô^(1))^M⟩/⟨(ô^(1))^(2M)⟩=(1/2)⟨[(ô^(1))^M,[Ĥ′,(ô^(1))^M]]⟩/⟨(ô^(1))^(2M)⟩. (4.2.70)	PENDING	NONE	NONE	false	NONE	NONE	NONE
CL-TASAKI2020-0674	TASAKI2020	000125.0001	PG-TASAKI2020-0125	PDF p. 125; print p. 112; §4.2.2; equation (4.2.71)	assertion	equation	⟨[(ô^(1))^M,[Ĥ′,(ô^(1))^M]]⟩ = ∑_{k,ℓ=0}^{M−1}⟨(ô^(1))^{2(M−1)−k−ℓ}[ô^(1),[Ĥ′,ô^(1)]](ô^(1))^{k+ℓ}⟩. (4.2.71)	PENDING	NONE	NONE	false	NONE	NONE	NONE
CL-TASAKI2020-0675	TASAKI2020	000125.0002	PG-TASAKI2020-0125	PDF p. 125; print p. 112; §4.3.1; equation (4.3.1)	assertion	equation	B_∞:={{x,y} | x,y∈ℤ^d, |x−y|=1}. (4.3.1)	PENDING	NONE	NONE	false	NONE	NONE	NONE
CL-TASAKI2020-0676	TASAKI2020	000125.0003	PG-TASAKI2020-0125	PDF p. 125; print p. 112; §4.3.1; equation (4.3.2)	assertion	equation	Zeven^d := {(x1,…,xd)∈Z^d | ∑_{i=1}^d xi is even}. (4.3.2)	PENDING	NONE	NONE	false	NONE	NONE	NONE
CL-TASAKI2020-0677	TASAKI2020	000125.0004	PG-TASAKI2020-0125	PDF p. 125; print p. 112; §4.3.1; paragraph 9	notation	notation	We denote by Ŝx(1) , Ŝx(2) , and Ŝx(3) the spin operators on site x.	PENDING	NONE	NONE	false	NONE	NONE	NONE
CL-TASAKI2020-0678	TASAKI2020	000126.0001	PG-TASAKI2020-0126	PDF p. 126; print p. 113; §4.3.1; paragraph 2, atom 1	notation	notation	The set of all local operators is denoted by A_loc.	PENDING	NONE	NONE	false	NONE	NONE	NONE
CL-TASAKI2020-0679	TASAKI2020	000126.0002	PG-TASAKI2020-0126	PDF p. 126; print p. 113; §4.3.1; paragraph 2, atom 2	assertion	remark	Note that, by definition, each Â ∈ Aloc is an operator that acts nontrivially only on a finite number of spins, but there is no limit for this finite number.	PENDING	NONE	NONE	false	NONE	NONE	NONE
CL-TASAKI2020-0681	TASAKI2020	000126.0003	PG-TASAKI2020-0126	PDF p. 126; print p. 113; §4.3.1; equation (4.3.3)	assertion	equation	τ_x(Ŝ_(x₁)^(α₁)Ŝ_(x₂)^(α₂)⋯Ŝ_(x_n)^(α_n))=Ŝ_(x₁+x)^(α₁)Ŝ_(x₂+x)^(α₂)⋯Ŝ_(x_n+x)^(α_n). (4.3.3)	PENDING	NONE	NONE	false	NONE	NONE	NONE
CL-TASAKI2020-0682	TASAKI2020	000126.0004	PG-TASAKI2020-0126	PDF p. 126; print p. 113; §4.3.1; paragraph 4, atom 1	assertion	unnumbered_obligation	More precisely, a state ρ(·) is a linear map from Aloc to C which satisfies ρ(1̂) = 1 and ρ( Â† Â) ≥ 0 for any Â ∈ Aloc .	PENDING	NONE	NONE	false	NONE	NONE	NONE
CL-TASAKI2020-0683	TASAKI2020	000126.0005	PG-TASAKI2020-0126	PDF p. 126; print p. 113; §4.3.1; paragraph 4, atom 2	assertion	unnumbered_obligation	Here we considered the translation only by x in the even sublattice Zdeven , anticipating antiferromagnetic order. Recall that a Néel ordered state is invariant under translation by x if and only if x ∈ Zdeven .	PENDING	NONE	NONE	false	NONE	NONE	NONE
CL-TASAKI2020-0684	TASAKI2020	000126.0006	PG-TASAKI2020-0126	PDF p. 126; print p. 113; §4.3.1; paragraph 4, atom 3	definition	definition	Define ε_GS:=lim_{L↑∞}E_GS,L/|B_L|. (4.3.4)	PENDING	NONE	NONE	false	NONE	NONE	NONE
CL-TASAKI2020-0685	TASAKI2020	000126.0007	PG-TASAKI2020-0126	PDF p. 126; print p. 113; §4.3.1; equation (4.3.4)	assertion	equation	εGS := lim_{L↑∞}EGS,L/|BL|. (4.3.4)	PENDING	NONE	NONE	false	NONE	NONE	NONE
CL-TASAKI2020-0686	TASAKI2020	000126.0008	PG-TASAKI2020-0126	PDF p. 126; print p. 113; §4.3.1; paragraph 5, atom 1	assertion	unnumbered_obligation	Then we can define the notion of translation invariant ground states for the infinite system.	PENDING	NONE	NONE	false	NONE	NONE	NONE
CL-TASAKI2020-0687	TASAKI2020	000126.0009	PG-TASAKI2020-0126	PDF p. 126; print p. 113; §4.3.1; Definition 4.17	definition	definition	Definition 4.17 A translation-invariant state ω is a ground state of the antiferromagnetic Heisenberg model exactly when ω(Ŝ_x·Ŝ_y)=ε_GS for every {x,y}∈B_∞.	PENDING	NONE	NONE	false	NONE	NONE	NONE
CL-TASAKI2020-0688	TASAKI2020	000127.0001	PG-TASAKI2020-0127	PDF p. 127; print p. 114; §4.3.1; paragraph 2	definition	definition	For self-adjoint Â∈A_loc, define the bulk operator Â_L:=∑_{x∈Λ_L∩ℤ_even^d}τ_x(Â). (4.3.5)	PENDING	NONE	NONE	false	NONE	NONE	NONE
CL-TASAKI2020-0689	TASAKI2020	000127.0002	PG-TASAKI2020-0127	PDF p. 127; print p. 114; §4.3.1; equation (4.3.5)	assertion	equation	ÂL = ∑_{x∈ΛL∩Zeven^d}τx(Â). (4.3.5)	PENDING	NONE	NONE	false	NONE	NONE	NONE
CL-TASAKI2020-0690	TASAKI2020	000127.0003	PG-TASAKI2020-0127	PDF p. 127; print p. 114; §4.3.1; Definition 4.18	definition	definition	Definition 4.18 A translation-invariant state ρ(·) is ergodic if lim_{L↑∞}√{ρ((Â_L/L^d)²)−|ρ(Â_L/L^d)|²}=0 (4.3.6) for every self-adjoint Â∈A_loc.	PENDING	NONE	NONE	false	NONE	NONE	NONE
CL-TASAKI2020-0691	TASAKI2020	000127.0004	PG-TASAKI2020-0127	PDF p. 127; print p. 114; §4.3.1; equation (4.3.6)	assertion	equation	lim_{L↑∞}√{ρ((ÂL/L^d)²)−{ρ(ÂL/L^d)}²}=0. (4.3.6)	PENDING	NONE	NONE	false	NONE	NONE	NONE
CL-TASAKI2020-0692	TASAKI2020	000127.0005	PG-TASAKI2020-0127	PDF p. 127; print p. 114; §4.3.1; Definition 4.19	definition	definition	Definition 4.19 A translation-invariant ground state ω of the antiferromagnetic Heisenberg model is a physical ground state when it is ergodic.	PENDING	NONE	NONE	false	NONE	NONE	NONE
CL-TASAKI2020-0694	TASAKI2020	000127.0006	PG-TASAKI2020-0127	PDF p. 127; print p. 114; §4.3.1; equation (4.3.7)	assertion	equation	ω0(Â)=lim_{L↑∞}⟨ΦGS|Â|ΦGS⟩. (4.3.7)	PENDING	NONE	NONE	false	NONE	NONE	NONE
CL-TASAKI2020-0695	TASAKI2020	000127.0007	PG-TASAKI2020-0127	PDF p. 127; print p. 114; §4.3.1; paragraph 10; atom 1	hypothesis	hypothesis	Assume that infinite-volume ground states are invariant under every translation by x∈ℤ_even^d.	PENDING	NONE	NONE	false	NONE	NONE	NONE
CL-TASAKI2020-3396	TASAKI2020	000127.0008	PG-TASAKI2020-0127	PDF p. 127; print p. 114; §4.3.1; paragraph 10; atom 2	conjecture	conjecture	A longer spontaneously broken period is logically possible but considered extremely unlikely.	PENDING	NONE	NONE	false	NONE	NONE	NONE
CL-TASAKI2020-0696	TASAKI2020	000128.0001	PG-TASAKI2020-0128	PDF p. 128; print p. 115; §4.3.1; paragraph 2, atom 1	hypothesis	hypothesis	Assume that the limits used to define the infinite-volume states exist.	PENDING	NONE	NONE	false	NONE	NONE	NONE
CL-TASAKI2020-0698	TASAKI2020	000128.0002	PG-TASAKI2020-0128	PDF p. 128; print p. 115; §4.3.1; equation (4.3.8)	assertion	equation	ωn(Â)=lim_{L↑∞}⟨Ξn|Â|Ξn⟩. (4.3.8)	PENDING	NONE	NONE	false	NONE	NONE	NONE
CL-TASAKI2020-0699	TASAKI2020	000128.0003	PG-TASAKI2020-0128	PDF p. 128; print p. 115; §4.3.1; Theorem 4.20	assertion	theorem	Theorem 4.20 The states ω0 (·) and ωn (·) are translation invariant ground states.	PENDING	NONE	NONE	false	NONE	NONE	NONE
CL-TASAKI2020-0700	TASAKI2020	000128.0004	PG-TASAKI2020-0128	PDF p. 128; print p. 115; §4.3.1; equation (4.3.10)	assertion	equation	ω_n(Ŝ_x)=(−1)^x m*n. (4.3.10)	PENDING	NONE	NONE	false	NONE	NONE	NONE
CL-TASAKI2020-0701	TASAKI2020	000128.0005	PG-TASAKI2020-0128	PDF p. 128; print p. 115; §4.3.1; equation (4.3.9)	assertion	equation	ω₀(Ŝ_x)=(0,0,0). (4.3.9)	PENDING	NONE	NONE	false	NONE	NONE	NONE
CL-TASAKI2020-3012	TASAKI2020	000128.0006	PG-TASAKI2020-0128	PDF p. 128; print p. 115; §4.3.1; Conjecture 4.21; audit split atom 1/11	conjecture	conjecture	Conjecture 4.21 The ground states ωn (·) are ergodic, i.e., they are physical ground states in the sense of Definition 4.19.	PENDING	NONE	NONE	false	NONE	NONE	NONE
CL-TASAKI2020-3013	TASAKI2020	000128.0007	PG-TASAKI2020-0128	PDF p. 128; print p. 115; §4.3.1; paragraph immediately following Conjecture 4.21	assertion	remark	This conjecture motivated our identification of low-lying states |Ξn ⟩ as physical “ground states”.	PENDING	NONE	NONE	false	NONE	NONE	NONE
CL-TASAKI2020-3014	TASAKI2020	000128.0008	PG-TASAKI2020-0128	PDF p. 128; print p. 115; §4.3.1; paragraph immediately following Conjecture 4.21	assertion	remark	They are not ground states (of the finite volume Hamiltonian) in the literal sense, but approach physical ground states in the infinite volume limit.	PENDING	NONE	NONE	false	NONE	NONE	NONE
CL-TASAKI2020-3015	TASAKI2020	000128.0009	PG-TASAKI2020-0128	PDF p. 128; print p. 115; §4.3.1; paragraph beginning “The property (4.2.16)”	assertion	remark	The property (4.2.16) of the low-lying state |Ξ(1,0,0) ⟩ is a strong support to the conjecture, but is still insufficient to guarantee the ergodicity.	PENDING	NONE	NONE	false	NONE	NONE	NONE
CL-TASAKI2020-3016	TASAKI2020	000128.0010	PG-TASAKI2020-0128	PDF p. 128; print p. 115; §4.3.1; paragraph beginning “The property (4.2.16)”	assertion	remark	First the relation (4.2.16) deals only with the fluctuation of the order operators while (4.3.6) is for any Â.	PENDING	NONE	NONE	false	NONE	NONE	NONE
CL-TASAKI2020-3017	TASAKI2020	000128.0011	PG-TASAKI2020-0128	PDF p. 128; print p. 115; §4.3.1; paragraph beginning “The property (4.2.16)”	assertion	remark	Secondly the finite volume state on Λ L is used to evaluate Ô L(α) in (4.2.16) while the condition (4.3.6) is for a state in the infinite volume.	PENDING	NONE	NONE	false	NONE	NONE	NONE
CL-TASAKI2020-3018	TASAKI2020	000128.0012	PG-TASAKI2020-0128	PDF p. 128; print p. 115; §4.3.1; paragraph beginning “The property (4.2.16)”	assertion	remark	One needs much stronger estimates to prove the conjecture.	PENDING	NONE	NONE	false	NONE	NONE	NONE
CL-TASAKI2020-3019	TASAKI2020	000128.0013	PG-TASAKI2020-0128	PDF p. 128; print p. 115; §4.3.1; paragraph beginning “The property (4.2.16)”	assertion	remark	So far a statement corresponding to Conjecture 4.21 has been proved only for systems that exhibit discrete symmetry breaking as in the quantum Ising model.	PENDING	NONE	NONE	false	NONE	NONE	NONE
CL-TASAKI2020-3020	TASAKI2020	000128.0014	PG-TASAKI2020-0128	PDF p. 128; print p. 115; §4.3.1; paragraph beginning “The property (4.2.16)”	assertion	remark	In Appendix B of [35], it was proved that the infinite volume ground states constructed from the low-lying states like |Ξ± ⟩ of (3.4.14) are ergodic.	PENDING	NONE	NONE	false	NONE	NONE	NONE
CL-TASAKI2020-3021	TASAKI2020	000128.0015	PG-TASAKI2020-0128	PDF p. 128; print p. 115; §4.3.1; mean-field paragraph	assertion	remark	It is worth pointing out that if one treats the problem using some kind of mean-field approximation, which is standard in almost any field of many-body physics, the ground state like ωn (·) is obtained from the outset.	PENDING	NONE	NONE	false	NONE	NONE	NONE
CL-TASAKI2020-3022	TASAKI2020	000128.0016	PG-TASAKI2020-0128	PDF p. 128; print p. 115; §4.3.1; mean-field paragraph	assertion	remark	This is indeed natural since a mean field theory always starts from the assumption that the order operator behaves as a classical vector without fluctuations.	PENDING	NONE	NONE	false	NONE	NONE	NONE
CL-TASAKI2020-0703	TASAKI2020	000128.0017	PG-TASAKI2020-0128	PDF p. 128; print p. 115; §4.3.1; Note unnumbered line 45	assertion	remark	Another infinite-volume ground state with both long-range order and spontaneous symmetry breaking is obtained from ground states of (4.2.27) with a staggered magnetic field.	PENDING	NONE	NONE	false	NONE	NONE	NONE
CL-TASAKI2020-0704	TASAKI2020	000129.0001	PG-TASAKI2020-0129	PDF p. 129; print p. 116; §4.3.1; equation (4.3.11)	assertion	equation	ω̃_(1,0,0)(Â) = lim_{h↓0} lim_{L↑∞} ⟨ΦGS,h|Â|ΦGS,h⟩. (4.3.11)	PENDING	NONE	NONE	false	NONE	NONE	NONE
CL-TASAKI2020-0705	TASAKI2020	000129.0002	PG-TASAKI2020-0129	PDF p. 129; print p. 116; §4.3.2; assertion prose line 35	conjecture	conjecture	It is conjectured in (4.2.21) that averaging the symmetry-breaking ‘ground states’ over the solid angle (almost) gives the exact finite-volume ground state |Φ_GS⟩.	PENDING	NONE	NONE	false	NONE	NONE	NONE
CL-TASAKI2020-0706	TASAKI2020	000129.0003	PG-TASAKI2020-0129	PDF p. 129; print p. 116; §4.3.2; paragraph 5	assertion	unnumbered_obligation	The conjecture gives ⟨Φ_GS|Â|Φ_GS⟩=constant·∫_{|n|=|n′|=1}dn dn′⟨Ξ_n|Â|Ξ_n′⟩. (4.3.12)	PENDING	NONE	NONE	false	NONE	NONE	NONE
CL-TASAKI2020-0707	TASAKI2020	000129.0004	PG-TASAKI2020-0129	PDF p. 129; print p. 116; §4.3.2; equation (4.3.12)	assertion	equation	⟨ΦGS|Â|ΦGS⟩ = constant × ∫_{|n|=|n′|=1}dn dn′⟨Ξn|Â|Ξn′⟩. (4.3.12)	PENDING	NONE	NONE	false	NONE	NONE	NONE
CL-TASAKI2020-0708	TASAKI2020	000129.0005	PG-TASAKI2020-0129	PDF p. 129; print p. 116; §4.3.2; paragraph 6	conjecture	conjecture	Because states ordered in different directions are macroscopically distinct while a local Â changes only finitely many degrees of freedom, ⟨Ξ_n|Â|Ξ_n′⟩ is expected to vanish for n≠n′ as L↑∞.	PENDING	NONE	NONE	false	NONE	NONE	NONE
CL-TASAKI2020-0709	TASAKI2020	000130.0001	PG-TASAKI2020-0130	PDF p. 130; print p. 117; §4.3.2; equation (4.3.13)	assertion	equation	⟨ΦGS|Â|ΦGS⟩ ≃ (1/4π)∫_{|n|=1}dn⟨Ξn|Â|Ξn⟩. (4.3.13)	PENDING	NONE	NONE	false	NONE	NONE	NONE
CL-TASAKI2020-0710	TASAKI2020	000130.0002	PG-TASAKI2020-0130	PDF p. 130; print p. 117; §4.3.2; equation (4.3.14)	assertion	equation	ω0(Â)=(1/4π)∫_{|n|=1}dn ωn(Â) for every Â∈Aloc. (4.3.14)	PENDING	NONE	NONE	false	NONE	NONE	NONE
CL-TASAKI2020-0711	TASAKI2020	000130.0003	PG-TASAKI2020-0130	PDF p. 130; print p. 117; §4.3.2; Remark unnumbered line 30	assertion	remark	Remark The conjectured relation (4.3.14) is reminiscent of the abstract decomposition theories developed in mathematical theory of many-body systems [10, 11, 55]. Very roughly speaking the decomposition theories guarantees that any “unphysical” ground state of an infinite system can be expressed as a kind of integral of “physical” ground states. The theories also apply to equilibrium states. See Remark 1 at the end of Sect. 2.5 of [35] for the relation of our observation and general theories.	PENDING	NONE	NONE	false	NONE	NONE	NONE
CL-TASAKI2020-0712	TASAKI2020	000131.0001	PG-TASAKI2020-0131	PDF p. 131; print p. 118; §4.4; equation (4.4.1)	assertion	equation	Ĥh = −∑_{{x,y}∈BL} Ŝx·Ŝy − h∑_{x∈ΛL} Ŝx^(3). (4.4.1)	PENDING	NONE	NONE	false	NONE	NONE	NONE
CL-TASAKI2020-0713	TASAKI2020	000131.0002	PG-TASAKI2020-0131	PDF p. 131; print p. 118; §4.4; equation (4.4.2)	assertion	equation	Ĥh = ∑_{{x,y}∈BL}Ŝx·Ŝy − h∑_{x∈ΛL}(−1)^xŜx^(3). (4.4.2)	PENDING	NONE	NONE	false	NONE	NONE	NONE
CL-TASAKI2020-0715	TASAKI2020	000131.0003	PG-TASAKI2020-0131	PDF p. 131; print p. 118; §4.4; equation (4.4.3)	assertion	equation	⟨Â⟩^L_{β,h}:=Tr[Âe^(−βĤ_h)]/Z_L(β,h). (4.4.3)	PENDING	NONE	NONE	false	NONE	NONE	NONE
CL-TASAKI2020-0717	TASAKI2020	000132.0001	PG-TASAKI2020-0132	PDF p. 132; print p. 119; §4.4.1; equation (4.4.4)	assertion	equation	⟨Ŝx^(α)Ŝy^(α)⟩^∞_{β,0} = lim_{L↑∞} ⟨Ŝx^(α)Ŝy^(α)⟩^L_{β,0}. (4.4.4)	PENDING	NONE	NONE	false	NONE	NONE	NONE
CL-TASAKI2020-0718	TASAKI2020	000132.0002	PG-TASAKI2020-0132	PDF p. 132; print p. 119; §4.4.1; Theorem 4.22	assertion	theorem	Theorem 4.22 Consider the model with Hamiltonian (4.4.1) or (4.4.2) for d=1 and any S. Then lim_{h↓0}lim_{L↑∞}⟨Ŝx^(3)⟩^L_{β,h}=0 (4.4.5) for any β∈[0,∞). There also exist functions ξ(β)∈(0,∞) and C(β)∈(0,∞), which depend on S, such that |⟨Ŝx^(α)Ŝy^(α)⟩^∞_{β,0}| ≤ C(β)exp[−|x−y|/ξ(β)] (4.4.6) for any β∈[0,∞), α=1,2,3, and x,y∈ℤ.	PENDING	NONE	NONE	false	NONE	NONE	NONE
CL-TASAKI2020-0719	TASAKI2020	000132.0003	PG-TASAKI2020-0132	PDF p. 132; print p. 119; §4.4.1; equation (4.4.5)	assertion	equation	lim_{h↓0}lim_{L↑∞}⟨Ŝx^(3)⟩^L_{β,h}=0. (4.4.5)	PENDING	NONE	NONE	false	NONE	NONE	NONE
CL-TASAKI2020-0720	TASAKI2020	000132.0004	PG-TASAKI2020-0132	PDF p. 132; print p. 119; §4.4.1; equation (4.4.6)	assertion	equation	|⟨Ŝ_x^(α)Ŝ_y^(α)⟩^∞_{β,0}| ≤ C(β)exp[−|x−y|/ξ(β)]. (4.4.6)	PENDING	NONE	NONE	false	NONE	NONE	NONE
CL-TASAKI2020-0721	TASAKI2020	000132.0005	PG-TASAKI2020-0132	PDF p. 132; print p. 119; §4.4.1; equation (4.4.8)	assertion	equation	|⟨Ŝ_x^(α)Ŝ_y^(α)⟩^∞_{β,0}| ≤ C(β)exp[−|x−y|/ξ(β)]. (4.4.8)	PENDING	NONE	NONE	false	NONE	NONE	NONE
CL-TASAKI2020-0722	TASAKI2020	000132.0006	PG-TASAKI2020-0132	PDF p. 132; print p. 119; §4.4.1; Theorem 4.23	assertion	theorem	Theorem 4.23 Consider the model with Hamiltonian (4.4.1) or (4.4.2) for d≥2 and any S. There exists β₀∈(0,∞), depending only on d and S, such that lim_{h↓0}lim_{L↑∞}⟨Ŝx^(3)⟩^L_{β,h}=0 (4.4.7) for any β∈[0,β₀]. There also exist functions ξ(β)∈(0,∞) and C(β)∈(0,∞), which depend on d and S, such that |⟨Ŝx^(α)Ŝy^(α)⟩^∞_{β,0}| ≤ C(β)exp[−|x−y|/ξ(β)] (4.4.8) for any β∈[0,β₀], α=1,2,3, and x,y∈ℤ^d.	PENDING	NONE	NONE	false	NONE	NONE	NONE
CL-TASAKI2020-0723	TASAKI2020	000132.0007	PG-TASAKI2020-0132	PDF p. 132; print p. 119; §4.4.1; equation (4.4.7)	assertion	equation	lim_{h↓0}lim_{L↑∞}⟨Ŝx^(3)⟩^L_{β,h}=0. (4.4.7)	PENDING	NONE	NONE	false	NONE	NONE	NONE
CL-TASAKI2020-0724	TASAKI2020	000132.0008	PG-TASAKI2020-0132	PDF p. 132; print p. 119; §4.4.1; Note unnumbered line 33	assertion	remark	Note that ξ(β) is an upper bound for the correlation length, i.e., the distance beyond which spins essentially do not correlate. In two or higher dimensions, the same properties can be proved for sufficiently high temperatures, which corresponds to sufficiently small β.	PENDING	NONE	NONE	false	NONE	NONE	NONE
CL-TASAKI2020-0725	TASAKI2020	000133.0001	PG-TASAKI2020-0133	PDF p. 133; print p. 120; §4.4.1; equation (4.4.9)	assertion	equation	|⟨Âτ_x(B̂)⟩^∞_{β,h}−⟨Â⟩^∞_{β,h}⟨B̂⟩^∞_{β,h}| ≤ (constant)exp[−|x|/ξ(β,h)]. (4.4.9)	PENDING	NONE	NONE	false	NONE	NONE	NONE
CL-TASAKI2020-0726	TASAKI2020	000133.0002	PG-TASAKI2020-0133	PDF p. 133; print p. 120; §4.4.2; equation (4.4.10)	assertion	equation	H^XY = ∑_{{x,y}∈BL}(1−S⃗x·S⃗y). (4.4.10)	PENDING	NONE	NONE	false	NONE	NONE	NONE
CL-TASAKI2020-0728	TASAKI2020	000134.0001	PG-TASAKI2020-0134	PDF p. 134; print p. 121; §4.4.2; equation (4.4.11)	assertion	equation	⟨f⟩β^XY := 1/ZL^XY(β)(∏_{x∈ΛL}∫_{−π}^πdθx) f e^(−βHXY). (4.4.11)	PENDING	NONE	NONE	false	NONE	NONE	NONE
CL-TASAKI2020-0729	TASAKI2020	000134.0002	PG-TASAKI2020-0134	PDF p. 134; print p. 121; §4.4.2; paragraph 2, atom 1	hypothesis	hypothesis	Now suppose that the temperature is sufficiently low, i.e., β is sufficiently large.	PENDING	NONE	NONE	false	NONE	NONE	NONE
CL-TASAKI2020-0730	TASAKI2020	000134.0003	PG-TASAKI2020-0134	PDF p. 134; print p. 121; §4.4.2; paragraph 2, atom 2	hypothesis	hypothesis	We may then (non-rigorously) assume that only those configurations with very small energy, where one has |θx − θ y | ≪ 1 for any {x, y} ∈ B L , contribute to the integral (4.4.11).	PENDING	NONE	NONE	false	NONE	NONE	NONE
CL-TASAKI2020-0731	TASAKI2020	000134.0004	PG-TASAKI2020-0134	PDF p. 134; print p. 121; §4.4.2; equation (4.4.12)	assertion	equation	H^XY ≃ H^Gauss = (1/2)∑_{{x,y}∈BL}(θx−θy)². (4.4.12)	PENDING	NONE	NONE	false	NONE	NONE	NONE
CL-TASAKI2020-0732	TASAKI2020	000134.0005	PG-TASAKI2020-0134	PDF p. 134; print p. 121; §4.4.2; equation (4.4.13)	assertion	equation	⟨f⟩β^XY ≃ ⟨f⟩β^Gauss := 1/ZL^Gauss(β)(∏_{x∈ΛL}∫_{−∞}^∞dθx) f e^(−βHGauss). (4.4.13)	PENDING	NONE	NONE	false	NONE	NONE	NONE
CL-TASAKI2020-0733	TASAKI2020	000134.0006	PG-TASAKI2020-0134	PDF p. 134; print p. 121; §4.4.2; equation (4.4.14)	assertion	equation	⟨S⃗o · S⃗z⟩β^Gauss = ⟨cos(θo−θz)⟩β^Gauss = exp{−1/2 ⟨(θo−θz)²⟩β^Gauss}. (4.4.14)	PENDING	NONE	NONE	false	NONE	NONE	NONE
CL-TASAKI2020-0734	TASAKI2020	000134.0007	PG-TASAKI2020-0134	PDF p. 134; print p. 121; §4.4.2; paragraph 6	definition	definition	For fixed z, define the field ϕ^(o,z)=(ϕ_x^(o,z))_{x∈Λ_L} by ϕ_x^(o,z):=⟨(θ_o−θ_z)θ_x⟩_β^Gauss.	PENDING	NONE	NONE	false	NONE	NONE	NONE
CL-TASAKI2020-0735	TASAKI2020	000134.0008	PG-TASAKI2020-0134	PDF p. 134; print p. 121; §4.4.2; equation (4.4.15)	assertion	equation	⟨S⃗o·S⃗z⟩^Gauss_β = e^(−ψz/2). (4.4.15)	PENDING	NONE	NONE	false	NONE	NONE	NONE
CL-TASAKI2020-0736	TASAKI2020	000134.0009	PG-TASAKI2020-0134	PDF p. 134; print p. 121; §4.4.2; paragraph 8	definition	definition	Define (Δf)_x:=∑_{y∈N(x)}(f_y−f_x), with N(x):={y∈Λ_L | {x,y}∈B_L}.	PENDING	NONE	NONE	false	NONE	NONE	NONE
CL-TASAKI2020-0737	TASAKI2020	000134.0010	PG-TASAKI2020-0134	PDF p. 134; print p. 121; §4.4.2; paragraph 9	assertion	unnumbered_obligation	The Gaussian partition integral is ill-defined because its integrand is invariant under the global shift θ_x→θ_x+c.	PENDING	NONE	NONE	false	NONE	NONE	NONE
CL-TASAKI2020-0738	TASAKI2020	000135.0001	PG-TASAKI2020-0135	PDF p. 135; print p. 122; §4.4.2; equation (4.4.16)	assertion	equation	−(Δϕ^(o,z))_x=(1/β)(δ_(x,o)−δ_(x,z)). (4.4.16)	PENDING	NONE	NONE	false	NONE	NONE	NONE
CL-TASAKI2020-0739	TASAKI2020	000135.0002	PG-TASAKI2020-0135	PDF p. 135; print p. 122; §4.4.2; equation (4.4.17)	assertion	equation	ϕx^(o,z) = { ψz(1−x/z) for x=0,…,z; ψz(x−z)/(L−z) for x=z,…,L }. (4.4.17)	PENDING	NONE	NONE	false	NONE	NONE	NONE
CL-TASAKI2020-0740	TASAKI2020	000135.0003	PG-TASAKI2020-0135	PDF p. 135; print p. 122; §4.4.2; equation (4.4.18)	assertion	equation	ψ_z=ϕ_o^(o,z)−ϕ_z^(o,z)=z(L−z)/(Lβ)≃z/β. (4.4.18)	PENDING	NONE	NONE	false	NONE	NONE	NONE
CL-TASAKI2020-0741	TASAKI2020	000135.0004	PG-TASAKI2020-0135	PDF p. 135; print p. 122; §4.4.2; equation (4.4.19)	assertion	equation	ψz ≃ { |z|/β for d=1; (2/β){(1/2π)log|z|+C2} for d=2; (2/β){−1/(4π|z|)+C3} for d=3 }. (4.4.19)	PENDING	NONE	NONE	false	NONE	NONE	NONE
CL-TASAKI2020-0742	TASAKI2020	000135.0005	PG-TASAKI2020-0135	PDF p. 135; print p. 122; §4.4.2; paragraph 6	assertion	remark	Note that there is an essential difference in the asymptotic behaviors for d ≤ 2 and d > 2, namely, ψz continues to grow as |z| increases for d ≤ 2, while it converges to a finite value for d > 2.	PENDING	NONE	NONE	false	NONE	NONE	NONE
CL-TASAKI2020-0743	TASAKI2020	000135.0006	PG-TASAKI2020-0135	PDF p. 135; print p. 122; §4.4.2; paragraph 7	assertion	unnumbered_obligation	Dividing by Z_Gauss gives β∑_{y∈N(x)}⟨(θ_o−θ_z)(θ_y−θ_x)⟩_β^Gauss=−δ_{x,o}+δ_{x,z}, which is (4.4.16).	PENDING	NONE	NONE	false	NONE	NONE	NONE
CL-TASAKI2020-0744	TASAKI2020	000135.0007	PG-TASAKI2020-0135	PDF p. 135; print p. 122; §4.4.2; Note unnumbered line 66; atom 1	assertion	remark	There is no need to handle the divergence near the charge because the problem is defined on a lattice.	PENDING	NONE	NONE	false	NONE	NONE	NONE
CL-TASAKI2020-3397	TASAKI2020	000135.0008	PG-TASAKI2020-0135	PDF p. 135; print p. 122; §4.4.2; Note unnumbered line 66; atom 2	conjecture	conjecture	The estimate is believed to admit a rigorous proof by suitable asymptotic analysis.	PENDING	NONE	NONE	false	NONE	NONE	NONE
CL-TASAKI2020-0745	TASAKI2020	000136.0001	PG-TASAKI2020-0136	PDF p. 136; print p. 123; §4.4.2; equation (4.4.20)	assertion	equation	⟨S⃗o·S⃗z⟩^XY_β ≃ { e^(−|z|/(2β)) for d=1; e^(−C2/β)|z|^(−1/(2πβ)) for d=2; e^(−C3/β) for d=3 }. (4.4.20)	PENDING	NONE	NONE	false	NONE	NONE	NONE
CL-TASAKI2020-0746	TASAKI2020	000136.0002	PG-TASAKI2020-0136	PDF p. 136; print p. 123; §4.4.2; paragraph 3, atom 1	assertion	unnumbered_obligation	It is found that the two point correlation does not decay as |z| ↑ ∞ for d = 3, suggesting that there is a long-range order.	PENDING	NONE	NONE	false	NONE	NONE	NONE
CL-TASAKI2020-0747	TASAKI2020	000136.0003	PG-TASAKI2020-0136	PDF p. 136; print p. 123; §4.4.2; paragraph 3, atom 2	hypothesis	hypothesis	It was proved by Fröhlich, Simon, and Spencer [19] that a wide class of classical ferromagnetic spin systems, including the XY and the Heisenberg models, exhibit long-range order at sufficiently low temperatures provided that d ≥ 3.	PENDING	NONE	NONE	false	NONE	NONE	NONE
CL-TASAKI2020-0748	TASAKI2020	000137.0001	PG-TASAKI2020-0137	PDF p. 137; print p. 124; §4.4.3; equation (4.4.21)	assertion	equation	Ĥh = J∑_{{x,y}∈BL}Ŝx·Ŝy − ∑_{x∈ΛL} hx·Ŝx. (4.4.21)	PENDING	NONE	NONE	false	NONE	NONE	NONE
CL-TASAKI2020-0749	TASAKI2020	000137.0002	PG-TASAKI2020-0137	PDF p. 137; print p. 124; §4.4.3; Theorem 4.24	assertion	theorem	Theorem 4.24 (Improved Hohenberg–Mermin–Wagner theorem) Consider the model (4.4.21) in two dimensions. Then one has lim_{h↓0} lim_{L↑∞} ⟨Ŝ_x^(α)⟩^L_{β,h} = 0 (4.4.22) for any β ∈ [0,∞), x ∈ ℤ², and α = 1,2,3.	PENDING	NONE	NONE	false	NONE	NONE	NONE
CL-TASAKI2020-0750	TASAKI2020	000137.0003	PG-TASAKI2020-0137	PDF p. 137; print p. 124; §4.4.3; equation (4.4.22)	assertion	equation	lim_{h↓0}lim_{L↑∞}⟨Ŝx^(α)⟩^L_{β,h}=0. (4.4.22)	PENDING	NONE	NONE	false	NONE	NONE	NONE
CL-TASAKI2020-0751	TASAKI2020	000138.0001	PG-TASAKI2020-0138	PDF p. 138; print p. 125; §4.4.3; Theorem 4.25	assertion	theorem	Theorem 4.25 (McBryan–Spencer, Koma–Tasaki theorem) Consider the model (4.4.1) or (4.4.2) in two dimensions with h=0. For any β∈[0,∞) and L, |⟨Ŝx^(α)Ŝy^(α)⟩^L_{β,0}| ≤ 2S²|x−y|^(−η(β)) (4.4.23) for any α=1,2,3 and x,y∈ΛL such that |x−y|<L/2. The exponent η(β) is an L-independent positive decreasing function of β which behaves as η(β) ≃ (16CS²β)^(−1) (4.4.24) for β≫1, where C is a numerical constant.	PENDING	NONE	NONE	false	NONE	NONE	NONE
CL-TASAKI2020-0752	TASAKI2020	000138.0002	PG-TASAKI2020-0138	PDF p. 138; print p. 125; §4.4.3; equation (4.4.23)	assertion	equation	|⟨Ŝx^(α)Ŝy^(α)⟩^L_{β,0}| ≤ 2S²|x−y|^(−η(β)). (4.4.23)	PENDING	NONE	NONE	false	NONE	NONE	NONE
CL-TASAKI2020-0753	TASAKI2020	000138.0003	PG-TASAKI2020-0138	PDF p. 138; print p. 125; §4.4.3; equation (4.4.24)	assertion	equation	η(β)≃(16CS²β)^(−1). (4.4.24)	PENDING	NONE	NONE	false	NONE	NONE	NONE
CL-TASAKI2020-0754	TASAKI2020	000138.0004	PG-TASAKI2020-0138	PDF p. 138; print p. 125; §4.4.3; Note unnumbered line 29, atom 1	conjecture	conjecture	For the two-dimensional Heisenberg model at zero magnetic field, the two-point correlation function is expected to decay exponentially as exp(−|x−y|/ξ(β)) for every finite β.	PENDING	NONE	NONE	false	NONE	NONE	NONE
CL-TASAKI2020-0755	TASAKI2020	000138.0005	PG-TASAKI2020-0138	PDF p. 138; print p. 125; §4.4.3; Note unnumbered line 29, atom 2	assertion	remark	Theorem 4.25 extends to models without translation invariance in the same way as Theorem 4.24.	PENDING	NONE	NONE	false	NONE	NONE	NONE
CL-TASAKI2020-0756	TASAKI2020	000139.0001	PG-TASAKI2020-0139	PDF p. 139; print p. 126; §4.4.3; equation (4.4.25)	assertion	equation	Ĥ = −∑_{{x,y}∈BL}{Ŝx^(1)Ŝy^(1)+Ŝx^(2)Ŝy^(2)+λŜx^(3)Ŝy^(3)}. (4.4.25)	PENDING	NONE	NONE	false	NONE	NONE	NONE
CL-TASAKI2020-0757	TASAKI2020	000139.0002	PG-TASAKI2020-0139	PDF p. 139; print p. 126; §4.4.3; paragraph 3	hypothesis	hypothesis	For the anisotropic model, long-range order and spontaneous symmetry breaking are proved at sufficiently low temperature when λ>1.	PENDING	NONE	NONE	false	NONE	NONE	NONE
CL-TASAKI2020-0758	TASAKI2020	000139.0003	PG-TASAKI2020-0139	PDF p. 139; print p. 126; §4.4.3; equation (4.4.26)	assertion	equation	R̂ϕ := exp[∑_{x∈ΛL}ϕxŜx^(3)]. (4.4.26)	PENDING	NONE	NONE	false	NONE	NONE	NONE
CL-TASAKI2020-0759	TASAKI2020	000139.0004	PG-TASAKI2020-0139	PDF p. 139; print p. 126; §4.4.3; equation (4.4.27)	assertion	equation	e^(−ϕŜ_x^(3))Ŝ_x±e^(ϕŜ_x^(3))=e^(∓ϕ)Ŝ_x±. (4.4.27)	PENDING	NONE	NONE	false	NONE	NONE	NONE
CL-TASAKI2020-0760	TASAKI2020	000139.0005	PG-TASAKI2020-0139	PDF p. 139; print p. 126; §4.4.3; equation (4.4.28)	assertion	equation	R̂_ϕ^(−1)(Ŝ_x^(1)Ŝ_y^(1)+Ŝ_x^(2)Ŝ_y^(2))R̂_ϕ=(1/2)(e^(−(ϕ_x−ϕ_y))Ŝ_x+Ŝ_y−+e^(ϕ_x−ϕ_y)Ŝ_x−Ŝ_y+)=cosh(ϕ_x−ϕ_y)(Ŝ_x^(1)Ŝ_y^(1)+Ŝ_x^(2)Ŝ_y^(2))+i sinh(ϕ_x−ϕ_y)(Ŝ_x^(1)Ŝ_y^(2)−Ŝ_x^(2)Ŝ_y^(1)). (4.4.28)	PENDING	NONE	NONE	false	NONE	NONE	NONE
CL-TASAKI2020-0761	TASAKI2020	000139.0006	PG-TASAKI2020-0139	PDF p. 139; print p. 126; §4.4.3; equation (4.4.29)	assertion	equation	R̂_ϕ^(−1)Ŝ_x^(1)R̂_ϕ=coshϕ_x Ŝ_x^(1)−i sinhϕ_x Ŝ_x^(2). (4.4.29)	PENDING	NONE	NONE	false	NONE	NONE	NONE
CL-TASAKI2020-0762	TASAKI2020	000139.0007	PG-TASAKI2020-0139	PDF p. 139; print p. 126; §4.4.3; equation (4.4.30)	assertion	equation	R̂_ϕ^(−1)Ŝ_x^(2)R̂_ϕ=coshϕ_x Ŝ_x^(2)+i sinhϕ_x Ŝ_x^(1). (4.4.30)	PENDING	NONE	NONE	false	NONE	NONE	NONE
CL-TASAKI2020-0763	TASAKI2020	000140.0001	PG-TASAKI2020-0140	PDF p. 140; print p. 127; §4.4.3; equation (4.4.31)	assertion	equation	R̂_ϕ^(−1)Ĥ_hR̂_ϕ=Ĥ_h+V̂+iŴ. (4.4.31)	PENDING	NONE	NONE	false	NONE	NONE	NONE
CL-TASAKI2020-0764	TASAKI2020	000140.0002	PG-TASAKI2020-0140	PDF p. 140; print p. 127; §4.4.3; equation (4.4.32)	assertion	equation	V̂ = J∑_{{x,y}∈BL}{cosh(ϕx−ϕy)−1}(Ŝx^(1)Ŝy^(1)+Ŝx^(2)Ŝy^(2)) − ∑_{x∈ΛL}(coshϕx−1)(hx^(1)Ŝx^(1)+hx^(2)Ŝx^(2)). (4.4.32)	PENDING	NONE	NONE	false	NONE	NONE	NONE
CL-TASAKI2020-0765	TASAKI2020	000140.0003	PG-TASAKI2020-0140	PDF p. 140; print p. 127; §4.4.3; equation (4.4.33)	assertion	equation	Ŵ = J∑_{{x,y}∈BL}sinh(ϕx−ϕy)(Ŝx^(1)Ŝy^(2)−Ŝx^(2)Ŝy^(1)) + ∑_{x∈ΛL}sinhϕx(hx^(1)Ŝx^(2)−hx^(2)Ŝx^(1)). (4.4.33)	PENDING	NONE	NONE	false	NONE	NONE	NONE
CL-TASAKI2020-0766	TASAKI2020	000140.0004	PG-TASAKI2020-0140	PDF p. 140; print p. 127; §4.4.3; equation (4.4.34)	assertion	equation	Tr[Âe^(−βĤ_h)]=Tr[R̂_ϕ^(−1)ÂR̂_ϕ e^(−βR̂_ϕ^(−1)Ĥ_hR̂_ϕ)]=Tr[Â′e^(−β(Ĥ_h+V̂+iŴ))]. (4.4.34)	PENDING	NONE	NONE	false	NONE	NONE	NONE
CL-TASAKI2020-0767	TASAKI2020	000140.0005	PG-TASAKI2020-0140	PDF p. 140; print p. 127; §4.4.3; equation (4.4.35)	assertion	equation	|Tr[Âe^(−βĤ_h)]|≤‖Â′‖Tr[e^(−β(Ĥ_h+V̂))]≤‖Â′‖e^(β‖V̂‖)Tr[e^(−βĤ_h)]. (4.4.35)	PENDING	NONE	NONE	false	NONE	NONE	NONE
CL-TASAKI2020-0768	TASAKI2020	000140.0006	PG-TASAKI2020-0140	PDF p. 140; print p. 127; §4.4.3; equation (4.4.36)	assertion	equation	|⟨Â⟩^L_{β,h}| = |Tr[Âe^(−βĤh)]|/Tr[e^(−βĤh)] ≤ ‖Â′‖e^(β‖V̂‖) ≤ ‖Â′‖ exp[2βS²∑_{{x,y}∈BL}{cosh(ϕx−ϕy)−1}+2βhS∑_{x∈ΛL}(coshϕx−1)]. (4.4.36)	PENDING	NONE	NONE	false	NONE	NONE	NONE
CL-TASAKI2020-0769	TASAKI2020	000140.0007	PG-TASAKI2020-0140	PDF p. 140; print p. 127; §4.4.3; paragraph 7	assertion	unnumbered_obligation	Equation (4.4.27) gives Â′=e^(−ϕ_o+ϕ_z)Ŝ_o^+Ŝ_z^− and ‖Â′‖≤4S²e^(−ϕ_o+ϕ_z).	PENDING	NONE	NONE	false	NONE	NONE	NONE
CL-TASAKI2020-0770	TASAKI2020	000140.0008	PG-TASAKI2020-0140	PDF p. 140; print p. 127; §4.4.3; equation (4.4.37)	assertion	equation	|⟨Ŝo+Ŝz−⟩^L_{β,0}| ≤ 4S² exp[−ϕo+ϕz+2βS²∑_{{x,y}∈BL}{cosh(ϕx−ϕy)−1}]. (4.4.37)	PENDING	NONE	NONE	false	NONE	NONE	NONE
CL-TASAKI2020-0771	TASAKI2020	000141.0001	PG-TASAKI2020-0141	PDF p. 141; print p. 128; §4.4.3; paragraph 2	hypothesis	hypothesis	Let us be heuristic and assume that the classical field configuration ϕx varies slowly so that one can approximate cosh(ϕx − ϕ y ) − 1 ≃ (ϕx − ϕ y )2 /2.	PENDING	NONE	NONE	false	NONE	NONE	NONE
CL-TASAKI2020-0772	TASAKI2020	000141.0002	PG-TASAKI2020-0141	PDF p. 141; print p. 128; §4.4.3; equation (4.4.38)	assertion	equation	−(Δϕ)_x=δ_(x,o)−δ_(x,z). (4.4.38)	PENDING	NONE	NONE	false	NONE	NONE	NONE
CL-TASAKI2020-0773	TASAKI2020	000141.0003	PG-TASAKI2020-0141	PDF p. 141; print p. 128; §4.4.3; equation (4.4.39)	assertion	equation	ϕx = { 2η log[ℓ/(|x|+1)] if |x|≤ℓ−1; 0 if |x|>ℓ−1 }. (4.4.39)	PENDING	NONE	NONE	false	NONE	NONE	NONE
CL-TASAKI2020-0774	TASAKI2020	000141.0004	PG-TASAKI2020-0141	PDF p. 141; print p. 128; §4.4.3; paragraph 5	hypothesis	hypothesis	Let {x, y} ∈ B L (i.e., |x − y| = 1) and assume that |x| ≤ |y|.	PENDING	NONE	NONE	false	NONE	NONE	NONE
CL-TASAKI2020-0775	TASAKI2020	000141.0005	PG-TASAKI2020-0141	PDF p. 141; print p. 128; §4.4.3; equation (4.4.40)	assertion	equation	|ϕ_x−ϕ_y|=2ηlog{(|y|+1)/(|x|+1)}≤2ηlog{(|x|+2)/(|x|+1)}=2ηlog(1+1/(|x|+1))≤2η/(|x|+1)≤2η. (4.4.40)	PENDING	NONE	NONE	false	NONE	NONE	NONE
CL-TASAKI2020-0776	TASAKI2020	000141.0006	PG-TASAKI2020-0141	PDF p. 141; print p. 128; §4.4.3; equation (4.4.41)	assertion	equation	cosh(ϕx−ϕy)−1≤{cosh(2η)−1}/(|x|+1)². (4.4.41)	PENDING	NONE	NONE	false	NONE	NONE	NONE
CL-TASAKI2020-0777	TASAKI2020	000141.0007	PG-TASAKI2020-0141	PDF p. 141; print p. 128; §4.4.3; equation (4.4.42)	assertion	equation	∑_{{x,y}∈BL}{cosh(ϕx−ϕy)−1} ≤ 4{cosh(2η)−1}∑_{x∈ΛL: |x|≤ℓ−1}1/(|x|+1)². (4.4.42)	PENDING	NONE	NONE	false	NONE	NONE	NONE
CL-TASAKI2020-0778	TASAKI2020	000142.0001	PG-TASAKI2020-0142	PDF p. 142; print p. 129; §4.4.3; equation (4.4.43)	assertion	equation	∑_{x∈ΛL: |x|≤ℓ−1}1/(|x|+1)² ≤ C logℓ. (4.4.43)	PENDING	NONE	NONE	false	NONE	NONE	NONE
CL-TASAKI2020-0779	TASAKI2020	000142.0002	PG-TASAKI2020-0142	PDF p. 142; print p. 129; §4.4.3; paragraph 2	assertion	unnumbered_obligation	The sum satisfies ∑_{x∈Λ_L, |x|≤ℓ−1}1/(|x|+1)²≤C logℓ. (4.4.43)	PENDING	NONE	NONE	false	NONE	NONE	NONE
CL-TASAKI2020-0780	TASAKI2020	000142.0003	PG-TASAKI2020-0142	PDF p. 142; print p. 129; §4.4.3; equation (4.4.44)	assertion	equation	|⟨Ŝ_o+Ŝ_z−⟩^L_{β,0}|≤4S²exp[(−2η+8CS²β{cosh(2η)−1})logℓ]. (4.4.44)	PENDING	NONE	NONE	false	NONE	NONE	NONE
CL-TASAKI2020-0781	TASAKI2020	000142.0004	PG-TASAKI2020-0142	PDF p. 142; print p. 129; §4.4.3; paragraph 3, atom 1	domain	domain	Let us set ℓ = |z|.	PENDING	NONE	NONE	false	NONE	NONE	NONE
CL-TASAKI2020-0782	TASAKI2020	000142.0005	PG-TASAKI2020-0142	PDF p. 142; print p. 129; §4.4.3; paragraph 3, atom 2	assertion	unnumbered_obligation	Then (4.4.39) implies ϕo = 2η log ℓ and ϕz = 0.	PENDING	NONE	NONE	false	NONE	NONE	NONE
CL-TASAKI2020-0783	TASAKI2020	000142.0006	PG-TASAKI2020-0142	PDF p. 142; print p. 129; §4.4.3; equation (4.4.45)	assertion	equation	η=8CS²β{cosh(2η)−1}. (4.4.45)	PENDING	NONE	NONE	false	NONE	NONE	NONE
CL-TASAKI2020-0784	TASAKI2020	000142.0007	PG-TASAKI2020-0142	PDF p. 142; print p. 129; §4.4.3; paragraph 6	assertion	remark	Choosing η=η(β) turns (4.4.44) into |⟨Ŝ_o^+Ŝ_z^−⟩^L_{β,0}|≤4S²|z|^(−η(β)). (4.4.46)	PENDING	NONE	NONE	false	NONE	NONE	NONE
CL-TASAKI2020-0785	TASAKI2020	000142.0008	PG-TASAKI2020-0142	PDF p. 142; print p. 129; §4.4.3; equation (4.4.46)	assertion	equation	|⟨Ŝ_o+Ŝ_z−⟩^L_{β,0}|≤4S²exp[−η(β)logℓ]=4S²|z|^(−η(β)). (4.4.46)	PENDING	NONE	NONE	false	NONE	NONE	NONE
CL-TASAKI2020-0786	TASAKI2020	000142.0009	PG-TASAKI2020-0142	PDF p. 142; print p. 129; §4.4.3; paragraph 8	assertion	unnumbered_obligation	For the one-point estimate, Â′=e^(−ϕ_o)Ŝ_o^+ and ‖Â′‖≤2Se^(−ϕ_o).	PENDING	NONE	NONE	false	NONE	NONE	NONE
CL-TASAKI2020-0787	TASAKI2020	000142.0010	PG-TASAKI2020-0142	PDF p. 142; print p. 129; §4.4.3; equation (4.4.47)	assertion	equation	|⟨Ŝo+⟩^L_{β,h}| ≤ 2S exp[−ϕo+2βS²∑_{{x,y}∈BL}{cosh(ϕx−ϕy)−1}+2βhS∑_{x∈ΛL}(coshϕx−1)]. (4.4.47)	PENDING	NONE	NONE	false	NONE	NONE	NONE
CL-TASAKI2020-0788	TASAKI2020	000142.0011	PG-TASAKI2020-0142	PDF p. 142; print p. 129; §4.4.3; equation (4.4.48)	assertion	equation	|⟨Ŝo+⟩β,h^L| ≤ 2S exp{−η(β) log ℓ + hG(β,ℓ)}. (4.4.48)	PENDING	NONE	NONE	false	NONE	NONE	NONE
CL-TASAKI2020-0789	TASAKI2020	000142.0012	PG-TASAKI2020-0142	PDF p. 142; print p. 129; §4.4.3; equation (4.4.49)	assertion	equation	G(β,ℓ)=2βS∑_{x∈ΛL:|x|≤ℓ−1} cosh(2η(β)log[ℓ/(|x|+1)]). (4.4.49)	PENDING	NONE	NONE	false	NONE	NONE	NONE
CL-TASAKI2020-0790	TASAKI2020	000142.0013	PG-TASAKI2020-0142	PDF p. 142; print p. 129; §4.4.3; paragraph 3, atom 3	assertion	unnumbered_obligation	Substitution of (4.4.42) into (4.4.37) gives |⟨Ŝ_o^+Ŝ_z^−⟩^L_{β,0}|≤4S²exp[−(2η−8CS²β{cosh(2η)−1})logℓ]. (4.4.44)	PENDING	NONE	NONE	false	NONE	NONE	NONE
CL-TASAKI2020-0791	TASAKI2020	000143.0001	PG-TASAKI2020-0143	PDF p. 143; print p. 130; §4.4.3; equation (4.4.50)	assertion	equation	0≤h≤η(β)logℓ/{2G(β,ℓ)}. (4.4.50)	PENDING	NONE	NONE	false	NONE	NONE	NONE
CL-TASAKI2020-0792	TASAKI2020	000143.0002	PG-TASAKI2020-0143	PDF p. 143; print p. 130; §4.4.3; equation (4.4.51)	assertion	equation	|⟨Ŝo^(1)⟩β,h^L| ≤ |⟨Ŝo+⟩β,h^L| ≤ 2S exp{−η(β) log ℓ/2} = 2S ℓ^(−η(β)/2). (4.4.51)	PENDING	NONE	NONE	false	NONE	NONE	NONE
CL-TASAKI2020-0793	TASAKI2020	000143.0003	PG-TASAKI2020-0143	PDF p. 143; print p. 130; §4.4.3; Problem 4.4.3.a	assertion	problem	Problem 4.4.3.a Extend the above proofs to the one-dimensional models, and prove two corresponding theorems. [solution→p.502]	PENDING	NONE	NONE	false	NONE	NONE	NONE
CL-TASAKI2020-0794	TASAKI2020	000143.0004	PG-TASAKI2020-0143	PDF p. 143; print p. 130; §4.4.4; paragraph 9, atom 1	domain	domain	Consider the standard antiferromagnetic Hamiltonian (4.4.2), and define the order operator Ô L(α) as in (4.1.4).	PENDING	NONE	NONE	false	NONE	NONE	NONE
CL-TASAKI2020-0795	TASAKI2020	000143.0005	PG-TASAKI2020-0143	PDF p. 143; print p. 130; §4.4.4; Theorem 4.26	assertion	theorem	Theorem 4.26 (Dyson–Lieb–Simon theorem) For any d≥3 and S=1/2,1,3/2,…, there exist β₀∈(0,∞) and a function q(β) such that q(β)>0 for β>β₀, and ⟨(ÔL^(α)/L^d)²⟩^L_{β,0} ≥ q(β) (4.4.52) for any β>β₀ if L is sufficiently large.	PENDING	NONE	NONE	false	NONE	NONE	NONE
CL-TASAKI2020-0796	TASAKI2020	000143.0006	PG-TASAKI2020-0143	PDF p. 143; print p. 130; §4.4.4; equation (4.4.52)	assertion	equation	⟨(Ô_L^(α)/L^d)²⟩^L_{β,0}≥q(β). (4.4.52)	PENDING	NONE	NONE	false	NONE	NONE	NONE
CL-TASAKI2020-0797	TASAKI2020	000144.0001	PG-TASAKI2020-0144	PDF p. 144; print p. 131; §4.4.4; paragraph 2	assertion	unnumbered_obligation	Theorem 4.26 was proved by Dyson, Lieb, and Simon except for d=3,S=1/2; that case is handled by the Kennedy–Lieb–Shastry refinement of reflection positivity.	PENDING	NONE	NONE	false	NONE	NONE	NONE
CL-TASAKI2020-0798	TASAKI2020	000144.0002	PG-TASAKI2020-0144	PDF p. 144; print p. 131; §4.4.4; Theorem 4.27	assertion	theorem	Theorem 4.27 (Griffiths, Koma-Tasaki theorem) Under the same condition as in Theorem 4.26, it holds that lim_{h↓0} lim_{L↑∞} ⟨Ô_L^(3)/L^d⟩^L_{β,h} ≥ √(3q(β)). (4.4.53)	PENDING	NONE	NONE	false	NONE	NONE	NONE
CL-TASAKI2020-0799	TASAKI2020	000144.0003	PG-TASAKI2020-0144	PDF p. 144; print p. 131; §4.4.4; equation (4.4.53)	assertion	equation	lim_{h↓0}lim_{L↑∞}⟨ÔL^(3)/L^d⟩^L_{β,h} ≥ √{3q(β)}. (4.4.53)	PENDING	NONE	NONE	false	NONE	NONE	NONE
CL-TASAKI2020-3023	TASAKI2020	000144.0004	PG-TASAKI2020-0144	PDF p. 144; print p. 131; §4.4.4; paragraph 4; audit split atom 1/6	assertion	remark	The factor √3 on the right-hand side of (4.4.53) has the same origin as the corresponding factor in Theorem 4.11.	PENDING	NONE	NONE	false	NONE	NONE	NONE
CL-TASAKI2020-3024	TASAKI2020	000144.0005	PG-TASAKI2020-0144	PDF p. 144; print p. 131; §4.4.4; paragraph 4; audit split atom 2/6	assertion	remark	Theorem 4.27 was proved by Koma and Tasaki [34] by extending the corresponding theorem proved by Griffiths [23] for models in which the Hamiltonian and the order operator commute.	PENDING	NONE	NONE	false	NONE	NONE	NONE
CL-TASAKI2020-3025	TASAKI2020	000144.0006	PG-TASAKI2020-0144	PDF p. 144; print p. 131; §4.4.4; final prose paragraph	conjecture	conjecture	The ferromagnetic Heisenberg model is believed to exhibit LRO and SSB at sufficiently low temperature for d≥3.	PENDING	NONE	NONE	false	NONE	NONE	NONE
CL-TASAKI2020-3345	TASAKI2020	000144.0007	PG-TASAKI2020-0144	PDF p. 144; print p. 131; §4.4.4; final prose paragraph	assertion	remark	No rigorous proof is known in the source.	PENDING	NONE	NONE	false	NONE	NONE	NONE
CL-TASAKI2020-3026	TASAKI2020	000144.0008	PG-TASAKI2020-0144	PDF p. 144; print p. 131; §4.4.4; final prose paragraph	assertion	remark	The method for proving Theorem 4.26 does not apply here because the ferromagnetic Heisenberg model fails to satisfy the condition for reflection positivity.	PENDING	NONE	NONE	false	NONE	NONE	NONE
CL-TASAKI2020-3028	TASAKI2020	000144.0009	PG-TASAKI2020-0144	PDF p. 144; print p. 131; §4.4.4; final prose paragraph	assertion	remark	It is interesting that the analysis of equilibrium states of the ferromagnetic Heisenberg model is so difficult while to characterize its ground states was elementary as we saw in Sect. 2.4.	PENDING	NONE	NONE	false	NONE	NONE	NONE
CL-TASAKI2020-0801	TASAKI2020	000148.0001	PG-TASAKI2020-0148	PDF p. 148; print p. 135; §5.1; paragraph 4	definition	definition	Definition of the model We define the system of bosons on the d-dimensional hypercubic lattice (Λ L , B L ).	PENDING	NONE	NONE	false	NONE	NONE	NONE
CL-TASAKI2020-0802	TASAKI2020	000149.0001	PG-TASAKI2020-0149	PDF p. 149; print p. 136; §5.1; paragraph 2	notation	notation	For each site x ∈ Λ L we denote by âx and âx† the annihilation and the creation operators, respectively, of a bosonic particle at site x.	PENDING	NONE	NONE	false	NONE	NONE	NONE
CL-TASAKI2020-0803	TASAKI2020	000149.0002	PG-TASAKI2020-0149	PDF p. 149; print p. 136; §5.1; equation (5.1.1)	assertion	equation	[â_x,â_y]=[â_x†,â_y†]=0, [â_x,â_y†]=δ_(x,y). (5.1.1)	PENDING	NONE	NONE	false	NONE	NONE	NONE
CL-TASAKI2020-0804	TASAKI2020	000149.0003	PG-TASAKI2020-0149	PDF p. 149; print p. 136; §5.1; paragraph 4, atom 1	definition	definition	The number operator at site x is n̂x = âx†âx, and the total number operator is N̂ = ∑_{x∈ΛL} n̂x.	PENDING	NONE	NONE	false	NONE	NONE	NONE
CL-TASAKI2020-0805	TASAKI2020	000149.0004	PG-TASAKI2020-0149	PDF p. 149; print p. 136; §5.1; paragraph 4, atom 2	notation	notation	We denote by |Φvac ⟩ the unique state in which there are no particles in the system.	PENDING	NONE	NONE	false	NONE	NONE	NONE
CL-TASAKI2020-0806	TASAKI2020	000149.0005	PG-TASAKI2020-0149	PDF p. 149; print p. 136; §5.1; paragraph 4, atom 3	assertion	unnumbered_obligation	It satisfies âx |Φvac ⟩ = 0 for any x ∈ Λ L .	PENDING	NONE	NONE	false	NONE	NONE	NONE
CL-TASAKI2020-0807	TASAKI2020	000149.0006	PG-TASAKI2020-0149	PDF p. 149; print p. 136; §5.1; equation (5.1.2)	assertion	equation	â_(x₁)†â_(x₂)†⋯â_(x_N)†|Φ_vac⟩. (5.1.2)	PENDING	NONE	NONE	false	NONE	NONE	NONE
CL-TASAKI2020-0808	TASAKI2020	000149.0007	PG-TASAKI2020-0149	PDF p. 149; print p. 136; §5.1; paragraph 6	notation	notation	The Hilbert space of N bosons, which we denote as H˜N , is spanned by all the states of the form (5.1.2).	PENDING	NONE	NONE	false	NONE	NONE	NONE
CL-TASAKI2020-0809	TASAKI2020	000149.0008	PG-TASAKI2020-0149	PDF p. 149; print p. 136; §5.1; equation (5.1.3)	assertion	equation	Ĥu = −∑_{{x,y}∈BL}(âx†ây+ây†âx) + u∑_{x∈ΛL}n̂x(n̂x−1). (5.1.3)	PENDING	NONE	NONE	false	NONE	NONE	NONE
CL-TASAKI2020-3029	TASAKI2020	000149.0009	PG-TASAKI2020-0149	PDF p. 149; print p. 136; §5.1; paragraph 7, atom 1; audit split atom 1/3	assertion	remark	The model is an idealization of bosonic atoms in an optical lattice.	PENDING	NONE	NONE	false	NONE	NONE	NONE
CL-TASAKI2020-3030	TASAKI2020	000149.0010	PG-TASAKI2020-0149	PDF p. 149; print p. 136; §5.1; paragraph beginning “Unfortunately”	assertion	remark	The general Koma–Tasaki theory does not directly apply because the boson operators are unbounded.	PENDING	NONE	NONE	false	NONE	NONE	NONE
CL-TASAKI2020-3031	TASAKI2020	000149.0011	PG-TASAKI2020-0149	PDF p. 149; print p. 136; §5.1; paragraph beginning “Unfortunately”	hypothesis	hypothesis	To apply it, assume N<|Λ_L|=L^d and take the hard-core limit u↑∞.	PENDING	NONE	NONE	false	NONE	NONE	NONE
CL-TASAKI2020-3032	TASAKI2020	000149.0012	PG-TASAKI2020-0149	PDF p. 149; print p. 136; §5.1; Footnote 2	assertion	remark	Actual optical lattices have a global one-body trapping potential −∑_{x∈Λ}v_xn̂_x, which breaks translation invariance.	PENDING	NONE	NONE	false	NONE	NONE	NONE
CL-TASAKI2020-3033	TASAKI2020	000149.0013	PG-TASAKI2020-0149	PDF p. 149; print p. 136; §5.1; Footnote 3	assertion	remark	The obstruction to applying the bounded-operator theory is the unboundedness of boson operators.	PENDING	NONE	NONE	false	NONE	NONE	NONE
CL-TASAKI2020-0813	TASAKI2020	000150.0001	PG-TASAKI2020-0150	PDF p. 150; print p. 137; §5.1; equation (5.1.4)	assertion	equation	Ĥ=P̂hcĤ0=P̂hc{−∑_{{x,y}∈BL}(âx†ây+ây†âx)}. (5.1.4)	PENDING	NONE	NONE	false	NONE	NONE	NONE
CL-TASAKI2020-0814	TASAKI2020	000150.0002	PG-TASAKI2020-0150	PDF p. 150; print p. 137; §5.1; paragraph 3	assertion	unnumbered_obligation	Equivalence to the XY model It is well-known and easy to understand that the above model of hard core bosons is equivalent to a S = 1/2 quantum spin system called the XY model [16].	PENDING	NONE	NONE	false	NONE	NONE	NONE
CL-TASAKI2020-0815	TASAKI2020	000150.0003	PG-TASAKI2020-0150	PDF p. 150; print p. 137; §5.1; equation (5.1.5)	assertion	equation	ĤXY = ∑_{{x,y}∈B}{Ŝx^(1)Ŝy^(1)+Ŝx^(2)Ŝy^(2)} = (1/2)∑_{{x,y}∈B}(Ŝx+Ŝy−+Ŝx−Ŝy+). (5.1.5)	PENDING	NONE	NONE	false	NONE	NONE	NONE
CL-TASAKI2020-0816	TASAKI2020	000150.0004	PG-TASAKI2020-0150	PDF p. 150; print p. 137; §5.1; equation (5.1.6)	assertion	equation	⊗_{x∈Λ_L}|ψ_x↓⟩↔|Φ_vac⟩, (−1)^xŜ_x+↔â_x†, (−1)^xŜ_x−↔â_x. (5.1.6)	PENDING	NONE	NONE	false	NONE	NONE	NONE
CL-TASAKI2020-0817	TASAKI2020	000150.0005	PG-TASAKI2020-0150	PDF p. 150; print p. 137; §5.1; equation (5.1.7)	assertion	equation	Ĥ_XY↔Ĥ, Ŝ_x^(3)+1/2↔n̂_x, Ŝ_tot^(3)+L^d/2↔N̂. (5.1.7)	PENDING	NONE	NONE	false	NONE	NONE	NONE
CL-TASAKI2020-0818	TASAKI2020	000150.0006	PG-TASAKI2020-0150	PDF p. 150; print p. 137; §5.1; paragraph 6	assertion	unnumbered_obligation	Under the hard-core-boson/spin correspondence, Ĥ_XY↔Ĥ, Ŝ_x^(3)+1/2↔n̂_x, and Ŝ_tot^(3)+L^d/2↔N̂. (5.1.7)	PENDING	NONE	NONE	false	NONE	NONE	NONE
CL-TASAKI2020-0819	TASAKI2020	000151.0001	PG-TASAKI2020-0151	PDF p. 151; print p. 138; §5.2; equation (5.2.1)	assertion	equation	⟨Φ_GS|â_x†â_y|Φ_GS⟩→(constant)>0 for sufficiently large |x−y|. (5.2.1)	PENDING	NONE	NONE	false	NONE	NONE	NONE
CL-TASAKI2020-0820	TASAKI2020	000151.0002	PG-TASAKI2020-0151	PDF p. 151; print p. 138; §5.2; paragraph 5	assertion	unnumbered_obligation	But the condition (5.2.1) implies that there is condensation into the state (with the wave function ψx = L −d/2 ) which spreads uniformly over the entire lattice.	PENDING	NONE	NONE	false	NONE	NONE	NONE
CL-TASAKI2020-0821	TASAKI2020	000151.0003	PG-TASAKI2020-0151	PDF p. 151; print p. 138; §5.2; equation (5.2.2)	assertion	equation	ÔL+ := ∑_{x∈ΛL}âx†,  ÔL− := ∑_{x∈ΛL}âx. (5.2.2)	PENDING	NONE	NONE	false	NONE	NONE	NONE
CL-TASAKI2020-0822	TASAKI2020	000151.0004	PG-TASAKI2020-0151	PDF p. 151; print p. 138; §5.2; equation (5.2.3)	assertion	equation	⟨Φ_GS|Ô_L+Ô_L−|Φ_GS⟩/L^(2d)≃⟨Φ_GS|Ô_L−Ô_L+|Φ_GS⟩/L^(2d)≃(constant)>0. (5.2.3)	PENDING	NONE	NONE	false	NONE	NONE	NONE
CL-TASAKI2020-0823	TASAKI2020	000151.0005	PG-TASAKI2020-0151	PDF p. 151; print p. 138; §5.2; equation (5.2.4)	assertion	equation	Ô_L^(1):=(Ô_L++Ô_L−)/2, Ô_L^(2):=(Ô_L+−Ô_L−)/(2i). (5.2.4)	PENDING	NONE	NONE	false	NONE	NONE	NONE
CL-TASAKI2020-0824	TASAKI2020	000151.0006	PG-TASAKI2020-0151	PDF p. 151; print p. 138; §5.2; equation (5.2.5)	assertion	equation	⟨Φ_GS|(Ô_L^(α)/L^d)²|Φ_GS⟩≥q₀ for sufficiently large L. (5.2.5)	PENDING	NONE	NONE	false	NONE	NONE	NONE
CL-TASAKI2020-0825	TASAKI2020	000151.0007	PG-TASAKI2020-0151	PDF p. 151; print p. 138; §5.2; paragraph 9	assertion	unnumbered_obligation	We here noted that ⟨Φ_GS|(Ô_L^+)²|Φ_GS⟩=⟨Φ_GS|(Ô_L^−)²|Φ_GS⟩=0 because there are exactly N bosons in the ground state.	PENDING	NONE	NONE	false	NONE	NONE	NONE
CL-TASAKI2020-0826	TASAKI2020	000151.0008	PG-TASAKI2020-0151	PDF p. 151; print p. 138; §5.2; Problem 5.2.a	assertion	problem	Problem 5.2.a Consider the free boson model whose Hamiltonian is (5.1.3) with u=0, on the unrestricted Hilbert space H̃N. Show that the ground state exhibits ODLRO as in (5.2.1). [solution→p.503]	PENDING	NONE	NONE	false	NONE	NONE	NONE
CL-TASAKI2020-0828	TASAKI2020	000152.0001	PG-TASAKI2020-0152	PDF p. 152; print p. 139; §5.2; equation (5.2.6)	assertion	equation	Û_θ†Ô_L+Û_θ=e^(iθ)Ô_L+, Û_θ†Ô_L−Û_θ=e^(−iθ)Ô_L−. (5.2.6)	PENDING	NONE	NONE	false	NONE	NONE	NONE
CL-TASAKI2020-0829	TASAKI2020	000152.0002	PG-TASAKI2020-0152	PDF p. 152; print p. 139; §5.2; equation (5.2.7)	assertion	equation	Û_θ†Ô_L^(1)Û_θ=cosθ Ô_L^(1)−sinθ Ô_L^(2), Û_θ†Ô_L^(2)Û_θ=cosθ Ô_L^(2)+sinθ Ô_L^(1). (5.2.7)	PENDING	NONE	NONE	false	NONE	NONE	NONE
CL-TASAKI2020-0830	TASAKI2020	000152.0003	PG-TASAKI2020-0152	PDF p. 152; print p. 139; §5.2; paragraph 5, atom 1	domain	domain	Let |ΦGS ⟩ ∈ H N be the ground state of the Hamiltonian Ĥ of (5.1.4).	PENDING	NONE	NONE	false	NONE	NONE	NONE
CL-TASAKI2020-0831	TASAKI2020	000152.0004	PG-TASAKI2020-0152	PDF p. 152; print p. 139; §5.2; paragraph 5, atom 2	assertion	unnumbered_obligation	Theorem 2.4 implies that the unique ground state of Ĥ_XY satisfies Ŝ_tot^(3)|Φ_XY,GS⟩=0.	PENDING	NONE	NONE	false	NONE	NONE	NONE
CL-TASAKI2020-0832	TASAKI2020	000152.0005	PG-TASAKI2020-0152	PDF p. 152; print p. 139; §5.2; Theorem 5.1	assertion	theorem	Theorem 5.1 Let d ≥ 2 and ρ = N /L d = 1/2. Then there exists a constant q0 > 0 which depends only on d, and (5.2.5) is valid.	PENDING	NONE	NONE	false	NONE	NONE	NONE
CL-TASAKI2020-0833	TASAKI2020	000152.0006	PG-TASAKI2020-0152	PDF p. 152; print p. 139; §5.2; equation (5.2.8)	assertion	equation	⟨Φ_GS|Ô_L^(α)/L^d|Φ_GS⟩=0. (5.2.8)	PENDING	NONE	NONE	false	NONE	NONE	NONE
CL-TASAKI2020-0834	TASAKI2020	000153.0001	PG-TASAKI2020-0153	PDF p. 153; print p. 140; §5.3; paragraph 3	hypothesis	hypothesis	Here we shall assume that the ground state of the hard core bosons with a fixed particle density ρ = N /L d exhibits ODLRO as in (5.2.5) with some constant q0 > 0.	PENDING	NONE	NONE	false	NONE	NONE	NONE
CL-TASAKI2020-0835	TASAKI2020	000153.0002	PG-TASAKI2020-0153	PDF p. 153; print p. 140; §5.3; equation (5.3.1)	assertion	equation	H:=⊕_(N′=0)^(L^d) H_(N′). (5.3.1)	PENDING	NONE	NONE	false	NONE	NONE	NONE
CL-TASAKI2020-0836	TASAKI2020	000153.0003	PG-TASAKI2020-0153	PDF p. 153; print p. 140; §5.3; equation (5.3.2)	assertion	equation	Ĥμ := Ĥ−μN̂ = P̂hc{−∑_{{x,y}∈BL}(âx†ây+ây†âx)−μN̂}. (5.3.2)	PENDING	NONE	NONE	false	NONE	NONE	NONE
CL-TASAKI2020-0837	TASAKI2020	000153.0004	PG-TASAKI2020-0153	PDF p. 153; print p. 140; §5.3; paragraph 5, atom 1	assertion	unnumbered_obligation	We then adjust the chemical potential μ so that the ground state |ΦGS ⟩ of Ĥμ is in the original Hilbert space H N (and hence has the density ρ = N /L d ).	PENDING	NONE	NONE	false	NONE	NONE	NONE
CL-TASAKI2020-0839	TASAKI2020	000153.0005	PG-TASAKI2020-0153	PDF p. 153; print p. 140; §5.3; equation (5.3.3)	assertion	equation	|Γ_M⟩=P̂hc(Ô_L^+)^M|ΦGS⟩/∥P̂hc(Ô_L^+)^M|ΦGS⟩∥, |Γ_{−M}⟩=P̂hc(Ô_L^−)^M|ΦGS⟩/∥P̂hc(Ô_L^−)^M|ΦGS⟩∥. (5.3.3)	PENDING	NONE	NONE	false	NONE	NONE	NONE
CL-TASAKI2020-0840	TASAKI2020	000153.0006	PG-TASAKI2020-0153	PDF p. 153; print p. 140; §5.3; Theorem 5.2	assertion	theorem	Theorem 5.2 Suppose that the ground state |Φ_GS⟩ of (5.3.2) with some μ exhibits ODLRO as in (5.2.5) with some constant q_0 > 0. Then there are constants C′_1 and C′_2, which depend only on d, ρ, and q_0, such that, for any M with |M| ≤ C′_1 L^{d/2}, the state |Γ_M⟩ is nonvanishing and satisfies ⟨Γ_M|Ĥ_μ|Γ_M⟩ ≤ ⟨Φ_GS|Ĥ_μ|Φ_GS⟩ + C′_2 |M|³/L^d. (5.3.4)	PENDING	NONE	NONE	false	NONE	NONE	NONE
CL-TASAKI2020-0841	TASAKI2020	000154.0001	PG-TASAKI2020-0154	PDF p. 154; print p. 141; §5.3; equation (5.3.4)	assertion	equation	⟨Γ_M|Ĥ_μ|Γ_M⟩≤⟨Φ_GS|Ĥ_μ|Φ_GS⟩+C₂′|M|³/L^d. (5.3.4)	PENDING	NONE	NONE	false	NONE	NONE	NONE
CL-TASAKI2020-0842	TASAKI2020	000154.0002	PG-TASAKI2020-0154	PDF p. 154; print p. 141; §5.3; equation (5.3.5)	assertion	equation	|Ξθ⟩ = 1/√{2Mmax(L)+1} ∑_{M=−Mmax(L)}^{Mmax(L)} e^(−iMθ)|ΓM⟩. (5.3.5)	PENDING	NONE	NONE	false	NONE	NONE	NONE
CL-TASAKI2020-0843	TASAKI2020	000154.0003	PG-TASAKI2020-0154	PDF p. 154; print p. 141; §5.3; paragraph 5	assertion	unnumbered_obligation	The state |Ξ_θ⟩ is also low-lying; Theorem 5.3 gives its order-parameter limits.	PENDING	NONE	NONE	false	NONE	NONE	NONE
CL-TASAKI2020-0844	TASAKI2020	000154.0004	PG-TASAKI2020-0154	PDF p. 154; print p. 141; §5.3; Theorem 5.3	assertion	theorem	Theorem 5.3 If Mmax(L) diverges to infinity not too rapidly as L↑∞, then lim_{L↑∞}⟨Ξθ|ÔL±/L^d|Ξθ⟩=m*e^(±iθ), (5.3.6); lim_{L↑∞}⟨Ξθ|ÔL^(α)/L^d|Ξθ⟩={m*cosθ for α=1; m*sinθ for α=2}, (5.3.7); and lim_{L↑∞}⟨Ξθ|(ÔL^(α)/L^d)²|Ξθ⟩={(m*cosθ)² for α=1; (m*sinθ)² for α=2}. (5.3.8)	PENDING	NONE	NONE	false	NONE	NONE	NONE
CL-TASAKI2020-0845	TASAKI2020	000154.0005	PG-TASAKI2020-0154	PDF p. 154; print p. 141; §5.3; equation (5.3.6)	assertion	equation	lim_{L↑∞}⟨Ξθ|ÔL±/L^d|Ξθ⟩=m*e^(±iθ). (5.3.6)	PENDING	NONE	NONE	false	NONE	NONE	NONE
CL-TASAKI2020-0846	TASAKI2020	000154.0006	PG-TASAKI2020-0154	PDF p. 154; print p. 141; §5.3; equation (5.3.7)	assertion	equation	lim_{L↑∞} ⟨Ξθ|ÔL^(α)/L^d|Ξθ⟩ = {m* cos θ if α=1; m* sin θ if α=2}. (5.3.7)	PENDING	NONE	NONE	false	NONE	NONE	NONE
CL-TASAKI2020-0847	TASAKI2020	000154.0007	PG-TASAKI2020-0154	PDF p. 154; print p. 141; §5.3; equation (5.3.8)	assertion	equation	lim_{L↑∞} ⟨Ξθ|{ÔL^(α)/L^d}²|Ξθ⟩ = {(m* cos θ)² if α=1; (m* sin θ)² if α=2}. (5.3.8)	PENDING	NONE	NONE	false	NONE	NONE	NONE
CL-TASAKI2020-0848	TASAKI2020	000154.0008	PG-TASAKI2020-0154	PDF p. 154; print p. 141; §5.3; paragraph 7	definition	definition	The symmetry-breaking order parameter m* is defined by (4.2.9), with α=1 or 2.	PENDING	NONE	NONE	false	NONE	NONE	NONE
CL-TASAKI2020-0849	TASAKI2020	000154.0009	PG-TASAKI2020-0154	PDF p. 154; print p. 141; §5.3; equation (5.3.9)	assertion	equation	⟨Ξ_θ|â_x†|Ξ_θ⟩≃m*e^(iθ), ⟨Ξ_θ|â_x|Ξ_θ⟩≃m*e^(−iθ). (5.3.9)	PENDING	NONE	NONE	false	NONE	NONE	NONE
CL-TASAKI2020-0850	TASAKI2020	000155.0001	PG-TASAKI2020-0155	PDF p. 155; print p. 142; §5.3; equation (5.3.10)	assertion	equation	|ΦGS⟩ = √{2Mmax(L)+1} P̂N|Ξθ⟩. (5.3.10)	PENDING	NONE	NONE	false	NONE	NONE	NONE
CL-TASAKI2020-0851	TASAKI2020	000155.0002	PG-TASAKI2020-0155	PDF p. 155; print p. 142; §5.3; equation (5.3.11)	assertion	equation	|ΦGS⟩ = [√{2Mmax(L)+1}/(2π)]∫_0^(2π)dθ|Ξθ⟩. (5.3.11)	PENDING	NONE	NONE	false	NONE	NONE	NONE
CL-TASAKI2020-3034	TASAKI2020	000155.0003	PG-TASAKI2020-0155	PDF p. 155; print p. 142; §5.3; Note unnumbered line 11; audit split atom 1/6	assertion	remark	Note that (5.3.11) is the U(1) version of the conjectured relation (4.2.21) for the antiferromagnetic Heisenberg model or the observation (3.3.8) for the quantum Ising model.	PENDING	NONE	NONE	false	NONE	NONE	NONE
CL-TASAKI2020-3035	TASAKI2020	000155.0004	PG-TASAKI2020-0155	PDF p. 155; print p. 142; §5.3; paragraph after equation (5.3.11)	assertion	remark	The relation (5.3.9) shows that the U(1) phase is “pointing” in the direction θ in the low-lying state |Ξ_θ⟩.	PENDING	NONE	NONE	false	NONE	NONE	NONE
CL-TASAKI2020-3036	TASAKI2020	000155.0005	PG-TASAKI2020-0155	PDF p. 155; print p. 142; §5.3; paragraph after equation (5.3.11)	assertion	remark	This situation is mathematically analogous to ordered states in antiferromagnetic spin systems in which the staggered magnetization is pointing in a specific direction.	PENDING	NONE	NONE	false	NONE	NONE	NONE
CL-TASAKI2020-3037	TASAKI2020	000155.0006	PG-TASAKI2020-0155	PDF p. 155; print p. 142; §5.3; paragraph after equation (5.3.11)	assertion	remark	But physical interpretations of the two cases seem very different.	PENDING	NONE	NONE	false	NONE	NONE	NONE
CL-TASAKI2020-0853	TASAKI2020	000156.0001	PG-TASAKI2020-0156	PDF p. 156; print p. 143; §5.4; equation (5.4.1)	assertion	equation	⟨Ξθ|Â|Ξθ⟩ = [1/(2Mmax(L)+1)]∑_{M=−Mmax(L)}^{Mmax(L)}⟨ΓM|Â|ΓM⟩. (5.4.1)	PENDING	NONE	NONE	false	NONE	NONE	NONE
CL-TASAKI2020-0854	TASAKI2020	000156.0002	PG-TASAKI2020-0156	PDF p. 156; print p. 143; §5.4; equation (5.4.2)	assertion	equation	ρ̂ = 1/{2Mmax(L)+1} ∑_{M=−Mmax(L)}^{Mmax(L)} |ΓM⟩⟨ΓM|. (5.4.2)	PENDING	NONE	NONE	false	NONE	NONE	NONE
CL-TASAKI2020-0855	TASAKI2020	000156.0003	PG-TASAKI2020-0156	PDF p. 156; print p. 143; §5.4; equation (5.4.3)	assertion	equation	⟨Φ_GS|Â|Φ_GS⟩≃⟨Ξ_θ|Â|Ξ_θ⟩. (5.4.3)	PENDING	NONE	NONE	false	NONE	NONE	NONE
CL-TASAKI2020-0856	TASAKI2020	000156.0004	PG-TASAKI2020-0156	PDF p. 156; print p. 143; §5.4; Problem 5.4.a	assertion	problem	Problem 5.4.a Consider a system which consists of two parts, the first system exhibiting the Bose–Einstein condensation, and the second (arbitrary) system external to it. The total number of particles in the whole system is fixed to Ntot , which we assume sufficiently large. Show that a pure whole-system state |Φtot⟩ exists such that ⟨Φtot|(Â⊗1̂)|Φtot⟩=⟨Ξθ|Â|Ξθ⟩ (5.4.4) for every particle-number-preserving operator Â on the first system. [solution→p.503]	PENDING	NONE	NONE	false	NONE	NONE	NONE
CL-TASAKI2020-0857	TASAKI2020	000156.0005	PG-TASAKI2020-0156	PDF p. 156; print p. 143; §5.4; Note unnumbered line 39	conjecture	conjecture	For a local operator A (or a sum of local operators) and sufficiently large L, ⟨Γ_M|A|Γ_M⟩ is conjectured to be almost independent of M.	PENDING	NONE	NONE	false	NONE	NONE	NONE
CL-TASAKI2020-0858	TASAKI2020	000157.0001	PG-TASAKI2020-0157	PDF p. 157; print p. 144; §5.4; paragraph 2	hypothesis	hypothesis	Assume that the total particle number N_tot is sufficiently large.	PENDING	NONE	NONE	false	NONE	NONE	NONE
CL-TASAKI2020-0859	TASAKI2020	000157.0002	PG-TASAKI2020-0157	PDF p. 157; print p. 144; §5.4; equation (5.4.4)	assertion	equation	⟨Φ_tot|(Â⊗1̂)|Φ_tot⟩=⟨Ξ_θ|Â|Ξ_θ⟩. (5.4.4)	PENDING	NONE	NONE	false	NONE	NONE	NONE
CL-TASAKI2020-0860	TASAKI2020	000157.0003	PG-TASAKI2020-0157	PDF p. 157; print p. 144; §5.4; paragraph 4	assertion	unnumbered_obligation	In mean field theory the starting assumption is that the operators ∑_{x∈Λ} âx†/L^d and ∑_{x∈Λ} âx/L^d may be replaced by a nonvanishing constant (c-number).	PENDING	NONE	NONE	false	NONE	NONE	NONE
CL-TASAKI2020-0861	TASAKI2020	000159.0001	PG-TASAKI2020-0159	PDF p. 159; print p. 146; §5.4; paragraph 2	hypothesis	hypothesis	Suppose that “physical ground states” (predicted by the mean-field theory) of a heavy nucleus break the rotational symmetry.	PENDING	NONE	NONE	false	NONE	NONE	NONE
CL-TASAKI2020-0862	TASAKI2020	000159.0002	PG-TASAKI2020-0159	PDF p. 159; print p. 146; §5.5; paragraph 4, atom 1	definition	definition	On each lattice we define the same system of hardcore bosons as before.	PENDING	NONE	NONE	false	NONE	NONE	NONE
CL-TASAKI2020-0863	TASAKI2020	000159.0003	PG-TASAKI2020-0159	PDF p. 159; print p. 146; §5.5; paragraph 4, atom 2	hypothesis	hypothesis	We further assume that there is a tunneling Hamiltonian which weakly couples the two subsystems on Λa and Λb .	PENDING	NONE	NONE	false	NONE	NONE	NONE
CL-TASAKI2020-0864	TASAKI2020	000159.0004	PG-TASAKI2020-0159	PDF p. 159; print p. 146; §5.5; equation (5.5.1)	assertion	equation	Ĥ_tot^ε=Ĥ_a+Ĥ_b+εĤ_tunnel. (5.5.1)	PENDING	NONE	NONE	false	NONE	NONE	NONE
CL-TASAKI2020-0865	TASAKI2020	000159.0005	PG-TASAKI2020-0159	PDF p. 159; print p. 146; §5.5; equation (5.5.2)	assertion	equation	Ĥν = −P̂hc∑_{{x,y}∈BL}â(x,ν)†â(y,ν),  ν=a,b. (5.5.2)	PENDING	NONE	NONE	false	NONE	NONE	NONE
CL-TASAKI2020-0866	TASAKI2020	000160.0001	PG-TASAKI2020-0160	PDF p. 160; print p. 147; §5.5; equation (5.5.3)	assertion	equation	Ĥtunnel = −P̂hc∑_{x∈ΛL}(e^(iϕ)â(x,a)†â(x,b)+e^(−iϕ)â(x,a)â(x,b)†). (5.5.3)	PENDING	NONE	NONE	false	NONE	NONE	NONE
CL-TASAKI2020-0868	TASAKI2020	000160.0002	PG-TASAKI2020-0160	PDF p. 160; print p. 147; §5.5; equation (5.5.4)	assertion	equation	H_(2N)^tot=⊕_(K=0)^(2N)(H_K^a⊗H_(2N−K)^b). (5.5.4)	PENDING	NONE	NONE	false	NONE	NONE	NONE
CL-TASAKI2020-0869	TASAKI2020	000160.0003	PG-TASAKI2020-0160	PDF p. 160; print p. 147; §5.5; paragraph 5, atom 1	hypothesis	hypothesis	In other words, we assume that the two Bose–Einstein condensates can exchange particles in a coherent manner, while completely isolated from the outside world.	PENDING	NONE	NONE	false	NONE	NONE	NONE
CL-TASAKI2020-0870	TASAKI2020	000160.0004	PG-TASAKI2020-0160	PDF p. 160; print p. 147; §5.5; paragraph 5, atom 2	domain	domain	Let |Φ_GS,ε^tot⟩∈ℋ_{2N_tot} be the unique ground state of the total Hamiltonian (5.5.1) for ε>0.	PENDING	NONE	NONE	false	NONE	NONE	NONE
CL-TASAKI2020-0871	TASAKI2020	000160.0005	PG-TASAKI2020-0160	PDF p. 160; print p. 147; §5.5; Theorem 5.4	assertion	theorem	Theorem 5.4 Assume the existence of ODLRO (in the single uncoupled system) as in (5.2.5). Then for any x ∈ ℤ^d, we have lim_{ε↓0} lim_{L↑∞} ⟨Φ_GS,ε^tot|â†(x,b)â(x,a)|Φ_GS,ε^tot⟩ = m̃²e^{−iϕ}, (5.5.5) and lim_{ε↓0} lim_{L↑∞} ⟨Φ_GS,ε^tot|â†(x,a)â(x,b)|Φ_GS,ε^tot⟩ = m̃²e^{iϕ}, (5.5.6) with m̃ ≥ m* ≥ √(2q_0).	PENDING	NONE	NONE	false	NONE	NONE	NONE
CL-TASAKI2020-0872	TASAKI2020	000160.0006	PG-TASAKI2020-0160	PDF p. 160; print p. 147; §5.5; equation (5.5.5)	assertion	equation	lim_{ε↓0}lim_{L↑∞}⟨Φ_GS,ε^tot|â†_(x,b)â_(x,a)|Φ_GS,ε^tot⟩=m̃²e^(−iφ). (5.5.5)	PENDING	NONE	NONE	false	NONE	NONE	NONE
CL-TASAKI2020-0873	TASAKI2020	000160.0007	PG-TASAKI2020-0160	PDF p. 160; print p. 147; §5.5; equation (5.5.6)	assertion	equation	lim_{ε↓0}lim_{L↑∞}⟨Φ_GS,ε^tot|â†_(x,a)â_(x,b)|Φ_GS,ε^tot⟩=m̃²e^(iφ). (5.5.6)	PENDING	NONE	NONE	false	NONE	NONE	NONE
CL-TASAKI2020-0874	TASAKI2020	000160.0008	PG-TASAKI2020-0160	PDF p. 160; print p. 147; §5.5; paragraph 7	conjecture	conjecture	We here expect that m̃ = m ∗ , but there is no proof.	PENDING	NONE	NONE	false	NONE	NONE	NONE
CL-TASAKI2020-0875	TASAKI2020	000160.0009	PG-TASAKI2020-0160	PDF p. 160; print p. 147; §5.5; equation (5.5.7)	assertion	equation	ô_(x,ν)^(1)={â†_(x,ν)+â_(x,ν)}/2, ô_(x,ν)^(2)={â†_(x,ν)−â_(x,ν)}/(2i). (5.5.7)	PENDING	NONE	NONE	false	NONE	NONE	NONE
CL-TASAKI2020-0876	TASAKI2020	000161.0001	PG-TASAKI2020-0161	PDF p. 161; print p. 148; §5.5; paragraph 4	notation	notation	The relative phase is denoted as ϕ.	PENDING	NONE	NONE	false	NONE	NONE	NONE
CL-TASAKI2020-0877	TASAKI2020	000161.0002	PG-TASAKI2020-0161	PDF p. 161; print p. 148; §5.5; equation (5.5.8)	assertion	equation	lim_{ε↓0}lim_{L↑∞}⟨ΦGS,ε^tot|{ô_(x,a)^(1)ô_(x,b)^(1)+ô_(x,a)^(2)ô_(x,b)^(2)}|ΦGS,ε^tot⟩=m̃²cosϕ. (5.5.8)	PENDING	NONE	NONE	false	NONE	NONE	NONE
CL-TASAKI2020-0878	TASAKI2020	000161.0003	PG-TASAKI2020-0161	PDF p. 161; print p. 148; §5.5; equation (5.5.9)	assertion	equation	lim_{ε↓0}lim_{L↑∞}⟨ΦGS,ε^tot|(ô_(x,a)^(1),ô_(x,a)^(2))((cosϕ,sinϕ),(−sinϕ,cosϕ))(ô_(x,b)^(1),ô_(x,b)^(2))^T|ΦGS,ε^tot⟩=m̃². (5.5.9)	PENDING	NONE	NONE	false	NONE	NONE	NONE
CL-TASAKI2020-0879	TASAKI2020	000161.0004	PG-TASAKI2020-0161	PDF p. 161; print p. 148; §5.5; Fig. 5.1 caption	assertion	remark	Figure 5.1 contrasts (a) a tensor product of two definite-phase condensates, which is not in ℋ_{2N_tot}, with (b) its phase-averaged superposition, which has fixed total particle number.	PENDING	NONE	NONE	false	NONE	NONE	NONE
CL-TASAKI2020-0880	TASAKI2020	000162.0001	PG-TASAKI2020-0162	PDF p. 162; print p. 149; §5.5; equation (5.5.10)	assertion	equation	|Ξ_ϕ^tot⟩∝P̂_(2N)^tot|Ξ_θ^a⟩⊗|Ξ_(θ+ϕ)^b⟩. (5.5.10)	PENDING	NONE	NONE	false	NONE	NONE	NONE
CL-TASAKI2020-0881	TASAKI2020	000162.0002	PG-TASAKI2020-0162	PDF p. 162; print p. 149; §5.5; equation (5.5.11)	assertion	equation	|Ξϕ^tot⟩ ∝ (1/2π)∫_0^(2π)dθ |Ξθ^a⟩⊗|Ξ_(θ+ϕ)^b⟩. (5.5.11)	PENDING	NONE	NONE	false	NONE	NONE	NONE
CL-TASAKI2020-0882	TASAKI2020	000162.0003	PG-TASAKI2020-0162	PDF p. 162; print p. 149; §5.5; equation (5.5.12)	assertion	equation	|Ξϕ^tot⟩ = 1/√{2Mmax(L)+1} ∑_{M=−Mmax(L)}^{Mmax(L)} e^(iMϕ)|ΓM^a⟩⊗|Γ−M^b⟩. (5.5.12)	PENDING	NONE	NONE	false	NONE	NONE	NONE
CL-TASAKI2020-0883	TASAKI2020	000166.0001	PG-TASAKI2020-0166	PDF p. 166; print p. 153; §6.1; equation (6.1.1)	assertion	equation	Ĥ=∑_{x=1}^L Ŝx·Ŝx+1. (6.1.1)	PENDING	NONE	NONE	false	NONE	NONE	NONE
CL-TASAKI2020-0884	TASAKI2020	000166.0002	PG-TASAKI2020-0166	PDF p. 166; print p. 153; §6.1; paragraph 5	assertion	unnumbered_obligation	Note that the Marshall–Lieb–Mattis theorem (Theorem 2.2 in p. 39) guarantees that the ground state |ΦGS ⟩ is unique and has Stot = 0.	PENDING	NONE	NONE	false	NONE	NONE	NONE
CL-TASAKI2020-0885	TASAKI2020	000167.0001	PG-TASAKI2020-0167	PDF p. 167; print p. 154; §6.1; paragraph 2	assertion	unnumbered_obligation	The absence of gap in (HOI2) roughly means that, in the L ↑ ∞ limit, there is a continuum of excited energies just above the ground state energy. For finite L, there always is a nonvanishing gap above the ground state energy, but this gap scales like O(1/L) as L grows.	PENDING	NONE	NONE	false	NONE	NONE	NONE
CL-TASAKI2020-0886	TASAKI2020	000167.0002	PG-TASAKI2020-0167	PDF p. 167; print p. 154; §6.1; equation (6.1.2)	assertion	equation	⟨ΦGS|Ŝx · Ŝy|ΦGS⟩ ≃ (constant)(−1)^(x−y) √{log|x−y|}/|x−y|. (6.1.2)	PENDING	NONE	NONE	false	NONE	NONE	NONE
CL-TASAKI2020-0887	TASAKI2020	000168.0001	PG-TASAKI2020-0168	PDF p. 168; print p. 155; §6.1; paragraph 5	assertion	remark	When S is an integer, i.e., S = 1, 2, 3, . . ., the model has completely different properties: (I1) The ground state is unique (both for finite and infinite L). (I2) There exists a nonvanishing energy gap above the ground state energy. (I3) The ground state correlation function decays exponentially.	PENDING	NONE	NONE	false	NONE	NONE	NONE
CL-TASAKI2020-0888	TASAKI2020	000168.0002	PG-TASAKI2020-0168	PDF p. 168; print p. 155; §6.1; equation (6.1.3)	assertion	equation	(−1)^(x−y)⟨Φ_GS|Ŝ_x·Ŝ_y|Φ_GS⟩ ≃ (constant)|x−y|^(−1/2)exp[−|x−y|/ξ]. (6.1.3)	PENDING	NONE	NONE	false	NONE	NONE	NONE
CL-TASAKI2020-0889	TASAKI2020	000169.0001	PG-TASAKI2020-0169	PDF p. 169; print p. 156; §6.1; note after (6.1.3), atom 1	assertion	remark	Apart from the antiferromagnetic oscillating factor (−1)^(x−y), the asymptotic behavior (6.1.3) is the Ornstein–Zernike form seen in the high-temperature two-dimensional Ising model.	PENDING	NONE	NONE	false	NONE	NONE	NONE
CL-TASAKI2020-0890	TASAKI2020	000169.0002	PG-TASAKI2020-0169	PDF p. 169; print p. 156; §6.1; note after (6.1.3), atom 2	out_of_scope	remark	Properties (I1)–(I3) indicate a massive-particle low-energy theory: the gap is the minimum particle-creation energy and exponential decay is the short-range force mediated by a massive particle.	PENDING	physical-interpretation-not-formal-claim	CORPUS-NORMALIZATION-INDEPENDENT-REVIEW	false	NONE	NONE	NONE
CL-TASAKI2020-0891	TASAKI2020	000170.0001	PG-TASAKI2020-0170	PDF p. 170; print p. 157; §6.1; paragraph 2	assertion	unnumbered_obligation	For the chains with S = 2, 3, and 4 there are convincing numerical evidences for the existence of a gap [53, 61, 62].	PENDING	NONE	NONE	false	NONE	NONE	NONE
CL-TASAKI2020-0892	TASAKI2020	000170.0002	PG-TASAKI2020-0170	PDF p. 170; print p. 157; §6.1; Problem 6.1.a	assertion	problem	Problem 6.1.a It is also believed that the properties (HOI2) and (HOI3) (see p. 154) generically come together. Indeed it can be proved rather easily that power law decay of the ground-state correlation generally implies gaplessness. Under the Problem 3.4.a hypotheses and ⟨ΦGS|ôx|ΦGS⟩=0, assume ⟨ΦGS|ôx ôy|ΦGS⟩≥A/|x−y|^(d−κ) (6.1.4) for x≠y, |x−y|≤BL, κ∈(0,d). Prove E1st−EGS≤C/L^κ. [solution→p.504]	PENDING	NONE	NONE	false	NONE	NONE	NONE
CL-TASAKI2020-0893	TASAKI2020	000171.0001	PG-TASAKI2020-0171	PDF p. 171; print p. 158; §6.1; paragraph 2, atom 1	hypothesis	hypothesis	More precisely, consider a quantum spin system on the d-dimensional hypercubic lattice Λ L , and assume that the Hamiltonian Ĥ and the order operator Ô L satisfy the conditions as in Problem 3.4.a (p. 67).	PENDING	NONE	NONE	false	NONE	NONE	NONE
CL-TASAKI2020-0895	TASAKI2020	000171.0002	PG-TASAKI2020-0171	PDF p. 171; print p. 158; §6.1; equation (6.1.4)	assertion	equation	⟨Φ_GS|ô_xô_y|Φ_GS⟩≥A/|x−y|^(d−κ). (6.1.4)	PENDING	NONE	NONE	false	NONE	NONE	NONE
CL-TASAKI2020-0896	TASAKI2020	000171.0003	PG-TASAKI2020-0171	PDF p. 171; print p. 158; §6.1; paragraph 4	assertion	unnumbered_obligation	Prove that the first excited energy E 1st satisfies E 1st − E GS ≤ C/L κ , where C is a constant independent of L.	PENDING	NONE	NONE	false	NONE	NONE	NONE
CL-TASAKI2020-0897	TASAKI2020	000171.0004	PG-TASAKI2020-0171	PDF p. 171; print p. 158; §6.2; paragraph 6, atom 1	assertion	unnumbered_obligation	The theorem applies to any S = 1/2 spin chain whose Hamiltonian is short ranged, translation invariant, and invariant under any rotation about the 3-axis, and whose ground state is unique.	PENDING	NONE	NONE	false	NONE	NONE	NONE
CL-TASAKI2020-0898	TASAKI2020	000171.0005	PG-TASAKI2020-0171	PDF p. 171; print p. 158; §6.2; paragraph 6, atom 2	domain	domain	Let L be finite and even, and denote by |ΦGS ⟩ the unique ground state of the Hamiltonian (6.1.1).	PENDING	NONE	NONE	false	NONE	NONE	NONE
CL-TASAKI2020-0899	TASAKI2020	000171.0006	PG-TASAKI2020-0171	PDF p. 171; print p. 158; §6.2; paragraph 6, atom 3	assertion	unnumbered_obligation	Because Ŝ_tot^(3)|Φ_GS⟩=0, the ground state is invariant under every rotation about the 3-axis.	PENDING	NONE	NONE	false	NONE	NONE	NONE
CL-TASAKI2020-0900	TASAKI2020	000171.0007	PG-TASAKI2020-0171	PDF p. 171; print p. 158; §6.2; equation (6.2.1)	assertion	equation	Û_θ^(3)|Φ_GS⟩=|Φ_GS⟩. (6.2.1)	PENDING	NONE	NONE	false	NONE	NONE	NONE
CL-TASAKI2020-0901	TASAKI2020	000172.0001	PG-TASAKI2020-0172	PDF p. 172; print p. 159; §6.2; equation (6.2.2)	assertion	equation	ÛLSM = exp[−i∑_{x=1}^L θxŜx^(3)]. (6.2.2)	PENDING	NONE	NONE	false	NONE	NONE	NONE
CL-TASAKI2020-0902	TASAKI2020	000172.0002	PG-TASAKI2020-0172	PDF p. 172; print p. 159; §6.2; equation (6.2.3)	assertion	equation	θ_x=(2π/L)x=Δθ x. (6.2.3)	PENDING	NONE	NONE	false	NONE	NONE	NONE
CL-TASAKI2020-0903	TASAKI2020	000172.0003	PG-TASAKI2020-0172	PDF p. 172; print p. 159; §6.2; paragraph 3, atom 1	assertion	unnumbered_obligation	It is essential that the rotation angle at the right end of the chain is θ L = 2π, which is equivalent to 0.	PENDING	NONE	NONE	false	NONE	NONE	NONE
CL-TASAKI2020-0905	TASAKI2020	000172.0004	PG-TASAKI2020-0172	PDF p. 172; print p. 159; §6.2; equation (6.2.4)	assertion	equation	|Φ_LSM⟩=Û_LSM|Φ_GS⟩. (6.2.4)	PENDING	NONE	NONE	false	NONE	NONE	NONE
CL-TASAKI2020-0906	TASAKI2020	000172.0005	PG-TASAKI2020-0172	PDF p. 172; print p. 159; §6.2; Lemma 6.1	assertion	lemma	Lemma 6.1: ⟨Φ_LSM|Ĥ|Φ_LSM⟩−E_GS≤8π²S²/L. (6.2.5)	PENDING	NONE	NONE	false	NONE	NONE	NONE
CL-TASAKI2020-0907	TASAKI2020	000172.0006	PG-TASAKI2020-0172	PDF p. 172; print p. 159; §6.2; equation (6.2.5)	assertion	equation	⟨ΦLSM|Ĥ|ΦLSM⟩−E_GS≤8π²S²/L. (6.2.5)	PENDING	NONE	NONE	false	NONE	NONE	NONE
CL-TASAKI2020-0908	TASAKI2020	000172.0007	PG-TASAKI2020-0172	PDF p. 172; print p. 159; §6.2; equation (6.2.6)	assertion	equation	e^(iθŜ_x^(3))Ŝ_x±e^(−iθŜ_x^(3))=e^(±iθ)Ŝ_x±. (6.2.6)	PENDING	NONE	NONE	false	NONE	NONE	NONE
CL-TASAKI2020-0909	TASAKI2020	000172.0008	PG-TASAKI2020-0172	PDF p. 172; print p. 159; §6.2; equation (6.2.7)	assertion	equation	ÛLSM† Ŝx·Ŝx+1 ÛLSM = ÛLSM†{(1/2)(Ŝx+Ŝx+1−+Ŝx−Ŝx+1+)+Ŝx^(3)Ŝx+1^(3)}ÛLSM = (1/2){e^(i(θx−θx+1))Ŝx+Ŝx+1−+e^(−i(θx−θx+1))Ŝx−Ŝx+1+}+Ŝx^(3)Ŝx+1^(3). (6.2.7)	PENDING	NONE	NONE	false	NONE	NONE	NONE
CL-TASAKI2020-0910	TASAKI2020	000172.0009	PG-TASAKI2020-0172	PDF p. 172; print p. 159; §6.2; equation (6.2.8)	assertion	equation	Û_LSM†Ŝ_x·Ŝ_(x+1)Û_LSM−Ŝ_x·Ŝ_(x+1)=(1/2){(e^(−iΔθ)−1)Ŝ_x+Ŝ_(x+1)−+(e^(iΔθ)−1)Ŝ_x−Ŝ_(x+1)+}. (6.2.8)	PENDING	NONE	NONE	false	NONE	NONE	NONE
CL-TASAKI2020-0911	TASAKI2020	000172.0010	PG-TASAKI2020-0172	PDF p. 172; print p. 159; §6.2; equation (6.2.9)	assertion	equation	ÛLSM†ĤÛLSM−Ĥ = (1/2)∑_{x=1}^L{(e^(−iΔθ)−1)Ŝx+Ŝx+1− + (e^(iΔθ)−1)Ŝx−Ŝx+1+}. (6.2.9)	PENDING	NONE	NONE	false	NONE	NONE	NONE
CL-TASAKI2020-0912	TASAKI2020	000173.0001	PG-TASAKI2020-0173	PDF p. 173; print p. 160; §6.2; equation (6.2.10)	assertion	equation	Û_LSM Ĥ Û_LSM†−Ĥ=(1/2)∑_(x=1)^L{(e^(iΔθ)−1)Ŝ_x+Ŝ_(x+1)−+(e^(−iΔθ)−1)Ŝ_x−Ŝ_(x+1)+}. (6.2.10)	PENDING	NONE	NONE	false	NONE	NONE	NONE
CL-TASAKI2020-0913	TASAKI2020	000173.0002	PG-TASAKI2020-0173	PDF p. 173; print p. 160; §6.2; paragraph 3	assertion	unnumbered_obligation	The variational-energy difference is bounded by the symmetrized twisted-Hamiltonian expectation, yielding the O(L^(−1)) estimate in Lemma 6.1.	PENDING	NONE	NONE	false	NONE	NONE	NONE
CL-TASAKI2020-0914	TASAKI2020	000173.0003	PG-TASAKI2020-0173	PDF p. 173; print p. 160; §6.2; equation (6.2.11)	assertion	equation	⟨ΦLSM|Ĥ|ΦLSM⟩−EGS = ⟨ΦGS|(ÛLSM†ĤÛLSM−Ĥ)|ΦGS⟩ ≤ ⟨ΦGS|(ÛLSM†ĤÛLSM−Ĥ)|ΦGS⟩ + ⟨ΦGS|(ÛLSMĤÛLSM†−Ĥ)|ΦGS⟩ = (cosΔθ−1)∑_{x=1}^L⟨ΦGS|(Ŝx+Ŝx+1−+Ŝx−Ŝx+1+)|ΦGS⟩ ≤ 2(1−cosΔθ)∑_{x=1}^L|⟨ΦGS|(Ŝx^(1)Ŝx+1^(1)+Ŝx^(2)Ŝx+1^(2))|ΦGS⟩| ≤ (Δθ)²2S²L = 8π²S²/L. (6.2.11)	PENDING	NONE	NONE	false	NONE	NONE	NONE
CL-TASAKI2020-0915	TASAKI2020	000173.0004	PG-TASAKI2020-0173	PDF p. 173; print p. 160; §6.2; Lemma 6.2	assertion	lemma	Lemma 6.2 If S is a half-odd integer, one has ⟨ΦGS |ΦLSM ⟩ = 0.	PENDING	NONE	NONE	false	NONE	NONE	NONE
CL-TASAKI2020-0917	TASAKI2020	000174.0001	PG-TASAKI2020-0174	PDF p. 174; print p. 161; §6.2; equation (6.2.12)	assertion	equation	T̂⊗_(x=1)^L|ψ_x^(σ_x)⟩=⊗_(x=1)^L|ψ_x^(σ_(x+1))⟩. (6.2.12)	PENDING	NONE	NONE	false	NONE	NONE	NONE
CL-TASAKI2020-0918	TASAKI2020	000174.0002	PG-TASAKI2020-0174	PDF p. 174; print p. 161; §6.2; paragraph 3	assertion	unnumbered_obligation	Translation invariance and uniqueness imply T̂|Φ_GS⟩=e^{iα}|Φ_GS⟩ for some α∈ℝ.	PENDING	NONE	NONE	false	NONE	NONE	NONE
CL-TASAKI2020-0919	TASAKI2020	000174.0003	PG-TASAKI2020-0174	PDF p. 174; print p. 161; §6.2; equation (6.2.13)	assertion	equation	⟨Φ_GS|Φ_LSM⟩=⟨Φ_GS|Û_LSM|Φ_GS⟩=⟨Φ_GS|T̂†Û_LSM T̂|Φ_GS⟩. (6.2.13)	PENDING	NONE	NONE	false	NONE	NONE	NONE
CL-TASAKI2020-0920	TASAKI2020	000174.0004	PG-TASAKI2020-0174	PDF p. 174; print p. 161; §6.2; equation (6.2.14)	assertion	equation	T̂†ÛLSMT̂ = T̂†exp[−i∑_{x=1}^LθxŜx^(3)]T̂ = exp[−i∑_{x=1}^LθxŜx−1^(3)] = exp[−i∑_{x=0}^{L−1}θx+1Ŝx^(3)] = exp[−i∑_{x=0}^{L−1}θxŜx^(3)] exp[−i(2π/L)∑_{x=0}^{L−1}Ŝx^(3)]. (6.2.14)	PENDING	NONE	NONE	false	NONE	NONE	NONE
CL-TASAKI2020-0921	TASAKI2020	000174.0005	PG-TASAKI2020-0174	PDF p. 174; print p. 161; §6.2; equation (6.2.15)	assertion	equation	exp[−i∑_{x=0}^{L−1}θxŜx^(3)] = exp[−i∑_{x=1}^{L−1}θxŜx^(3)] = e^(iθL ŜL^(3))ÛLSM. (6.2.15)	PENDING	NONE	NONE	false	NONE	NONE	NONE
CL-TASAKI2020-0922	TASAKI2020	000174.0006	PG-TASAKI2020-0174	PDF p. 174; print p. 161; §6.2; equation (6.2.16)	assertion	equation	e^(iθL ŜL^(3))=e^(i2πŜL^(3))=(−1)^(2S)={−1 if S is half-odd-integer; 1 if S is integer}. (6.2.16)	PENDING	NONE	NONE	false	NONE	NONE	NONE
CL-TASAKI2020-0923	TASAKI2020	000174.0007	PG-TASAKI2020-0174	PDF p. 174; print p. 161; §6.2; equation (6.2.17)	assertion	equation	T̂†Û_LSM T̂=(−1)^(2S)Û_LSM e^(−i(2π/L)Ŝ_tot^(3)). (6.2.17)	PENDING	NONE	NONE	false	NONE	NONE	NONE
CL-TASAKI2020-0924	TASAKI2020	000174.0008	PG-TASAKI2020-0174	PDF p. 174; print p. 161; §6.2; equation (6.2.18)	assertion	equation	⟨Φ_GS|Φ_LSM⟩=⟨Φ_GS|(−1)^(2S)Û_LSM|Φ_GS⟩=(−1)^(2S)⟨Φ_GS|Φ_LSM⟩. (6.2.18)	PENDING	NONE	NONE	false	NONE	NONE	NONE
CL-TASAKI2020-0925	TASAKI2020	000174.0009	PG-TASAKI2020-0174	PDF p. 174; print p. 161; §6.2; paragraph 14	assertion	unnumbered_obligation	Thus ⟨Φ_GS|Φ_LSM⟩=0 when S is half-odd-integer.	PENDING	NONE	NONE	false	NONE	NONE	NONE
CL-TASAKI2020-0926	TASAKI2020	000174.0010	PG-TASAKI2020-0174	PDF p. 174; print p. 161; §6.2; paragraph 16, atom 1	assertion	unnumbered_obligation	Translation invariance T̂ĤT̂†=Ĥ implies T̂Ĥ=ĤT̂.	PENDING	NONE	NONE	false	NONE	NONE	NONE
CL-TASAKI2020-0927	TASAKI2020	000174.0011	PG-TASAKI2020-0174	PDF p. 174; print p. 161; §6.2; paragraph 16, atom 2	assertion	unnumbered_obligation	Thus Ĥ (T̂ |ΦGS ⟩) = T̂ Ĥ |ΦGS ⟩ = E GS T̂ |ΦGS ⟩, and the uniqueness implies T̂ |ΦGS ⟩ = eiα |ΦGS ⟩.	PENDING	NONE	NONE	false	NONE	NONE	NONE
CL-TASAKI2020-0928	TASAKI2020	000174.0012	PG-TASAKI2020-0174	PDF p. 174; print p. 161; §6.2; paragraph 16, atom 3	assertion	unnumbered_obligation	The Marshall–Lieb–Mattis theorem (Theorem 2.2 in p. 39) implies eiα = ±1, but we do not use this fact.	PENDING	NONE	NONE	false	NONE	NONE	NONE
CL-TASAKI2020-0929	TASAKI2020	000175.0001	PG-TASAKI2020-0175	PDF p. 175; print p. 162; §6.2; Theorem 6.3	assertion	theorem	Theorem 6.3: for half-odd-integer S, 0<E_1st−E_GS≤8π²S²/L. (6.2.19)	PENDING	NONE	NONE	false	NONE	NONE	NONE
CL-TASAKI2020-0930	TASAKI2020	000175.0002	PG-TASAKI2020-0175	PDF p. 175; print p. 162; §6.2; equation (6.2.19)	assertion	equation	0<E_1st−E_GS≤8π²S²/L. (6.2.19)	PENDING	NONE	NONE	false	NONE	NONE	NONE
CL-TASAKI2020-0931	TASAKI2020	000175.0003	PG-TASAKI2020-0175	PDF p. 175; print p. 162; §6.2; paragraph 3, atom 1	hypothesis	hypothesis	We point out however that if we assume the existence of the Haldane gap, then the overlap |⟨ΦGS |ΦLSM ⟩| must approach 1 as L grows.	PENDING	NONE	NONE	false	NONE	NONE	NONE
CL-TASAKI2020-0932	TASAKI2020	000175.0004	PG-TASAKI2020-0175	PDF p. 175; print p. 162; §6.2; paragraph 3, atom 2	assertion	remark	To see this let E 1st be the first excitation energy and assume that E 1st ≥ E GS + ΔE H where ΔE H is independent of L.	PENDING	NONE	NONE	false	NONE	NONE	NONE
CL-TASAKI2020-0933	TASAKI2020	000175.0005	PG-TASAKI2020-0175	PDF p. 175; print p. 162; §6.2; equation (6.2.20)	assertion	equation	Ĥ≥E_GS|Φ_GS⟩⟨Φ_GS|+E_1st(1−|Φ_GS⟩⟨Φ_GS|)≥E_GS+ΔE_H(1−|Φ_GS⟩⟨Φ_GS|). (6.2.20)	PENDING	NONE	NONE	false	NONE	NONE	NONE
CL-TASAKI2020-0934	TASAKI2020	000175.0006	PG-TASAKI2020-0175	PDF p. 175; print p. 162; §6.2; equation (6.2.21)	assertion	equation	⟨Φ_LSM|Ĥ|Φ_LSM⟩−E_GS≥ΔE_H(1−|⟨Φ_GS|Φ_LSM⟩|²). (6.2.21)	PENDING	NONE	NONE	false	NONE	NONE	NONE
CL-TASAKI2020-0935	TASAKI2020	000175.0007	PG-TASAKI2020-0175	PDF p. 175; print p. 162; §6.2; equation (6.2.22)	assertion	equation	|⟨Φ_GS|Φ_LSM⟩|² ≥ 1−(8π²S²/ΔE_H)(1/L). (6.2.22)	PENDING	NONE	NONE	false	NONE	NONE	NONE
CL-TASAKI2020-0936	TASAKI2020	000176.0001	PG-TASAKI2020-0176	PDF p. 176; print p. 163; §6.2; paragraph 2	assertion	unnumbered_obligation	Therefore |⟨Φ_GS|Φ_LSM⟩|↑1 as L↑∞; under the assumed gap, an integer-S ground state is tolerant of a 2π twist.	PENDING	NONE	NONE	false	NONE	NONE	NONE
CL-TASAKI2020-0937	TASAKI2020	000176.0002	PG-TASAKI2020-0176	PDF p. 176; print p. 163; §6.2; equation (6.2.23)	assertion	equation	Ĥ = ∑_{x=1}^L ĥx. (6.2.23)	PENDING	NONE	NONE	false	NONE	NONE	NONE
CL-TASAKI2020-0938	TASAKI2020	000176.0003	PG-TASAKI2020-0176	PDF p. 176; print p. 163; §6.2; paragraph 5, atom 1	hypothesis	hypothesis	Each local Hamiltonian ĥ_x acts only on sites y with |x−y|≤r (using periodic distance), where r is fixed, and satisfies ∥ĥ_x∥≤h₀ for every x∈Λ_L with a constant h₀.	PENDING	NONE	NONE	false	NONE	NONE	NONE
CL-TASAKI2020-0939	TASAKI2020	000176.0004	PG-TASAKI2020-0176	PDF p. 176; print p. 163; §6.2; paragraph 5, atom 2	definition	definition	We define the LSM state |ΦLSM ⟩ by (6.2.4) where the twist operator ÛLSM is define as in (6.2.2).	PENDING	NONE	NONE	false	NONE	NONE	NONE
CL-TASAKI2020-0940	TASAKI2020	000176.0005	PG-TASAKI2020-0176	PDF p. 176; print p. 163; §6.2; Lemma 6.4	assertion	lemma	Lemma 6.4 There is a positive constant C which depends only on the constants S, r, and h_0 such that ⟨Φ_LSM|Ĥ|Φ_LSM⟩ − E_GS ≤ C/L, (6.2.24) for any L.	PENDING	NONE	NONE	false	NONE	NONE	NONE
CL-TASAKI2020-0942	TASAKI2020	000176.0006	PG-TASAKI2020-0176	PDF p. 176; print p. 163; §6.2; equation (6.2.24)	assertion	equation	⟨ΦLSM|Ĥ|ΦLSM⟩−E_GS≤C/L. (6.2.24)	PENDING	NONE	NONE	false	NONE	NONE	NONE
CL-TASAKI2020-0943	TASAKI2020	000176.0007	PG-TASAKI2020-0176	PDF p. 176; print p. 163; §6.2; paragraph 6	assertion	unnumbered_obligation	The proof of Lemma 6.4 bounds the twisted-state energy by the expectation of Û_LSM†ĤÛ_LSM+Û_LSMĤÛ_LSM†−2Ĥ.	PENDING	NONE	NONE	false	NONE	NONE	NONE
CL-TASAKI2020-0944	TASAKI2020	000177.0001	PG-TASAKI2020-0177	PDF p. 177; print p. 164; §6.2; equation (6.2.25)	assertion	equation	⟨ΦLSM|Ĥ|ΦLSM⟩−EGS = ⟨ΦGS|(ÛLSM†ĤÛLSM−Ĥ)|ΦGS⟩ ≤ ⟨ΦGS|(ÛLSM†ĤÛLSM+ÛLSMĤÛLSM†−2Ĥ)|ΦGS⟩ = ∑_{x=1}^L⟨ΦGS|(ÛLSM†ĥxÛLSM+ÛLSMĥxÛLSM†−2ĥx)|ΦGS⟩ ≤ ∑_{x=1}^L‖ÛLSM†ĥxÛLSM+ÛLSMĥxÛLSM†−2ĥx‖. (6.2.25)	PENDING	NONE	NONE	false	NONE	NONE	NONE
CL-TASAKI2020-0945	TASAKI2020	000177.0002	PG-TASAKI2020-0177	PDF p. 177; print p. 164; §6.2; equation (6.2.26)	assertion	equation	Û_LSM†ĥ_xÛ_LSM=Û_LSM†Û_(θ_x)^(3)ĥ_x(Û_(θ_x)^(3))†Û_LSM=Û_(x,−Δθ)ĥ_xÛ_(x,Δθ). (6.2.26)	PENDING	NONE	NONE	false	NONE	NONE	NONE
CL-TASAKI2020-0946	TASAKI2020	000177.0003	PG-TASAKI2020-0177	PDF p. 177; print p. 164; §6.2; equation (6.2.27)	assertion	equation	M̂x = ∑_{y: |y−x|≤r}(y−x)Ŝy^(3). (6.2.27)	PENDING	NONE	NONE	false	NONE	NONE	NONE
CL-TASAKI2020-0947	TASAKI2020	000177.0004	PG-TASAKI2020-0177	PDF p. 177; print p. 164; §6.2; paragraph 6	assertion	unnumbered_obligation	Similarly, Û_LSM ĥ_x Û_LSM†=Û_{x,Δθ} ĥ_x Û_{x,−Δθ}.	PENDING	NONE	NONE	false	NONE	NONE	NONE
CL-TASAKI2020-0948	TASAKI2020	000177.0005	PG-TASAKI2020-0177	PDF p. 177; print p. 164; §6.2; equation (6.2.28)	assertion	equation	‖Û_(x,−Δθ)ĥ_xÛ_(x,Δθ)+Û_(x,Δθ)ĥ_xÛ_(x,−Δθ)−2ĥ_x‖≤B(Δθ)². (6.2.28)	PENDING	NONE	NONE	false	NONE	NONE	NONE
CL-TASAKI2020-0949	TASAKI2020	000177.0006	PG-TASAKI2020-0177	PDF p. 177; print p. 164; §6.2; paragraph 8, atom 1	assertion	subclaim	Let us express ĥ x as a polynomial of Ŝ y+ , Ŝ y− , and Ŝ y(3) with y such that |y − x| ≤ r .	PENDING	NONE	NONE	false	NONE	NONE	NONE
CL-TASAKI2020-0950	TASAKI2020	000177.0007	PG-TASAKI2020-0177	PDF p. 177; print p. 164; §6.2; paragraph 8, atom 2	assertion	unnumbered_obligation	It is clear that for each monomial m̂ one has [ M̂x , m̂] = μm̂ for some μ ∈ [−2μmax , 2μmax ], (μ) i.e., m̂ changes the eigenvalue of M̂x by μ.	PENDING	NONE	NONE	false	NONE	NONE	NONE
CL-TASAKI2020-0951	TASAKI2020	000177.0008	PG-TASAKI2020-0177	PDF p. 177; print p. 164; §6.2; paragraph 8, atom 3	assertion	unnumbered_obligation	Decompose ĥ_x=∑_μ ĥ_x^(μ) with [M̂_x,ĥ_x^(μ)]=μĥ_x^(μ).	PENDING	NONE	NONE	false	NONE	NONE	NONE
CL-TASAKI2020-0952	TASAKI2020	000177.0009	PG-TASAKI2020-0177	PDF p. 177; print p. 164; §6.2; equation (6.2.29)	assertion	equation	Û_(x,−Δθ)ĥ_x^(μ)Û_(x,Δθ)=e^(iμΔθ)ĥ_x^(μ). (6.2.29)	PENDING	NONE	NONE	false	NONE	NONE	NONE
CL-TASAKI2020-0953	TASAKI2020	000177.0010	PG-TASAKI2020-0177	PDF p. 177; print p. 164; §6.2; equation (6.2.30)	assertion	equation	‖∑_μ(e^(iμΔθ)+e^(−iμΔθ)−2)ĥx^(μ)‖ ≤ 2∑_μ(1−cos μΔθ)‖ĥx^(μ)‖ ≤ h0(∑_μ μ²)(Δθ)². (6.2.30)	PENDING	NONE	NONE	false	NONE	NONE	NONE
CL-TASAKI2020-0954	TASAKI2020	000178.0001	PG-TASAKI2020-0178	PDF p. 178; print p. 165; §6.2; paragraph 4, atom 1	hypothesis	hypothesis	They found that the trial state constructed in the same manner as (6.2.4) using the global twist is orthogonal to the ground state under the assumption that the “filling factor” ν = (M/L) + S is not an (3) integer.	PENDING	NONE	NONE	false	NONE	NONE	NONE
CL-TASAKI2020-0955	TASAKI2020	000178.0002	PG-TASAKI2020-0178	PDF p. 178; print p. 165; §6.2; paragraph 4, atom 2	assertion	unnumbered_obligation	For M = 0, one has ν = S, and recovers the result of Affleck and Lieb [5], which is our Lemma 6.2.	PENDING	NONE	NONE	false	NONE	NONE	NONE
CL-TASAKI2020-0956	TASAKI2020	000178.0003	PG-TASAKI2020-0178	PDF p. 178; print p. 165; §6.2; Fig. 6.2 caption	assertion	remark	Figure 6.2 compares a global twist, whose angle changes from 0 to 2π over the whole chain, with a local twist, whose change occurs in an interval of length ℓ.	PENDING	NONE	NONE	false	NONE	NONE	NONE
CL-TASAKI2020-0957	TASAKI2020	000179.0001	PG-TASAKI2020-0179	PDF p. 179; print p. 166; §6.3; equation (6.3.1)	assertion	equation	Ĥ=Ĥ_c+Ĥ_q. (6.3.1)	PENDING	NONE	NONE	false	NONE	NONE	NONE
CL-TASAKI2020-0958	TASAKI2020	000179.0002	PG-TASAKI2020-0179	PDF p. 179; print p. 166; §6.3; equation (6.3.2)	assertion	equation	Ĥc := ∑_{x=1}^L Ŝx^(3)Ŝx+1^(3),  Ĥq := (1/2)∑_{x=1}^L {Ŝx+Ŝx+1− + Ŝx−Ŝx+1+}. (6.3.2)	PENDING	NONE	NONE	false	NONE	NONE	NONE
CL-TASAKI2020-0959	TASAKI2020	000180.0001	PG-TASAKI2020-0180	PDF p. 180; print p. 167; §6.3; equation (6.3.3)	assertion	equation	[diagram transcription] One row of eight alternating spins: ↑ ↓ ↑ ↓ ↑ ↓ ↑ ↓. (6.3.3)	PENDING	NONE	NONE	false	NONE	NONE	NONE
CL-TASAKI2020-0960	TASAKI2020	000180.0002	PG-TASAKI2020-0180	PDF p. 180; print p. 167; §6.3; equation (6.3.4)	assertion	equation	[diagram transcription] The initial row ↑ ↓ ↑ ↓ ↑ ↓ ↑ ↓ is connected by the action Ŝ_x+Ŝ_(x+1)− on the central ↓↑ pair to ↑ ↓ ↑ ↑ ↓ ↓ ↑ ↓; gray ovals mark the new neighboring ↑↑ and ↓↓ kink bonds. (6.3.4)	PENDING	NONE	NONE	false	NONE	NONE	NONE
CL-TASAKI2020-0961	TASAKI2020	000180.0003	PG-TASAKI2020-0180	PDF p. 180; print p. 167; §6.3; equation (6.3.5)	assertion	equation	[diagram transcription] Three spin rows are joined by two actions of Ŝ_x+Ŝ_(x+1)−: ↑ ↓ ↑ ↑ ↓ ↓ ↑ ↓ → ↑ ↓ ↑ ↑ ↓ ↑ ↓ ↓ → ↑ ↑ ↓ ↑ ↓ ↑ ↓ ↓. Gray ovals mark the ↑↑ and ↓↓ kink bonds moving toward the two ends. (6.3.5)	PENDING	NONE	NONE	false	NONE	NONE	NONE
CL-TASAKI2020-0962	TASAKI2020	000181.0001	PG-TASAKI2020-0181	PDF p. 181; print p. 168; §6.3; equation (6.3.6)	assertion	equation	[diagram transcription] Two spin rows are joined by Ŝ_x+Ŝ_(x+1)−. The upper row is ↑ ↓ ↑ ↑ ↓ ↑ ↑ ↓, with gray ovals at the two ↑↑ kink bonds; acting on the central ↓↑ gives the lower row ↑ ↓ ↑ ↑ ↑ ↓ ↑ ↓, with the two gray kink markers adjacent. (6.3.6)	PENDING	NONE	NONE	false	NONE	NONE	NONE
CL-TASAKI2020-0963	TASAKI2020	000181.0002	PG-TASAKI2020-0181	PDF p. 181; print p. 168; §6.3; equation (6.3.7)	assertion	equation	[diagram transcription] Ŝ_x+Ŝ_(x+1)− transforms the central −,+ pair of + − + − + − + − into + − + 0 0 − + −. (6.3.7)	PENDING	NONE	NONE	false	NONE	NONE	NONE
CL-TASAKI2020-0964	TASAKI2020	000181.0003	PG-TASAKI2020-0181	PDF p. 181; print p. 168; §6.3; equation (6.3.8)	assertion	equation	[diagram transcription] Four successive actions on charge rows are shown: + − + 0 0 − + − →[Ŝ_x−Ŝ_(x+1)+] + − + 0 − 0 + − →[Ŝ_x−Ŝ_(x+1)+] + − 0 + − 0 + − →[Ŝ_x+Ŝ_(x+1)−] + 0 − + − 0 + − →[Ŝ_x+Ŝ_(x+1)−] + 0 0 0 − 0 + −. (6.3.8)	PENDING	NONE	NONE	false	NONE	NONE	NONE
CL-TASAKI2020-0965	TASAKI2020	000182.0001	PG-TASAKI2020-0182	PDF p. 182; print p. 169; §6.3; paragraph 2	assertion	unnumbered_obligation	To sum, we have observed that the S = 1 antiferromagnetic Heisenberg chain may be viewed as a system of a single kind of kinks.	PENDING	NONE	NONE	false	NONE	NONE	NONE
CL-TASAKI2020-0966	TASAKI2020	000182.0002	PG-TASAKI2020-0182	PDF p. 182; print p. 169; §6.3; equation (6.3.9)	assertion	equation	[diagram transcription] The visible charge sequence is + − + 0 − 0 + − + 0 0 0 − 0 + −. (6.3.9)	PENDING	NONE	NONE	false	NONE	NONE	NONE
CL-TASAKI2020-0967	TASAKI2020	000182.0003	PG-TASAKI2020-0182	PDF p. 182; print p. 169; §6.3; paragraph 4, atom 1	definition	definition	To state the following theorem, we define the Hilbert space with hidden antiferromagnetic order, which we denote as HHAF .	PENDING	NONE	NONE	true	CL-TASAKI2020-0968	duplicate-of-CL-TASAKI2020-0968	CORPUS-NORMALIZATION-INDEPENDENT-REVIEW
CL-TASAKI2020-0968	TASAKI2020	000182.0004	PG-TASAKI2020-0182	PDF p. 182; print p. 169; §6.3; paragraph 4, atom 2	definition	definition	We define HHAF as a subspace (of the Hilbert space of the S = 1 chain) spanned by all the basis states |Ψ σ ⟩ (see (2.2.1) for the definition) which corresponds to spin configurations σ = (σx )x=1,...,L with complete hidden antiferromagnetic order as in (6.3.9).	PENDING	NONE	NONE	false	NONE	NONE	NONE
CL-TASAKI2020-0969	TASAKI2020	000182.0005	PG-TASAKI2020-0182	PDF p. 182; print p. 169; §6.3; Proposition 6.5	assertion	proposition	Proposition 6.5 The S = 1 antiferromagnetic Heisenberg chain defined on HHAF has a unique ground state with a finite energy gap and exponentially decaying correlation function.	PENDING	NONE	NONE	false	NONE	NONE	NONE
CL-TASAKI2020-0970	TASAKI2020	000183.0001	PG-TASAKI2020-0183	PDF p. 183; print p. 170; §6.3; equation (6.3.10)	assertion	equation	|ΦGS⟩ = lim_{β↑∞} e^(−βĤ)|Ψ̃σ(0)⟩ / ‖e^(−βĤ)|Ψ̃σ(0)⟩‖. (6.3.10)	PENDING	NONE	NONE	false	NONE	NONE	NONE
CL-TASAKI2020-0971	TASAKI2020	000183.0002	PG-TASAKI2020-0183	PDF p. 183; print p. 170; §6.3; equation (6.3.11)	assertion	equation	e^(−βĤ) = lim_{N↑∞}{e^(−βĤc/(2N))e^(−βĤq/N)e^(−βĤc/(2N))}^N = lim_{N↑∞}{e^(−βĤc/(2N))(1−βĤq/N)e^(−βĤc/(2N))}^N. (6.3.11)	PENDING	NONE	NONE	false	NONE	NONE	NONE
CL-TASAKI2020-0972	TASAKI2020	000183.0003	PG-TASAKI2020-0183	PDF p. 183; print p. 170; §6.3; paragraph 4, atom 1	domain	domain	Let |Ψ_j^(0)⟩, j=1,…,D, be normalized energy eigenstates with eigenvalues E_j^(0).	PENDING	NONE	NONE	false	NONE	NONE	NONE
CL-TASAKI2020-0973	TASAKI2020	000183.0004	PG-TASAKI2020-0183	PDF p. 183; print p. 170; §6.3; paragraph 4, atom 2	assertion	unnumbered_obligation	Since e^(−β(E_j^(0)−E_GS^(0)))↓0 as β↑∞ for j≥2, equation (6.3.10) follows.	PENDING	NONE	NONE	false	NONE	NONE	NONE
CL-TASAKI2020-0974	TASAKI2020	000184.0001	PG-TASAKI2020-0184	PDF p. 184; print p. 171; §6.3; equation (6.3.12)	assertion	equation	A_{β,N}(σ):=⟨Ψ̃^σ|e^(−βĤ_c/(2N))(1−βĤ_q/N)e^(−βĤ_c/(2N))|Ψ̃^(σ(0))⟩. (6.3.12)	PENDING	NONE	NONE	false	NONE	NONE	NONE
CL-TASAKI2020-0975	TASAKI2020	000184.0002	PG-TASAKI2020-0184	PDF p. 184; print p. 171; §6.3; paragraph 3	assertion	unnumbered_obligation	The finite-Trotter amplitudes satisfy A_β(σ)=lim_{N↑∞}A_{β,N}(σ).	PENDING	NONE	NONE	false	NONE	NONE	NONE
CL-TASAKI2020-0976	TASAKI2020	000184.0003	PG-TASAKI2020-0184	PDF p. 184; print p. 171; §6.3; equation (6.3.13)	assertion	equation	Aβ,N(σ)=∑_{σ(1),…,σ(N−1)}∏_{j=1}^N wβ,N(σ(j),σ(j−1)). (6.3.13)	PENDING	NONE	NONE	false	NONE	NONE	NONE
CL-TASAKI2020-0977	TASAKI2020	000184.0004	PG-TASAKI2020-0184	PDF p. 184; print p. 171; §6.3; equation (6.3.14)	assertion	equation	wβ,N(σ,σ′)=e^(−β{Ec(σ)+Ec(σ′)}/(2N))⟨Ψ̃σ|(1−βĤq/N)|Ψ̃σ′⟩ = e^(−β{Ec(σ)+Ec(σ′)}/(2N))⟨Ψ̃σ|{1−(β/(2N))∑_{x=1}^L(Ŝx+Ŝx+1−+Ŝx−Ŝx+1+)}|Ψ̃σ′⟩. (6.3.14)	PENDING	NONE	NONE	false	NONE	NONE	NONE
CL-TASAKI2020-0978	TASAKI2020	000184.0005	PG-TASAKI2020-0184	PDF p. 184; print p. 171; §6.3; paragraph 6, atom 1	assertion	unnumbered_obligation	It is clear from the proof of the Marshall–Lieb–Mattis theorem (Theorem 2.2 in p. 39) that the definition of the basis states |Ψ̃ σ ⟩ implies that wβ,N (σ , σ ′ ) ≥ 0.	PENDING	NONE	NONE	false	NONE	NONE	NONE
CL-TASAKI2020-0979	TASAKI2020	000184.0006	PG-TASAKI2020-0184	PDF p. 184; print p. 171; §6.3; paragraph 6, atom 2	domain	domain	Let F̂ = F( Ŝ1(3) , Ŝ2(3) , . . . , ŜL(3) ) be an arbitrary self adjoint operator which depends only on Ŝx(3) with x = 1, . . . , L.	PENDING	NONE	NONE	false	NONE	NONE	NONE
CL-TASAKI2020-0980	TASAKI2020	000185.0001	PG-TASAKI2020-0185	PDF p. 185; print p. 172; §6.3; equation (6.3.15)	assertion	equation	|ΦGS⟩=lim_{β↑∞}[∑_σ Aβ(σ)|Ψ̃σ⟩]/√{∑_σ{Aβ(σ)}²}. (6.3.15)	PENDING	NONE	NONE	false	NONE	NONE	NONE
CL-TASAKI2020-0981	TASAKI2020	000185.0002	PG-TASAKI2020-0185	PDF p. 185; print p. 172; §6.3; equation (6.3.16)	assertion	equation	⟨ΦGS|F̂|ΦGS⟩=lim_{β↑∞}[∑_σ F(σ){Aβ(σ)}²]/[∑_σ{Aβ(σ)}²]. (6.3.16)	PENDING	NONE	NONE	false	NONE	NONE	NONE
CL-TASAKI2020-0982	TASAKI2020	000185.0003	PG-TASAKI2020-0185	PDF p. 185; print p. 172; §6.3; equation (6.3.17)	assertion	equation	{Aβ,N(σ)}² = ∑_{σ(1),…,σ(N−1),σ(N+1),…,σ(2N−1)}∏_{j=1}^{2N}wβ,N(σ(j),σ(j−1)). (6.3.17)	PENDING	NONE	NONE	false	NONE	NONE	NONE
CL-TASAKI2020-0983	TASAKI2020	000185.0004	PG-TASAKI2020-0185	PDF p. 185; print p. 172; §6.3; equation (6.3.18)	assertion	equation	⟨ΦGS|F̂|ΦGS⟩=lim_{β↑∞}lim_{N↑∞} [∑_{σ(1),…,σ(2N−1)}F(σ(N))∏_{j=1}^{2N}wβ,N(σ(j),σ(j−1))]/[∑_{σ(1),…,σ(2N−1)}∏_{j=1}^{2N}wβ,N(σ(j),σ(j−1))]. (6.3.18)	PENDING	NONE	NONE	false	NONE	NONE	NONE
CL-TASAKI2020-3300	TASAKI2020	000185.0005	PG-TASAKI2020-0185	PDF p. 185; print p. 172; §6.3; equation (6.3.18); v8 source-atomic partition	notation	notation	In (6.3.18), σ^(0)=σ^(2N) are fixed.	PENDING	NONE	NONE	false	NONE	NONE	NONE
CL-TASAKI2020-0985	TASAKI2020	000189.0001	PG-TASAKI2020-0189	PDF p. 189; print p. 177; §7.1; paragraph 2	assertion	unnumbered_obligation	Nevertheless this work proves that there exists an S = 1 chain that has a unique disordered ground state with a gap, and hence provides a strong support to Haldane’s conclusion.	PENDING	NONE	NONE	false	NONE	NONE	NONE
CL-TASAKI2020-0986	TASAKI2020	000189.0002	PG-TASAKI2020-0189	PDF p. 189; print p. 177; §7.1; paragraph 4	assertion	unnumbered_obligation	After giving a precise definition of the model and stating the main theorem in Sect. 7.1.1, we discuss in Sect. 7.1.2 how the exact ground state of the model, called the VBS state, is constructed.	PENDING	NONE	NONE	false	NONE	NONE	NONE
CL-TASAKI2020-0987	TASAKI2020	000190.0001	PG-TASAKI2020-0190	PDF p. 190; print p. 178; §7.1.1; equation (7.1.1)	assertion	equation	ĤAKLT=∑_{x=1}^L{Ŝx·Ŝx+1+(1/3)(Ŝx·Ŝx+1)²}. (7.1.1)	PENDING	NONE	NONE	false	NONE	NONE	NONE
CL-TASAKI2020-0988	TASAKI2020	000190.0002	PG-TASAKI2020-0190	PDF p. 190; print p. 178; §7.1.1; paragraph 5	domain	domain	Let us note in passing that, in models with S = 1/2, adding the biquadratic term does not define a new model; there is an identity ( Ŝx · Ŝx+1 )2 = (3/16) − Ŝx · Ŝx+1 /2. As we shall see in Sect. 7.1.2, one can explicitly write down the exact ground state of the AKLT Hamiltonian (7.1.1). The ground state is called the valence-bond solid (VBS) state and denoted as |ΦVBS ⟩.	PENDING	NONE	NONE	false	NONE	NONE	NONE
CL-TASAKI2020-0989	TASAKI2020	000190.0003	PG-TASAKI2020-0190	PDF p. 190; print p. 178; §7.1.1; Theorem 7.1	assertion	theorem	Theorem 7.1 For any L (which can be either even or odd), the ground state of the Hamiltonian (7.1.1) is unique. The energy gap above the ground state energy is not less than ΔE_0 for sufficiently large L, where ΔE_0 is a positive constant independent of L. The correlation function in the ground state satisfies lim_{L↑∞} ⟨Φ_VBS|Ŝ_x·Ŝ_y|Φ_VBS⟩/⟨Φ_VBS|Φ_VBS⟩ = 4(−3)^{−|x−y|}, (7.1.2) for any x,y with |x−y| ≥ 1.	PENDING	NONE	NONE	false	NONE	NONE	NONE
CL-TASAKI2020-0990	TASAKI2020	000190.0004	PG-TASAKI2020-0190	PDF p. 190; print p. 178; §7.1.1; equation (7.1.2)	assertion	equation	lim_{L↑∞} ⟨ΦVBS|Ŝx·Ŝy|ΦVBS⟩/⟨ΦVBS|ΦVBS⟩ = 4(−3)^(−|x−y|). (7.1.2)	PENDING	NONE	NONE	false	NONE	NONE	NONE
CL-TASAKI2020-0991	TASAKI2020	000191.0001	PG-TASAKI2020-0191	PDF p. 191; print p. 179; §7.1.1; equation (7.1.3)	assertion	equation	Ĥθ^BLBQ = ∑_{x=1}^L{cosθ(Ŝx·Ŝx+1)+sinθ(Ŝx·Ŝx+1)²}. (7.1.3)	PENDING	NONE	NONE	false	NONE	NONE	NONE
CL-TASAKI2020-0992	TASAKI2020	000191.0002	PG-TASAKI2020-0191	PDF p. 191; print p. 179; §7.1.1; Theorem 7.2	assertion	theorem	Theorem 7.2 The AKLT model on the infinite chain has a unique ground state accompanied by a nonzero gap in the sense of Definitions A.25 and A.27.	PENDING	NONE	NONE	false	NONE	NONE	NONE
CL-TASAKI2020-0993	TASAKI2020	000192.0001	PG-TASAKI2020-0192	PDF p. 192; print p. 180; §7.1.1; equation (7.1.4)	assertion	equation	Ĥε := ĤAKLT + ε∑_{x=1}^L v̂x. (7.1.4)	PENDING	NONE	NONE	false	NONE	NONE	NONE
CL-TASAKI2020-0994	TASAKI2020	000192.0002	PG-TASAKI2020-0192	PDF p. 192; print p. 180; §7.1.1; Theorem 7.3	assertion	theorem	Theorem 7.3 Suppose that |ε| is sufficiently small. There exists a positive constant ΔE ε > 0 independent of L. For any L, the ground state of the Hamiltonian (7.1.4) is unique, and the energy gap above the ground state energy is not less than ΔE ε . Correlation functions in the ground state decay exponentially.	PENDING	NONE	NONE	false	NONE	NONE	NONE
CL-TASAKI2020-0995	TASAKI2020	000192.0003	PG-TASAKI2020-0192	PDF p. 192; print p. 180; §7.1.2; equation (7.1.5)	assertion	equation	Ŝ_x·Ŝ_{x+1} + (1/3)(Ŝ_x·Ŝ_{x+1})² = 2P̂_2[Ŝ_x+Ŝ_{x+1}]−2/3. (7.1.5)	PENDING	NONE	NONE	false	NONE	NONE	NONE
CL-TASAKI2020-0996	TASAKI2020	000192.0004	PG-TASAKI2020-0192	PDF p. 192; print p. 180; §7.1.2; paragraph 10	notation	notation	By P̂J [ Ĵ], where Ĵ is a general angular momentum, we denote the projection operator onto the space of |Ψ ⟩ such that Ĵ |Ψ ⟩ = J (J + 1)|Ψ ⟩.	PENDING	NONE	NONE	false	NONE	NONE	NONE
CL-TASAKI2020-0997	TASAKI2020	000193.0001	PG-TASAKI2020-0193	PDF p. 193; print p. 181; §7.1.2; equation (7.1.6)	assertion	equation	Ŝ_x·Ŝ_(x+1)=(1/2){(Ŝ_x+Ŝ_(x+1))²−(Ŝ_x)²−(Ŝ_(x+1))²}=3P̂₂[Ŝ_x+Ŝ_(x+1)]+P̂₁[Ŝ_x+Ŝ_(x+1)]−2. (7.1.6)	PENDING	NONE	NONE	false	NONE	NONE	NONE
CL-TASAKI2020-0998	TASAKI2020	000193.0002	PG-TASAKI2020-0193	PDF p. 193; print p. 181; §7.1.2; equation (7.1.7)	assertion	equation	ĤAKLT′ = ∑_{x=1}^L P̂2[Ŝx+Ŝx+1]. (7.1.7)	PENDING	NONE	NONE	false	NONE	NONE	NONE
CL-TASAKI2020-0999	TASAKI2020	000193.0003	PG-TASAKI2020-0193	PDF p. 193; print p. 181; §7.1.2; equation (7.1.8)	assertion	equation	𝒮(|ψ_L^σ⟩|ψ_R^(σ′)⟩)=(1/2){|ψ_L^σ⟩|ψ_R^(σ′)⟩+|ψ_L^(σ′)⟩|ψ_R^σ⟩}. (7.1.8)	PENDING	NONE	NONE	false	NONE	NONE	NONE
CL-TASAKI2020-1000	TASAKI2020	000193.0004	PG-TASAKI2020-0193	PDF p. 193; print p. 181; §7.1.2; equation (7.1.9)	assertion	equation	𝒮(|ψ_L^↑⟩|ψ_R^↑⟩)=|ψ^+⟩, 𝒮(|ψ_L^↓⟩|ψ_R^↓⟩)=|ψ^−⟩, 𝒮(|ψ_L^↑⟩|ψ_R^↓⟩)=𝒮(|ψ_L^↓⟩|ψ_R^↑⟩)=(1/√2)|ψ^0⟩. (7.1.9)	PENDING	NONE	NONE	false	NONE	NONE	NONE
CL-TASAKI2020-1002	TASAKI2020	000194.0001	PG-TASAKI2020-0194	PDF p. 194; print p. 182; §7.1.2; equation (7.1.10)	assertion	equation	Ŝ𝒮=𝒮(Ŝ_L+Ŝ_R). (7.1.10)	PENDING	NONE	NONE	false	NONE	NONE	NONE
CL-TASAKI2020-1003	TASAKI2020	000194.0002	PG-TASAKI2020-0194	PDF p. 194; print p. 182; §7.1.2; equation (7.1.11)	assertion	equation	|Φ_pre-VBS⟩ := ⊗_{x=1}^L (1/√2){|ψ_{x,R}^↑⟩|ψ_{x+1,L}^↓⟩ − |ψ_{x,R}^↓⟩|ψ_{x+1,L}^↑⟩}. (7.1.11)	PENDING	NONE	NONE	false	NONE	NONE	NONE
CL-TASAKI2020-1004	TASAKI2020	000194.0003	PG-TASAKI2020-0194	PDF p. 194; print p. 182; §7.1.2; equation (7.1.12)	assertion	equation	|Φ_VBS⟩=(∏_(x=1)^L𝒮_x)|Φ_pre-VBS⟩. (7.1.12)	PENDING	NONE	NONE	false	NONE	NONE	NONE
CL-TASAKI2020-1005	TASAKI2020	000194.0004	PG-TASAKI2020-0194	PDF p. 194; print p. 182; §7.1.2; Note unnumbered line 38	assertion	remark	In the pre-VBS state (7.1.11), spins not joined by valence bonds are uncorrelated; in particular, spins at x and y are independent when |x−y| ≥ 2.	PENDING	NONE	NONE	false	NONE	NONE	NONE
CL-TASAKI2020-1006	TASAKI2020	000194.0005	PG-TASAKI2020-0194	PDF p. 194; print p. 182; §7.1.2; proof footnote 6	assertion	subclaim	By SU(2) invariance, to prove (7.1.10) it suffices to verify Ŝ^(3)𝒮=𝒮(Ŝ_L^(3)+Ŝ_R^(3)).	PENDING	NONE	NONE	false	NONE	NONE	NONE
CL-TASAKI2020-1007	TASAKI2020	000195.0001	PG-TASAKI2020-0195	PDF p. 195; print p. 183; §7.1.2; paragraph 6	assertion	unnumbered_obligation	Let us show that the VBS state (7.1.12) satisfies P̂2 [ Ŝx + Ŝx+1 ]|ΦVBS ⟩ = 0.	PENDING	NONE	NONE	false	NONE	NONE	NONE
CL-TASAKI2020-1008	TASAKI2020	000195.0002	PG-TASAKI2020-0195	PDF p. 195; print p. 183; §7.1.2; equation (7.1.13)	assertion	equation	(Ŝ_x+Ŝ_(x+1))∏_(y=1)^L𝒮_y=∏_(y=1)^L𝒮_y(Ŝ_(x,L)+Ŝ_(x,R)+Ŝ_(x+1,L)+Ŝ_(x+1,R)). (7.1.13)	PENDING	NONE	NONE	false	NONE	NONE	NONE
CL-TASAKI2020-1009	TASAKI2020	000195.0003	PG-TASAKI2020-0195	PDF p. 195; print p. 183; §7.1.2; Fig. 7.2 caption	assertion	remark	Fig. 7.2 A black dot represents a spin with S=1/2, and the line denotes the singlet pair {|↑⟩|↓⟩−|↓⟩|↑⟩}/√2. The pre-VBS state |Φpre-VBS⟩ is a tensor product of valence bonds. The VBS state |ΦVBS⟩ is obtained by applying the symmetrization operator to each pair of S=1/2 spins on the same original site and is a state of the original S=1 chain.	PENDING	NONE	NONE	false	NONE	NONE	NONE
CL-TASAKI2020-1010	TASAKI2020	000196.0001	PG-TASAKI2020-0196	PDF p. 196; print p. 184; §7.1.2; equation (7.1.14)	assertion	equation	P̂₂[Ŝ_x+Ŝ_(x+1)]|Φ_VBS⟩=P̂₂[Ŝ_x+Ŝ_(x+1)]∏_(y=1)^L𝒮_y|Φ_pre-VBS⟩=∏_(y=1)^L𝒮_y P̂₂[Ŝ_(x,L)+Ŝ_(x,R)+Ŝ_(x+1,L)+Ŝ_(x+1,R)]|Φ_pre-VBS⟩=0. (7.1.14)	PENDING	NONE	NONE	false	NONE	NONE	NONE
CL-TASAKI2020-1011	TASAKI2020	000196.0002	PG-TASAKI2020-0196	PDF p. 196; print p. 184; §7.1.2; Problem 7.1.2.a	assertion	problem	Problem 7.1.2.a Let L = 2. Write down |Φpre-VBS ⟩ and |ΦVBS ⟩ explicitly. (Be careful about the periodic boundary condition.) Compute ( Ŝ1 + Ŝ2 )2 |ΦVBS ⟩. What does the result mean? [solution→p.504]	PENDING	NONE	NONE	false	NONE	NONE	NONE
CL-TASAKI2020-1012	TASAKI2020	000196.0003	PG-TASAKI2020-0196	PDF p. 196; print p. 184; §7.1.2; Problem 7.1.2.b	assertion	problem	Problem 7.1.2.b Let L = 3, and write down |Φpre-VBS ⟩ and |ΦVBS ⟩ explicitly. Examine the total spin on sites 1 and 2, and show that there are no components with Stot = 2. [solution→p.505]	PENDING	NONE	NONE	false	NONE	NONE	NONE
CL-TASAKI2020-1013	TASAKI2020	000196.0004	PG-TASAKI2020-0196	PDF p. 196; print p. 184; §7.1.2; paragraph 4	assertion	unnumbered_obligation	The Majumdar–Ghosh model is an important S=1/2 spin-chain model that resembles the AKLT model.	PENDING	NONE	NONE	false	NONE	NONE	NONE
CL-TASAKI2020-1014	TASAKI2020	000197.0001	PG-TASAKI2020-0197	PDF p. 197; print p. 185; §7.1.2; equation (7.1.15)	assertion	equation	ĤMG = ∑_{x=1}^L{Ŝx·Ŝx+1 + (1/2)Ŝx·Ŝx+2}. (7.1.15)	PENDING	NONE	NONE	false	NONE	NONE	NONE
CL-TASAKI2020-1015	TASAKI2020	000197.0002	PG-TASAKI2020-0197	PDF p. 197; print p. 185; §7.1.2; paragraph 3	assertion	unnumbered_obligation	The periodic Majumdar–Ghosh model has nearest-neighbor and weaker next-nearest-neighbor antiferromagnetic interactions and can be rewritten with projection operators.	PENDING	NONE	NONE	false	NONE	NONE	NONE
CL-TASAKI2020-1016	TASAKI2020	000197.0003	PG-TASAKI2020-0197	PDF p. 197; print p. 185; §7.1.2; equation (7.1.16)	assertion	equation	Ĥ_MG = (3/4)∑_{x=1}^L{P̂_(3/2)[Ŝ_x+Ŝ_{x+1}+Ŝ_{x+2}]−1/2}. (7.1.16)	PENDING	NONE	NONE	false	NONE	NONE	NONE
CL-TASAKI2020-1017	TASAKI2020	000197.0004	PG-TASAKI2020-0197	PDF p. 197; print p. 185; §7.1.2; paragraph 5	assertion	unnumbered_obligation	This means that if there exists a state |Φ⟩ with the property that P̂3/2 [ Ŝx + Ŝx+1 + Ŝx+2 ]|Φ⟩ = 0 for any x = 1, . . . , L then |Φ⟩ is an exact ground state, and the ground state energy is E GS = −3L/8.	PENDING	NONE	NONE	false	NONE	NONE	NONE
CL-TASAKI2020-1018	TASAKI2020	000197.0005	PG-TASAKI2020-0197	PDF p. 197; print p. 185; §7.1.2; equation (7.1.17)	assertion	equation	|Φ_dimer^odd⟩=∏_(y=1)^(L/2)(1/√2){|ψ_(2y−1)↑⟩|ψ_(2y)↓⟩−|ψ_(2y−1)↓⟩|ψ_(2y)↑⟩}. (7.1.17)	PENDING	NONE	NONE	false	NONE	NONE	NONE
CL-TASAKI2020-1019	TASAKI2020	000197.0006	PG-TASAKI2020-0197	PDF p. 197; print p. 185; §7.1.2; equation (7.1.18)	assertion	equation	|Φ_dimer^even⟩ = ∏_{y=1}^{L/2} (1/√2){|ψ_{2y}^↑⟩|ψ_{2y+1}^↓⟩ − |ψ_{2y}^↓⟩|ψ_{2y+1}^↑⟩}. (7.1.18)	PENDING	NONE	NONE	false	NONE	NONE	NONE
CL-TASAKI2020-3040	TASAKI2020	000197.0007	PG-TASAKI2020-0197	PDF p. 197; print p. 185; §7.1.2; paragraph after equation (7.1.18)	assertion	unnumbered_obligation	To see this note that, in these states, any three contiguous sites x, x + 1, and x + 2 contain exactly one spin singlet, and hence the total spin of the three sites is always 1/2.	PENDING	NONE	NONE	false	NONE	NONE	NONE
CL-TASAKI2020-3042	TASAKI2020	000197.0008	PG-TASAKI2020-0197	PDF p. 197; print p. 185; §7.1.2; paragraph beginning “The Hamiltonian (7.1.15)”	assertion	unnumbered_obligation	In [81], it was proved that (7.1.17) and (7.1.18) are ground states.	PENDING	NONE	NONE	false	NONE	NONE	NONE
CL-TASAKI2020-3043	TASAKI2020	000197.0009	PG-TASAKI2020-0197	PDF p. 197; print p. 185; §7.1.2; paragraph beginning “The Hamiltonian (7.1.15)”	assertion	remark	Note that, unlike the VBS state, the dimer states are simple tensor products in which sufficiently separated spins are not correlated at all.	PENDING	NONE	NONE	false	NONE	NONE	NONE
CL-TASAKI2020-3044	TASAKI2020	000197.0010	PG-TASAKI2020-0197	PDF p. 197; print p. 185; §7.1.2; paragraph beginning “The Hamiltonian (7.1.15)”	assertion	remark	The two dimer states are not exactly orthogonal but satisfy ⟨Φ_dimer^odd|Φ_dimer^even⟩=2(−1/2)^(L/2).	PENDING	NONE	NONE	false	NONE	NONE	NONE
CL-TASAKI2020-3045	TASAKI2020	000197.0011	PG-TASAKI2020-0197	PDF p. 197; print p. 185; §7.1.2; paragraph beginning “It was proved”	assertion	remark	The states (7.1.17), (7.1.18), and their linear combinations are all ground states of (7.1.15).	PENDING	NONE	NONE	false	NONE	NONE	NONE
CL-TASAKI2020-3346	TASAKI2020	000197.0012	PG-TASAKI2020-0197	PDF p. 197; print p. 185; §7.1.2; paragraph beginning “It was proved”	assertion	remark	There is a nonvanishing energy gap above the ground-state energy.	PENDING	NONE	NONE	false	NONE	NONE	NONE
CL-TASAKI2020-3046	TASAKI2020	000197.0013	PG-TASAKI2020-0197	PDF p. 197; print p. 185; §7.1.2; paragraph beginning “It was proved”	assertion	remark	This resembles the Haldane gap, but the crucial difference is that the ground states are doubly degenerate in this model.	PENDING	NONE	NONE	false	NONE	NONE	NONE
CL-TASAKI2020-1021	TASAKI2020	000198.0001	PG-TASAKI2020-0198	PDF p. 198; print p. 186; §7.1.2; Problem 7.1.2.c	assertion	problem	Problem 7.1.2.c Examine how the Lieb–Schultz–Mattis argument applies to the Majumdar–Ghosh model. Twist one dimer state as |Φ′⟩=ÛLSM|Φdimer odd⟩; compute ⟨Φdimer odd|Φ′⟩ and its L↑∞ limit, and explain why Lemma 6.2 does not apply. Next take |Φdimer+⟩=|Φdimer odd⟩+|Φdimer even⟩ and examine |Φ″⟩=ÛLSM|Φdimer+⟩, in particular what |Φ″⟩ looks like. [solution→p.506]	PENDING	NONE	NONE	false	NONE	NONE	NONE
CL-TASAKI2020-1022	TASAKI2020	000198.0002	PG-TASAKI2020-0198	PDF p. 198; print p. 186; §7.1.3; paragraph 5, atom 1	assertion	unnumbered_obligation	Since a ground state |ΦGS ⟩ must satisfy P̂2 [ Ŝx + Ŝx+1 ]|ΦGS ⟩ = 0, the pair of spins at x and x + 1 (when expressed as four S = 1/2’s) must contain at least one singlet-pair.	PENDING	NONE	NONE	false	NONE	NONE	NONE
CL-TASAKI2020-1023	TASAKI2020	000198.0003	PG-TASAKI2020-0198	PDF p. 198; print p. 186; §7.1.3; Lemma 7.4	assertion	lemma	Lemma 7.4 A state |Φ⟩ of the S=1 chain with L sites satisfies P̂₂[Ŝ_x+Ŝ_{x+1}]|Φ⟩=0 (7.1.19) if and only if it can be written as |Φ⟩=(𝒮_x⊗𝒮_{x+1}){(|ψ_↑⟩_{x,R}|ψ_↓⟩_{x+1,L}−|ψ_↓⟩_{x,R}|ψ_↑⟩_{x+1,L})⊗|Ξ⟩}, (7.1.20) for some state |Ξ⟩.	PENDING	NONE	NONE	false	NONE	NONE	NONE
CL-TASAKI2020-1024	TASAKI2020	000198.0004	PG-TASAKI2020-0198	PDF p. 198; print p. 186; §7.1.3; equation (7.1.19)	assertion	equation	P̂₂[Ŝ_x+Ŝ_(x+1)]|Φ⟩=0. (7.1.19)	PENDING	NONE	NONE	false	NONE	NONE	NONE
CL-TASAKI2020-1025	TASAKI2020	000198.0005	PG-TASAKI2020-0198	PDF p. 198; print p. 186; §7.1.3; equation (7.1.20)	assertion	equation	|Φ⟩=(𝒮_x⊗𝒮_(x+1))(|ψ_(x,R)↑⟩|ψ_(x+1,L)↓⟩−|ψ_(x,R)↓⟩|ψ_(x+1,L)↑⟩)⊗|Ξ⟩. (7.1.20)	PENDING	NONE	NONE	false	NONE	NONE	NONE
CL-TASAKI2020-1027	TASAKI2020	000199.0001	PG-TASAKI2020-0199	PDF p. 199; print p. 187; §7.1.3; equation (7.1.21)	assertion	equation	|Ξ⟩=|ψ_(x,L)^σ⟩|ψ_(x+1,R)^(σ′)⟩⊗⊗_(y≠x,x+1)|ψ_y^(σ_y)⟩. (7.1.21)	PENDING	NONE	NONE	false	NONE	NONE	NONE
CL-TASAKI2020-1028	TASAKI2020	000199.0002	PG-TASAKI2020-0199	PDF p. 199; print p. 187; §7.1.3; equation (7.1.22)	assertion	equation	|ψ^+⟩ ↔ u²,  |ψ^0⟩ ↔ √2 uv,  |ψ^−⟩ ↔ v². (7.1.22)	PENDING	NONE	NONE	false	NONE	NONE	NONE
CL-TASAKI2020-3047	TASAKI2020	000199.0003	PG-TASAKI2020-0199	PDF p. 199; print p. 187; §7.1.3; paragraph 6; audit split atom 1/7	assertion	unnumbered_obligation	Then a general spin state is represented as a homogeneous polynomial of order 2 in u and v.	PENDING	NONE	NONE	false	NONE	NONE	NONE
CL-TASAKI2020-3049	TASAKI2020	000199.0004	PG-TASAKI2020-0199	PDF p. 199; print p. 187; §7.1.3; paragraph 6; audit split atom 3/7	assertion	unnumbered_obligation	Here symmetrization is automatically implemented since uv = vu.	PENDING	NONE	NONE	false	NONE	NONE	NONE
CL-TASAKI2020-3050	TASAKI2020	000199.0005	PG-TASAKI2020-0199	PDF p. 199; print p. 187; §7.1.3; paragraph 6; audit split atom 4/7	assertion	remark	The correspondences in (7.1.23) reproduce the action of the spin operators.	PENDING	NONE	NONE	false	NONE	NONE	NONE
CL-TASAKI2020-1030	TASAKI2020	000199.0006	PG-TASAKI2020-0199	PDF p. 199; print p. 187; §7.1.3; equation (7.1.23)	assertion	equation	Ŝ+↔u∂/∂v, Ŝ−↔v∂/∂u, Ŝ^(3)↔(1/2)(u∂/∂u−v∂/∂v). (7.1.23)	PENDING	NONE	NONE	false	NONE	NONE	NONE
CL-TASAKI2020-3051	TASAKI2020	000199.0007	PG-TASAKI2020-0199	PDF p. 199; print p. 187; §7.1.3; paragraph after equation (7.1.23)	domain	domain	We extend the representation to the states of S = 1 spin chain with L sites.	PENDING	NONE	NONE	false	NONE	NONE	NONE
CL-TASAKI2020-3052	TASAKI2020	000199.0008	PG-TASAKI2020-0199	PDF p. 199; print p. 187; §7.1.3; paragraph after equation (7.1.23)	definition	definition	An arbitrary S=1 chain state |Φ⟩ is represented by a polynomial Φ(u,v), where u=(u₁,…,u_L) and v=(v₁,…,v_L), with suitable homogeneity.	PENDING	NONE	NONE	false	NONE	NONE	NONE
CL-TASAKI2020-3053	TASAKI2020	000199.0009	PG-TASAKI2020-0199	PDF p. 199; print p. 187; §7.1.3; paragraph after equation (7.1.23)	hypothesis	hypothesis	Let |Φ⟩ be a ground state.	PENDING	NONE	NONE	false	NONE	NONE	NONE
CL-TASAKI2020-1031	TASAKI2020	000199.0010	PG-TASAKI2020-0199	PDF p. 199; print p. 187; §7.1.3; equation (7.1.24)	assertion	equation	Φ(u,v)=(u_xv_(x+1)−v_xu_(x+1))Ξ(u,v). (7.1.24)	PENDING	NONE	NONE	false	NONE	NONE	NONE
CL-TASAKI2020-1032	TASAKI2020	000199.0011	PG-TASAKI2020-0199	PDF p. 199; print p. 187; §7.1.3; paragraph 8	assertion	unnumbered_obligation	Recall that Φ(u, v) is a polynomial of degree 2L and satisfies (7.1.24) for each x = 1, 2, . . . , L (with of course different Ξ (u, v)).	PENDING	NONE	NONE	false	NONE	NONE	NONE
CL-TASAKI2020-1033	TASAKI2020	000199.0012	PG-TASAKI2020-0199	PDF p. 199; print p. 187; §7.1.3; equation (7.1.25)	assertion	equation	Φ(u,v)=(constant)∏_(x=1)^L(u_xv_(x+1)−v_xu_(x+1)). (7.1.25)	PENDING	NONE	NONE	false	NONE	NONE	NONE
CL-TASAKI2020-1034	TASAKI2020	000200.0001	PG-TASAKI2020-0200	PDF p. 200; print p. 188; §7.1.4; paragraph 4, atom 1	hypothesis	hypothesis	It enables us to rigorously show the existence of a gap in an indefinitely large system provided that a small system has a sufficiently large energy gap. Let Ĥ be any Hamiltonian whose ground state energy is exactly zero.	PENDING	NONE	NONE	false	NONE	NONE	NONE
CL-TASAKI2020-1035	TASAKI2020	000200.0002	PG-TASAKI2020-0200	PDF p. 200; print p. 188; §7.1.4; paragraph 4, atom 2	assertion	subclaim	For a Hamiltonian with ground-state energy zero, Ĥ²≥εĤ is equivalent to E_j≥ε for every nonzero eigenvalue E_j≠0.	PENDING	NONE	NONE	false	NONE	NONE	NONE
CL-TASAKI2020-1036	TASAKI2020	000200.0003	PG-TASAKI2020-0200	PDF p. 200; print p. 188; §7.1.4; paragraph 5	hypothesis	hypothesis	We here assume that L is even, but the case with odd L is similar (and easier).	PENDING	NONE	NONE	false	NONE	NONE	NONE
CL-TASAKI2020-1037	TASAKI2020	000200.0004	PG-TASAKI2020-0200	PDF p. 200; print p. 188; §7.1.4; equation (7.1.26)	assertion	equation	(ĤAKLT′)² = ∑_{x=1}^L∑_{y=1}^L P̂x,x+1P̂y,y+1 = ĤAKLT′ + ∑_{r=1}^{L/2}Ĉr. (7.1.26)	PENDING	NONE	NONE	false	NONE	NONE	NONE
CL-TASAKI2020-1038	TASAKI2020	000200.0005	PG-TASAKI2020-0200	PDF p. 200; print p. 188; §7.1.4; equation (7.1.27)	assertion	equation	Ĉ1 = ∑_{x=1}^L{P̂x,x+1P̂x+1,x+2+P̂x+1,x+2P̂x,x+1}. (7.1.27)	PENDING	NONE	NONE	false	NONE	NONE	NONE
CL-TASAKI2020-1039	TASAKI2020	000200.0006	PG-TASAKI2020-0200	PDF p. 200; print p. 188; §7.1.4; equation (7.1.28)	assertion	equation	Ĉr = 2∑_{x=1}^L P̂x,x+1P̂x+r,x+r+1, r=2,…,(L/2)−1. (7.1.28)	PENDING	NONE	NONE	false	NONE	NONE	NONE
CL-TASAKI2020-1040	TASAKI2020	000200.0007	PG-TASAKI2020-0200	PDF p. 200; print p. 188; §7.1.4; equation (7.1.29)	assertion	equation	ĈL/2 = ∑_{x=1}^L P̂x,x+1P̂x+(L/2),x+(L/2)+1. (7.1.29)	PENDING	NONE	NONE	false	NONE	NONE	NONE
CL-TASAKI2020-1041	TASAKI2020	000201.0001	PG-TASAKI2020-0201	PDF p. 201; print p. 189; §7.1.4; paragraph 2	assertion	remark	Note that, if r ≥ 2, the two projection operators P̂x,x+1 and P̂x+r,x+r +1 commute, and hence Ĉr ≥ 0.	PENDING	NONE	NONE	false	NONE	NONE	NONE
CL-TASAKI2020-1042	TASAKI2020	000201.0002	PG-TASAKI2020-0201	PDF p. 201; print p. 189; §7.1.4; equation (7.1.30)	assertion	equation	ĥx,x+ℓ = ∑_{j=1}^ℓ P̂x+j−1,x+j. (7.1.30)	PENDING	NONE	NONE	false	NONE	NONE	NONE
CL-TASAKI2020-1043	TASAKI2020	000201.0003	PG-TASAKI2020-0201	PDF p. 201; print p. 189; §7.1.4; equation (7.1.31)	assertion	equation	∑_{x=1}^L ĥx,x+ℓ = ℓĤAKLT′. (7.1.31)	PENDING	NONE	NONE	false	NONE	NONE	NONE
CL-TASAKI2020-1044	TASAKI2020	000201.0004	PG-TASAKI2020-0201	PDF p. 201; print p. 189; §7.1.4; equation (7.1.32)	assertion	equation	(ĥ_{x,x+ℓ})² = ĥ_{x,x+ℓ} + ∑_{j=1}^{ℓ−1}{P̂_{x+j−1,x+j}P̂_{x+j,x+j+1}+P̂_{x+j,x+j+1}P̂_{x+j−1,x+j}} + ∑_{r=2}^{ℓ−1}∑_{j=1}^{ℓ−r}2P̂_{x+j−1,x+j}P̂_{x+j+r−1,x+j+r}. (7.1.32)	PENDING	NONE	NONE	false	NONE	NONE	NONE
CL-TASAKI2020-1045	TASAKI2020	000201.0005	PG-TASAKI2020-0201	PDF p. 201; print p. 189; §7.1.4; equation (7.1.33)	assertion	equation	∑_{x=1}^L{P̂x+j−1,x+jP̂x+j,x+j+1+P̂x+j,x+j+1P̂x+j−1,x+j} = ∑_{y=1}^L{P̂y,y+1P̂y+1,y+2+P̂y+1,y+2P̂y,y+1}=Ĉ1. (7.1.33)	PENDING	NONE	NONE	false	NONE	NONE	NONE
CL-TASAKI2020-1046	TASAKI2020	000201.0006	PG-TASAKI2020-0201	PDF p. 201; print p. 189; §7.1.4; equation (7.1.34)	assertion	equation	∑_{x=1}^L2P̂x+j−1,x+jP̂x+j+r−1,x+j+r = 2∑_{y=1}^L P̂y,y+1P̂y+r,y+r+1=Ĉr. (7.1.34)	PENDING	NONE	NONE	false	NONE	NONE	NONE
CL-TASAKI2020-1047	TASAKI2020	000201.0007	PG-TASAKI2020-0201	PDF p. 201; print p. 189; §7.1.4; equation (7.1.35)	assertion	equation	∑_{x=1}^L(ĥx,x+ℓ)² = ℓĤAKLT′ + ∑_{r=1}^{ℓ−1}(ℓ−r)Ĉr. (7.1.35)	PENDING	NONE	NONE	false	NONE	NONE	NONE
CL-TASAKI2020-1048	TASAKI2020	000202.0001	PG-TASAKI2020-0202	PDF p. 202; print p. 190; §7.1.4; equation (7.1.36)	assertion	equation	(1/(ℓ−1))∑_{x=1}^L(ĥ′_{x,x+ℓ})² = (1/(ℓ−1))Ĥ′_AKLT + Ĥ′_AKLT + Ĉ_1 + ∑_{r=2}^{ℓ−1}((ℓ−r)/(ℓ−1))Ĉ_r ≤ (1/(ℓ−1))Ĥ′_AKLT + Ĥ′_AKLT + ∑_{r=1}^{L/2}Ĉ_r = (1/(ℓ−1))Ĥ′_AKLT + (Ĥ′_AKLT)². (7.1.36)	PENDING	NONE	NONE	false	NONE	NONE	NONE
CL-TASAKI2020-1049	TASAKI2020	000202.0002	PG-TASAKI2020-0202	PDF p. 202; print p. 190; §7.1.4; equation (7.1.37)	assertion	equation	(Ĥ′_AKLT)² ≥ (1/(ℓ−1)){∑_{x=1}^L(ĥ_{x,x+ℓ})²−Ĥ′_AKLT}. (7.1.37)	PENDING	NONE	NONE	false	NONE	NONE	NONE
CL-TASAKI2020-1050	TASAKI2020	000202.0003	PG-TASAKI2020-0202	PDF p. 202; print p. 190; §7.1.4; paragraph 6	assertion	remark	The local Hamiltonian ĥ_{x,x+ℓ} also has ground-state energy zero; if its gap is ε_ℓ>0, then ĥ_{x,x+ℓ}²≥ε_ℓĥ_{x,x+ℓ}.	PENDING	NONE	NONE	false	NONE	NONE	NONE
CL-TASAKI2020-1051	TASAKI2020	000202.0004	PG-TASAKI2020-0202	PDF p. 202; print p. 190; §7.1.4; equation (7.1.38)	assertion	equation	(Ĥ′_AKLT)² ≥ (1/(ℓ−1)){ε∑_{x=1}^L ĥ_{x,x+ℓ}−Ĥ′_AKLT} = {εℓ/(ℓ−1)−1/(ℓ−1)}Ĥ′_AKLT. (7.1.38)	PENDING	NONE	NONE	false	NONE	NONE	NONE
CL-TASAKI2020-1052	TASAKI2020	000202.0005	PG-TASAKI2020-0202	PDF p. 202; print p. 190; §7.1.4; paragraph 8	assertion	unnumbered_obligation	In fact Knabe [44] found that ε₅≃0.398451, which shows that the energy gap ΔE of Ĥ′_AKLT satisfies ΔE≥0.248 for any L>10.	PENDING	NONE	NONE	false	NONE	NONE	NONE
CL-TASAKI2020-1053	TASAKI2020	000203.0001	PG-TASAKI2020-0203	PDF p. 203; print p. 191; §7.2.1; equation (7.2.1)	assertion	equation	|Φ_VBS⟩ = ∑_σ c_σ|Ψ_σ⟩. (7.2.1)	PENDING	NONE	NONE	false	NONE	NONE	NONE
CL-TASAKI2020-1054	TASAKI2020	000203.0002	PG-TASAKI2020-0203	PDF p. 203; print p. 191; §7.2.1; paragraph 7, atom 1	assertion	unnumbered_obligation	Recall that there are 3 L distinct spin configurations σ in the S = 1 chain.	PENDING	NONE	NONE	false	NONE	NONE	NONE
CL-TASAKI2020-1055	TASAKI2020	000203.0003	PG-TASAKI2020-0203	PDF p. 203; print p. 191; §7.2.1; paragraph 7, atom 2	assertion	unnumbered_obligation	We conclude that there are (at least) 3 L − 2 L configurations σ with cσ = 0.	PENDING	NONE	NONE	false	NONE	NONE	NONE
CL-TASAKI2020-1056	TASAKI2020	000203.0004	PG-TASAKI2020-0203	PDF p. 203; print p. 191; §7.2.1; paragraph 7, atom 3	assertion	unnumbered_obligation	For the antiferromagnetic Heisenberg model, the Marshall–Lieb–Mattis theorem implies c_σ≠0 for every spin configuration σ in the relevant magnetization sector.	PENDING	NONE	NONE	false	NONE	NONE	NONE
CL-TASAKI2020-1057	TASAKI2020	000203.0005	PG-TASAKI2020-0203	PDF p. 203; print p. 191; §7.2; Fig. 7.3 caption	assertion	remark	Fig. 7.3 a A valence bond is a sum of two product states. We distinguish the two by the index αx+1 = 1, 2. b A typical term in the expansion of the VBS state. The number 1 or 2 on each bond is the index αx+1 . After applying the symmetrization Sx at each site (according the rules (7.1.9)) we obtain a spin configuration +00−+0−+, where we see a clear hidden antiferromagnetic order, i.e., + and − alternate with arbitrary number of 0’s in between them.	PENDING	NONE	NONE	false	NONE	NONE	NONE
CL-TASAKI2020-1058	TASAKI2020	000204.0001	PG-TASAKI2020-0204	PDF p. 204; print p. 192; §7.2.1; equation (7.2.2)	assertion	equation	[diagram transcription] The visible spin string is + − + 0 − 0 + − + 0 0 0 − 0 + −. (7.2.2)	PENDING	NONE	NONE	false	NONE	NONE	NONE
CL-TASAKI2020-1059	TASAKI2020	000204.0002	PG-TASAKI2020-0204	PDF p. 204; print p. 192; §7.2.1; paragraph 2, atom 1	hypothesis	hypothesis	Suppose that one has σ1 = 1, which means that bond indices are 2 1 chosen as α1 = 2 and α2 = 1 to have the configuration .	PENDING	NONE	NONE	false	NONE	NONE	NONE
CL-TASAKI2020-1060	TASAKI2020	000204.0003	PG-TASAKI2020-0204	PDF p. 204; print p. 192; §7.2.1; paragraph 2, atom 2	hypothesis	hypothesis	Suppose that we choose α3 = 1 to have σ2 = 0.	PENDING	NONE	NONE	false	NONE	NONE	NONE
CL-TASAKI2020-1061	TASAKI2020	000205.0001	PG-TASAKI2020-0205	PDF p. 205; print p. 193; §7.2.1; equation (7.2.3)	assertion	equation	[diagram transcription] The visible spin string is + − + − + − + − + − + − + − + −. (7.2.3)	PENDING	NONE	NONE	false	NONE	NONE	NONE
CL-TASAKI2020-1062	TASAKI2020	000205.0002	PG-TASAKI2020-0205	PDF p. 205; print p. 193; §7.2.1; equation (7.2.4)	assertion	equation	O_Néel^(3)(Φ) := lim_{|y−x|↑∞} lim_{L↑∞}(−1)^{y−x}⟨Φ|Ŝ_x^(3)Ŝ_y^(3)|Φ⟩. (7.2.4)	PENDING	NONE	NONE	false	NONE	NONE	NONE
CL-TASAKI2020-1063	TASAKI2020	000205.0003	PG-TASAKI2020-0205	PDF p. 205; print p. 193; §7.2.1; equation (7.2.5)	assertion	equation	(−1)^(number of ± between x and y)σ_xσ_y=−1. (7.2.5)	PENDING	NONE	NONE	false	NONE	NONE	NONE
CL-TASAKI2020-1065	TASAKI2020	000205.0004	PG-TASAKI2020-0205	PDF p. 205; print p. 193; §7.2.1; equation (7.2.6)	assertion	equation	S_{x,y}^(α)(Φ) := −⟨Φ|Ŝ_x^(α) exp[iπ∑_{z=x+1}^{y−1}Ŝ_z^(α)] Ŝ_y^(α)|Φ⟩. (7.2.6)	PENDING	NONE	NONE	false	NONE	NONE	NONE
CL-TASAKI2020-1066	TASAKI2020	000205.0005	PG-TASAKI2020-0205	PDF p. 205; print p. 193; §7.2.1; paragraph 6	definition	definition	Define O_string^(α)(Φ):=−lim_{y−x↑∞}lim_{L↑∞}S_{x,y}^(α)(Φ). (7.2.7)	PENDING	NONE	NONE	false	NONE	NONE	NONE
CL-TASAKI2020-1067	TASAKI2020	000205.0006	PG-TASAKI2020-0205	PDF p. 205; print p. 193; §7.2.1; equation (7.2.7)	assertion	equation	𝒪_string^(α)(Φ):=−lim_{y−x↑∞}lim_{L↑∞}𝒮_{x,y}^(α)(Φ). (7.2.7)	PENDING	NONE	NONE	false	NONE	NONE	NONE
CL-TASAKI2020-3263	TASAKI2020	000205.0007	PG-TASAKI2020-0205	PDF p. 205; print p. 193; §7.2.1; paragraph 7; v7 split atom 1/2	assertion	unnumbered_obligation	For the VBS state, the analysis in the first half of this section shows 𝒪_string^(3)(Φ_VBS)>0.	PENDING	NONE	NONE	false	NONE	NONE	NONE
CL-TASAKI2020-3264	TASAKI2020	000205.0008	PG-TASAKI2020-0205	PDF p. 205; print p. 193; §7.2.1; paragraph 7; v7 split atom 2/2	assertion	unnumbered_obligation	SU(2) invariance implies that 𝒪_string^(α)(Φ_VBS) is independent of α=1,2,3.	PENDING	NONE	NONE	false	NONE	NONE	NONE
CL-TASAKI2020-1069	TASAKI2020	000205.0009	PG-TASAKI2020-0205	PDF p. 205; print p. 193; §7.2.1; equation (7.2.8)	assertion	equation	𝒪_string^(1)(Φ_VBS)=𝒪_string^(2)(Φ_VBS)=𝒪_string^(3)(Φ_VBS)=4/9. (7.2.8)	PENDING	NONE	NONE	false	NONE	NONE	NONE
CL-TASAKI2020-3055	TASAKI2020	000206.0001	PG-TASAKI2020-0206	PDF p. 206; print p. 194; §7.2.2; paragraph 3; atom 1	assertion	remark	The VBS state (7.2.11) was the first nontrivial example of a matrix-product state.	PENDING	NONE	NONE	false	NONE	NONE	NONE
CL-TASAKI2020-3347	TASAKI2020	000206.0002	PG-TASAKI2020-0206	PDF p. 206; print p. 194; §7.2.2; paragraph 3; atom 2	assertion	remark	The MPS formulation efficiently describes a large class of one-dimensional many-body states.	PENDING	NONE	NONE	false	NONE	NONE	NONE
CL-TASAKI2020-3056	TASAKI2020	000206.0003	PG-TASAKI2020-0206	PDF p. 206; print p. 194; §7.2.2; paragraph 3; atom 1	assertion	remark	Fannes, Nachtergaele, and Werner discovered the matrix-product representation and developed a general MPS theory.	PENDING	NONE	NONE	false	NONE	NONE	NONE
CL-TASAKI2020-3058	TASAKI2020	000206.0004	PG-TASAKI2020-0206	PDF p. 206; print p. 194; §7.2.2; second introductory paragraph	assertion	remark	The techniques explained here apply to general matrix product states.	PENDING	NONE	NONE	false	NONE	NONE	NONE
CL-TASAKI2020-3060	TASAKI2020	000206.0005	PG-TASAKI2020-0206	PDF p. 206; print p. 194; §7.2.2; “Matrix product representation of cσ”; opening paragraph	assertion	unnumbered_obligation	In the preceding construction, every sequence of bond indices α₁,…,α_L uniquely determines a spin configuration σ=(σ₁,…,σ_L).	PENDING	NONE	NONE	false	NONE	NONE	NONE
CL-TASAKI2020-1071	TASAKI2020	000206.0006	PG-TASAKI2020-0206	PDF p. 206; print p. 194; §7.2.2; equation (7.2.9)	assertion	equation	σ_x = {1 if α_x=2 and α_{x+1}=1; −1 if α_x=1 and α_{x+1}=2; 0 if α_x=α_{x+1}}. (7.2.9)	PENDING	NONE	NONE	false	NONE	NONE	NONE
CL-TASAKI2020-1072	TASAKI2020	000207.0001	PG-TASAKI2020-0207	PDF p. 207; print p. 195; §7.2.2; paragraph 2	domain	domain	Let us introduce a quantity Aσα,α′ with α, α ′ = 1, 2 and σ = 0, ±1.	PENDING	NONE	NONE	false	NONE	NONE	NONE
CL-TASAKI2020-1073	TASAKI2020	000207.0002	PG-TASAKI2020-0207	PDF p. 207; print p. 195; §7.2.2; equation (7.2.10)	assertion	equation	A^+_{2,1}=−1/√2,  A^−_{1,2}=1/√2,  A^0_{1,1}=1/2,  A^0_{2,2}=−1/2. (7.2.10)	PENDING	NONE	NONE	false	NONE	NONE	NONE
CL-TASAKI2020-1074	TASAKI2020	000207.0003	PG-TASAKI2020-0207	PDF p. 207; print p. 195; §7.2.2; equation (7.2.11)	assertion	equation	c_σ = ∑_{α_1,…,α_L=1,2} A^{σ_1}_{α_1,α_2}A^{σ_2}_{α_2,α_3}⋯A^{σ_L}_{α_L,α_1}. (7.2.11)	PENDING	NONE	NONE	false	NONE	NONE	NONE
CL-TASAKI2020-1075	TASAKI2020	000207.0004	PG-TASAKI2020-0207	PDF p. 207; print p. 195; §7.2.2; equation (7.2.12)	assertion	equation	A^+=[[0,0],[-1/√2,0]], A^0=[[1/2,0],[0,−1/2]], A^−=[[0,1/√2],[0,0]]. (7.2.12)	PENDING	NONE	NONE	false	NONE	NONE	NONE
CL-TASAKI2020-1076	TASAKI2020	000207.0005	PG-TASAKI2020-0207	PDF p. 207; print p. 195; §7.2.2; equation (7.2.13)	assertion	equation	c_σ=Tr[A^(σ₁)A^(σ₂)⋯A^(σ_L)]. (7.2.13)	PENDING	NONE	NONE	false	NONE	NONE	NONE
CL-TASAKI2020-1077	TASAKI2020	000208.0001	PG-TASAKI2020-0208	PDF p. 208; print p. 196; §7.2.2; equation (7.2.14)	assertion	equation	|Φ_VBS⟩ = ∑_{σ,α}A^{σ_1}_{α_1,α_2}A^{σ_2}_{α_2,α_3}⋯A^{σ_L}_{α_L,α_1}|Ψ_σ⟩ = ∑_σ Tr[A^{σ_1}A^{σ_2}⋯A^{σ_L}]|Ψ_σ⟩. (7.2.14)	PENDING	NONE	NONE	false	NONE	NONE	NONE
CL-TASAKI2020-1078	TASAKI2020	000208.0002	PG-TASAKI2020-0208	PDF p. 208; print p. 196; §7.2.2; equation (7.2.15)	assertion	equation	[diagram transcription] c_σ equals a closed one-layer tensor network of L boxes labeled A. From left to right the boxes have open physical legs σ₁,σ₂,σ₃,…,σ_L; neighboring virtual legs are joined horizontally, and the outgoing leg of the last box loops back to the incoming leg of the first. (7.2.15)	PENDING	NONE	NONE	false	NONE	NONE	NONE
CL-TASAKI2020-1079	TASAKI2020	000208.0003	PG-TASAKI2020-0208	PDF p. 208; print p. 196; §7.2.2; Problem 7.2.2.a	assertion	problem	Problem 7.2.2.a Starting from the representation (7.2.13) or (7.2.15), confirm that the coefficient cσ is nonvanishing only when the spin configuration σ has complete hidden antiferromagnetic order. (Hint: Try multiplying the vector (1, 0)t , where t denotes the transpose, by A+ , A0 , or A− successively.) [solution→p.507]	PENDING	NONE	NONE	false	NONE	NONE	NONE
CL-TASAKI2020-1081	TASAKI2020	000208.0004	PG-TASAKI2020-0208	PDF p. 208; print p. 196; §7.2.2; equation (7.2.16)	assertion	equation	|p^(1)⟩ := (1/√2)(−1,0,1)^t,  |p^(2)⟩ := (1/√2)(i,0,i)^t,  |p^(3)⟩ := (0,1,0)^t. (7.2.16)	PENDING	NONE	NONE	false	NONE	NONE	NONE
CL-TASAKI2020-1082	TASAKI2020	000208.0005	PG-TASAKI2020-0208	PDF p. 208; print p. 196; §7.2.2; paragraph 6	definition	definition	For γ=(γ₁,…,γ_L), γ_x∈{1,2,3}, define |P^γ⟩:=⊗_{x=1}^L|p_x^(γ_x)⟩.	PENDING	NONE	NONE	false	NONE	NONE	NONE
CL-TASAKI2020-3301	TASAKI2020	000208.0006	PG-TASAKI2020-0208	PDF p. 208; print p. 196; §7.2.2; Problem 7.2.2.b; v8 source-atomic partition	assertion	problem	Problem 7.2.2.b Using (7.2.14), find the matrix-product representation of |Φ_VBS⟩ in the basis {|P^γ⟩}, rather than {|Ψ^σ⟩}. [solution→p.507]	PENDING	NONE	NONE	false	NONE	NONE	NONE
CL-TASAKI2020-1083	TASAKI2020	000208.0007	PG-TASAKI2020-0208	PDF p. 208; print p. 196; §7.2.2; paragraph 7	assertion	unnumbered_obligation	The basis satisfies Ŝ^(α)|p^(α)⟩=0 and exp[−i(π/2)Ŝ^(α)]|p^(β)⟩=∑_{γ=1}^3ε_{αβγ}|p^(γ)⟩.	PENDING	NONE	NONE	false	NONE	NONE	NONE
CL-TASAKI2020-1084	TASAKI2020	000209.0001	PG-TASAKI2020-0209	PDF p. 209; print p. 197; §7.2.2; equation (7.2.17)	assertion	equation	⟨Φ_VBS|Φ_VBS⟩ = ∑_σ(c_σ)² = ∑_σ∑_{α_1,…,α_L=1,2; β_1,…,β_L=1,2} A^{σ_1}_{α_1,α_2}⋯A^{σ_L}_{α_L,α_1}A^{σ_1}_{β_1,β_2}⋯A^{σ_L}_{β_L,β_1}. (7.2.17)	PENDING	NONE	NONE	false	NONE	NONE	NONE
CL-TASAKI2020-1085	TASAKI2020	000209.0002	PG-TASAKI2020-0209	PDF p. 209; print p. 197; §7.2.2; equation (7.2.18)	assertion	equation	[diagram transcription] The norm ⟨Φ_VBS|Φ_VBS⟩ is represented by a closed double-layer tensor network with L matrices A in each layer, corresponding sites contracted vertically, and each layer closed periodically. (7.2.18)	PENDING	NONE	NONE	false	NONE	NONE	NONE
CL-TASAKI2020-1086	TASAKI2020	000209.0003	PG-TASAKI2020-0209	PDF p. 209; print p. 197; §7.2.2; equation (7.2.19)	assertion	equation	[diagram transcription] The transfer matrix Ã has incoming row indices α,β and outgoing column indices α′,β′. It is drawn as an upper A box (α→α′) stacked over a lower A box (β→β′), with their physical σ legs joined vertically and summed. (7.2.19)	PENDING	NONE	NONE	false	NONE	NONE	NONE
CL-TASAKI2020-1087	TASAKI2020	000209.0004	PG-TASAKI2020-0209	PDF p. 209; print p. 197; §7.2.2; equation (7.2.20)	assertion	equation	(Ã)_(α,β;α′,β′):=∑_σ A^σ_(α,α′)A^σ_(β,β′). (7.2.20)	PENDING	NONE	NONE	false	NONE	NONE	NONE
CL-TASAKI2020-1088	TASAKI2020	000209.0005	PG-TASAKI2020-0209	PDF p. 209; print p. 197; §7.2.2; equation (7.2.21)	assertion	equation	[diagram transcription] The norm ⟨Φ_VBS|Φ_VBS⟩ is a closed tensor-network loop of L transfer-matrix boxes Ã; each successive pair of upper/lower bond lines is contracted and the final pair closes to the first. (7.2.21)	PENDING	NONE	NONE	false	NONE	NONE	NONE
CL-TASAKI2020-1089	TASAKI2020	000209.0006	PG-TASAKI2020-0209	PDF p. 209; print p. 197; §7.2.2; equation (7.2.22)	assertion	equation	⟨Φ_VBS|Φ_VBS⟩ = ∑_{α_1,…,α_L=1,2; β_1,…,β_L=1,2} Ã_{α_1,β_1;α_2,β_2}Ã_{α_2,β_2;α_3,β_3}⋯Ã_{α_L,β_L;α_1,β_1} = Tr[Ã^L]. (7.2.22)	PENDING	NONE	NONE	false	NONE	NONE	NONE
CL-TASAKI2020-1090	TASAKI2020	000209.0007	PG-TASAKI2020-0209	PDF p. 209; print p. 197; §7.2.2; equation (7.2.23)	assertion	equation	Ã_{2,2;1,1} = ∑_{σ=−1,0,1}A^σ_{2,1}A^σ_{2,1}=A^+_{2,1}A^+_{2,1}=1/2. (7.2.23)	PENDING	NONE	NONE	false	NONE	NONE	NONE
CL-TASAKI2020-1091	TASAKI2020	000209.0008	PG-TASAKI2020-0209	PDF p. 209; print p. 197; §7.2.2; Note unnumbered line 15	assertion	remark	The tensor-network diagram contracts indices so that the spin variable σ may be summed first and absorbed into a larger transfer matrix.	PENDING	NONE	NONE	false	NONE	NONE	NONE
CL-TASAKI2020-1092	TASAKI2020	000210.0001	PG-TASAKI2020-0210	PDF p. 210; print p. 198; §7.2.2; equation (7.2.24)	assertion	equation	Ã=((1/4,1/2,0,0),(1/2,1/4,0,0),(0,0,−1/4,0),(0,0,0,−1/4)), with row and column order (1,1),(2,2),(1,2),(2,1). (7.2.24)	PENDING	NONE	NONE	false	NONE	NONE	NONE
CL-TASAKI2020-1093	TASAKI2020	000210.0002	PG-TASAKI2020-0210	PDF p. 210; print p. 198; §7.2.2; equation (7.2.25)	assertion	equation	⟨Φ_VBS|Φ_VBS⟩=Tr[Ã^L]=(3/4)^L+3(−1/4)^L. (7.2.25)	PENDING	NONE	NONE	false	NONE	NONE	NONE
CL-TASAKI2020-1094	TASAKI2020	000210.0003	PG-TASAKI2020-0210	PDF p. 210; print p. 198; §7.2.2; equation (7.2.26)	assertion	equation	⟨Φ_VBS|Ŝ_1^(3)Ŝ_{r+1}^(3)|Φ_VBS⟩ = ∑_{α_1,…,α_L=1,2;β_1,…,β_L=1,2} B̃_{α_1,β_1;α_2,β_2}Ã_{α_2,β_2;α_3,β_3}⋯Ã_{α_r,β_r;α_{r+1},β_{r+1}}B̃_{α_{r+1},β_{r+1};α_{r+2},β_{r+2}}Ã_{α_{r+2},β_{r+2};α_{r+3},β_{r+3}}⋯Ã_{α_L,β_L;α_1,β_1} = Tr[B̃Ã^{r−1}B̃Ã^{L−r−1}]. (7.2.26)	PENDING	NONE	NONE	false	NONE	NONE	NONE
CL-TASAKI2020-1095	TASAKI2020	000210.0004	PG-TASAKI2020-0210	PDF p. 210; print p. 198; §7.2.2; Note unnumbered line 3	assertion	remark	The nonzero transfer-matrix components are Ã_{2,2;1,1}=1/2 from σ=+1; Ã_{1,1;2,2}=1/2 from σ=−1; Ã_{1,1;1,1}=Ã_{2,2;2,2}=1/4 from σ=0; and Ã_{1,2;1,2}=Ã_{2,1;2,1}=−1/4 from σ=0.	PENDING	NONE	NONE	false	NONE	NONE	NONE
CL-TASAKI2020-1096	TASAKI2020	000211.0001	PG-TASAKI2020-0211	PDF p. 211; print p. 199; §7.2.2; equation (7.2.27)	assertion	equation	[diagram transcription] The closed VBS tensor network for ⟨Φ_VBS|Ŝ₁^(3)Ŝ₃^(3)|Φ_VBS⟩ has local Ŝ^(3) insertions at sites 1 and 3; contracting physical legs changes those two A-pairs into B̃ boxes and every other A-pair into an Ã box. (7.2.27)	PENDING	NONE	NONE	false	NONE	NONE	NONE
CL-TASAKI2020-1097	TASAKI2020	000211.0002	PG-TASAKI2020-0211	PDF p. 211; print p. 199; §7.2.2; equation (7.2.28)	assertion	equation	[diagram transcription] The matrix B̃ has incoming row indices α,β and outgoing column indices α′,β′. It is drawn as an upper A box (α→α′) stacked over a lower A box (β→β′), with the two physical legs joined vertically through an Ŝ^(3) insertion. (7.2.28)	PENDING	NONE	NONE	false	NONE	NONE	NONE
CL-TASAKI2020-1098	TASAKI2020	000211.0003	PG-TASAKI2020-0211	PDF p. 211; print p. 199; §7.2.2; equation (7.2.29)	assertion	equation	B̃_{α,β;α′,β′} := ∑_{σ,σ′=−1,0,1} A^σ_{α,α′}⟨ψ_σ|Ŝ^(3)|ψ_σ′⟩A^{σ′}_{β,β′} = ∑_{σ=−1,0,1} σ A^σ_{α,α′}A^σ_{β,β′}. (7.2.29)	PENDING	NONE	NONE	false	NONE	NONE	NONE
CL-TASAKI2020-1099	TASAKI2020	000211.0004	PG-TASAKI2020-0211	PDF p. 211; print p. 199; §7.2.2; equation (7.2.30)	assertion	equation	B̃=((0,−1/2,0,0),(1/2,0,0,0),(0,0,0,0),(0,0,0,0)), with row and column order (1,1),(2,2),(1,2),(2,1). (7.2.30)	PENDING	NONE	NONE	false	NONE	NONE	NONE
CL-TASAKI2020-1100	TASAKI2020	000211.0005	PG-TASAKI2020-0211	PDF p. 211; print p. 199; §7.2.2; equation (7.2.31)	assertion	equation	⟨Φ_VBS|Ŝ_1^(3)Ŝ_{r+1}^(3)|Φ_VBS⟩ = Tr([[0,−1/2],[1/2,0]][[1/4,1/2],[1/2,1/4]]^(r−1)[[0,−1/2],[1/2,0]][[1/4,1/2],[1/2,1/4]]^(L−r−1)). (7.2.31)	PENDING	NONE	NONE	false	NONE	NONE	NONE
CL-TASAKI2020-1101	TASAKI2020	000211.0006	PG-TASAKI2020-0211	PDF p. 211; print p. 199; §7.2.2; paragraph 12; atom 1	definition	definition	Let O=(1/√2)[[1,1],[1,−1]].	PENDING	NONE	NONE	false	NONE	NONE	NONE
CL-TASAKI2020-3398	TASAKI2020	000211.0007	PG-TASAKI2020-0211	PDF p. 211; print p. 199; §7.2.2; paragraph 12; atom 2	assertion	unnumbered_obligation	One has O²=I.	PENDING	NONE	NONE	false	NONE	NONE	NONE
CL-TASAKI2020-3399	TASAKI2020	000211.0008	PG-TASAKI2020-0211	PDF p. 211; print p. 199; §7.2.2; paragraph 12; atom 3	assertion	unnumbered_obligation	One has (1/4)[[1,2],[2,1]]=O diag(3/4,−1/4) O.	PENDING	NONE	NONE	false	NONE	NONE	NONE
CL-TASAKI2020-1102	TASAKI2020	000211.0009	PG-TASAKI2020-0211	PDF p. 211; print p. 199; §7.2.2; paragraph 13	notation	notation	Footnote 27: the diagrammatic notation in (7.2.27)–(7.2.29) remains valid when Ŝ^(3) is replaced by any local operator; the second expression in (7.2.29) needs no double sum for Ŝ^(3).	PENDING	NONE	NONE	false	NONE	NONE	NONE
CL-TASAKI2020-1103	TASAKI2020	000212.0001	PG-TASAKI2020-0212	PDF p. 212; print p. 200; §7.2.2; equation (7.2.32)	assertion	equation	⟨Φ_VBS|Ŝ_1^(3)Ŝ_{r+1}^(3)|Φ_VBS⟩ = Tr([[0,1/2],[-1/2,0]][[(3/4)^(r−1),0],[0,(−1/4)^(r−1)]][[0,1/2],[-1/2,0]][[(3/4)^(L−r−1),0],[0,(−1/4)^(L−r−1)]]) = (−1/4)^r(3/4)^(L−r−1)+(−1/4)^(L−r)(3/4)^(r−1). (7.2.32)	PENDING	NONE	NONE	false	NONE	NONE	NONE
CL-TASAKI2020-1104	TASAKI2020	000212.0002	PG-TASAKI2020-0212	PDF p. 212; print p. 200; §7.2.2; equation (7.2.33)	assertion	equation	lim_{L↑∞} ⟨Φ_VBS|Ŝ_1^(3)Ŝ_{r+1}^(3)|Φ_VBS⟩/⟨Φ_VBS|Φ_VBS⟩ = lim_{L↑∞}{(−1/4)^r(3/4)^{L−r−1}}/{(3/4)^L} = (4/3)(−1/3)^r. (7.2.33)	PENDING	NONE	NONE	false	NONE	NONE	NONE
CL-TASAKI2020-1105	TASAKI2020	000212.0003	PG-TASAKI2020-0212	PDF p. 212; print p. 200; §7.2.2; equation (7.2.34)	assertion	equation	lim_{L↑∞} ⟨Φ_VBS|Ŝ_x·Ŝ_{x+r}|Φ_VBS⟩/⟨Φ_VBS|Φ_VBS⟩ = 4(−1/3)^r. (7.2.34)	PENDING	NONE	NONE	false	NONE	NONE	NONE
CL-TASAKI2020-1106	TASAKI2020	000212.0004	PG-TASAKI2020-0212	PDF p. 212; print p. 200; §7.2.2; Problem 7.2.2.c	assertion	problem	Problem 7.2.2.c Let P̂x0 := |ψx0 ⟩⟨ψx0 | = 1 − ( Ŝx(3) )2 be the projection on to the 0 state at x. For any n = 1, 2, . . ., take arbitrary distinct n sites x1 , x2 , . . . , xn , and compute the expectation value lim_{L↑∞}⟨ΦVBS|P̂x1^0P̂x2^0⋯P̂xn^0|ΦVBS⟩/⟨ΦVBS|ΦVBS⟩. (7.2.35) Keep x1,…,xn fixed as L↑∞ and discuss the implication. [solution→p.507]	PENDING	NONE	NONE	false	NONE	NONE	NONE
CL-TASAKI2020-1107	TASAKI2020	000212.0005	PG-TASAKI2020-0212	PDF p. 212; print p. 200; §7.2.2; equation (7.2.35)	assertion	equation	lim_{L↑∞} ⟨Φ_VBS|P̂^0_{x_1}P̂^0_{x_2}⋯P̂^0_{x_n}|Φ_VBS⟩/⟨Φ_VBS|Φ_VBS⟩. (7.2.35)	PENDING	NONE	NONE	false	NONE	NONE	NONE
CL-TASAKI2020-1108	TASAKI2020	000212.0006	PG-TASAKI2020-0212	PDF p. 212; print p. 200; §7.2.2; Problem 7.2.2.d	assertion	problem	Problem 7.2.2.d Using the implication discussed in the previous problem, confirm (7.2.8). [solution→p.508]	PENDING	NONE	NONE	false	NONE	NONE	NONE
CL-TASAKI2020-1110	TASAKI2020	000213.0001	PG-TASAKI2020-0213	PDF p. 213; print p. 201; §7.2.2; equation (7.2.36)	assertion	equation	|Φ⟩ = ∑σ ∑_{α1,…,αL=1}^D A_{α1,α2}^{σ1} A_{α2,α3}^{σ2} ··· A_{αL,α1}^{σL}|Ψσ⟩ = ∑σ Tr[A^{σ1}A^{σ2}···A^{σL}]|Ψσ⟩. (7.2.36)	PENDING	NONE	NONE	false	NONE	NONE	NONE
CL-TASAKI2020-1111	TASAKI2020	000213.0002	PG-TASAKI2020-0213	PDF p. 213; print p. 201; §7.2.2; equation (7.2.37)	assertion	equation	A↑ = ((0,−1,0),(0,0,1/√2),(0,0,0)),  A↓ = ((0,0,0),(1/√2,0,0),(0,1,0)). (7.2.37)	PENDING	NONE	NONE	false	NONE	NONE	NONE
CL-TASAKI2020-1112	TASAKI2020	000213.0003	PG-TASAKI2020-0213	PDF p. 213; print p. 201; §7.2.2; equation (7.2.38)	assertion	equation	|Φ⟩ = ⊗_{y=1}^{L/2} 1/√2 (|ψ_{2y}↑⟩|ψ_{2y+1}↓⟩ − |ψ_{2y}↓⟩|ψ_{2y+1}↑⟩) + ⊗_{y=1}^{L/2} 1/√2 (|ψ_{2y−1}↑⟩|ψ_{2y}↓⟩ − |ψ_{2y−1}↓⟩|ψ_{2y}↑⟩). (7.2.38)	PENDING	NONE	NONE	false	NONE	NONE	NONE
CL-TASAKI2020-1113	TASAKI2020	000213.0004	PG-TASAKI2020-0213	PDF p. 213; print p. 201; §7.2.2; Problem 7.2.2.e	assertion	problem	Problem 7.2.2.e Let S = 1/2. Find a matrix product representation of the linear combination of two ferromagnetic states |Φ⟩=∏_{x=1}^L|ψx↑⟩+∏_{x=1}^L|ψx↓⟩. (7.2.39) [solution→p.508]	PENDING	NONE	NONE	false	NONE	NONE	NONE
CL-TASAKI2020-1114	TASAKI2020	000213.0005	PG-TASAKI2020-0213	PDF p. 213; print p. 201; §7.2.2; equation (7.2.39)	assertion	equation	|Φ⟩ = ⊗_{x=1}^L |ψx↑⟩ + ⊗_{x=1}^L |ψx↓⟩. (7.2.39)	PENDING	NONE	NONE	false	NONE	NONE	NONE
CL-TASAKI2020-1115	TASAKI2020	000213.0006	PG-TASAKI2020-0213	PDF p. 213; print p. 201; §7.2.2; Problem 7.2.2.f	assertion	problem	Problem 7.2.2.f Let S=1/2. Find a matrix product representation of the linear combination of the two Néel states in (7.2.40). [solution→p.508]	PENDING	NONE	NONE	false	NONE	NONE	NONE
CL-TASAKI2020-1116	TASAKI2020	000213.0007	PG-TASAKI2020-0213	PDF p. 213; print p. 201; §7.2.2; paragraph 10	assertion	unnumbered_obligation	Footnote 28: Starting from (0,1,0)^t, multiplication by A↓ gives (0,0,1)^t; multiplication by A↑ then gives (0,1/√2,0)^t. Alternatively multiplication by A↑ gives (−1,0,0)^t and then A↓ gives (0,−1/√2,0)^t. In this way one forms the singlet pair {|↑⟩|↓⟩−|↓⟩|↑⟩}/√2.	PENDING	NONE	NONE	false	NONE	NONE	NONE
CL-TASAKI2020-1117	TASAKI2020	000214.0001	PG-TASAKI2020-0214	PDF p. 214; print p. 202; §7.2.2; equation (7.2.40)	assertion	equation	|Φ⟩ = ⊗_{x=1}^{L/2}|ψ_{2x−1}↑⟩|ψ_{2x}↓⟩ + ⊗_{x=1}^{L/2}|ψ_{2x−1}↓⟩|ψ_{2x}↑⟩. (7.2.40)	PENDING	NONE	NONE	false	NONE	NONE	NONE
CL-TASAKI2020-1118	TASAKI2020	000214.0002	PG-TASAKI2020-0214	PDF p. 214; print p. 202; §7.2.2; Theorem 7.5	assertion	theorem	Theorem 7.5 (injective matrix product states) Consider a matrix product state (7.2.36) defined by a collection of matrices (A^σ)_{σ=−S,…,S} that satisfies ∑_{σ=−S}^{S} A^σ(A^σ)† = λI, (7.2.41) with a constant λ > 0. As in (7.2.20), we define the D² × D² transfer matrix by (Ã)_{α,β;α′,β′} := ∑_{σ=−S}^{S}(A^σ_{α,α′})*A^σ_{β,β′}. (7.2.42) Then the following properties are equivalent: (i) There exists ℓ_0 such that the set of matrices A^{σ_1}A^{σ_2}⋯A^{σ_{ℓ_0}} with all possible σ_1,…,σ_{ℓ_0} span the whole space of D × D matrices. (ii) There exists ℓ_0 such that for any ℓ ≥ ℓ_0 the set of matrices A^{σ_1}A^{σ_2}⋯A^{σ_ℓ} with all possible σ_1,…,σ_ℓ span the whole space of D × D matrices. (iii) λ is a nondegenerate eigenvalue of the transfer matrix Ã, and any other eigenvalue λ_j satisfies |λ_j| < λ.	PENDING	NONE	NONE	false	NONE	NONE	NONE
CL-TASAKI2020-1119	TASAKI2020	000214.0003	PG-TASAKI2020-0214	PDF p. 214; print p. 202; §7.2.2; equation (7.2.41)	assertion	equation	∑_{σ=−S}^S Aσ(Aσ)† = λI. (7.2.41)	PENDING	NONE	NONE	false	NONE	NONE	NONE
CL-TASAKI2020-1121	TASAKI2020	000214.0004	PG-TASAKI2020-0214	PDF p. 214; print p. 202; §7.2.2; equation (7.2.42)	assertion	equation	(Ã)_{α,β;α′,β′} := ∑_{σ=−S}^S (A_{α,α′}^σ)* A_{β,β′}^σ. (7.2.42)	PENDING	NONE	NONE	false	NONE	NONE	NONE
CL-TASAKI2020-1123	TASAKI2020	000214.0005	PG-TASAKI2020-0214	PDF p. 214; print p. 202; §7.2.2; paragraph 7, atom 2	definition	definition	A matrix collection (A^σ)_{σ=−S,…,S} is injective (primitive) when it satisfies (7.2.41) and the equivalent conditions (i)–(iii) of Theorem 7.5.	PENDING	NONE	NONE	false	NONE	NONE	NONE
CL-TASAKI2020-1124	TASAKI2020	000215.0001	PG-TASAKI2020-0215	PDF p. 215; print p. 203; §7.2.2; paragraph 2	hypothesis	hypothesis	The uniqueness theorem plays an essential role in the classification of symmetry protected topological phases, which we discuss in Sect. 8.3.4. (See also Sect. 8.3.5.)	PENDING	NONE	NONE	false	NONE	NONE	NONE
CL-TASAKI2020-1125	TASAKI2020	000215.0002	PG-TASAKI2020-0215	PDF p. 215; print p. 203; §7.2.2; Theorem 7.6	assertion	theorem	Theorem 7.6 Suppose that two collections (A^σ)_{σ=−S,…,S} and (B^σ)_{σ=−S,…,S} are injective and generate the same matrix product state, ∑σ Tr[A^(σ₁)⋯A^(σL)]|Ψσ⟩ = ∑σ Tr[B^(σ₁)⋯B^(σL)]|Ψσ⟩, (7.2.43) for any L. Then they have a common dimension D, and there exists a D×D unitary matrix U, unique up to a phase factor, such that B^σ = U†A^σU (7.2.44) for all σ.	PENDING	NONE	NONE	false	NONE	NONE	NONE
CL-TASAKI2020-1126	TASAKI2020	000215.0003	PG-TASAKI2020-0215	PDF p. 215; print p. 203; §7.2.2; equation (7.2.43)	assertion	equation	∑_σ Tr[A^{σ_1}⋯A^{σ_L}]|Ψ_σ⟩ = ∑_σ Tr[B^{σ_1}⋯B^{σ_L}]|Ψ_σ⟩. (7.2.43)	PENDING	NONE	NONE	false	NONE	NONE	NONE
CL-TASAKI2020-1127	TASAKI2020	000215.0004	PG-TASAKI2020-0215	PDF p. 215; print p. 203; §7.2.2; equation (7.2.44)	assertion	equation	B^σ=U†A^σU. (7.2.44)	PENDING	NONE	NONE	false	NONE	NONE	NONE
CL-TASAKI2020-1128	TASAKI2020	000215.0005	PG-TASAKI2020-0215	PDF p. 215; print p. 203; §7.2.2; paragraph 9	notation	notation	Every infinite-chain state can be approximated pointwise on local observables by a sequence of matrix-product states.	PENDING	NONE	NONE	false	NONE	NONE	NONE
CL-TASAKI2020-1129	TASAKI2020	000216.0001	PG-TASAKI2020-0216	PDF p. 216; print p. 204; §7.2.2; equation (7.2.45)	assertion	equation	|Φ⟩ = ∑σ ∑_{α1,…,αL=1}^D ℓ_{α2}^{σ1} A_{α2,α3}^{σ2}···A_{αL−1,αL}^{σL−1} r_{αL}^{σL}|Ψσ⟩ = ∑σ(ℓ^{σ1}A^{σ2}···A^{σL−1}r^{σL})|Ψσ⟩. (7.2.45)	PENDING	NONE	NONE	false	NONE	NONE	NONE
CL-TASAKI2020-1130	TASAKI2020	000216.0002	PG-TASAKI2020-0216	PDF p. 216; print p. 204; §7.2.2; Remark unnumbered line 42	assertion	remark	A unique gapped spin-chain ground state admits operators s_σ forming a representation of the Cuntz algebra in the half-chain von Neumann algebra, provided it is pure, translation invariant, and has the split property.	PENDING	NONE	NONE	false	NONE	NONE	NONE
CL-TASAKI2020-1132	TASAKI2020	000217.0001	PG-TASAKI2020-0217	PDF p. 217; print p. 205; §7.2.3; equation (7.2.46)	assertion	equation	ĤAKLT^open = ∑_{x=1}^{L−1}{Ŝx·Ŝx+1 + (1/3)(Ŝx·Ŝx+1)²}. (7.2.46)	PENDING	NONE	NONE	false	NONE	NONE	NONE
CL-TASAKI2020-1134	TASAKI2020	000217.0002	PG-TASAKI2020-0217	PDF p. 217; print p. 205; §7.2.3; equation (7.2.47)	assertion	equation	|Φ_pre-VBS⟩ := |ψ_{1,L}^{σ_L}⟩⊗∏_{x=1}^{L−1}(1/√2){|ψ_{x,R}^↑⟩|ψ_{x+1,L}^↓⟩−|ψ_{x,R}^↓⟩|ψ_{x+1,L}^↑⟩}⊗|ψ_{L,R}^{σ_R}⟩. (7.2.47)	PENDING	NONE	NONE	false	NONE	NONE	NONE
CL-TASAKI2020-1135	TASAKI2020	000217.0003	PG-TASAKI2020-0217	PDF p. 217; print p. 205; §7.2.3; equation (7.2.48)	assertion	equation	|Φ_VBS^(σ_L,σ_R)⟩=∏_(x=1)^L𝒮_x|Φ_pre-VBS^(σ_L,σ_R)⟩. (7.2.48)	PENDING	NONE	NONE	false	NONE	NONE	NONE
CL-TASAKI2020-1136	TASAKI2020	000217.0004	PG-TASAKI2020-0217	PDF p. 217; print p. 205; §7.2.3; paragraph 7	definition	definition	Define |Φ_VBS^(σ_L,σ_R)⟩:=∏_{x=1}^L S_x|Φ_pre-VBS^(σ_L,σ_R)⟩. (7.2.48)	PENDING	NONE	NONE	false	NONE	NONE	NONE
CL-TASAKI2020-1137	TASAKI2020	000218.0001	PG-TASAKI2020-0218	PDF p. 218; print p. 206; §7.2.3; paragraph 4	assertion	remark	Fig. 7.4 (a) The pre-VBS state |Φpre-VBS ⟩ and (b) the corresponding VBS state |ΦVBS ⟩ on the open chain with L = 5. See Fig. 7.2 for the interpretation of the symbols in the diagram. It should be obvious from the figures that there is freedom to assign ↑ or ↓ at the two ends of the chain.	PENDING	NONE	NONE	false	NONE	NONE	NONE
CL-TASAKI2020-1138	TASAKI2020	000218.0002	PG-TASAKI2020-0218	PDF p. 218; print p. 206; §7.2.3; equation (7.2.49)	assertion	equation	⟨Φ_VBS^(↑,↑)|Ŝ_x^(1)|Φ_VBS^(↑,↑)⟩=⟨Φ_VBS^(↑,↑)|Ŝ_x^(2)|Φ_VBS^(↑,↑)⟩=0. (7.2.49)	PENDING	NONE	NONE	false	NONE	NONE	NONE
CL-TASAKI2020-1139	TASAKI2020	000218.0003	PG-TASAKI2020-0218	PDF p. 218; print p. 206; §7.2.3; equation (7.2.50)	assertion	equation	lim_{L↑∞} ⟨Φ_VBS^{↑,↑}|Ŝ_x^(3)|Φ_VBS^{↑,↑}⟩/⟨Φ_VBS^{↑,↑}|Φ_VBS^{↑,↑}⟩ = −2(−3)^{−x} for x=1,2,…. (7.2.50)	PENDING	NONE	NONE	false	NONE	NONE	NONE
CL-TASAKI2020-1140	TASAKI2020	000219.0001	PG-TASAKI2020-0219	PDF p. 219; print p. 207; §7.2.3; Problem 7.2.3.a	assertion	problem	Problem 7.2.3.a Prove that the four ground states are linearly independent. This may be done in many ways, but see the footnote if the reader needs a hint. [solution→p.508]	PENDING	NONE	NONE	false	NONE	NONE	NONE
CL-TASAKI2020-1141	TASAKI2020	000219.0002	PG-TASAKI2020-0219	PDF p. 219; print p. 207; §7.2.3; Problem 7.2.3.b	assertion	problem	Problem 7.2.3.b Prove that the open AKLT chain has exactly four ground states by extending the method of Sect. 7.1.3. [solution→p.508]	PENDING	NONE	NONE	false	NONE	NONE	NONE
CL-TASAKI2020-1142	TASAKI2020	000219.0003	PG-TASAKI2020-0219	PDF p. 219; print p. 207; §7.2.3; Problem 7.2.3.c	assertion	problem	Problem 7.2.3.c Find a matrix product representation (7.2.45) of |ΦVBS ⟩, and verify (7.2.50). [solution→p.508]	PENDING	NONE	NONE	false	NONE	NONE	NONE
CL-TASAKI2020-1143	TASAKI2020	000219.0004	PG-TASAKI2020-0219	PDF p. 219; print p. 207; §7.2.3; equation (7.2.51)	assertion	equation	Λ_L={−L/2+1,…,L/2−1,L/2}. (7.2.51)	PENDING	NONE	NONE	false	NONE	NONE	NONE
CL-TASAKI2020-1144	TASAKI2020	000219.0005	PG-TASAKI2020-0219	PDF p. 219; print p. 207; §7.2.3; equation (7.2.52)	assertion	equation	ω(Â) = lim_{L↑∞} ⟨Φ_VBS^{σ_L,σ_R}|Â|Φ_VBS^{σ_L,σ_R}⟩/⟨Φ_VBS^{σ_L,σ_R}|Φ_VBS^{σ_L,σ_R}⟩. (7.2.52)	PENDING	NONE	NONE	false	NONE	NONE	NONE
CL-TASAKI2020-3061	TASAKI2020	000219.0006	PG-TASAKI2020-0219	PDF p. 219; print p. 207; §7.2.3; paragraph 6; audit split atom 1/9	assertion	unnumbered_obligation	It can be proved rather easily that the limiting ground state ω(·) is independent of the choice of the boundary spins σL and σR .	PENDING	NONE	NONE	false	NONE	NONE	NONE
CL-TASAKI2020-3063	TASAKI2020	000219.0007	PG-TASAKI2020-0219	PDF p. 219; print p. 207; §7.2.3; paragraph 6; audit split atom 3/9	assertion	unnumbered_obligation	Since the effect of the boundary spins decay exponentially as one moves away from the boundary, there can be no effect on the expectation value in the limit L ↑ ∞.	PENDING	NONE	NONE	false	NONE	NONE	NONE
CL-TASAKI2020-3064	TASAKI2020	000219.0008	PG-TASAKI2020-0219	PDF p. 219; print p. 207; §7.2.3; paragraph 6; audit split atom 4/9	assertion	unnumbered_obligation	The infinite volume ground state ω(·) is also identical to that obtained from the ground state (7.1.12) for a periodic chain.	PENDING	NONE	NONE	false	NONE	NONE	NONE
CL-TASAKI2020-3066	TASAKI2020	000219.0009	PG-TASAKI2020-0219	PDF p. 219; print p. 207; §7.2.3; summary paragraph	assertion	unnumbered_obligation	The open-chain AKLT model has fourfold-degenerate ground states at finite L.	PENDING	NONE	NONE	false	NONE	NONE	NONE
CL-TASAKI2020-3348	TASAKI2020	000219.0010	PG-TASAKI2020-0219	PDF p. 219; print p. 207; §7.2.3; summary paragraph	assertion	unnumbered_obligation	It has a unique ground state in the infinite-volume limit.	PENDING	NONE	NONE	false	NONE	NONE	NONE
CL-TASAKI2020-3067	TASAKI2020	000219.0011	PG-TASAKI2020-0219	PDF p. 219; print p. 207; §7.2.3; summary paragraph	assertion	unnumbered_obligation	The d≥2 antiferromagnetic Heisenberg model has a unique finite-volume ground state.	PENDING	NONE	NONE	false	NONE	NONE	NONE
CL-TASAKI2020-3349	TASAKI2020	000219.0012	PG-TASAKI2020-0219	PDF p. 219; print p. 207; §7.2.3; summary paragraph	assertion	unnumbered_obligation	It has infinitely many symmetry-breaking infinite-volume ground states.	PENDING	NONE	NONE	false	NONE	NONE	NONE
CL-TASAKI2020-1147	TASAKI2020	000220.0001	PG-TASAKI2020-0220	PDF p. 220; print p. 208; §7.3.1; equation (7.3.1)	assertion	equation	[diagram transcription] A periodic S=2 VBS chain: each site is a dotted symmetrization oval containing four spin-1/2 dots; two singlet valence-bond arcs join each adjacent site pair, including the periodic closing pair. (7.3.1)	PENDING	NONE	NONE	false	NONE	NONE	NONE
CL-TASAKI2020-1148	TASAKI2020	000220.0002	PG-TASAKI2020-0220	PDF p. 220; print p. 208; §7.3.1; equation (7.3.2)	assertion	equation	ĤAKLT,S=2 = ∑_{x=1}^L{aP̂4[Ŝx+Ŝx+1]+bP̂3[Ŝx+Ŝx+1]+c}. (7.3.2)	PENDING	NONE	NONE	false	NONE	NONE	NONE
CL-TASAKI2020-1149	TASAKI2020	000220.0003	PG-TASAKI2020-0220	PDF p. 220; print p. 208; §7.3.1; equation (7.3.3)	assertion	equation	Ĥ_AKLT,S=2 = ∑_{x=1}^L{Ŝ_x·Ŝ_{x+1}+(2/9)(Ŝ_x·Ŝ_{x+1})²+(1/63)(Ŝ_x·Ŝ_{x+1})³}. (7.3.3)	PENDING	NONE	NONE	false	NONE	NONE	NONE
CL-TASAKI2020-1150	TASAKI2020	000221.0001	PG-TASAKI2020-0221	PDF p. 221; print p. 209; §7.3.1; Problem 7.3.1.a	assertion	problem	Problem 7.3.1.a Show that (7.3.3) gives (7.3.2). [solution→p.509]	PENDING	NONE	NONE	false	NONE	NONE	NONE
CL-TASAKI2020-1151	TASAKI2020	000221.0002	PG-TASAKI2020-0221	PDF p. 221; print p. 209; §7.3.1; equation (7.3.4)	assertion	equation	[diagram transcription] Four S=3/2 sites are shown as dotted symmetrization circles containing three spin-1/2 dots each. From left to right, the three visible intersite bond multiplicities are 2, 1, and 2; the remaining dot at each outer shown site is attached to a horizontal bond continuing beyond the displayed four-site segment. (7.3.4)	PENDING	NONE	NONE	false	NONE	NONE	NONE
CL-TASAKI2020-1152	TASAKI2020	000221.0003	PG-TASAKI2020-0221	PDF p. 221; print p. 209; §7.3.1; equation (7.3.5)	assertion	equation	[diagram transcription] Four S=3/2 sites are shown as dotted symmetrization circles containing three spin-1/2 dots each. All three dots are bonded within the first site pair and within the last site pair, with no bond between the two middle sites (bond multiplicities 3, 0, 3). (7.3.5)	PENDING	NONE	NONE	false	NONE	NONE	NONE
CL-TASAKI2020-1153	TASAKI2020	000221.0004	PG-TASAKI2020-0221	PDF p. 221; print p. 209; §7.3.1; paragraph 4	hypothesis	hypothesis	Suppose that there is a translation invariant Hamiltonian which has the state (7.3.4) as a ground state.	PENDING	NONE	NONE	false	NONE	NONE	NONE
CL-TASAKI2020-1154	TASAKI2020	000222.0001	PG-TASAKI2020-0222	PDF p. 222; print p. 210; §7.3.2; paragraph 3, atom 1	domain	domain	Let us go back to the general notation of Sect. 2.4, and denote a general lattice as (Λ, B).	PENDING	NONE	NONE	false	NONE	NONE	NONE
CL-TASAKI2020-1155	TASAKI2020	000222.0002	PG-TASAKI2020-0222	PDF p. 222; print p. 210; §7.3.2; paragraph 3, atom 2	definition	definition	To define the VBS state, we first split a site x into |N (x)| sites which we denote as (x; y) with y ∈ N (x).	PENDING	NONE	NONE	false	NONE	NONE	NONE
CL-TASAKI2020-1157	TASAKI2020	000222.0003	PG-TASAKI2020-0222	PDF p. 222; print p. 210; §7.3.2; equation (7.3.6)	assertion	equation	|ΦVBS^(Λ,B)⟩ = (∏_{x∈Λ}Sx){⊗_{{x,y}∈B}1/√2(|ψ(x;y)↑⟩|ψ(y;x)↓⟩−|ψ(x;y)↓⟩|ψ(y;x)↑⟩)}. (7.3.6)	PENDING	NONE	NONE	false	NONE	NONE	NONE
CL-TASAKI2020-1158	TASAKI2020	000222.0004	PG-TASAKI2020-0222	PDF p. 222; print p. 210; §7.3.2; equation (7.3.7)	assertion	equation	Ĥ_AKLT^(Λ,B) = ∑_{{x,y}∈B} P̂_{S̄_x+S̄_y}[Ŝ_x+Ŝ_y]. (7.3.7)	PENDING	NONE	NONE	false	NONE	NONE	NONE
CL-TASAKI2020-1159	TASAKI2020	000222.0005	PG-TASAKI2020-0222	PDF p. 222; print p. 210; §7.3.2; paragraph 6	assertion	unnumbered_obligation	The AKLT model on the hexagonal lattice We have a rather satisfactory understanding of the S = 3/2 model on the hexagonal lattice of Fig. 7.5.	PENDING	NONE	NONE	false	NONE	NONE	NONE
CL-TASAKI2020-1160	TASAKI2020	000222.0006	PG-TASAKI2020-0222	PDF p. 222; print p. 210; §7.3.2; Note unnumbered line 35	assertion	remark	The spin-3/2 AKLT model on the hexagonal lattice has a mathematically tractable valence-bond description on the indicated lattice.	PENDING	NONE	NONE	false	NONE	NONE	NONE
CL-TASAKI2020-1161	TASAKI2020	000223.0001	PG-TASAKI2020-0223	PDF p. 223; print p. 211; §7.3.2; equation (7.3.8)	assertion	equation	Ĥ_AKLT^(Λ,B) = ∑_{{x,y}∈B}P̂_3[Ŝ_x+Ŝ_y]. (7.3.8)	PENDING	NONE	NONE	false	NONE	NONE	NONE
CL-TASAKI2020-1163	TASAKI2020	000223.0002	PG-TASAKI2020-0223	PDF p. 223; print p. 211; §7.3.2; equation (7.3.9)	assertion	equation	0≤(−1)^(D(x,y))⟨Φ_VBS^(Λ,B)|Ŝ_x·Ŝ_y|Φ_VBS^(Λ,B)⟩/⟨Φ_VBS^(Λ,B)|Φ_VBS^(Λ,B)⟩≤Ce^(−D(x,y)/ξ). (7.3.9)	PENDING	NONE	NONE	false	NONE	NONE	NONE
CL-TASAKI2020-3302	TASAKI2020	000223.0003	PG-TASAKI2020-0223	PDF p. 223; print p. 211; §7.3.2; Theorem 7.7; v8 source-atomic partition	assertion	unnumbered_obligation	The constants C and ξ in (7.3.9) are positive and independent of the system size.	PENDING	NONE	NONE	false	NONE	NONE	NONE
CL-TASAKI2020-3303	TASAKI2020	000223.0004	PG-TASAKI2020-0223	PDF p. 223; print p. 211; §7.3.2; Theorem 7.7; v8 source-atomic partition	definition	definition	D(x,y) is the graph-theoretic distance, i.e. the minimum number of bonds necessary to connect x and y.	PENDING	NONE	NONE	false	NONE	NONE	NONE
CL-TASAKI2020-1164	TASAKI2020	000223.0005	PG-TASAKI2020-0223	PDF p. 223; print p. 211; §7.3.2; paragraph 6	assertion	unnumbered_obligation	The translation-invariant infinite-volume ground state of the Hamiltonian (7.3.8) is unique and coincides with the state defined by (7.3.10) for every local operator Â∈A_loc.	PENDING	NONE	NONE	false	NONE	NONE	NONE
CL-TASAKI2020-1165	TASAKI2020	000223.0006	PG-TASAKI2020-0223	PDF p. 223; print p. 211; §7.3.2; equation (7.3.10)	assertion	equation	ω(Â) := lim_{L↑∞} ⟨Φ_VBS^(Λ,B)|Â|Φ_VBS^(Λ,B)⟩/⟨Φ_VBS^(Λ,B)|Φ_VBS^(Λ,B)⟩. (7.3.10)	PENDING	NONE	NONE	false	NONE	NONE	NONE
CL-TASAKI2020-1166	TASAKI2020	000223.0007	PG-TASAKI2020-0223	PDF p. 223; print p. 211; §7.3.2; paragraph 7	hypothesis	hypothesis	The boundary conditions are assumed to make the lattice bipartite; the uniqueness result is only for translation-invariant states.	PENDING	NONE	NONE	false	NONE	NONE	NONE
CL-TASAKI2020-1167	TASAKI2020	000223.0008	PG-TASAKI2020-0223	PDF p. 223; print p. 211; §7.3.2; Fig. 7.5 caption	assertion	remark	Fig. 7.5 The S = 3/2 VBS state (7.3.6) on the hexagonal lattice is the unique ground state of the AKLT model (7.3.8). As in Fig. 7.2, a black dot in the figure represents a spin with S = 1/2, and denotes a singlet pair (or a valence bond). Three spins with S = 1/2 are symmetrized to represent S = 3/2. It is known that the ground state has exponentially decaying correlations, and is accompanied by a nonzero gap.	PENDING	NONE	NONE	false	NONE	NONE	NONE
CL-TASAKI2020-3070	TASAKI2020	000224.0001	PG-TASAKI2020-0224	PDF p. 224; print p. 212; §7.3.2; paragraph 2; audit split atom 1/13	conjecture	conjecture	It was thus conjectured that the Hamiltonian (7.3.8) has a nonvanishing gap above the ground state energy.	PENDING	NONE	NONE	false	NONE	NONE	NONE
CL-TASAKI2020-3071	TASAKI2020	000224.0002	PG-TASAKI2020-0224	PDF p. 224; print p. 212; §7.3.2; paragraph 2; atom 1	assertion	remark	The hexagonal-lattice AKLT gap problem remained unsolved for more than thirty years.	PENDING	NONE	NONE	false	NONE	NONE	NONE
CL-TASAKI2020-3350	TASAKI2020	000224.0003	PG-TASAKI2020-0224	PDF p. 224; print p. 212; §7.3.2; paragraph 2; atom 2	assertion	remark	Rapid progress in 2019 led to solutions.	PENDING	NONE	NONE	false	NONE	NONE	NONE
CL-TASAKI2020-3072	TASAKI2020	000224.0004	PG-TASAKI2020-0224	PDF p. 224; print p. 212; §7.3.2; paragraph 2; audit split atom 3/13	assertion	unnumbered_obligation	First, in January, Abdul-Rahman, Lemm, Lucia, Nachtergaele, and Young [1] developed a new method based on an inequality due to Fannes, Nachtergaele, and Werner [28], and proved the existence of a gap in a closely related model, namely, the AKLT model on the “decorated” hexagonal lattice.	PENDING	NONE	NONE	false	NONE	NONE	NONE
CL-TASAKI2020-3074	TASAKI2020	000224.0005	PG-TASAKI2020-0224	PDF p. 224; print p. 212; §7.3.2; paragraph 2; audit split atom 5/13	assertion	unnumbered_obligation	Then, in October, Lemm, Sandvik, and Wang [49] demonstrated that the AKLT model on the hexagonal lattice has a nonzero energy gap.	PENDING	NONE	NONE	false	NONE	NONE	NONE
CL-TASAKI2020-3075	TASAKI2020	000224.0006	PG-TASAKI2020-0224	PDF p. 224; print p. 212; §7.3.2; paragraph 2; atom 1	assertion	remark	Lemm, Sandvik, and Wang combined a refined Knabe method with a 36-site DMRG calculation.	PENDING	NONE	NONE	false	NONE	NONE	NONE
CL-TASAKI2020-3351	TASAKI2020	000224.0007	PG-TASAKI2020-0224	PDF p. 224; print p. 212; §7.3.2; paragraph 2; atom 2	assertion	remark	Pomata and Wei showed a nonzero gap for AKLT models on the hexagonal and other coordination-three lattices.	PENDING	NONE	NONE	false	NONE	NONE	NONE
CL-TASAKI2020-3076	TASAKI2020	000224.0008	PG-TASAKI2020-0224	PDF p. 224; print p. 212; §7.3.2; paragraph 2; atom 1	assertion	remark	Pomata and Wei combined a refined form of [1] with Lanczos numerical results.	PENDING	NONE	NONE	false	NONE	NONE	NONE
CL-TASAKI2020-3352	TASAKI2020	000224.0009	PG-TASAKI2020-0224	PDF p. 224; print p. 212; §7.3.2; paragraph 2; atom 2	conjecture	conjecture	One may conjecture that the S=3/2 antiferromagnetic Heisenberg model on the hexagonal lattice also has a unique disordered ground state.	PENDING	NONE	NONE	false	NONE	NONE	NONE
CL-TASAKI2020-3077	TASAKI2020	000224.0010	PG-TASAKI2020-0224	PDF p. 224; print p. 212; §7.3.2; paragraph 2; audit split atom 8/13	assertion	unnumbered_obligation	It turns out however that one can prove by using the method of reflection positivity by Dyson, Lieb, and Simon [24] and Neves and Perez [68], which was the main topic of Sect. 4.1, that the latter model has long-range Néel order in its ground state.	PENDING	NONE	NONE	false	NONE	NONE	NONE
CL-TASAKI2020-3079	TASAKI2020	000224.0011	PG-TASAKI2020-0224	PDF p. 224; print p. 212; §7.3.2; paragraph 2; audit split atom 10/13	assertion	remark	This means that a phase transition takes place when one continuously changes the Hamiltonian from the AKLT Hamiltonian (7.3.8) to the Heisenberg Hamiltonian (2.5.1).	PENDING	NONE	NONE	false	NONE	NONE	NONE
CL-TASAKI2020-3080	TASAKI2020	000224.0012	PG-TASAKI2020-0224	PDF p. 224; print p. 212; §7.3.2; paragraph 2; audit split atom 11/13	assertion	remark	There is an interesting application (which was totally unexpected when the model was found) of the hexagonal lattice AKLT model to measurement based quantum computation.	PENDING	NONE	NONE	false	NONE	NONE	NONE
CL-TASAKI2020-3082	TASAKI2020	000224.0013	PG-TASAKI2020-0224	PDF p. 224; print p. 212; §7.3.2; paragraph 2; audit split atom 13/13	assertion	remark	See also [45] for a proposal of a realistic system on the hexagonal lattice whose ground state resembles the VBS state.	PENDING	NONE	NONE	false	NONE	NONE	NONE
CL-TASAKI2020-1169	TASAKI2020	000225.0001	PG-TASAKI2020-0225	PDF p. 225; print p. 213; §7.3.2; paragraph 2	assertion	unnumbered_obligation	Other models One can define the VBS state with S = 2 on the square lattice.	PENDING	NONE	NONE	false	NONE	NONE	NONE
CL-TASAKI2020-1170	TASAKI2020	000225.0002	PG-TASAKI2020-0225	PDF p. 225; print p. 213; §7.3.2; equation (7.3.11)	assertion	equation	|Φ_VBS^(Λ,B)⟩ = ∑_σ∑_{{x,y}∈B; α_{x,y}=1,2}∏_{x∈Λ} A^{σ_x}_{x;(α_{x,y})_{y∈N(x)}}|Ψ_σ⟩. (7.3.11)	PENDING	NONE	NONE	false	NONE	NONE	NONE
CL-TASAKI2020-1171	TASAKI2020	000225.0003	PG-TASAKI2020-0225	PDF p. 225; print p. 213; §7.3.2; Problem 7.3.2.a	assertion	problem	Problem 7.3.2.a Let (Λ L , B L ) be the square lattice, defined by (3.1.2) and (3.1.3) with d = 2, and consider the S = 2 VBS state |ΦVBS^(ΛL,BL)⟩=∏_{x∈ΛL}Sx∏_{x∈ΛL,α=x,y}(1/√2){|ψx↑⟩|ψx+eα↓⟩−|ψx↓⟩|ψx+eα↑⟩}. (7.3.12) With ex=(1,0), ey=(0,1), find the tensor and tensor-network representation (7.3.13). [solution→p.509]	PENDING	NONE	NONE	false	NONE	NONE	NONE
CL-TASAKI2020-1172	TASAKI2020	000225.0004	PG-TASAKI2020-0225	PDF p. 225; print p. 213; §7.3.2; equation (7.3.12)	assertion	equation	|ΦVBS^(ΛL,BL)⟩ = (⊗_{x∈ΛL} Sx){⊗_{x∈ΛL, α=x,y} 1/√2 (|ψx↑⟩|ψx+eα↓⟩ − |ψx↓⟩|ψx+eα↑⟩)}. (7.3.12)	PENDING	NONE	NONE	false	NONE	NONE	NONE
CL-TASAKI2020-1173	TASAKI2020	000226.0001	PG-TASAKI2020-0226	PDF p. 226; print p. 214; §7.3.2; equation (7.3.13)	assertion	equation	|Φ_VBS^(Λ_L,B_L)⟩ = ∑_σ∑_{{x,y}∈B_L;α_{x,y}=1,2}∏_{x∈Λ_L}A^{σ_x}_{α_{x,x+e_x},α_{x,x+e_y},α_{x,x−e_x},α_{x,x−e_y}}|Ψ_σ⟩. (7.3.13)	PENDING	NONE	NONE	false	NONE	NONE	NONE
CL-TASAKI2020-1174	TASAKI2020	000226.0002	PG-TASAKI2020-0226	PDF p. 226; print p. 214; §7.3.3; equation (7.3.14)	assertion	equation	|Φ_→⟩ := ⊗_{x=1}^L (|ψ_x^↑⟩+|ψ_x^↓⟩)/√2 = 2^{−L/2}∑_σ|Ψ_σ⟩. (7.3.14)	PENDING	NONE	NONE	false	NONE	NONE	NONE
CL-TASAKI2020-1175	TASAKI2020	000226.0003	PG-TASAKI2020-0226	PDF p. 226; print p. 214; §7.3.3; equation (7.3.15)	assertion	equation	s(σ,σ′) = {−1 if σ=σ′=↓; 1 otherwise}. (7.3.15)	PENDING	NONE	NONE	false	NONE	NONE	NONE
CL-TASAKI2020-1177	TASAKI2020	000226.0004	PG-TASAKI2020-0226	PDF p. 226; print p. 214; §7.3.3; equation (7.3.16)	assertion	equation	|Φ_BR⟩ := 2^{−L/2}∑_σ{∏_{x=1}^L s(σ_x,σ_{x+1})}|Ψ_σ⟩. (7.3.16)	PENDING	NONE	NONE	false	NONE	NONE	NONE
CL-TASAKI2020-1178	TASAKI2020	000227.0001	PG-TASAKI2020-0227	PDF p. 227; print p. 215; §7.3.3; equation (7.3.17)	assertion	equation	|Φ_BR⟩ = 2^{−L/2}∑_σ(−1)^{N_↓↓(σ)}|Ψ_σ⟩. (7.3.17)	PENDING	NONE	NONE	false	NONE	NONE	NONE
CL-TASAKI2020-1179	TASAKI2020	000227.0002	PG-TASAKI2020-0227	PDF p. 227; print p. 215; §7.3.3; equation (7.3.18)	assertion	equation	σ̂_{x−1}^(3)σ̂_x^(1)σ̂_{x+1}^(3)|Φ_BR⟩ = |Φ_BR⟩. (7.3.18)	PENDING	NONE	NONE	false	NONE	NONE	NONE
CL-TASAKI2020-1180	TASAKI2020	000227.0003	PG-TASAKI2020-0227	PDF p. 227; print p. 215; §7.3.3; equation (7.3.19)	assertion	equation	|Φ_BR⟩=2^(−L/2)∑_(σ′){∏_(y∈Λ_L\{x−1,x})s(σ_y,σ_(y+1))}⊗_(y∈Λ_L\{x})|ψ_y^(σ_y)⟩⊗{s(σ_(x−1),↑)s(↑,σ_(x+1))|ψ_x↑⟩+s(σ_(x−1),↓)s(↓,σ_(x+1))|ψ_x↓⟩}. (7.3.19)	PENDING	NONE	NONE	false	NONE	NONE	NONE
CL-TASAKI2020-1181	TASAKI2020	000227.0004	PG-TASAKI2020-0227	PDF p. 227; print p. 215; §7.3.3; equation (7.3.20)	assertion	equation	s(σx−1,↑)s(↑,σx+1)|ψx↑⟩ + s(σx−1,↓)s(↓,σx+1)|ψx↓⟩ = {|ψx↑⟩+|ψx↓⟩ if σx−1σx+1=1; |ψx↑⟩−|ψx↓⟩ if σx−1σx+1=−1}. (7.3.20)	PENDING	NONE	NONE	false	NONE	NONE	NONE
CL-TASAKI2020-1182	TASAKI2020	000228.0001	PG-TASAKI2020-0228	PDF p. 228; print p. 216; §7.3.3; equation (7.3.21)	assertion	equation	ĤBR = −∑_{x=1}^L σ̂x−1^(3)σ̂x^(1)σ̂x+1^(3). (7.3.21)	PENDING	NONE	NONE	false	NONE	NONE	NONE
CL-TASAKI2020-1183	TASAKI2020	000228.0002	PG-TASAKI2020-0228	PDF p. 228; print p. 216; §7.3.3; equation (7.3.22)	assertion	equation	∏_(n′=1)^n(σ̂_(2n′−1)^(3)σ̂_(2n′)^(1)σ̂_(2n′+1)^(3))=σ̂₁^(3)(∏_(n′=1)^nσ̂_(2n′)^(1))σ̂_(2n+1)^(3). (7.3.22)	PENDING	NONE	NONE	false	NONE	NONE	NONE
CL-TASAKI2020-1185	TASAKI2020	000228.0003	PG-TASAKI2020-0228	PDF p. 228; print p. 216; §7.3.3; equation (7.3.23)	assertion	equation	⟨Φ_BR|σ̂₁^(3)(∏_(n′=1)^nσ̂_(2n′)^(1))σ̂_(2n+1)^(3)|Φ_BR⟩=1. (7.3.23)	PENDING	NONE	NONE	false	NONE	NONE	NONE
CL-TASAKI2020-1186	TASAKI2020	000228.0004	PG-TASAKI2020-0228	PDF p. 228; print p. 216; §7.3.3; equation (7.3.24)	assertion	equation	⟨Φ_BR|σ̂_x^(3)σ̂_y^(3)|Φ_BR⟩=0. (7.3.24)	PENDING	NONE	NONE	false	NONE	NONE	NONE
CL-TASAKI2020-1187	TASAKI2020	000229.0001	PG-TASAKI2020-0229	PDF p. 229; print p. 217; §7.3.3; equation (7.3.25)	assertion	equation	ĤBR^open = −∑_{x=2}^{L−1} σ̂x−1^(3)σ̂x^(1)σ̂x+1^(3). (7.3.25)	PENDING	NONE	NONE	false	NONE	NONE	NONE
CL-TASAKI2020-1188	TASAKI2020	000229.0002	PG-TASAKI2020-0229	PDF p. 229; print p. 217; §7.3.3; equation (7.3.26)	assertion	equation	|Φ_BR^{σ_1,σ_L}⟩ := 2^{−(L−2)/2}∑_{σ_2,…,σ_{L−1}=↑,↓}{∏_{x=1}^{L−1}s(σ_x,σ_{x+1})}|Ψ_σ⟩. (7.3.26)	PENDING	NONE	NONE	false	NONE	NONE	NONE
CL-TASAKI2020-1189	TASAKI2020	000229.0003	PG-TASAKI2020-0229	PDF p. 229; print p. 217; §7.3.3; equation (7.3.27)	assertion	equation	A^↑=((1,1),(0,0)),  A^↓=((0,0),(1,−1)). (7.3.27)	PENDING	NONE	NONE	false	NONE	NONE	NONE
CL-TASAKI2020-1191	TASAKI2020	000229.0004	PG-TASAKI2020-0229	PDF p. 229; print p. 217; §7.3.3; Problem 7.3.3.a	assertion	problem	Problem 7.3.3.a For x≠y, define Ĉx,y by Ĉx,y|Ψσ⟩=s(σx,σy)|Ψσ⟩. The Briegel–Raussendorf state is |ΦBR⟩=(∏_{x=1}^L Ĉx,x+1)|Φ→⟩. Show that Ĉx,y σ̂x^(1) = σ̂x^(1)σ̂y^(3)Ĉx,y. (7.3.28) Prove (7.3.18) using (7.3.28), noting that σ̂x^(1)|Φ→⟩=|Φ→⟩. [solution→p.510]	PENDING	NONE	NONE	false	NONE	NONE	NONE
CL-TASAKI2020-1192	TASAKI2020	000229.0005	PG-TASAKI2020-0229	PDF p. 229; print p. 217; §7.3.3; equation (7.3.28)	assertion	equation	Ĉ_(x,y)σ̂_x^(1)=σ̂_x^(1)σ̂_y^(3)Ĉ_(x,y). (7.3.28)	PENDING	NONE	NONE	false	NONE	NONE	NONE
CL-TASAKI2020-1193	TASAKI2020	000229.0006	PG-TASAKI2020-0229	PDF p. 229; print p. 217; §7.3.3; paragraph 8	definition	definition	On a general lattice (Λ,B), the Briegel–Raussendorf state is |Φ_BR⟩:=2^(−|Λ|/2)∑_σ∏_{{x,y}∈B}s(σ_x,σ_y)|Ψ^σ⟩=2^(−|Λ|/2)∑_σ(−1)^{N_↓↓(σ)}|Ψ^σ⟩. (7.3.29)	PENDING	NONE	NONE	false	NONE	NONE	NONE
CL-TASAKI2020-1194	TASAKI2020	000229.0007	PG-TASAKI2020-0229	PDF p. 229; print p. 217; §7.3.3; equation (7.3.29)	assertion	equation	|Φ_BR⟩ := 2^{−|Λ|/2}∑_σ{∏_{{x,y}∈B}s(σ_x,σ_y)}|Ψ_σ⟩ = 2^{−|Λ|/2}∑_σ(−1)^{N_↓↓(σ)}|Ψ_σ⟩. (7.3.29)	PENDING	NONE	NONE	false	NONE	NONE	NONE
CL-TASAKI2020-1195	TASAKI2020	000230.0001	PG-TASAKI2020-0230	PDF p. 230; print p. 218; §7.3.3; equation (7.3.30)	assertion	equation	Ĥ_BR = −∑_{x∈Λ} σ̂_x^(1)∏_{y∈N(x)}σ̂_y^(3). (7.3.30)	PENDING	NONE	NONE	false	NONE	NONE	NONE
CL-TASAKI2020-1196	TASAKI2020	000230.0002	PG-TASAKI2020-0230	PDF p. 230; print p. 218; §7.3.3; equation (7.3.31)	assertion	equation	sA(σ) = {−1 if σx=↓ for all x∈A; 1 otherwise}. (7.3.31)	PENDING	NONE	NONE	false	NONE	NONE	NONE
CL-TASAKI2020-1197	TASAKI2020	000230.0003	PG-TASAKI2020-0230	PDF p. 230; print p. 218; §7.3.3; equation (7.3.32)	assertion	equation	Ĉ_A|Ψ^σ⟩=s_A(σ)|Ψ^σ⟩. (7.3.32)	PENDING	NONE	NONE	false	NONE	NONE	NONE
CL-TASAKI2020-1198	TASAKI2020	000230.0004	PG-TASAKI2020-0230	PDF p. 230; print p. 218; §7.3.3; paragraph 6, atom 1	domain	domain	Let C be a set of clusters such that for any x ∈ Λ there is at least one c ∈ C with c ∋ x.	PENDING	NONE	NONE	false	NONE	NONE	NONE
CL-TASAKI2020-1199	TASAKI2020	000230.0005	PG-TASAKI2020-0230	PDF p. 230; print p. 218; §7.3.3; paragraph 6, atom 2	definition	definition	Define |Φ_C⟩:=2^(−N/2)∑_σ∏_{c∈C}s_c(σ)|Ψ^σ⟩. (7.3.33)	PENDING	NONE	NONE	false	NONE	NONE	NONE
CL-TASAKI2020-1200	TASAKI2020	000230.0006	PG-TASAKI2020-0230	PDF p. 230; print p. 218; §7.3.3; equation (7.3.33)	assertion	equation	|Φ_C⟩ := 2^{−N/2}∑_σ∏_{c∈C}s_c(σ)|Ψ_σ⟩. (7.3.33)	PENDING	NONE	NONE	false	NONE	NONE	NONE
CL-TASAKI2020-1201	TASAKI2020	000230.0007	PG-TASAKI2020-0230	PDF p. 230; print p. 218; §7.3.3; Note unnumbered line 37, atom 1	assertion	remark	If every cluster c∈C is a bond, the generalized Briegel–Raussendorf state (7.3.33) reduces to the original Briegel–Raussendorf state (7.3.29).	PENDING	NONE	NONE	false	NONE	NONE	NONE
CL-TASAKI2020-1202	TASAKI2020	000230.0008	PG-TASAKI2020-0230	PDF p. 230; print p. 218; §7.3.3; Note unnumbered line 37, atom 2	assertion	remark	The generalized Briegel–Raussendorf state (7.3.33) has zero correlation length.	PENDING	NONE	NONE	false	NONE	NONE	NONE
CL-TASAKI2020-1203	TASAKI2020	000231.0001	PG-TASAKI2020-0231	PDF p. 231; print p. 219; §7.3.3; paragraph 3	assertion	unnumbered_obligation	Noting that Ĉ{y} = σ̂ y(3) , one sees that this is a generalization of the Hamiltonian (7.3.21).	PENDING	NONE	NONE	false	NONE	NONE	NONE
CL-TASAKI2020-1204	TASAKI2020	000231.0002	PG-TASAKI2020-0231	PDF p. 231; print p. 219; §7.3.3; equation (7.3.34)	assertion	equation	ĤC := −∑_{x∈Λ} (∏_{c∈C: c∋x} Ĉ_{c\{x}}) σ̂x^(1). (7.3.34)	PENDING	NONE	NONE	false	NONE	NONE	NONE
CL-TASAKI2020-1205	TASAKI2020	000231.0003	PG-TASAKI2020-0231	PDF p. 231; print p. 219; §7.3.3; Theorem 7.8	assertion	theorem	Theorem 7.8 The state |ΦC ⟩ is the unique ground state of the Hamiltonian (7.3.34) with energy E GS = −N . The energy gap above E GS is equal to 2.	PENDING	NONE	NONE	false	NONE	NONE	NONE
CL-TASAKI2020-1206	TASAKI2020	000231.0004	PG-TASAKI2020-0231	PDF p. 231; print p. 219; §7.3.3; equation (7.3.35)	assertion	equation	|Φ_C⟩=Û_C|Φ→⟩. (7.3.35)	PENDING	NONE	NONE	false	NONE	NONE	NONE
CL-TASAKI2020-1207	TASAKI2020	000231.0005	PG-TASAKI2020-0231	PDF p. 231; print p. 219; §7.3.3; paragraph 6	definition	definition	Here |Φ_→⟩:=2^(−N/2)∑_σ|Ψ^σ⟩ is the trivial product state, and Û_C is defined in (7.3.35).	PENDING	NONE	NONE	false	NONE	NONE	NONE
CL-TASAKI2020-1208	TASAKI2020	000231.0006	PG-TASAKI2020-0231	PDF p. 231; print p. 219; §7.3.3; equation (7.3.36)	assertion	equation	Û_C=∏_(c∈C)Ĉ_c. (7.3.36)	PENDING	NONE	NONE	false	NONE	NONE	NONE
CL-TASAKI2020-1209	TASAKI2020	000231.0007	PG-TASAKI2020-0231	PDF p. 231; print p. 219; §7.3.3; equation (7.3.37)	assertion	equation	Ĥ_→ = −∑_{x∈Λ}σ̂_x^(1). (7.3.37)	PENDING	NONE	NONE	false	NONE	NONE	NONE
CL-TASAKI2020-1210	TASAKI2020	000231.0008	PG-TASAKI2020-0231	PDF p. 231; print p. 219; §7.3.3; equation (7.3.38)	assertion	equation	Û_CĤ→Û_C=Ĥ_C. (7.3.38)	PENDING	NONE	NONE	false	NONE	NONE	NONE
CL-TASAKI2020-1211	TASAKI2020	000231.0009	PG-TASAKI2020-0231	PDF p. 231; print p. 219; §7.3.3; equation (7.3.39)	assertion	equation	Ĉ_Aσ̂_x^(1)Ĉ_A=Ĉ_(A\{x})σ̂_x^(1). (7.3.39)	PENDING	NONE	NONE	false	NONE	NONE	NONE
CL-TASAKI2020-1212	TASAKI2020	000231.0010	PG-TASAKI2020-0231	PDF p. 231; print p. 219; §7.3.3; Problem 7.3.3.b	assertion	problem	Problem 7.3.3.b For an operator Â, let ΛÂ be its support, CÂ={c∈C | c∩ΛÂ≠∅}, and Λ̄Â={x∈Λ | x∈c for some c∈CÂ}. Let Â,B̂ satisfy Λ̄Â∩Λ̄B̂=∅. Prove ⟨ΦC|ÂB̂|ΦC⟩=⟨ΦC|Â|ΦC⟩⟨ΦC|B̂|ΦC⟩. (7.3.40) Thus Â and B̂ are uncorrelated. (Hint: (7.3.35) is useful.) [solution→p.510]	PENDING	NONE	NONE	false	NONE	NONE	NONE
CL-TASAKI2020-1213	TASAKI2020	000232.0001	PG-TASAKI2020-0232	PDF p. 232; print p. 220; §7.3.3; equation (7.3.40)	assertion	equation	⟨Φ_C|ÂB̂|Φ_C⟩=⟨Φ_C|Â|Φ_C⟩⟨Φ_C|B̂|Φ_C⟩. (7.3.40)	PENDING	NONE	NONE	false	NONE	NONE	NONE
CL-TASAKI2020-1215	TASAKI2020	000232.0002	PG-TASAKI2020-0232	PDF p. 232; print p. 220; §7.3.3; Problem 7.3.3.c	assertion	problem	Problem 7.3.3.c Let Λ be the triangular lattice with suitable periodic boundary conditions. We take C as the set of all unit triangles, and consider the corresponding generalized Briegel–Raussendorf state (or the hyper graph state) (7.3.33) and the Hamiltonian (7.3.34). This model provides one of the simplest examples of nontrivial symmetry protected topological phase in two dimensions [58, 92]. (See the end of Sect. 8.3.4). Write the Hamiltonian of the model explicitly. What is the analogue of the string correlation function in this model? As shown in Fig. 7.6 the triangular lattice (with suitable periodic boundary conditions) is decomposed into three sublattices as Λ=S₁∪S₂∪S₃. Show that the Hamiltonian is invariant under the unitary transformation Û_ν=∏_{x∈S_ν}σ̂_x^(1) for any ν=1,2,3. Thus the model has Z₂×Z₂×Z₂ symmetry [92]. [solution→p.510]	PENDING	NONE	NONE	false	NONE	NONE	NONE
CL-TASAKI2020-1217	TASAKI2020	000232.0003	PG-TASAKI2020-0232	PDF p. 232; print p. 220; §7.3.3; Fig. 7.6 caption	assertion	remark	Fig. 7.6 The triangular lattice is decomposed into three sublattices indicated by black, gray, and white circles.	PENDING	NONE	NONE	false	NONE	NONE	NONE
CL-TASAKI2020-1218	TASAKI2020	000238.0001	PG-TASAKI2020-0238	PDF p. 238; print p. 226; §8.1.1; equation (8.1.1)	assertion	equation	ĤD = ∑_{x=1}^L {Ŝx·Ŝx+1 + D(Ŝx^(3))²}. (8.1.1)	PENDING	NONE	NONE	false	NONE	NONE	NONE
CL-TASAKI2020-1219	TASAKI2020	000238.0002	PG-TASAKI2020-0238	PDF p. 238; print p. 226; §8.1.1; paragraph 5, atom 1	hypothesis	hypothesis	We take periodic boundary conditions, and assume that L is even.	PENDING	NONE	NONE	false	NONE	NONE	NONE
CL-TASAKI2020-1220	TASAKI2020	000238.0003	PG-TASAKI2020-0238	PDF p. 238; print p. 226; §8.1.1; paragraph 5, atom 2	assertion	unnumbered_obligation	Recall that Theorem 2.4 (p.43) guarantees that the ground state |Φ_GS⟩ of the model is unique and satisfies Ŝ_tot^(3)|Φ_GS⟩=0.	PENDING	NONE	NONE	false	NONE	NONE	NONE
CL-TASAKI2020-1221	TASAKI2020	000238.0004	PG-TASAKI2020-0238	PDF p. 238; print p. 226; §8.1.1; equation (8.1.2)	assertion	equation	Ĥtrivial = D∑_{x=1}^L(Ŝx^(3))². (8.1.2)	PENDING	NONE	NONE	false	NONE	NONE	NONE
CL-TASAKI2020-1222	TASAKI2020	000238.0005	PG-TASAKI2020-0238	PDF p. 238; print p. 226; §8.1.1; paragraph 7	definition	definition	At D=∞ the unique ground state is |Φ₀⟩:=⊗_{x=1}^L|ψ_x^0⟩.	PENDING	NONE	NONE	false	NONE	NONE	NONE
CL-TASAKI2020-1223	TASAKI2020	000238.0006	PG-TASAKI2020-0238	PDF p. 238; print p. 226; §8.1.1; Theorem 8.1	assertion	theorem	Theorem 8.1 There is a constant D0 > 0, and the following is valid when D ≥ D0 . The energy gap ΔE(D) (above the ground state energy) of the Hamiltonian (8.1.1) is not less than ΔE 0 (D) > 0, which is a function independent of L. The ground state correlation function ⟨ΦGS | Ŝx(α) Ŝ y(α) |ΦGS ⟩ decays exponentially in the distance |x − y|. The ground state in the L ↑ ∞ limit is unique and accompanied by a gap.	PENDING	NONE	NONE	false	NONE	NONE	NONE
CL-TASAKI2020-1224	TASAKI2020	000239.0001	PG-TASAKI2020-0239	PDF p. 239; print p. 227; §8.1.1; paragraph 4	assertion	unnumbered_obligation	For D = 0, where the model reduces to the S = 1 antiferromagnetic Heisenberg chain, the gap ΔE(0) is equal to the Haldane gap ΔE H ≃ 0.41.	PENDING	NONE	NONE	false	NONE	NONE	NONE
CL-TASAKI2020-1225	TASAKI2020	000239.0002	PG-TASAKI2020-0239	PDF p. 239; print p. 227; §8.1.1; Fig. 8.1 caption	conjecture	conjecture	Fig. 8.1 a A schematic graph of the energy gap ΔE(D) of the anisotropic S = 1 antiferromagnetic Hamiltonian (8.1.1) obtained numerically [8]. The gap decreases for small D > 0, touches zero at D = Dc ≃ 1, and increases for D > Dc . b The corresponding phase diagram. The large-D phase and the Haldane phase are separated by the gapless point at D = Dc . In both the phases, the ground states are unique, disordered, and accompanied by a nonzero gap, and no symmetry is spontaneously broken. This is an example of a topological phase transition.	PENDING	NONE	NONE	false	NONE	NONE	NONE
CL-TASAKI2020-3096	TASAKI2020	000240.0001	PG-TASAKI2020-0240	PDF p. 240; print p. 228; §8.1.1; Ising-comparison paragraph	assertion	remark	At the end of Sect. 3.3, we discussed the ground state phase transition in the quantum Ising model, where we also encountered two phases separated by a gapless model.	PENDING	NONE	NONE	false	NONE	NONE	NONE
CL-TASAKI2020-3098	TASAKI2020	000240.0002	PG-TASAKI2020-0240	PDF p. 240; print p. 228; §8.1.1; Ising-comparison paragraph	assertion	remark	For the quantum Ising model, we found that the presence/absence of spontaneous Z2 symmetry breaking (or, equivalently, the corresponding long-range order) precisely characterizes the two phases.	PENDING	NONE	NONE	false	NONE	NONE	NONE
CL-TASAKI2020-3099	TASAKI2020	000240.0003	PG-TASAKI2020-0240	PDF p. 240; print p. 228; §8.1.1; Ising-comparison paragraph	conjecture	conjecture	In the present model, however, the ground state is expected to be unique, disordered, and accompanied by a nonvanishing gap except at D = Dc .	PENDING	NONE	NONE	false	NONE	NONE	NONE
CL-TASAKI2020-3100	TASAKI2020	000240.0004	PG-TASAKI2020-0240	PDF p. 240; print p. 228; §8.1.1; Ising-comparison paragraph	assertion	remark	We do not see any indication of spontaneous symmetry breaking or long-range order for any D.	PENDING	NONE	NONE	false	NONE	NONE	NONE
CL-TASAKI2020-1226	TASAKI2020	000240.0005	PG-TASAKI2020-0240	PDF p. 240; print p. 228; §8.1.1; equation (8.1.3)	assertion	equation	O_Néel^(α)(Φ_GS) := lim_{|y−x|↑∞}lim_{L↑∞}(−1)^{y−x}⟨Φ_GS|Ŝ_x^(α)Ŝ_y^(α)|Φ_GS⟩. (8.1.3)	PENDING	NONE	NONE	false	NONE	NONE	NONE
CL-TASAKI2020-3083	TASAKI2020	000240.0006	PG-TASAKI2020-0240	PDF p. 240; print p. 228; §8.1.1; paragraph after equation (8.1.3)	assertion	remark	Nevertheless there exists a gapless model separating the two “phases”, which seem to be essentially different.	PENDING	NONE	NONE	false	NONE	NONE	NONE
CL-TASAKI2020-3084	TASAKI2020	000240.0007	PG-TASAKI2020-0240	PDF p. 240; print p. 228; §8.1.1; paragraph after equation (8.1.3)	conjecture	conjecture	We have a natural intuition that the large-D phase, whose part is completely controlled by easy Theorem 8.1, is rather trivial while the Haldane phase, which includes the antiferromagnetic Heisenberg chain, is highly nontrivial.	PENDING	NONE	NONE	false	NONE	NONE	NONE
CL-TASAKI2020-3085	TASAKI2020	000240.0008	PG-TASAKI2020-0240	PDF p. 240; print p. 228; §8.1.1; topological-transition paragraph	definition	definition	A ground state phase transition which is not characterized by symmetry breaking is nowadays referred to as a topological phase transition.	PENDING	NONE	NONE	false	NONE	NONE	NONE
CL-TASAKI2020-3086	TASAKI2020	000240.0009	PG-TASAKI2020-0240	PDF p. 240; print p. 228; §8.1.1; topological-transition paragraph	assertion	remark	Correspondingly the nontrivial phase for small D, the Haldane phase, is regarded as a topological phase.	PENDING	NONE	NONE	false	NONE	NONE	NONE
CL-TASAKI2020-3087	TASAKI2020	000240.0010	PG-TASAKI2020-0240	PDF p. 240; print p. 228; §8.1.1; topological-transition paragraph	definition	definition	We remark that here the term “topological” should not be interpreted in the strict mathematical sense, but should be regarded as a synonym for “exotic”, “non-standard”, or, more specifically, “not characterized by symmetry breaking”.	PENDING	NONE	NONE	false	NONE	NONE	NONE
CL-TASAKI2020-3088	TASAKI2020	000240.0011	PG-TASAKI2020-0240	PDF p. 240; print p. 228; §8.1.1; solid-phase comparison paragraph	assertion	unnumbered_obligation	As we discussed at the end of Sect. 3.3, the solid phase of an ordinary matter, for example, is a well-defined phase if and only if the system possesses translation invariance.	PENDING	NONE	NONE	false	NONE	NONE	NONE
CL-TASAKI2020-3089	TASAKI2020	000240.0012	PG-TASAKI2020-0240	PDF p. 240; print p. 228; §8.1.1; solid-phase comparison paragraph	assertion	remark	Then the solid phase is precisely characterized by spontaneous breakdown of the translation symmetry.	PENDING	NONE	NONE	false	NONE	NONE	NONE
CL-TASAKI2020-3091	TASAKI2020	000240.0013	PG-TASAKI2020-0240	PDF p. 240; print p. 228; §8.1.1; solid-phase comparison paragraph	assertion	remark	In Sect. 8.3 we shall see that such a characterization is provided by the novel notion of symmetry protected topological (SPT) phases.	PENDING	NONE	NONE	false	NONE	NONE	NONE
CL-TASAKI2020-3094	TASAKI2020	000240.0014	PG-TASAKI2020-0240	PDF p. 240; print p. 228; §8.1.1; paragraph beginning “In the rest of the present section”	assertion	remark	Remarkably, we will find that the two exotic properties observed in the VBS state, namely, the presence of hidden antiferromagnetic order (Sect. 7.2.1) and the emergence of effective edge spins (Sect. 7.2.3) characterize the Haldane phase.	PENDING	NONE	NONE	false	NONE	NONE	NONE
CL-TASAKI2020-1229	TASAKI2020	000240.0015	PG-TASAKI2020-0240	PDF p. 240; print p. 228; §8.1.1; Remark unnumbered line 43	assertion	remark	There is a correspondence between “topology” in this broad physical sense and mathematical topology, notably between the free-fermion periodic table and the classification of vector bundles.	PENDING	NONE	NONE	false	NONE	NONE	NONE
CL-TASAKI2020-1230	TASAKI2020	000241.0001	PG-TASAKI2020-0241	PDF p. 241; print p. 229; §8.1.2; paragraph 4	assertion	unnumbered_obligation	Hidden order and string order parameter We have already encountered the notion of hidden antiferromagnetic order twice, first in Sect. 6.3, where we developed a heuristic path-integral-like picture for the S = 1 antiferromagnetic Heisenberg chain, and next in Sect. 7.2.1, where we investigated the representation of the VBS state in the standard basis with +, −, and 0.	PENDING	NONE	NONE	false	NONE	NONE	NONE
CL-TASAKI2020-1231	TASAKI2020	000241.0002	PG-TASAKI2020-0241	PDF p. 241; print p. 229; §8.1.2; equation (8.1.4)	assertion	equation	[diagram transcription] The visible spin string is + − + 0 − 0 + + − 0 0 0 − 0 + −. (8.1.4)	PENDING	NONE	NONE	false	NONE	NONE	NONE
CL-TASAKI2020-1232	TASAKI2020	000242.0001	PG-TASAKI2020-0242	PDF p. 242; print p. 230; §8.1.2; equation (8.1.5)	assertion	equation	[diagram transcription] The visible spin string is + − + − + + − − + −, with a dotted oval enclosing the middle adjacent +,− pair (the sixth and seventh symbols). (8.1.5)	PENDING	NONE	NONE	false	NONE	NONE	NONE
CL-TASAKI2020-1233	TASAKI2020	000242.0002	PG-TASAKI2020-0242	PDF p. 242; print p. 230; §8.1.2; paragraph 2, atom 1	notation	notation	Write O_string^(α)(D) for the string order parameter of the ground state of (8.1.1) at anisotropy D.	PENDING	NONE	NONE	false	NONE	NONE	NONE
CL-TASAKI2020-1234	TASAKI2020	000242.0003	PG-TASAKI2020-0242	PDF p. 242; print p. 230; §8.1.2; paragraph 2, atom 2	assertion	unnumbered_obligation	The argument of den Nijs and Rommelse [22] implies that O_string^(α)(D)>0 for α=1,2,3 for the Heisenberg point D=0 and its neighbors.	PENDING	NONE	NONE	false	NONE	NONE	NONE
CL-TASAKI2020-1235	TASAKI2020	000242.0004	PG-TASAKI2020-0242	PDF p. 242; print p. 230; §8.1.2; paragraph 2, atom 3	conjecture	conjecture	It is conjectured that O_string^(α)(D)>0 for α=1,2,3 for every D in the range 0≤D<D_c.	PENDING	NONE	NONE	false	NONE	NONE	NONE
CL-TASAKI2020-1236	TASAKI2020	000242.0005	PG-TASAKI2020-0242	PDF p. 242; print p. 230; §8.1.2; paragraph 2, atom 4	assertion	remark	The string order parameter O_string^(α)(D) distinguishes the nontrivial Haldane phase from the trivial large-D phase.	PENDING	NONE	NONE	false	NONE	NONE	NONE
CL-TASAKI2020-1237	TASAKI2020	000242.0006	PG-TASAKI2020-0242	PDF p. 242; print p. 230; §8.1.2; paragraph 2, atom 5	assertion	unnumbered_obligation	Stochastic geometric argument Although a mathematical proof is still lacking, (α) it is quite plausible that one has Ostring (ΦGS ) > 0 for the S = 1 antiferromagnetic Heisenberg chain and models close to it.	PENDING	NONE	NONE	false	NONE	NONE	NONE
CL-TASAKI2020-1239	TASAKI2020	000243.0001	PG-TASAKI2020-0243	PDF p. 243; print p. 231; §8.1.2; equation (8.1.6)	assertion	equation	Ec(σ) = ∑_{x=1}^L{σxσx+1 + D(σx)²}. (8.1.6)	PENDING	NONE	NONE	false	NONE	NONE	NONE
CL-TASAKI2020-1240	TASAKI2020	000243.0002	PG-TASAKI2020-0243	PDF p. 243; print p. 231; §8.1.2; Fig. 8.2 caption	assertion	remark	Fig. 8.2 a A history (in the space-time lattice) which contributes to the sum in the path integral representation (6.3.18) for ground state correlation functions. It is generated by pair creations and pair annihilations of + and −, and hopping of + and − (in the background of 0’s) by the unit distance. Because the initial and the final configurations at j = 0 and 2N are 00· · · 0, any history consists of closed loops formed by + and −. The spin configuration relevant to the correlation function is that on the equal time slice with j = N , which is indicated by the dotted line. The configuration is read off as 00+0000−0000−+00. b The same history is more conveniently represented by simple oriented loops, where up-going line represents + and down-going −.	PENDING	NONE	NONE	false	NONE	NONE	NONE
CL-TASAKI2020-1241	TASAKI2020	000244.0001	PG-TASAKI2020-0244	PDF p. 244; print p. 232; §8.1.2; Fig. 8.3 caption	out_of_scope	remark	Fig. 8.3 depicts typical histories contributing to the path-integral representation (6.3.18) in the gas, solid, and liquid phases.	PENDING	figure-description-not-formal-claim	CORPUS-NORMALIZATION-INDEPENDENT-REVIEW	false	NONE	NONE	NONE
CL-TASAKI2020-3400	TASAKI2020	000244.0002	PG-TASAKI2020-0244	PDF p. 244; print p. 232; §8.1.2; Fig. 8.3(a) caption	assertion	remark	The gas phase is realized in the anisotropic model (8.1.1) with D≫1.	PENDING	NONE	NONE	false	NONE	NONE	NONE
CL-TASAKI2020-3401	TASAKI2020	000244.0003	PG-TASAKI2020-0244	PDF p. 244; print p. 232; §8.1.2; Fig. 8.3(a) caption	assertion	remark	Only small loops appear sparsely in the gas-phase history.	PENDING	NONE	NONE	false	NONE	NONE	NONE
CL-TASAKI2020-3402	TASAKI2020	000244.0004	PG-TASAKI2020-0244	PDF p. 244; print p. 232; §8.1.2; Fig. 8.3(a) caption	assertion	remark	At the indicated j=N time slice, the gas-phase history has σ^(N)=00+−00000−0+00.	PENDING	NONE	NONE	false	NONE	NONE	NONE
CL-TASAKI2020-3403	TASAKI2020	000244.0005	PG-TASAKI2020-0244	PDF p. 244; print p. 232; §8.1.2; Fig. 8.3(a) caption	assertion	remark	The corresponding gas-phase ground state is disordered.	PENDING	NONE	NONE	false	NONE	NONE	NONE
CL-TASAKI2020-3404	TASAKI2020	000244.0006	PG-TASAKI2020-0244	PDF p. 244; print p. 232; §8.1.2; Fig. 8.3(b) caption	assertion	remark	The solid phase is realized in model (8.2.1) with λ≫1.	PENDING	NONE	NONE	false	NONE	NONE	NONE
CL-TASAKI2020-3405	TASAKI2020	000244.0007	PG-TASAKI2020-0244	PDF p. 244; print p. 232; §8.1.2; Fig. 8.3(b) caption	assertion	remark	The solid-phase space-time lattice is densely filled by large loops with antiferromagnetic ordering.	PENDING	NONE	NONE	false	NONE	NONE	NONE
CL-TASAKI2020-3406	TASAKI2020	000244.0008	PG-TASAKI2020-0244	PDF p. 244; print p. 232; §8.1.2; Fig. 8.3(b) caption	assertion	remark	At the indicated j=N time slice, the solid-phase history has σ^(N)=+−+−+−+00−+−+−.	PENDING	NONE	NONE	false	NONE	NONE	NONE
CL-TASAKI2020-3407	TASAKI2020	000244.0009	PG-TASAKI2020-0244	PDF p. 244; print p. 232; §8.1.2; Fig. 8.3(b) caption	assertion	remark	The solid-phase ground state exhibits Néel order.	PENDING	NONE	NONE	false	NONE	NONE	NONE
CL-TASAKI2020-3408	TASAKI2020	000244.0010	PG-TASAKI2020-0244	PDF p. 244; print p. 232; §8.1.2; Fig. 8.3(c) caption	conjecture	conjecture	The liquid phase is conjectured to be realized in the Haldane phase.	PENDING	NONE	NONE	false	NONE	NONE	NONE
CL-TASAKI2020-3409	TASAKI2020	000244.0011	PG-TASAKI2020-0244	PDF p. 244; print p. 232; §8.1.2; Fig. 8.3(c) caption	assertion	remark	A gigantic loop spreads over the whole space-time lattice in the liquid-phase history.	PENDING	NONE	NONE	false	NONE	NONE	NONE
CL-TASAKI2020-3410	TASAKI2020	000244.0012	PG-TASAKI2020-0244	PDF p. 244; print p. 232; §8.1.2; Fig. 8.3(c) caption	assertion	remark	At the indicated j=N time slice, the liquid-phase history has σ^(N)=0++−−+0−0+−0+−.	PENDING	NONE	NONE	false	NONE	NONE	NONE
CL-TASAKI2020-3411	TASAKI2020	000244.0013	PG-TASAKI2020-0244	PDF p. 244; print p. 232; §8.1.2; Fig. 8.3(c) caption	assertion	remark	The gigantic loop generates hidden antiferromagnetic order.	PENDING	NONE	NONE	false	NONE	NONE	NONE
CL-TASAKI2020-3412	TASAKI2020	000244.0014	PG-TASAKI2020-0244	PDF p. 244; print p. 232; §8.1.2; Fig. 8.3(c) caption	assertion	remark	The gigantic loop does not generate Néel order.	PENDING	NONE	NONE	false	NONE	NONE	NONE
CL-TASAKI2020-3413	TASAKI2020	000244.0015	PG-TASAKI2020-0244	PDF p. 244; print p. 232; §8.1.2; Fig. 8.3(c) caption	assertion	remark	In the statistical mechanics of crystal surfaces, the liquid phase corresponds to the disordered flat phase discovered by den Nijs and Rommelse.	PENDING	NONE	NONE	false	NONE	NONE	NONE
CL-TASAKI2020-1242	TASAKI2020	000244.0016	PG-TASAKI2020-0244	PDF p. 244; print p. 232; §8.1.2; paragraph 4, atom 1	hypothesis	hypothesis	We first suppose that D≫ 1.	PENDING	NONE	NONE	false	NONE	NONE	NONE
CL-TASAKI2020-1243	TASAKI2020	000244.0017	PG-TASAKI2020-0244	PDF p. 244; print p. 232; §8.1.2; paragraph 4, atom 2	assertion	unnumbered_obligation	For the history in Fig. 8.3a, we have σ (N ) = (00+−00000−0+00).	PENDING	NONE	NONE	false	NONE	NONE	NONE
CL-TASAKI2020-1244	TASAKI2020	000245.0001	PG-TASAKI2020-0245	PDF p. 245; print p. 233; §8.1.2; paragraph 2	hypothesis	hypothesis	The same picture should hold for sufficiently small D > 0 as well. We further make a plausible but highly nontrivial assumption that the moderately large density of loops causes the phenomenon of percolation. More specifically we assume that, in a typical history, there appears a single gigantic loop which spreads over the whole lattice with a nonzero density as in Fig. 8.3c.	PENDING	NONE	NONE	false	NONE	NONE	NONE
CL-TASAKI2020-1245	TASAKI2020	000245.0002	PG-TASAKI2020-0245	PDF p. 245; print p. 233; §8.1.2; paragraph 4	domain	domain	Take the infinitely large square lattice Z2 , and fix p ∈ [0, 1], which is the only parameter of the model.	PENDING	NONE	NONE	false	NONE	NONE	NONE
CL-TASAKI2020-1246	TASAKI2020	000246.0001	PG-TASAKI2020-0246	PDF p. 246; print p. 234; §8.1.2; paragraph 2	assertion	unnumbered_obligation	We have thus recovered the picture of “quantum spin liquid with hidden antiferromagnetic order” for the ground state of model (8.1.1) with small D ≥ 0 (which includes the S = 1 antiferromagnetic Heisenberg chain).	PENDING	NONE	NONE	false	NONE	NONE	NONE
CL-TASAKI2020-1247	TASAKI2020	000246.0002	PG-TASAKI2020-0246	PDF p. 246; print p. 234; §8.1.3; equation (8.1.7)	assertion	equation	Ĥ = ∑_{x=1}^{L−1} Ŝx·Ŝx+1. (8.1.7)	PENDING	NONE	NONE	false	NONE	NONE	NONE
CL-TASAKI2020-1248	TASAKI2020	000246.0003	PG-TASAKI2020-0246	PDF p. 246; print p. 234; §8.1.3; paragraph 6	assertion	unnumbered_obligation	Immediately above the ground state, however, there is a triplet of energy eigenstates with Stot = 1, whose excitation energy is quite small.	PENDING	NONE	NONE	false	NONE	NONE	NONE
CL-TASAKI2020-1250	TASAKI2020	000247.0001	PG-TASAKI2020-0247	PDF p. 247; print p. 235; §8.1.3; Fig. 8.4 caption	conjecture	conjecture	Fig. 8.4 The energy spectra of the S = 1 antiferromagnetic Heisenberg model on periodic and open chains. In an open chain, there appears a triplet of low-lying energy excitations (Kennedy triplet) whose excitation energy is exponentially small in L. The near four-fold degeneracy of “ground states” is a consequence of emergent S = 1/2 degrees of freedom at the two edges of the chain.	PENDING	NONE	NONE	false	NONE	NONE	NONE
CL-TASAKI2020-1251	TASAKI2020	000247.0002	PG-TASAKI2020-0247	PDF p. 247; print p. 235; §8.1.3; Fig. 8.5 caption	assertion	remark	Figure 8.5 plots ⟨Φ_1st|Ŝ_x^(3)|Φ_1st⟩ in the first excited Stot=1 state of open S=1 Heisenberg chains with L=65 and 97; localized edge spins are visible.	PENDING	NONE	NONE	false	NONE	NONE	NONE
CL-TASAKI2020-3101	TASAKI2020	000247.0003	PG-TASAKI2020-0247	PDF p. 247; print p. 235; §8.1.3; paragraph 6; atom 1	assertion	unnumbered_obligation	The effective two-edge-spin Hamiltonian has a singlet ground state with energy −3J_coup(L)/4.	PENDING	NONE	NONE	false	NONE	NONE	NONE
CL-TASAKI2020-3353	TASAKI2020	000247.0004	PG-TASAKI2020-0247	PDF p. 247; print p. 235; §8.1.3; paragraph 6; atom 2	assertion	unnumbered_obligation	Its triplet excited states have energy J_coup(L)/4.	PENDING	NONE	NONE	false	NONE	NONE	NONE
CL-TASAKI2020-3102	TASAKI2020	000247.0005	PG-TASAKI2020-0247	PDF p. 247; print p. 235; §8.1.3; paragraph 6; audit split atom 2/7	assertion	unnumbered_obligation	The excitation energy of the triplet is thus Jcoup (L).	PENDING	NONE	NONE	false	NONE	NONE	NONE
CL-TASAKI2020-3103	TASAKI2020	000247.0006	PG-TASAKI2020-0247	PDF p. 247; print p. 235; §8.1.3; paragraph 6; audit split atom 3/7	conjecture	conjecture	Since the coupling between ŜL and ŜR should be caused by small overlap of the two effective spins, it is expected that the coupling constant Jcoup (L) approaches zero exponentially as the system size L is increased.	PENDING	NONE	NONE	false	NONE	NONE	NONE
CL-TASAKI2020-3104	TASAKI2020	000247.0007	PG-TASAKI2020-0247	PDF p. 247; print p. 235; §8.1.3; paragraph 6; audit split atom 4/7	assertion	remark	This is consistent with the expected behavior of the excitation energy of the Kennedy triplet.	PENDING	NONE	NONE	false	NONE	NONE	NONE
CL-TASAKI2020-3105	TASAKI2020	000247.0008	PG-TASAKI2020-0247	PDF p. 247; print p. 235; §8.1.3; paragraph 6; audit split atom 5/7	assertion	remark	Recall that we have exact four-fold degeneracy in the VBS state.	PENDING	NONE	NONE	false	NONE	NONE	NONE
CL-TASAKI2020-3106	TASAKI2020	000247.0009	PG-TASAKI2020-0247	PDF p. 247; print p. 235; §8.1.3; paragraph 6; audit split atom 6/7	assertion	unnumbered_obligation	This means that the coupling Jcoup (L) accidentally becomes zero in the AKLT model.	PENDING	NONE	NONE	false	NONE	NONE	NONE
CL-TASAKI2020-3107	TASAKI2020	000247.0010	PG-TASAKI2020-0247	PDF p. 247; print p. 235; §8.1.3; paragraph following the effective-coupling paragraph	assertion	remark	The existence of the effective edge spins can be most directly observed from numerical calculations [67].	PENDING	NONE	NONE	false	NONE	NONE	NONE
CL-TASAKI2020-1252	TASAKI2020	000248.0001	PG-TASAKI2020-0248	PDF p. 248; print p. 236; §8.1.3; paragraph 2, atom 1	domain	domain	Take an S = 1 model in the Haldane phase on an open chain, and consider a typical spin configuration σ that appears in the expansion (2.5.4) of the ground state |ΦGS ⟩.	PENDING	NONE	NONE	false	NONE	NONE	NONE
CL-TASAKI2020-1254	TASAKI2020	000248.0002	PG-TASAKI2020-0248	PDF p. 248; print p. 236; §8.1.3; equation (8.1.8)	assertion	equation	Ôstring^(α) := ∑_{x=1}^L Ŝx^(α) exp[−iπ∑_{y=1}^{x−1}Ŝy^(α)]. (8.1.8)	PENDING	NONE	NONE	false	NONE	NONE	NONE
CL-TASAKI2020-1255	TASAKI2020	000249.0001	PG-TASAKI2020-0249	PDF p. 249; print p. 237; §8.1.3; equation (8.1.9)	assertion	equation	(Ôstring^(α))² = ∑_{x=1}^L(Ŝx^(α))² − 2∑_{x,y=1; x<y}^L Ŝx^(α)e^{iπ∑_{z=x+1}^{y−1}Ŝz^(α)}Ŝy^(α). (8.1.9)	PENDING	NONE	NONE	false	NONE	NONE	NONE
CL-TASAKI2020-1256	TASAKI2020	000249.0002	PG-TASAKI2020-0249	PDF p. 249; print p. 237; §8.1.3; paragraph 5	hypothesis	hypothesis	We now assume that the unique ground state |Φ_GS⟩ exhibits hidden antiferromagnetic order in all three directions, i.e., O_string^(α)(Φ_GS)>0 for α=1,2,3, where the string order parameter O_string^(α)(Φ_GS) is defined in (7.2.7).	PENDING	NONE	NONE	false	NONE	NONE	NONE
CL-TASAKI2020-1257	TASAKI2020	000249.0003	PG-TASAKI2020-0249	PDF p. 249; print p. 237; §8.1.3; equation (8.1.10)	assertion	equation	⟨Φ_GS|(Ô_string^(α))²|Φ_GS⟩≥q_α. (8.1.10)	PENDING	NONE	NONE	false	NONE	NONE	NONE
CL-TASAKI2020-1258	TASAKI2020	000249.0004	PG-TASAKI2020-0249	PDF p. 249; print p. 237; §8.1.3; equation (8.1.11)	assertion	equation	|Γ^(α)⟩=Ô_string^(α)|Φ_GS⟩/‖Ô_string^(α)|Φ_GS⟩‖. (8.1.11)	PENDING	NONE	NONE	false	NONE	NONE	NONE
CL-TASAKI2020-1259	TASAKI2020	000249.0005	PG-TASAKI2020-0249	PDF p. 249; print p. 237; §8.1.3; Theorem 8.2	assertion	theorem	Theorem 8.2 Assume (8.1.10) for the ground state of the model (8.1.1). Then there exist three independent excited states |Ψ_ν⟩ with ν = 1,2,3, whose energy eigenvalues E_ν satisfy E_GS < E_ν ≤ E_GS + C_νL^{−1}, where C_ν are constants independent of L.	PENDING	NONE	NONE	false	NONE	NONE	NONE
CL-TASAKI2020-1261	TASAKI2020	000250.0001	PG-TASAKI2020-0250	PDF p. 250; print p. 238; §8.1.3; paragraph 2, atom 1	assertion	unnumbered_obligation	The local Hamiltonian ĥ x acts only on sites y such that |x − y| ≤ r , and satisfies ∥ĥ x ∥ ≤ h 0 , where r and h 0 are L-independent constants.	PENDING	NONE	NONE	false	NONE	NONE	NONE
CL-TASAKI2020-1262	TASAKI2020	000250.0002	PG-TASAKI2020-0250	PDF p. 250; print p. 238; §8.1.3; paragraph 2, atom 2	hypothesis	hypothesis	We further assume that there exists a ground state |ΦGS ⟩ such that Ûπ(α) |ΦGS ⟩ = |ΦGS ⟩ for α = 1, 2, 3. Note that all the assumptions are valid for the anisotropic model (8.1.1).	PENDING	NONE	NONE	false	NONE	NONE	NONE
CL-TASAKI2020-1263	TASAKI2020	000250.0003	PG-TASAKI2020-0250	PDF p. 250; print p. 238; §8.1.3; paragraph 2, atom 3	assertion	remark	The string factor exp[iπ∑_{y=1}^{x−1}Ŝ_y^(α)] is the π rotation on sites 1,…,x−1, so [Ŝ_x^(α)exp(iπ∑_{y=1}^{x−1}Ŝ_y^(α)),ĥ_z]=0 when |x−z|>r.	PENDING	NONE	NONE	false	NONE	NONE	NONE
CL-TASAKI2020-1264	TASAKI2020	000250.0004	PG-TASAKI2020-0250	PDF p. 250; print p. 238; §8.1.3; paragraph 2, atom 4	assertion	unnumbered_obligation	Because (Û_π^(α))†Ŝ_x^(β)Û_π^(α)=−Ŝ_x^(β) for α≠β, one has (Û_π^(α))†Ô_string^(β)Û_π^(α)=−Ô_string^(β) for α≠β.	PENDING	NONE	NONE	false	NONE	NONE	NONE
CL-TASAKI2020-1265	TASAKI2020	000250.0005	PG-TASAKI2020-0250	PDF p. 250; print p. 238; §8.1.3; equation (8.1.12)	assertion	equation	Û_π^(α)|Γ^(β)⟩={|Γ^(β)⟩ if α=β; −|Γ^(β)⟩ if α≠β}. (8.1.12)	PENDING	NONE	NONE	false	NONE	NONE	NONE
CL-TASAKI2020-1266	TASAKI2020	000250.0006	PG-TASAKI2020-0250	PDF p. 250; print p. 238; §8.1.3; paragraph 2, atom 5	assertion	unnumbered_obligation	Û_π^(α)|Γ^(β)⟩=|Γ^(β)⟩ if α=β and =−|Γ^(β)⟩ if α≠β. (8.1.12)	PENDING	NONE	NONE	false	NONE	NONE	NONE
CL-TASAKI2020-1267	TASAKI2020	000250.0007	PG-TASAKI2020-0250	PDF p. 250; print p. 238; §8.2; paragraph 5; atom 1	conjecture	conjecture	The Haldane phase of the S=1 chain is very likely a nontrivial phase distinct from the trivial large-D phase.	PENDING	NONE	NONE	false	NONE	NONE	NONE
CL-TASAKI2020-3414	TASAKI2020	000250.0008	PG-TASAKI2020-0250	PDF p. 250; print p. 238; §8.2; paragraph 5; atom 2	assertion	remark	The Haldane-phase ground state has no long-range order but has hidden antiferromagnetic order.	PENDING	NONE	NONE	false	NONE	NONE	NONE
CL-TASAKI2020-3415	TASAKI2020	000250.0009	PG-TASAKI2020-0250	PDF p. 250; print p. 238; §8.2; paragraph 5; atom 3	assertion	remark	The ground state of a periodic or infinite Haldane chain is unique, while an open chain has four nearly degenerate ground states reflecting effective S=1/2 edge states.	PENDING	NONE	NONE	false	NONE	NONE	NONE
CL-TASAKI2020-1268	TASAKI2020	000250.0010	PG-TASAKI2020-0250	PDF p. 250; print p. 238; §8.1.3; Note unnumbered line 21	assertion	remark	The proof uses the key estimate [O_string^(α), [H, O_string^(α)]] ≤ (constant)L.	PENDING	NONE	NONE	false	NONE	NONE	NONE
CL-TASAKI2020-1269	TASAKI2020	000251.0001	PG-TASAKI2020-0251	PDF p. 251; print p. 239; §8.2; paragraph 2	conjecture	conjecture	On top of these properties there is the mystery which has been around since the original discovery of Haldane’s: (H3) A system with unbroken continuous symmetry is expected to be gapless, but some S = 1 antiferromagnetic chains with continuous symmetry have a unique disordered ground state with a finite gap.	PENDING	NONE	NONE	false	NONE	NONE	NONE
CL-TASAKI2020-1270	TASAKI2020	000251.0002	PG-TASAKI2020-0251	PDF p. 251; print p. 239; §8.2.1; equation (8.2.1)	assertion	equation	Ĥλ,D = ∑_{x=−(L/2)+1}^{(L/2)−1}{Ŝx^(1)Ŝx+1^(1)+Ŝx^(2)Ŝx+1^(2)+λŜx^(3)Ŝx+1^(3)} + D∑_{x=−(L/2)+1}^{L/2}(Ŝx^(3))². (8.2.1)	PENDING	NONE	NONE	false	NONE	NONE	NONE
CL-TASAKI2020-1271	TASAKI2020	000251.0003	PG-TASAKI2020-0251	PDF p. 251; print p. 239; §8.2.1; equation (8.2.2)	assertion	equation	O_Néel^(α)(Φ_GS) := lim_{|y−x|↑∞}lim_{L↑∞}(−1)^{y−x}⟨Φ_GS|Ŝ_x^(α)Ŝ_y^(α)|Φ_GS⟩. (8.2.2)	PENDING	NONE	NONE	false	NONE	NONE	NONE
CL-TASAKI2020-1272	TASAKI2020	000252.0001	PG-TASAKI2020-0252	PDF p. 252; print p. 240; §8.2.1; paragraph 4; atom 1	conjecture	conjecture	For λ>0, the phase diagram is expected to contain the large-D, Haldane, and Ising antiferromagnetic phases.	PENDING	NONE	NONE	false	NONE	NONE	NONE
CL-TASAKI2020-3416	TASAKI2020	000252.0002	PG-TASAKI2020-0252	PDF p. 252; print p. 240; §8.2.1; paragraph 4; atom 2	assertion	remark	There is no long-range order in the large-D phase.	PENDING	NONE	NONE	false	NONE	NONE	NONE
CL-TASAKI2020-3417	TASAKI2020	000252.0003	PG-TASAKI2020-0252	PDF p. 252; print p. 240; §8.2.1; paragraph 4; atom 3	assertion	remark	There is no long-range order but there is hidden antiferromagnetic order in the Haldane phase.	PENDING	NONE	NONE	false	NONE	NONE	NONE
CL-TASAKI2020-3418	TASAKI2020	000252.0004	PG-TASAKI2020-0252	PDF p. 252; print p. 240; §8.2.1; paragraph 4; atom 4	assertion	remark	There is long-range antiferromagnetic order in the 3-direction in the Ising antiferromagnetic phase.	PENDING	NONE	NONE	false	NONE	NONE	NONE
CL-TASAKI2020-3419	TASAKI2020	000252.0005	PG-TASAKI2020-0252	PDF p. 252; print p. 240; §8.2.1; paragraph 4; atom 5	assertion	remark	The large-D, Ising antiferromagnetic, and Haldane phases respectively have no, partial, and full hidden ℤ₂×ℤ₂ symmetry breaking.	PENDING	NONE	NONE	false	NONE	NONE	NONE
CL-TASAKI2020-3420	TASAKI2020	000252.0006	PG-TASAKI2020-0252	PDF p. 252; print p. 240; §8.2.1; paragraph 4; atom 6	assertion	remark	For λ≤0, the phase diagram has a richer structure including XY and ferromagnetic phases.	PENDING	NONE	NONE	false	NONE	NONE	NONE
CL-TASAKI2020-1273	TASAKI2020	000252.0007	PG-TASAKI2020-0252	PDF p. 252; print p. 240; §8.2.1; equation (8.2.3)	assertion	equation	O_string^(α)(Φ_GS) := −lim_{|y−x|↑∞}lim_{L↑∞}⟨Φ_GS|Ŝ_x^(α)exp[iπ∑_{u=x+1}^{y−1}Ŝ_u^(α)]Ŝ_y^(α)|Φ_GS⟩. (8.2.3)	PENDING	NONE	NONE	false	NONE	NONE	NONE
CL-TASAKI2020-1274	TASAKI2020	000252.0008	PG-TASAKI2020-0252	PDF p. 252; print p. 240; §8.2.1; Theorem 8.3	assertion	theorem	Theorem 8.3: for λ≥0, D∈ℝ, and α=1,2,3, |O_Néel^(α)(Φ_GS)|≤O_string^(α)(Φ_GS). (8.2.4)	PENDING	NONE	NONE	false	NONE	NONE	NONE
CL-TASAKI2020-1275	TASAKI2020	000252.0009	PG-TASAKI2020-0252	PDF p. 252; print p. 240; §8.2.1; equation (8.2.4)	assertion	equation	|𝒪_Néel^(α)(Φ_GS)|≤𝒪_string^(α)(Φ_GS). (8.2.4)	PENDING	NONE	NONE	false	NONE	NONE	NONE
CL-TASAKI2020-1276	TASAKI2020	000253.0001	PG-TASAKI2020-0253	PDF p. 253; print p. 241; §8.2.2; equation (8.2.5)	assertion	equation	Û_KT = ∏_{1≤u<v≤L}exp[iπŜ_u^(3)Ŝ_v^(1)]. (8.2.5)	PENDING	NONE	NONE	false	NONE	NONE	NONE
CL-TASAKI2020-1277	TASAKI2020	000253.0002	PG-TASAKI2020-0253	PDF p. 253; print p. 241; §8.2.2; paragraph 6, atom 1	assertion	unnumbered_obligation	Since we obviously have (exp[iπ Ŝu(3) Ŝv(1) ])2 = 1̂, we find that (ÛKT )2 = 1̂, and hence ÛKT = ÛKT † .	PENDING	NONE	NONE	false	NONE	NONE	NONE
CL-TASAKI2020-1279	TASAKI2020	000254.0001	PG-TASAKI2020-0254	PDF p. 254; print p. 242; §8.2.2; equation (8.2.6)	assertion	equation	ÛKT = ∏_{x=1}^L exp[iπ(∑_{u=1}^{x−1}Ŝu^(3))Ŝx^(1)]. (8.2.6)	PENDING	NONE	NONE	false	NONE	NONE	NONE
CL-TASAKI2020-1280	TASAKI2020	000254.0002	PG-TASAKI2020-0254	PDF p. 254; print p. 242; §8.2.2; equation (8.2.7)	assertion	equation	Û_KT|Ψ_σ⟩ = {∏_{x=1}^L exp[iπ(∑_{u=1}^{x−1}σ_u)Ŝ_x^(1)]}|Ψ_σ⟩. (8.2.7)	PENDING	NONE	NONE	false	NONE	NONE	NONE
CL-TASAKI2020-1281	TASAKI2020	000254.0003	PG-TASAKI2020-0254	PDF p. 254; print p. 242; §8.2.2; paragraph 4	assertion	unnumbered_obligation	On h_x≅ℂ³, exp[iπ(∑_{u=1}^{x−1}σ_u)Ŝ_x^(1)] equals I when the partial sum is even and equals exp[iπŜ_x^(1)]=[[0,0,−1],[0,−1,0],[−1,0,0]] when it is odd. (8.2.8)	PENDING	NONE	NONE	false	NONE	NONE	NONE
CL-TASAKI2020-1282	TASAKI2020	000254.0004	PG-TASAKI2020-0254	PDF p. 254; print p. 242; §8.2.2; equation (8.2.8)	assertion	equation	exp[iπ(∑_{u=1}^{x−1}σ_u)Ŝ_x^(1)] = {1̂ if ∑_{u=1}^{x−1}σ_u is even; exp[iπŜ_x^(1)] = ((0,0,−1),(0,−1,0),(−1,0,0)) if ∑_{u=1}^{x−1}σ_u is odd}. (8.2.8)	PENDING	NONE	NONE	false	NONE	NONE	NONE
CL-TASAKI2020-1283	TASAKI2020	000254.0005	PG-TASAKI2020-0254	PDF p. 254; print p. 242; §8.2.2; equation (8.2.9)	assertion	equation	σ′_1=σ_1,  σ′_x=(−1)^{∑_{u=1}^{x−1}σ_u}σ_x. (8.2.9)	PENDING	NONE	NONE	false	NONE	NONE	NONE
CL-TASAKI2020-1284	TASAKI2020	000254.0006	PG-TASAKI2020-0254	PDF p. 254; print p. 242; §8.2.2; paragraph 7	assertion	unnumbered_obligation	The map (8.2.9) converts hidden antiferromagnetic order in σ into ordinary ferromagnetic order in the transformed configuration σ′.	PENDING	NONE	NONE	false	NONE	NONE	NONE
CL-TASAKI2020-1285	TASAKI2020	000254.0007	PG-TASAKI2020-0254	PDF p. 254; print p. 242; §8.2.2; equation (8.2.10)	assertion	equation	[diagram transcription] The visible spin string is + − + 0 − 0 + + − 0 0 0 − 0 + −, with a dotted oval enclosing the illustrated central +,− pair. (8.2.10)	PENDING	NONE	NONE	false	NONE	NONE	NONE
CL-TASAKI2020-1286	TASAKI2020	000254.0008	PG-TASAKI2020-0254	PDF p. 254; print p. 242; §8.2.2; equation (8.2.11)	assertion	equation	[diagram transcription] The visible spin string is + + + 0 + 0 + − − 0 0 0 + 0 + +. (8.2.11)	PENDING	NONE	NONE	false	NONE	NONE	NONE
CL-TASAKI2020-1287	TASAKI2020	000254.0009	PG-TASAKI2020-0254	PDF p. 254; print p. 242; §8.2.2; Note unnumbered line 70	assertion	remark	Note that the hidden order has been converted into manifest ferromagnetic order, and the defect into a local pair of flipped spins. We thus conclude that the nonlocal unitary operator ÛKT transforms a state |Φ with hidden antiferromagnetic order into a state ÛKT |Φ with manifest ferromagnetic order.	PENDING	NONE	NONE	false	NONE	NONE	NONE
CL-TASAKI2020-1288	TASAKI2020	000255.0001	PG-TASAKI2020-0255	PDF p. 255; print p. 243; §8.2.2; equation (8.2.12)	assertion	equation	ÛKT Ŝx^(1) ÛKT = Ŝx^(1) exp[iπ∑_{v=x+1}^L Ŝv^(1)]. (8.2.12)	PENDING	NONE	NONE	false	NONE	NONE	NONE
CL-TASAKI2020-1289	TASAKI2020	000255.0002	PG-TASAKI2020-0255	PDF p. 255; print p. 243; §8.2.2; equation (8.2.13)	assertion	equation	ÛKT Ŝx^(2) ÛKT = exp[iπ∑_{u=1}^{x−1}Ŝu^(3)] Ŝx^(2) exp[iπ∑_{v=x+1}^L Ŝv^(1)]. (8.2.13)	PENDING	NONE	NONE	false	NONE	NONE	NONE
CL-TASAKI2020-1290	TASAKI2020	000255.0003	PG-TASAKI2020-0255	PDF p. 255; print p. 243; §8.2.2; equation (8.2.14)	assertion	equation	Û_KT Ŝ_x^(3) Û_KT = exp[iπ∑_{u=1}^{x−1}Ŝ_u^(3)]Ŝ_x^(3). (8.2.14)	PENDING	NONE	NONE	false	NONE	NONE	NONE
CL-TASAKI2020-1291	TASAKI2020	000255.0004	PG-TASAKI2020-0255	PDF p. 255; print p. 243; §8.2.2; equation (8.2.15)	assertion	equation	Û_KT Ŝ_x^(3)Ŝ_{x+1}^(3)Û_KT = (Û_KT Ŝ_x^(3)Û_KT)(Û_KT Ŝ_{x+1}^(3)Û_KT) = exp[iπ∑_{u=1}^{x−1}Ŝ_u^(3)]Ŝ_x^(3)exp[iπ∑_{u=1}^{x}Ŝ_u^(3)]Ŝ_{x+1}^(3) = exp[iπŜ_x^(3)]Ŝ_x^(3)Ŝ_{x+1}^(3) = −Ŝ_x^(3)Ŝ_{x+1}^(3). (8.2.15)	PENDING	NONE	NONE	false	NONE	NONE	NONE
CL-TASAKI2020-1292	TASAKI2020	000255.0005	PG-TASAKI2020-0255	PDF p. 255; print p. 243; §8.2.2; paragraph 7	assertion	remark	For S=1, exp(iπŜ_x^(α))Ŝ_x^(α)=−Ŝ_x^(α); using this identity transforms (8.2.1) into the short-ranged Hamiltonian (8.2.16).	PENDING	NONE	NONE	false	NONE	NONE	NONE
CL-TASAKI2020-1293	TASAKI2020	000255.0006	PG-TASAKI2020-0255	PDF p. 255; print p. 243; §8.2.2; equation (8.2.16)	assertion	equation	Ĥ′_{λ,D} = Û_KT Ĥ_{λ,D} Û_KT = ∑_{x=1}^L{−Ŝ_x^(1)Ŝ_{x+1}^(1) + Ŝ_x^(2)exp[iπ(Ŝ_x^(3)+Ŝ_{x+1}^(1))]Ŝ_{x+1}^(2) − λŜ_x^(3)Ŝ_{x+1}^(3)} + D∑_{x=1}^L(Ŝ_x^(3))². (8.2.16)	PENDING	NONE	NONE	false	NONE	NONE	NONE
CL-TASAKI2020-1294	TASAKI2020	000255.0007	PG-TASAKI2020-0255	PDF p. 255; print p. 243; §8.2.2; equation (8.2.17)	assertion	equation	Û_KT Ŝ_x^(α)Ŝ_y^(α)Û_KT = −Ŝ_x^(α)exp[iπ∑_{u=x+1}^{y−1}Ŝ_u^(α)]Ŝ_y^(α). (8.2.17)	PENDING	NONE	NONE	false	NONE	NONE	NONE
CL-TASAKI2020-1295	TASAKI2020	000256.0001	PG-TASAKI2020-0256	PDF p. 256; print p. 244; §8.2.2; paragraph 2	hypothesis	hypothesis	Since this is obviously equal to Ŝx(α) when α = 3, we assume α = 1, 2.	PENDING	NONE	NONE	false	NONE	NONE	NONE
CL-TASAKI2020-1296	TASAKI2020	000256.0002	PG-TASAKI2020-0256	PDF p. 256; print p. 244; §8.2.2; equation (8.2.18)	assertion	equation	e^(iπMŜ_x^(3))Ŝ_x^(α)e^(iπMŜ_x^(3))={Ŝ_x^(α) if M=0; −Ŝ_x^(α) if M=±1}. (8.2.18)	PENDING	NONE	NONE	false	NONE	NONE	NONE
CL-TASAKI2020-1297	TASAKI2020	000256.0003	PG-TASAKI2020-0256	PDF p. 256; print p. 244; §8.2.2; equation (8.2.19)	assertion	equation	exp[iπŜx^(3)Ŝv^(1)]Ŝx^(α)exp[iπŜx^(3)Ŝv^(1)]={Ŝx^(α)exp[iπŜv^(1)] if α=1,2; Ŝx^(α) if α=3}. (8.2.19)	PENDING	NONE	NONE	false	NONE	NONE	NONE
CL-TASAKI2020-1298	TASAKI2020	000256.0004	PG-TASAKI2020-0256	PDF p. 256; print p. 244; §8.2.2; equation (8.2.20)	assertion	equation	e^(iπŜ_u^(3)Ŝ_x^(1))Ŝ_x^(α)e^(iπŜ_u^(3)Ŝ_x^(1))={Ŝ_x^(α) if α=1; e^(iπŜ_u^(3))Ŝ_x^(α) if α=2,3}. (8.2.20)	PENDING	NONE	NONE	false	NONE	NONE	NONE
CL-TASAKI2020-1299	TASAKI2020	000257.0001	PG-TASAKI2020-0257	PDF p. 257; print p. 245; §8.2.3; paragraph 2, atom 1	assertion	unnumbered_obligation	As we have seen in Sect. 2.1, these rotations are related, e.g., by Ûπ(1) Ûπ(2) = Ûπ(3) , and the collection {1̂, Ûπ(1) , Ûπ(2) , Ûπ(3) } forms a representation of the group Z2 × Z2 .	PENDING	NONE	NONE	false	NONE	NONE	NONE
CL-TASAKI2020-1300	TASAKI2020	000257.0002	PG-TASAKI2020-0257	PDF p. 257; print p. 245; §8.2.3; paragraph 2, atom 2	domain	domain	Let |Φ_GS⟩ be the ground state of Ĥ_{λ,D} and |Φ̃_GS⟩:=Û_KT|Φ_GS⟩ the ground state of Ĥ′_{λ,D}=Û_KTĤ_{λ,D}Û_KT.	PENDING	NONE	NONE	false	NONE	NONE	NONE
CL-TASAKI2020-1301	TASAKI2020	000257.0003	PG-TASAKI2020-0257	PDF p. 257; print p. 245; §8.2.3; paragraph 2, atom 3	definition	definition	Define O_ferro^(α)(Φ̃_GS):=lim_{y−x↑∞}lim_{L↑∞}⟨Φ̃_GS|Ŝ_x^(α)Ŝ_y^(α)|Φ̃_GS⟩. (8.2.21)	PENDING	NONE	NONE	false	NONE	NONE	NONE
CL-TASAKI2020-1302	TASAKI2020	000257.0004	PG-TASAKI2020-0257	PDF p. 257; print p. 245; §8.2.3; equation (8.2.21)	assertion	equation	𝒪_ferro^(α)(Φ′_GS):=lim_{y−x↑∞}lim_{L↑∞}⟨Φ′_GS|Ŝ_x^(α)Ŝ_y^(α)|Φ′_GS⟩. (8.2.21)	PENDING	NONE	NONE	false	NONE	NONE	NONE
CL-TASAKI2020-1303	TASAKI2020	000257.0005	PG-TASAKI2020-0257	PDF p. 257; print p. 245; §8.2.3; equation (8.2.22)	assertion	equation	𝒪_ferro^(1)(Φ′_GS)>0 and 𝒪_ferro^(3)(Φ′_GS)>0. (8.2.22)	PENDING	NONE	NONE	false	NONE	NONE	NONE
CL-TASAKI2020-1304	TASAKI2020	000257.0006	PG-TASAKI2020-0257	PDF p. 257; print p. 245; §8.2.3; equation (8.2.23)	assertion	equation	⟨Φ′_GS|Ŝ_x^(α)Ŝ_y^(α)|Φ′_GS⟩ = ⟨Φ_GS|Û_KT Ŝ_x^(α)Ŝ_y^(α)Û_KT|Φ_GS⟩ = −⟨Φ_GS|Ŝ_x^(α)exp[iπ∑_{u=x+1}^{y−1}Ŝ_u^(α)]Ŝ_y^(α)|Φ_GS⟩. (8.2.23)	PENDING	NONE	NONE	false	NONE	NONE	NONE
CL-TASAKI2020-1305	TASAKI2020	000257.0007	PG-TASAKI2020-0257	PDF p. 257; print p. 245; §8.2.3; equation (8.2.24)	assertion	equation	𝒪_ferro^(α)(Φ′_GS)=𝒪_string^(α)(Φ_GS). (8.2.24)	PENDING	NONE	NONE	false	NONE	NONE	NONE
CL-TASAKI2020-1306	TASAKI2020	000258.0001	PG-TASAKI2020-0258	PDF p. 258; print p. 246; §8.2.3; paragraph 2, atom 1	assertion	unnumbered_obligation	Symmetry gives O_string^(1)(Φ_GS)=O_string^(2)(Φ_GS)=O_string^(3)(Φ_GS)>0.	PENDING	NONE	NONE	false	NONE	NONE	NONE
CL-TASAKI2020-1307	TASAKI2020	000258.0002	PG-TASAKI2020-0258	PDF p. 258; print p. 246; §8.2.3; paragraph 2, atom 2	hypothesis	hypothesis	Suppose that the Z2 × Z2 symmetry is fully broken in the infinite volume ground states of the transformed model with Hamiltonian Ĥλ,D .	PENDING	NONE	NONE	false	NONE	NONE	NONE
CL-TASAKI2020-1308	TASAKI2020	000258.0003	PG-TASAKI2020-0258	PDF p. 258; print p. 246; §8.2.3; paragraph 2, atom 3	definition	definition	The breaking is called hidden symmetry breaking because it is revealed only after applying the nonlocal unitary transformation Û_KT.	PENDING	NONE	NONE	false	NONE	NONE	NONE
CL-TASAKI2020-1309	TASAKI2020	000259.0001	PG-TASAKI2020-0259	PDF p. 259; print p. 247; §8.2.3; paragraph 2	assertion	unnumbered_obligation	For the transformed model, O_ferro^(1)=O_ferro^(2)=0 and O_ferro^(3)>0; equivalently, for the original ground state, O_string^(1)=O_string^(2)=0 and O_string^(3)>0.	PENDING	NONE	NONE	false	NONE	NONE	NONE
CL-TASAKI2020-1310	TASAKI2020	000259.0002	PG-TASAKI2020-0259	PDF p. 259; print p. 247; §8.2.3; equation (8.2.25)	assertion	equation	|Θ′_(a,b,c)⟩=⊗_(x∈Λ_L){a|ψ_x⁰⟩+b|ψ_x+⟩+c|ψ_x−⟩}. (8.2.25)	PENDING	NONE	NONE	false	NONE	NONE	NONE
CL-TASAKI2020-1311	TASAKI2020	000259.0003	PG-TASAKI2020-0259	PDF p. 259; print p. 247; §8.2.3; equation (8.2.26)	assertion	equation	E(a,b,c):=(1/L)⟨Θ′_(a,b,c)|Ĥ′_(λ,D)|Θ′_(a,b,c)⟩=−2ℜ[a²(b²+c²)*]−2|a|²(|b|²+|c|²)−λ(|b|²−|c|²)²+D(|b|²+|c|²). (8.2.26)	PENDING	NONE	NONE	false	NONE	NONE	NONE
CL-TASAKI2020-1312	TASAKI2020	000259.0004	PG-TASAKI2020-0259	PDF p. 259; print p. 247; §8.2.3; paragraph 7	assertion	unnumbered_obligation	Depending on λ and D, the variational energy E(a,b,c) has one, two, or four minimizing solutions, and hence the same number of variational ground states.	PENDING	NONE	NONE	false	NONE	NONE	NONE
CL-TASAKI2020-1313	TASAKI2020	000260.0001	PG-TASAKI2020-0260	PDF p. 260; print p. 248; §8.2.3; paragraph 2	assertion	unnumbered_obligation	In the parameter region D>4 and D>λ>0, the minimum of E(a,b,c) is attained at a=1, b=c=0.	PENDING	NONE	NONE	false	NONE	NONE	NONE
CL-TASAKI2020-1314	TASAKI2020	000260.0002	PG-TASAKI2020-0260	PDF p. 260; print p. 248; §8.2.3; paragraph 3	assertion	unnumbered_obligation	The corresponding variational ground state is |Θ′1,0,0⟩ = ⊗_{x∈ΛL}|ψx0⟩. The nonlocal transformation ÛKT leaves it unchanged. In the region 2λ−D>4, λ>D, λ>0, the minimum is attained at (0,1,0) and (0,0,1), giving |Θ′0,1,0⟩ = ⊗_{x∈ΛL}|ψx+⟩ and |Θ′0,0,1⟩ = ⊗_{x∈ΛL}|ψx−⟩.	PENDING	NONE	NONE	false	NONE	NONE	NONE
CL-TASAKI2020-1315	TASAKI2020	000260.0003	PG-TASAKI2020-0260	PDF p. 260; print p. 248; §8.2.3; equation (8.2.27)	assertion	equation	|Θ_(0,1,0)⟩=Û_KT|Θ′_(0,1,0)⟩=(−1)^(L/2)⊗_(j=1)^(L/2)|ψ_(−L/2+2j−1)−⟩⊗|ψ_(−L/2+2j)+⟩. (8.2.27)	PENDING	NONE	NONE	false	NONE	NONE	NONE
CL-TASAKI2020-1316	TASAKI2020	000260.0004	PG-TASAKI2020-0260	PDF p. 260; print p. 248; §8.2.3; equation (8.2.28)	assertion	equation	|Θ_(0,0,1)⟩=Û_KT|Θ′_(0,0,1)⟩=(−1)^(L/2)⊗_(j=1)^(L/2)|ψ_(−L/2+2j−1)+⟩⊗|ψ_(−L/2+2j)−⟩. (8.2.28)	PENDING	NONE	NONE	false	NONE	NONE	NONE
CL-TASAKI2020-1317	TASAKI2020	000260.0005	PG-TASAKI2020-0260	PDF p. 260; print p. 248; §8.2.3; paragraph 6	assertion	unnumbered_obligation	Finally, for D<4, 2λ−D<4, and λ>0, the minimum of E(a,b,c) is attained at (ā,±b̄,0) and (ā,0,±b̄), where ā = √{(4+D−2λ)/(8−2λ)} and b̄ = √{(4−D)/(8−2λ)}.	PENDING	NONE	NONE	false	NONE	NONE	NONE
CL-TASAKI2020-1318	TASAKI2020	000261.0001	PG-TASAKI2020-0261	PDF p. 261; print p. 249; §8.2.3; Fig. 8.7 caption, atom 1	assertion	remark	The variational energy satisfies E(a,b,c)=E(a,c,b).	PENDING	NONE	NONE	false	NONE	NONE	NONE
CL-TASAKI2020-1319	TASAKI2020	000261.0002	PG-TASAKI2020-0261	PDF p. 261; print p. 249; §8.2.3; Fig. 8.7 caption, atom 2	assertion	remark	For λ=1 and D=5, E has a unique minimum proportional to (1,0,0), representing the Z₂ × Z₂-symmetric large-D phase.	PENDING	NONE	NONE	false	NONE	NONE	NONE
CL-TASAKI2020-1320	TASAKI2020	000261.0003	PG-TASAKI2020-0261	PDF p. 261; print p. 249; §8.2.3; Fig. 8.7 caption, atom 3	assertion	remark	For λ=3 and D=0, E has two minima proportional to (0,1,0) and (0,0,1), representing the partially Z₂ × Z₂-broken Ising antiferromagnetic phase.	PENDING	NONE	NONE	false	NONE	NONE	NONE
CL-TASAKI2020-1321	TASAKI2020	000261.0004	PG-TASAKI2020-0261	PDF p. 261; print p. 249; §8.2.3; Fig. 8.7 caption, atom 4	assertion	remark	For λ=1 and D=0, E has four stated minima representing the fully Z₂ × Z₂-broken Haldane phase, and the transformed variational states are VBS states.	PENDING	NONE	NONE	false	NONE	NONE	NONE
CL-TASAKI2020-1322	TASAKI2020	000262.0001	PG-TASAKI2020-0262	PDF p. 262; print p. 250; §8.2.3; paragraph 4	assertion	unnumbered_obligation	The invariance (Û_π^(α))†Ĥ_{λ,D}Û_π^(α)=Ĥ_{λ,D} is equivalent to (Û_π^(α))†Ĥ′_{λ,D}Û_π^(α)=Ĥ′_{λ,D}.	PENDING	NONE	NONE	false	NONE	NONE	NONE
CL-TASAKI2020-1323	TASAKI2020	000262.0002	PG-TASAKI2020-0262	PDF p. 262; print p. 250; §8.2.3; Proposition 8.4	assertion	proposition	Proposition 8.4 Let Ĥ be a Hamiltonian of an S = 1 open chain with short range interactions. A necessary and sufficient condition for the transformed Hamiltonian H̃ = Û_KT Ĥ Û_KT to have only short range interactions is that Ĥ is ℤ₂ × ℤ₂ invariant, i.e., (Û_π^(α))†ĤÛ_π^(α) = Ĥ for α = 1,2,3. (In this case H̃ is also ℤ₂ × ℤ₂ invariant.)	PENDING	NONE	NONE	false	NONE	NONE	NONE
CL-TASAKI2020-1324	TASAKI2020	000262.0003	PG-TASAKI2020-0262	PDF p. 262; print p. 250; §8.2.3; Fig. 8.8 caption	out_of_scope	remark	Fig. 8.8 The ground state phase diagram of the Hamiltonian (8.2.1) obtained by the variational calculation. The feature of the actual phase diagram in Fig. 8.6 is recovered qualitatively.	PENDING	figure-description-not-formal-claim	CORPUS-NORMALIZATION-INDEPENDENT-REVIEW	false	NONE	NONE	NONE
CL-TASAKI2020-1325	TASAKI2020	000262.0004	PG-TASAKI2020-0262	PDF p. 262; print p. 250; §8.2.3; mathematical observation before Proposition 8.4	assertion	unnumbered_obligation	A local product of spin components is Z₂ × Z₂ invariant exactly when n₁+n₂ and n₂+n₃ are even; n₁=n₂=n₃=1 is an example.	PENDING	NONE	NONE	false	NONE	NONE	NONE
CL-TASAKI2020-1326	TASAKI2020	000263.0001	PG-TASAKI2020-0263	PDF p. 263; print p. 251; §8.2.3; assertion prose line 7	assertion	unnumbered_obligation	We thus conclude that the picture of hidden Z2 ×Z2 symmetry breaking is effective if and only if the original Hamiltonian has Z2 × Z2 symmetry.	PENDING	NONE	NONE	false	NONE	NONE	NONE
CL-TASAKI2020-1327	TASAKI2020	000264.0001	PG-TASAKI2020-0264	PDF p. 264; print p. 252; §8.3.1; equation (8.3.1)	assertion	equation	[diagram transcription] An open S=2 VBS chain has two valence bonds between every neighboring pair and two unpaired spin-1/2 dots at each boundary; a dotted symmetrization circle encloses the four dots at each bulk site. (8.3.1)	PENDING	NONE	NONE	false	NONE	NONE	NONE
CL-TASAKI2020-1328	TASAKI2020	000264.0002	PG-TASAKI2020-0264	PDF p. 264; print p. 252; §8.3.1; equation (8.3.2)	assertion	equation	[diagram transcription] At the left boundary of the open S=2 VBS chain, a dotted symmetrization circle encloses the two unpaired spin-1/2 dots, represented by an upward arrow as an effective S=1 left-edge state; the chain continues rightward. (8.3.2)	PENDING	NONE	NONE	false	NONE	NONE	NONE
CL-TASAKI2020-1329	TASAKI2020	000264.0003	PG-TASAKI2020-0264	PDF p. 264; print p. 252; §8.3.1; paragraph 3	assertion	unnumbered_obligation	The S=2 open-chain AKLT model has nine ground states because each S=1 effective edge spin has three states.	PENDING	NONE	NONE	false	NONE	NONE	NONE
CL-TASAKI2020-1330	TASAKI2020	000264.0004	PG-TASAKI2020-0264	PDF p. 264; print p. 252; §8.3.1; equation (8.3.3)	assertion	equation	𝒪_string^(α)(Φ_VBS^S)={>0 if S=1,3,5,…; =0 if S=2,4,6,…}. (8.3.3)	PENDING	NONE	NONE	false	NONE	NONE	NONE
CL-TASAKI2020-1331	TASAKI2020	000264.0005	PG-TASAKI2020-0264	PDF p. 264; print p. 252; §8.3.1; paragraph after (8.3.2), atom 1	assertion	unnumbered_obligation	For even S, the (S+1)²-fold open-chain AKLT degeneracy is not an integer multiple of four, so it is not explained by Z₂ × Z₂ symmetry breaking alone.	PENDING	NONE	NONE	false	NONE	NONE	NONE
CL-TASAKI2020-1332	TASAKI2020	000264.0006	PG-TASAKI2020-0264	PDF p. 264; print p. 252; §8.3.1; paragraph after (8.3.3), atom 2	assertion	unnumbered_obligation	The odd-S/even-S dependence of hidden antiferromagnetic order indicates a further qualitative distinction between odd- and even-integer spin chains.	PENDING	NONE	NONE	true	CL-TASAKI2020-1330	duplicate-of-CL-TASAKI2020-1330-and-CL-TASAKI2020-1331	CORPUS-NORMALIZATION-INDEPENDENT-REVIEW
CL-TASAKI2020-1333	TASAKI2020	000265.0001	PG-TASAKI2020-0265	PDF p. 265; print p. 253; §8.3.1; equation (8.3.4)	assertion	equation	ĤD,B = ∑_{x=1}^L{Ŝx·Ŝx+1 + D(Ŝx^(3))² + BŜx^(1)}. (8.3.4)	PENDING	NONE	NONE	false	NONE	NONE	NONE
CL-TASAKI2020-1334	TASAKI2020	000265.0002	PG-TASAKI2020-0265	PDF p. 265; print p. 253; §8.3.1; paragraph 8, atom 1	assertion	unnumbered_obligation	At B=0 the model is in the trivial large-D phase for D>D_c≃1 and in the Haldane phase for 0<D<D_c.	PENDING	NONE	NONE	false	NONE	NONE	NONE
CL-TASAKI2020-1335	TASAKI2020	000265.0003	PG-TASAKI2020-0265	PDF p. 265; print p. 253; §8.3.1; paragraph 8, atom 2	assertion	unnumbered_obligation	This fact, or a direct application of the transformation rule (8.2.12), implies that the Hamiltonian ÛKT Ĥ D,B ÛKT is no longer short ranged for B ≠ 0.	PENDING	NONE	NONE	false	NONE	NONE	NONE
CL-TASAKI2020-1336	TASAKI2020	000265.0004	PG-TASAKI2020-0265	PDF p. 265; print p. 253; §8.3.1; Fig. 8.9 caption	out_of_scope	remark	Fig. 8.9 A schematic ground state phase diagram of the Hamiltonian (8.3.4) obtained by Gu and Wen [31]. The picture of hidden antiferromagnetic order does not work for the present model, but there is a distinct phase including the Heisenberg point. Although this phase can be characterized by neither hidden antiferromagnetic order nor the emergence of edge states, we should identify it as the Haldane phase. Surrounding the Haldane phase, there are large-D phase and two antiferromagnetic phases, denoted as AF2 and AF3 , where the spins point in the 2 or the 3 directions, respectively.	PENDING	figure-description-not-formal-claim	CORPUS-NORMALIZATION-INDEPENDENT-REVIEW	false	NONE	NONE	NONE
CL-TASAKI2020-1337	TASAKI2020	000266.0001	PG-TASAKI2020-0266	PDF p. 266; print p. 254; §8.3.2; paragraph 4, atom 1	hypothesis	hypothesis	We assume that both Ĥ0 and Ĥ1 have a unique ground state with a nonvanishing energy gap.	PENDING	NONE	NONE	false	NONE	NONE	NONE
CL-TASAKI2020-1338	TASAKI2020	000266.0002	PG-TASAKI2020-0266	PDF p. 266; print p. 254; §8.3.2; paragraph 4, atom 2	definition	definition	We say that the two Hamiltonians Ĥ0 and Ĥ1 , or the corresponding two ground states, are continuously connected if there exists a class of short ranged Hamiltonians Ĥs with 0 ≤ s ≤ 1 such that Ĥs depends continuously on s, coincides with Ĥ0 and Ĥ1 when s = 0 and 1, respectively, and has a unique ground state (which is also required to depend continuously on s) with a nonvanishing energy gap for any s.	PENDING	NONE	NONE	false	NONE	NONE	NONE
CL-TASAKI2020-1339	TASAKI2020	000267.0001	PG-TASAKI2020-0267	PDF p. 267; print p. 255; §8.3.2; paragraph 3	assertion	remark	It is important to note that the two phases cannot be distinguished by ordinary order parameters because we assume that there is no symmetry breaking.	PENDING	NONE	NONE	false	NONE	NONE	NONE
CL-TASAKI2020-1340	TASAKI2020	000267.0002	PG-TASAKI2020-0267	PDF p. 267; print p. 255; §8.3.2; paragraph 4	hypothesis	hypothesis	Suppose that the Hamiltonians Ĥ0 and Ĥ1 as above have certain common symmetry.	PENDING	NONE	NONE	false	NONE	NONE	NONE
CL-TASAKI2020-1341	TASAKI2020	000268.0001	PG-TASAKI2020-0268	PDF p. 268; print p. 256; §8.3.2; paragraph 2, atom 1	assertion	unnumbered_obligation	We shall present more sophisticated (and even rigorous) discussions based on “topological” Z2 indices in Sects. 8.3.3, 8.3.4, and 8.3.6. (S1) Z2 × Z2 symmetry: We require that the Hamiltonian Ĥs with any s satisfies (Ûπ(α) )† Ĥs Ûπ(α) = Ĥs for α = 1 and 3.	PENDING	NONE	NONE	false	NONE	NONE	NONE
CL-TASAKI2020-1342	TASAKI2020	000268.0002	PG-TASAKI2020-0268	PDF p. 268; print p. 256; §8.3.2; paragraph 2, atom 2	assertion	unnumbered_obligation	The phase with full Z2 × Z2 symmetry breaking is identified with the Haldane phase in the original Hamiltonian. (S2) Time-reversal symmetry: We now require that Ĥs satisfies Θ̂ −1 Ĥs Θ̂ = Ĥs , where the time-reversal map Θ̂ is defined in (2.3.16).	PENDING	NONE	NONE	false	NONE	NONE	NONE
CL-TASAKI2020-1343	TASAKI2020	000269.0001	PG-TASAKI2020-0269	PDF p. 269; print p. 257; §8.3.2; equation (8.3.5)	assertion	equation	Û_inv|Ψ^σ⟩=|Ψ^(σ_inv)⟩. (8.3.5)	PENDING	NONE	NONE	false	NONE	NONE	NONE
CL-TASAKI2020-1344	TASAKI2020	000269.0002	PG-TASAKI2020-0269	PDF p. 269; print p. 257; §8.3.2; paragraph 3, atom 1; atom 1	definition	definition	Define bond-centered inversion by Û_inv|Ψ^(σ₁,…,σ_L)⟩:=|Ψ^(σ_L,…,σ₁)⟩.	PENDING	NONE	NONE	false	NONE	NONE	NONE
CL-TASAKI2020-3421	TASAKI2020	000269.0003	PG-TASAKI2020-0269	PDF p. 269; print p. 257; §8.3.2; paragraph 3, atom 1; atom 2	hypothesis	hypothesis	Assume (Û_inv)†Ĥ_sÛ_inv=Ĥ_s.	PENDING	NONE	NONE	false	NONE	NONE	NONE
CL-TASAKI2020-1345	TASAKI2020	000269.0004	PG-TASAKI2020-0269	PDF p. 269; print p. 257; §8.3.2; paragraph 3, atom 2	assertion	unnumbered_obligation	If the ground state is unique, we must have Ûinv |ΦGS ⟩ = σinv |ΦGS ⟩.	PENDING	NONE	NONE	false	NONE	NONE	NONE
CL-TASAKI2020-1346	TASAKI2020	000269.0005	PG-TASAKI2020-0269	PDF p. 269; print p. 257; §8.3.2; paragraph 3, atom 3	assertion	unnumbered_obligation	By noting that (Ûinv )2 = 1̂, we find that the phase factor (or the parity) σinv is either 1 or −1.	PENDING	NONE	NONE	false	NONE	NONE	NONE
CL-TASAKI2020-1347	TASAKI2020	000269.0006	PG-TASAKI2020-0269	PDF p. 269; print p. 257; §8.3.2; paragraph 3, atom 4	assertion	unnumbered_obligation	On the other hand, the state |Φ₀⟩=⊗_{x=1}^L|ψ_x^0⟩ with all 0’s, which is the ground state of the trivial Hamiltonian (8.1.2) in the large-D phase, clearly satisfies Û_inv|Φ₀⟩=|Φ₀⟩ for any L.	PENDING	NONE	NONE	false	NONE	NONE	NONE
CL-TASAKI2020-1348	TASAKI2020	000270.0001	PG-TASAKI2020-0270	PDF p. 270; print p. 258; §8.3.2; paragraph 2	conjecture	conjecture	When we perturb the Hamiltonian, it is expected that the behavior at each edge is described by an effective Hamiltonian for a single S/2 spin, provided that the edge degrees of freedom are stable and the chain is long enough.	PENDING	NONE	NONE	false	NONE	NONE	NONE
CL-TASAKI2020-1349	TASAKI2020	000271.0001	PG-TASAKI2020-0271	PDF p. 271; print p. 259; §8.3.2; paragraph 4	assertion	remark	Figure 8.11 shows that an even-S edge can be locally rearranged into singlet pairs, whereas an odd-S chain retains a protected half-odd-integer edge degree of freedom.	PENDING	NONE	NONE	false	NONE	NONE	NONE
CL-TASAKI2020-1350	TASAKI2020	000271.0002	PG-TASAKI2020-0271	PDF p. 271; print p. 259; §8.3.2; paragraph 5	assertion	unnumbered_obligation	We thus conclude that, when S is odd, an S = 1/2 edge spin degree of freedom (that corresponds to the double degeneracy) remains stable, protected by time-reversal symmetry. When S is even, on the other hand, there is no general reason that the edge spin should remain stable.	PENDING	NONE	NONE	false	NONE	NONE	NONE
CL-TASAKI2020-3108	TASAKI2020	000271.0003	PG-TASAKI2020-0271	PDF p. 271; print p. 259; §8.3.2; paragraph 6; audit split atom 1/3	assertion	unnumbered_obligation	When S is even, |Φ_VBS^S⟩ always has even parity, suggesting that there is nothing protecting the VBS state.	PENDING	NONE	NONE	false	NONE	NONE	NONE
CL-TASAKI2020-3109	TASAKI2020	000271.0004	PG-TASAKI2020-0271	PDF p. 271; print p. 259; §8.3.2; paragraph following the (S3) parity paragraph	assertion	unnumbered_obligation	In order to unambiguously conclude that a spin chain with even S exhibiting the Haldane gap belongs to the trivial phase, one still needs to show that its ground state can be continuously connected to trivial states.	PENDING	NONE	NONE	false	NONE	NONE	NONE
CL-TASAKI2020-3110	TASAKI2020	000271.0005	PG-TASAKI2020-0271	PDF p. 271; print p. 259; §8.3.2; paragraph following the (S3) parity paragraph	assertion	unnumbered_obligation	A one-parameter family of matrix-product states for the S=2 chain with all three symmetries (S1), (S2), and (S3), interpolating between the VBS state and the trivial product state |Φ₀⟩=⊗_{x=1}^L|ψ_x^0⟩ without passing through a gapless state, was explicitly constructed in [82].	PENDING	NONE	NONE	false	NONE	NONE	NONE
CL-TASAKI2020-1352	TASAKI2020	000272.0001	PG-TASAKI2020-0272	PDF p. 272; print p. 260; §8.3.2; paragraph 4	assertion	remark	Fig. 8.12 The ground state phase diagram of the S = 2 chain with the anisotropic Hamiltonian (8.2.1) with two parameters λ and D. The Hamiltonian has all the symmetry (S1), (S2), and (S3). There are the large-D phase (LD), the XY phase (XY1), the Néel phase (N), the Haldane phase (H), and the intermediate-D phase (ID). Remarkably the Haldane phase is continuously connected to the trivial large-D phase. It is also remarkable that although the Haldane phase is very narrow for small D, the Heisenberg point with λ = 1 and D = 0 is still in the Haldane phase, precisely as Haldane concluded in his original works! This indicates that the SU(2) invariance plays an essential role in stabilizing the Haldane phase. But it seems that we still do not fully understand underlying mechanisms. Finally the intermediate-D phase (ID) is a nontrivial SPT phase, whose existence was predicted by Oshikawa back in 1992 [78]. Reproduced with permission from [96]. (c) (2011) The Physical Society of Japan.	PENDING	NONE	NONE	true	CL-TASAKI2020-3435	compound-phase-caption-split	CORPUS-NORMALIZATION-INDEPENDENT-REVIEW
CL-TASAKI2020-3435	TASAKI2020	000272.0001.0001	PG-TASAKI2020-0272	PDF p. 272; print p. 260; §8.3.2; paragraph 4; corpus correction successor 1/5	assertion	unnumbered_obligation	The S=2 anisotropic Hamiltonian (8.2.1) has all three symmetries (S1), (S2), and (S3).	44cabc894ece47d8bbabd98ac718313fa883d702	NONE	NONE	false	NONE	NONE	NONE
CL-TASAKI2020-3436	TASAKI2020	000272.0001.0002	PG-TASAKI2020-0272	PDF p. 272; print p. 260; §8.3.2; paragraph 4; corpus correction successor 2/5	conjecture	conjecture	The reported (λ,D) ground-state phase diagram contains the large-D, XY1, Néel, Haldane, and intermediate-D phases.	b2021b2b8a0cfbcb7b5f53d5852512cdf9ce83f2	NONE	NONE	false	NONE	NONE	NONE
CL-TASAKI2020-3437	TASAKI2020	000272.0001.0003	PG-TASAKI2020-0272	PDF p. 272; print p. 260; §8.3.2; paragraph 4; corpus correction successor 3/5	conjecture	conjecture	The Haldane phase is continuously connected to the large-D phase.	47d32ce3980b43c4e7e0137126c1e6a8b5b8961d	NONE	NONE	false	NONE	NONE	NONE
CL-TASAKI2020-3438	TASAKI2020	000272.0001.0004	PG-TASAKI2020-0272	PDF p. 272; print p. 260; §8.3.2; paragraph 4; corpus correction successor 4/5	conjecture	conjecture	The Heisenberg point λ=1, D=0 lies in the Haldane phase.	f503bbfb0f9f74fa2858134c8a13dd5f4209efb2	NONE	NONE	false	NONE	NONE	NONE
CL-TASAKI2020-3439	TASAKI2020	000272.0001.0005	PG-TASAKI2020-0272	PDF p. 272; print p. 260; §8.3.2; paragraph 4; corpus correction successor 5/5	conjecture	conjecture	The intermediate-D phase is a nontrivial symmetry-protected topological phase.	4736381bd95ef3d6fe82010129a6017a4c779d04	NONE	NONE	false	NONE	NONE	NONE
CL-TASAKI2020-1353	TASAKI2020	000273.0001	PG-TASAKI2020-0273	PDF p. 273; print p. 261; §8.3.3; equation (8.3.6)	assertion	equation	|Φ_VBS⟩ = (1/√2){|Φ_↑⟩_L⊗|Ψ_↓⟩_R−|Φ_↓⟩_L⊗|Ψ_↑⟩_R}. (8.3.6)	PENDING	NONE	NONE	false	NONE	NONE	NONE
CL-TASAKI2020-1354	TASAKI2020	000273.0002	PG-TASAKI2020-0273	PDF p. 273; print p. 261; §8.3.3; paragraph 4, atom 1	notation	notation	Write the infinite-chain ground state formally as |Φ_GS⟩.	PENDING	NONE	NONE	false	NONE	NONE	NONE
CL-TASAKI2020-1356	TASAKI2020	000273.0003	PG-TASAKI2020-0273	PDF p. 273; print p. 261; §8.3.3; Fig. 8.13 caption	assertion	remark	Fig. 8.13 The S = 1 VBS state on the infinite chain. The left and the right half-infinite chains are entangled via the spin-singlet connecting the two regions.	PENDING	NONE	NONE	false	NONE	NONE	NONE
CL-TASAKI2020-1357	TASAKI2020	000274.0001	PG-TASAKI2020-0274	PDF p. 274; print p. 262; §8.3.3; equation (8.3.7)	assertion	equation	|Φ_GS⟩ = ∑_j√p_j |Φ_j⟩_L⊗|Ψ_j⟩_R. (8.3.7)	PENDING	NONE	NONE	false	NONE	NONE	NONE
CL-TASAKI2020-1358	TASAKI2020	000274.0002	PG-TASAKI2020-0274	PDF p. 274; print p. 262; §8.3.3; equation (8.3.8)	assertion	equation	ρ̂R := ∑j L⟨Φj|ΦGS⟩⟨ΦGS|Φj⟩L = ∑j pj|Ψj⟩R R⟨Ψj|. (8.3.8)	PENDING	NONE	NONE	false	NONE	NONE	NONE
CL-TASAKI2020-1359	TASAKI2020	000274.0003	PG-TASAKI2020-0274	PDF p. 274; print p. 262; §8.3.3; paragraph 4	definition	definition	The corresponding entanglement entropy of |ΦGS⟩ is SLR := −∑j pj log pj.	PENDING	NONE	NONE	false	NONE	NONE	NONE
CL-TASAKI2020-1360	TASAKI2020	000274.0004	PG-TASAKI2020-0274	PDF p. 274; print p. 262; §8.3.3; equation (8.3.9)	assertion	equation	ρ̂_R = ∑_{j:p_j>0}p_j|Ψ_j⟩_R{}_R⟨Ψ_j| = ∑_{j=1}^D p_j|Ψ_j⟩_R{}_R⟨Ψ_j|. (8.3.9)	PENDING	NONE	NONE	false	NONE	NONE	NONE
CL-TASAKI2020-1361	TASAKI2020	000274.0005	PG-TASAKI2020-0274	PDF p. 274; print p. 262; §8.3.3; paragraph 5, atom 1	domain	domain	Let p be one of p1 , p2 , . . ., and let J ( p) := { j | p j = p} be the corresponding set of indices.	PENDING	NONE	NONE	false	NONE	NONE	NONE
CL-TASAKI2020-1362	TASAKI2020	000274.0006	PG-TASAKI2020-0274	PDF p. 274; print p. 262; §8.3.3; paragraph 5, atom 2	assertion	unnumbered_obligation	For J(p):={j | p_j=p}, time-reversal invariance gives ∑_{j∈J(p)}|Ψ_j⟩_R{}_R⟨Ψ_j|=∑_{j∈J(p)}|Ψ′_j⟩_R{}_R⟨Ψ′_j|. (8.3.10)	PENDING	NONE	NONE	false	NONE	NONE	NONE
CL-TASAKI2020-1363	TASAKI2020	000274.0007	PG-TASAKI2020-0274	PDF p. 274; print p. 262; §8.3.3; equation (8.3.10)	assertion	equation	∑_{j∈J(p)}|Ψ_j⟩_R{}_R⟨Ψ_j|=∑_{j∈J(p)}|Ψ′_j⟩_R{}_R⟨Ψ′_j|. (8.3.10)	PENDING	NONE	NONE	false	NONE	NONE	NONE
CL-TASAKI2020-1364	TASAKI2020	000274.0008	PG-TASAKI2020-0274	PDF p. 274; print p. 262; §8.3.3; paragraph 6, atom 1	hypothesis	hypothesis	Assuming the Schmidt states carry effective half-odd-integer spins, Kramers degeneracy makes |Ψ_j⟩_R orthogonal to its time reverse |Ψ′_j⟩_R.	PENDING	NONE	NONE	false	NONE	NONE	NONE
CL-TASAKI2020-1365	TASAKI2020	000274.0009	PG-TASAKI2020-0274	PDF p. 274; print p. 262; §8.3.3; paragraph 6, atom 2	assertion	unnumbered_obligation	We find from (8.3.10) that |J(p)| must be even and hence |J(p)| ≥ 2 for all p.	PENDING	NONE	NONE	false	NONE	NONE	NONE
CL-TASAKI2020-1366	TASAKI2020	000274.0010	PG-TASAKI2020-0274	PDF p. 274; print p. 262; §8.3.3; paragraph 6, atom 3	assertion	unnumbered_obligation	This implies that the entanglement entropy SLR = − j p j log p j can never be less than log 2.	PENDING	NONE	NONE	false	NONE	NONE	NONE
CL-TASAKI2020-1367	TASAKI2020	000274.0011	PG-TASAKI2020-0274	PDF p. 274; print p. 262; §8.3.3; paragraph 6, atom 4	assertion	unnumbered_obligation	For the VBS state (8.3.6), we have p1 = p2 = 1/2, and hence SLR = log 2, which saturates the lower bound.	PENDING	NONE	NONE	false	NONE	NONE	NONE
CL-TASAKI2020-1368	TASAKI2020	000275.0001	PG-TASAKI2020-0275	PDF p. 275; print p. 263; §8.3.3; paragraph 2, atom 1	definition	definition	We can define the index σtr = ±1 as a constant such that Θ̂ 2 |Ψ j ⟩R = σtr |Ψ j ⟩R for all j. A model with σtr = −1, which corresponds to half-odd-integer (effective) spins on the half-infinite chains, is in a nontrivial SPT phase, namely, the Haldane phase, while a model with σtr = 1, which corresponds to integer (effective) spins, is in the trivial phase.	PENDING	NONE	NONE	false	NONE	NONE	NONE
CL-TASAKI2020-1369	TASAKI2020	000275.0002	PG-TASAKI2020-0275	PDF p. 275; print p. 263; §8.3.3; paragraph 2, atom 2	hypothesis	hypothesis	Assume that the model is invariant under the inversion map x → 1 − x.	PENDING	NONE	NONE	false	NONE	NONE	NONE
CL-TASAKI2020-1370	TASAKI2020	000275.0003	PG-TASAKI2020-0275	PDF p. 275; print p. 263; §8.3.3; paragraph 2, atom 3	definition	definition	We formally define the inversion transformation Ûinv as in (8.3.5) from the map x → 1 − x.	PENDING	NONE	NONE	false	NONE	NONE	NONE
CL-TASAKI2020-1371	TASAKI2020	000275.0004	PG-TASAKI2020-0275	PDF p. 275; print p. 263; §8.3.3; Problem 8.3.3.a	assertion	problem	Problem 8.3.3.a Work out the details of the case with Z2 × Z2 symmetry. [solution→p.511]	PENDING	NONE	NONE	false	NONE	NONE	NONE
CL-TASAKI2020-3111	TASAKI2020	000276.0001	PG-TASAKI2020-0276	PDF p. 276; print p. 264; §8.3.4; paragraph 3; audit split atom 1/2	assertion	unnumbered_obligation	Matsui developed a projective-representation theory for general pure split-property spin-chain states, beyond matrix-product states.	PENDING	NONE	NONE	false	NONE	NONE	NONE
CL-TASAKI2020-3112	TASAKI2020	000276.0002	PG-TASAKI2020-0276	PDF p. 276; print p. 264; §8.3.4; “Unitary transformation of a matrix product state”; opening paragraph before (8.3.11)	domain	domain	Consider a spin-S chain on {1,…,L} and a translation-invariant matrix-product state.	PENDING	NONE	NONE	false	NONE	NONE	NONE
CL-TASAKI2020-1373	TASAKI2020	000276.0003	PG-TASAKI2020-0276	PDF p. 276; print p. 264; §8.3.4; equation (8.3.11)	assertion	equation	|Φ⟩ = ∑_σ Tr[A^{σ_1}A^{σ_2}⋯A^{σ_L}]|Ψ_σ⟩. (8.3.11)	PENDING	NONE	NONE	false	NONE	NONE	NONE
CL-TASAKI2020-1374	TASAKI2020	000276.0004	PG-TASAKI2020-0276	PDF p. 276; print p. 264; §8.3.4; paragraph 4, atom 1	hypothesis	hypothesis	We make an essential assumption that the matrix product state is injective, i.e., the collection of matrices (Aσ )σ =−S,...,S satisfies (7.2.41) and the properties (i), (ii), (iii) stated in Theorem 7.5 in p. 202.	PENDING	NONE	NONE	false	NONE	NONE	NONE
CL-TASAKI2020-3265	TASAKI2020	000276.0005	PG-TASAKI2020-0276	PDF p. 276; print p. 264; §8.3.4; paragraph 4, atom 2; v7 split atom 1/2	domain	domain	Take and fix an arbitrary unitary operator û on the single-spin Hilbert space h₀≃ℂ^(2S+1), and let û_x be its identical copy acting on h_x for x=1,…,L.	PENDING	NONE	NONE	false	NONE	NONE	NONE
CL-TASAKI2020-3266	TASAKI2020	000276.0006	PG-TASAKI2020-0276	PDF p. 276; print p. 264; §8.3.4; paragraph 4, atom 2; v7 split atom 2/2	definition	definition	Define the product unitary Û:=⊗_{x=1}^L û_x.	PENDING	NONE	NONE	false	NONE	NONE	NONE
CL-TASAKI2020-1376	TASAKI2020	000277.0001	PG-TASAKI2020-0277	PDF p. 277; print p. 265; §8.3.4; equation (8.3.12)	assertion	equation	Û|Φ⟩ = ∑_σ Tr[A^{σ_1}⋯A^{σ_L}]Û|Ψ^σ⟩ = ∑_{σ,σ′}Tr[A^{σ_1}⋯A^{σ_L}]|Ψ^{σ′}⟩∏_{x=1}^L⟨ψ^{σ′_x}|û|ψ^{σ_x}⟩ = ∑_σ Tr[Ã^{σ_1}⋯Ã^{σ_L}]|Ψ^σ⟩. (8.3.12)	PENDING	NONE	NONE	false	NONE	NONE	NONE
CL-TASAKI2020-1377	TASAKI2020	000277.0002	PG-TASAKI2020-0277	PDF p. 277; print p. 265; §8.3.4; equation (8.3.13)	assertion	equation	Ãσ = ∑_{σ′=−S}^S⟨ψσ|û|ψσ′⟩Aσ′. (8.3.13)	PENDING	NONE	NONE	false	NONE	NONE	NONE
CL-TASAKI2020-1378	TASAKI2020	000277.0003	PG-TASAKI2020-0277	PDF p. 277; print p. 265; §8.3.4; equation (8.3.14)	assertion	equation	∑_{σ=−S}^S Ãσ(Ãσ)† = ∑_{σ=−S}^S Aσ(Aσ)†. (8.3.14)	PENDING	NONE	NONE	false	NONE	NONE	NONE
CL-TASAKI2020-1379	TASAKI2020	000277.0004	PG-TASAKI2020-0277	PDF p. 277; print p. 265; §8.3.4; paragraph 7	assertion	unnumbered_obligation	This implies an important fact that the collection of matrices (Ãσ )σ =−S,...,S is also injective.	PENDING	NONE	NONE	false	NONE	NONE	NONE
CL-TASAKI2020-1380	TASAKI2020	000277.0005	PG-TASAKI2020-0277	PDF p. 277; print p. 265; §8.3.4; equation (8.3.15)	assertion	equation	Ũ|Φ⟩=e^(iη_L)|Φ⟩. (8.3.15)	PENDING	NONE	NONE	false	NONE	NONE	NONE
CL-TASAKI2020-1381	TASAKI2020	000277.0006	PG-TASAKI2020-0277	PDF p. 277; print p. 265; §8.3.4; equation (8.3.16)	assertion	equation	Ã^σ=e^(iη_L/L)U†A^σU. (8.3.16)	PENDING	NONE	NONE	false	NONE	NONE	NONE
CL-TASAKI2020-1382	TASAKI2020	000277.0007	PG-TASAKI2020-0277	PDF p. 277; print p. 265; §8.3.4; paragraph 11	assertion	remark	By Theorem 7.6 (p. 203) due to Fannes, Nachtergaele, and Werner [28], we find that the invariance (8.3.15) implies the existence and the uniqueness (up to a phase) of the unitary matrix U satisfying (8.3.16). (See also [79] for a closely related discussion.) This also implies, as anticipated, that the phase factor η L can be chosen as η L = L ζ where ζ is independent of L.	PENDING	NONE	NONE	false	NONE	NONE	NONE
CL-TASAKI2020-1383	TASAKI2020	000277.0008	PG-TASAKI2020-0277	PDF p. 277; print p. 265; §8.3.4; equation (8.3.17)	assertion	equation	∑_{σ′=−S}^S⟨ψσ|û|ψσ′⟩Aσ′ = e^(iζ)U†AσU. (8.3.17)	PENDING	NONE	NONE	false	NONE	NONE	NONE
CL-TASAKI2020-1384	TASAKI2020	000278.0001	PG-TASAKI2020-0278	PDF p. 278; print p. 266; §8.3.4; equation (8.3.18)	assertion	equation	Aσ = e^(iζ)∑_{σ′=−S}^S⟨ψσ|û†|ψσ′⟩U†Aσ′U. (8.3.18)	PENDING	NONE	NONE	false	NONE	NONE	NONE
CL-TASAKI2020-1386	TASAKI2020	000278.0002	PG-TASAKI2020-0278	PDF p. 278; print p. 266; §8.3.4; paragraph 10, atom 1	hypothesis	hypothesis	Suppose that the model has symmetry described by a group G, which can be a finite group such as Z2 or Z2 × Z2 , or an infinite group such as U(1) or SU(2).	PENDING	NONE	NONE	false	NONE	NONE	NONE
CL-TASAKI2020-1387	TASAKI2020	000278.0003	PG-TASAKI2020-0278	PDF p. 278; print p. 266; §8.3.4; paragraph 10, atom 2	hypothesis	hypothesis	Assume a unitary representation û of G on h₀: û(e)=I and û(g)û(h)=û(gh) for every g,h∈G.	PENDING	NONE	NONE	false	NONE	NONE	NONE
CL-TASAKI2020-1388	TASAKI2020	000279.0001	PG-TASAKI2020-0279	PDF p. 279; print p. 267; §8.3.4; paragraph 2, atom 1	hypothesis	hypothesis	We further assume that the model has translation invariance. We assume that the model has a unique gapped ground state |Φ⟩ that is written as an injective matrix product state (8.3.11).	PENDING	NONE	NONE	false	NONE	NONE	NONE
CL-TASAKI2020-1389	TASAKI2020	000279.0002	PG-TASAKI2020-0279	PDF p. 279; print p. 267; §8.3.4; paragraph 2, atom 2	assertion	unnumbered_obligation	Uniqueness implies Û(g)|Φ⟩=e^{iη_L(g)}|Φ⟩ for every g∈G.	PENDING	NONE	NONE	false	NONE	NONE	NONE
CL-TASAKI2020-1390	TASAKI2020	000279.0003	PG-TASAKI2020-0279	PDF p. 279; print p. 267; §8.3.4; equation (8.3.19)	assertion	equation	Ũ(g)|Φ⟩=e^(iη_L(g))|Φ⟩. (8.3.19)	PENDING	NONE	NONE	false	NONE	NONE	NONE
CL-TASAKI2020-1392	TASAKI2020	000279.0004	PG-TASAKI2020-0279	PDF p. 279; print p. 267; §8.3.4; equation (8.3.20)	assertion	equation	Aσ = e^(iζ(g))∑_{σ′=−S}^S⟨ψσ|û†(g)|ψσ′⟩U†(g)Aσ′U(g). (8.3.20)	PENDING	NONE	NONE	false	NONE	NONE	NONE
CL-TASAKI2020-1393	TASAKI2020	000279.0005	PG-TASAKI2020-0279	PDF p. 279; print p. 267; §8.3.4; paragraph 6	notation	notation	For each g∈G, choose ζ(g)∈ℝ and a D×D unitary U(g), normalized by ζ(e)=0 and U(e)=I.	PENDING	NONE	NONE	false	NONE	NONE	NONE
CL-TASAKI2020-1394	TASAKI2020	000279.0006	PG-TASAKI2020-0279	PDF p. 279; print p. 267; §8.3.4; equation (8.3.21)	assertion	equation	A^σ = e^{i{ζ(g)+ζ(h)}}∑_{σ′,σ″}⟨ψ^σ|û†(h)|ψ^{σ′}⟩U†(h)⟨ψ^{σ′}|û†(g)|ψ^{σ″}⟩U†(g)A^{σ″}U(g)U(h) = e^{i{ζ(g)+ζ(h)}}∑_{σ′}⟨ψ^σ|û†(gh)|ψ^{σ′}⟩{U(g)U(h)}†A^{σ′}U(g)U(h). (8.3.21)	PENDING	NONE	NONE	false	NONE	NONE	NONE
CL-TASAKI2020-1395	TASAKI2020	000279.0007	PG-TASAKI2020-0279	PDF p. 279; print p. 267; §8.3.4; equation (8.3.22)	assertion	equation	A^σ = e^{iζ(gh)}∑_{σ′}⟨ψ^σ|û†(gh)|ψ^{σ′}⟩U†(gh)A^{σ′}U(gh). (8.3.22)	PENDING	NONE	NONE	false	NONE	NONE	NONE
CL-TASAKI2020-1396	TASAKI2020	000279.0008	PG-TASAKI2020-0279	PDF p. 279; print p. 267; §8.3.4; equation (8.3.23)	assertion	equation	{U(g)U(h)}†A^σU(g)U(h)=U†(gh)A^σU(gh). (8.3.23)	PENDING	NONE	NONE	false	NONE	NONE	NONE
CL-TASAKI2020-1397	TASAKI2020	000279.0009	PG-TASAKI2020-0279	PDF p. 279; print p. 267; §8.3.4; paragraph 9, atom 1	assertion	unnumbered_obligation	Writing W = U(g)U(h)U†(gh), this implies [W, Aσ ] = 0 for any σ .	PENDING	NONE	NONE	false	NONE	NONE	NONE
CL-TASAKI2020-1398	TASAKI2020	000279.0010	PG-TASAKI2020-0279	PDF p. 279; print p. 267; §8.3.4; paragraph 9, atom 2	assertion	unnumbered_obligation	Then the property (i) in Theorem 7.5 (p. 202), which is valid because of the assumed injectivity, implies that W commutes with any D × D matrix, and hence W = μI for some constant μ ∈ C.	PENDING	NONE	NONE	false	NONE	NONE	NONE
CL-TASAKI2020-1399	TASAKI2020	000279.0011	PG-TASAKI2020-0279	PDF p. 279; print p. 267; §8.3.4; paragraph 9, atom 3	assertion	unnumbered_obligation	Since the unitarity of W implies |μ| = 1, we can write μ = eiφ(g,h) .	PENDING	NONE	NONE	false	NONE	NONE	NONE
CL-TASAKI2020-1400	TASAKI2020	000280.0001	PG-TASAKI2020-0280	PDF p. 280; print p. 268; §8.3.4; equation (8.3.24)	assertion	equation	U(g)U(h)=e^(iφ(g,h))U(gh). (8.3.24)	PENDING	NONE	NONE	false	NONE	NONE	NONE
CL-TASAKI2020-1401	TASAKI2020	000280.0002	PG-TASAKI2020-0280	PDF p. 280; print p. 268; §8.3.4; paragraph 3	domain	domain	Let U (g) = eiψ(g) U(g) for all g ∈ G, where ψ(g) ∈ R is an arbitrary function on G.	PENDING	NONE	NONE	false	NONE	NONE	NONE
CL-TASAKI2020-1402	TASAKI2020	000280.0003	PG-TASAKI2020-0280	PDF p. 280; print p. 268; §8.3.4; equation (8.3.25)	assertion	equation	φ′(g,h)=φ(g,h)+ψ(gh)−ψ(g)−ψ(h) (mod 2π). (8.3.25)	PENDING	NONE	NONE	false	NONE	NONE	NONE
CL-TASAKI2020-1403	TASAKI2020	000280.0004	PG-TASAKI2020-0280	PDF p. 280; print p. 268; §8.3.4; paragraph 5	assertion	unnumbered_obligation	In particular if the phase function φ(·, ·) of a projective representation is written as φ(g, h) = ψ(gh)−ψ(g)−ψ(h) (mod 2π ) for any g, h ∈ G with some ψ(·), then the projective representation is equivalent to a genuine representation with zero phase factor.	PENDING	NONE	NONE	false	NONE	NONE	NONE
CL-TASAKI2020-1404	TASAKI2020	000280.0005	PG-TASAKI2020-0280	PDF p. 280; print p. 268; §8.3.4; equation (8.3.26)	assertion	equation	φ(g₁,g₂)+φ(g₁g₂,g₃)=φ(g₂,g₃)+φ(g₁,g₂g₃) (mod 2π). (8.3.26)	PENDING	NONE	NONE	false	NONE	NONE	NONE
CL-TASAKI2020-1405	TASAKI2020	000281.0001	PG-TASAKI2020-0281	PDF p. 281; print p. 269; §8.3.4; paragraph 2, atom 1; atom 1	definition	definition	Define the topological index σ_D=1 for a trivial projective representation and σ_D=−1 for a nontrivial projective representation.	PENDING	NONE	NONE	false	NONE	NONE	NONE
CL-TASAKI2020-3422	TASAKI2020	000281.0002	PG-TASAKI2020-0281	PDF p. 281; print p. 269; §8.3.4; paragraph 2, atom 1; atom 2	assertion	remark	A single S=1/2 spin gives a nontrivial projective representation (2.1.31) of ℤ₂×ℤ₂.	PENDING	NONE	NONE	false	NONE	NONE	NONE
CL-TASAKI2020-3423	TASAKI2020	000281.0003	PG-TASAKI2020-0281	PDF p. 281; print p. 269; §8.3.4; paragraph 2, atom 1; atom 3	assertion	unnumbered_obligation	Inequivalent projective representations cannot be connected continuously.	PENDING	NONE	NONE	false	NONE	NONE	NONE
CL-TASAKI2020-1406	TASAKI2020	000281.0004	PG-TASAKI2020-0281	PDF p. 281; print p. 269; §8.3.4; paragraph 2, atom 2	hypothesis	hypothesis	Suppose that there is a Z2 × Z2 invariant ground state (which can be written as an injective matrix product state) that is accompanied by a nontrivial projective representation of Z2 × Z2 .	PENDING	NONE	NONE	false	NONE	NONE	NONE
CL-TASAKI2020-1407	TASAKI2020	000282.0001	PG-TASAKI2020-0282	PDF p. 282; print p. 270; §8.3.4; Problem 8.3.4.a	assertion	problem	Problem 8.3.4.a Suppose that four matrices ρ(e), ρ(a), ρ(b), and ρ(c) form a projective representation of the group Z2 × Z2 = {e, a, b, c}, i.e., ρ(e) = I and ρ(g)ρ(h) = eiφ(g,h) ρ(gh) for all g, h ∈ Z2 × Z2 with some phase function φ(g, h) ∈ R. By using the multiplication rule (2.1.27) of Z2 × Z2 and the cocycle condition (8.3.26), prove that the projective representation is either trivial or equivalent to that realized by the identity 1̂ and the π -rotation operators û 1 , û 2 , and û 3 for a half-odd-integer spin as in (2.1.31). (Hint: It is convenient to introduce an equivalent projective representation ρ̃(·) whose phase function satisfies φ̃(g, g) = 0 for all g ∈ Z2 × Z2 .) [solution→p.511]	PENDING	NONE	NONE	false	NONE	NONE	NONE
CL-TASAKI2020-1410	TASAKI2020	000282.0002	PG-TASAKI2020-0282	PDF p. 282; print p. 270; §8.3.4; paragraph 2, atom 3	notation	notation	We denote by Ŝ (α) with α = 1, 2, 3 the spin operators (3 × 3 matrices) for a single spin with S = 1.	PENDING	NONE	NONE	false	NONE	NONE	NONE
CL-TASAKI2020-1411	TASAKI2020	000282.0003	PG-TASAKI2020-0282	PDF p. 282; print p. 270; §8.3.4; paragraph 2, atom 4	assertion	unnumbered_obligation	For S=1, exp[−iθŜ^(3)]=diag(e^(−iθ),1,e^(iθ)); the matrices for Û_θ^(3)|Φ⟩ follow from (8.3.13).	PENDING	NONE	NONE	false	NONE	NONE	NONE
CL-TASAKI2020-1412	TASAKI2020	000282.0004	PG-TASAKI2020-0282	PDF p. 282; print p. 270; §8.3.4; equation (8.3.27)	assertion	equation	Ã+=e^(−iθ)A+, Ã⁰=A⁰, Ã−=e^(iθ)A−. (8.3.27)	PENDING	NONE	NONE	false	NONE	NONE	NONE
CL-TASAKI2020-1413	TASAKI2020	000282.0005	PG-TASAKI2020-0282	PDF p. 282; print p. 270; §8.3.4; paragraph 4, atom 1	notation	notation	We next concentrate on the π rotations, and use the simplified notation û α = exp[−iπ Ŝ (α) ] for α = 1, 2, 3.	PENDING	NONE	NONE	false	NONE	NONE	NONE
CL-TASAKI2020-1414	TASAKI2020	000282.0006	PG-TASAKI2020-0282	PDF p. 282; print p. 270; §8.3.4; paragraph 4, atom 3	assertion	unnumbered_obligation	Since S = 1 is an integer, we have (û α )2 = 1̂ and [û α , û β ] = 0.	PENDING	NONE	NONE	false	NONE	NONE	NONE
CL-TASAKI2020-1415	TASAKI2020	000282.0007	PG-TASAKI2020-0282	PDF p. 282; print p. 270; §8.3.4; paragraph 4, atom 4	assertion	unnumbered_obligation	For S=1, û₁=exp[−iπŜ^(1)]=[[0,0,−1],[0,−1,0],[−1,0,0]].	PENDING	NONE	NONE	false	NONE	NONE	NONE
CL-TASAKI2020-1416	TASAKI2020	000282.0008	PG-TASAKI2020-0282	PDF p. 282; print p. 270; §8.3.4; equation (8.3.28)	assertion	equation	Ã+=−A−, Ã⁰=−A⁰, Ã−=−A+. (8.3.28)	PENDING	NONE	NONE	false	NONE	NONE	NONE
CL-TASAKI2020-1417	TASAKI2020	000283.0001	PG-TASAKI2020-0283	PDF p. 283; print p. 271; §8.3.4; Problem 8.3.4.b	assertion	problem	Problem 8.3.4.b Find the relation corresponding to (8.3.27) or (8.3.28) for û 2 . [solution→p.512]	PENDING	NONE	NONE	false	NONE	NONE	NONE
CL-TASAKI2020-1418	TASAKI2020	000283.0002	PG-TASAKI2020-0283	PDF p. 283; print p. 271; §8.3.4; equation (8.3.29)	assertion	equation	U_αU_β=σ_D U_βU_α. (8.3.29)	PENDING	NONE	NONE	false	NONE	NONE	NONE
CL-TASAKI2020-1419	TASAKI2020	000283.0003	PG-TASAKI2020-0283	PDF p. 283; print p. 271; §8.3.4; paragraph 4	assertion	unnumbered_obligation	To see this one only needs to check that σD in (8.3.29) is invariant under the phase change Uα → eiψα Uα , and to recall that one has σD = −1 in the nontrivial projective representation (2.1.31) realized by a single spin with S = 1/2.	PENDING	NONE	NONE	false	NONE	NONE	NONE
CL-TASAKI2020-1420	TASAKI2020	000283.0004	PG-TASAKI2020-0283	PDF p. 283; print p. 271; §8.3.4; equation (8.3.30)	assertion	equation	A^+=((0,0),(−1/√2,0)),  A^0=((1/2,0),(0,−1/2)),  A^−=((0,1/√2),(0,0)). (8.3.30)	PENDING	NONE	NONE	false	NONE	NONE	NONE
CL-TASAKI2020-1421	TASAKI2020	000283.0005	PG-TASAKI2020-0283	PDF p. 283; print p. 271; §8.3.4; paragraph 6	assertion	unnumbered_obligation	We conclude that the S = 1 VBS state is accompanied by a nontrivial projective representation of the group Z2 × Z2 , as we have expected.	PENDING	NONE	NONE	false	NONE	NONE	NONE
CL-TASAKI2020-1422	TASAKI2020	000284.0001	PG-TASAKI2020-0284	PDF p. 284; print p. 272; §8.3.4; Problem 8.3.4.c	assertion	problem	Problem 8.3.4.c Find the matrix U2 which corresponds to û 2 . [solution→p.512]	PENDING	NONE	NONE	false	NONE	NONE	NONE
CL-TASAKI2020-1423	TASAKI2020	000284.0002	PG-TASAKI2020-0284	PDF p. 284; print p. 272; §8.3.4; paragraph 3	assertion	unnumbered_obligation	We then see that (8.3.27), (8.3.28), and (S.88) are written in the form (8.3.16) with U1 = U2 = U3 = I (and suitable η L ), and hence the index is σD = 1.	PENDING	NONE	NONE	false	NONE	NONE	NONE
CL-TASAKI2020-1424	TASAKI2020	000284.0003	PG-TASAKI2020-0284	PDF p. 284; print p. 272; §8.3.4; equation (8.3.31)	assertion	equation	A^+=((0,1,0),(0,0,a),(0,0,0)),  A^0=((√2a,0,0),(0,1,0),(0,0,√2a)),  A^−=((0,0,0),(a,0,0),(0,1,0)). (8.3.31)	PENDING	NONE	NONE	false	NONE	NONE	NONE
CL-TASAKI2020-1425	TASAKI2020	000284.0004	PG-TASAKI2020-0284	PDF p. 284; print p. 272; §8.3.4; paragraph 4, atom 1	hypothesis	hypothesis	Let a∈ℝ be arbitrary, with 0<a≪1 in the perturbative example.	PENDING	NONE	NONE	false	NONE	NONE	NONE
CL-TASAKI2020-1426	TASAKI2020	000284.0005	PG-TASAKI2020-0284	PDF p. 284; print p. 272; §8.3.4; paragraph 4, atom 2	assertion	unnumbered_obligation	At θ=π, the virtual matrix is U₃=diag(−1,1,−1).	PENDING	NONE	NONE	false	NONE	NONE	NONE
CL-TASAKI2020-1427	TASAKI2020	000285.0001	PG-TASAKI2020-0285	PDF p. 285; print p. 273; §8.3.4; equation (8.3.32)	assertion	equation	Θ̂|Φ⟩ = Θ̂∑_σTr[A^{σ_1}⋯A^{σ_L}]|Ψ_σ⟩ = ∑_σ{∏_{x∈Λ}(−1)^{1+σ_x}}{Tr[A^{−σ_1}⋯A^{−σ_L}]}*|Ψ_σ⟩ = ∑_σTr[Ã^{σ_1}⋯Ã^{σ_L}]|Ψ_σ⟩. (8.3.32)	PENDING	NONE	NONE	false	NONE	NONE	NONE
CL-TASAKI2020-1428	TASAKI2020	000285.0002	PG-TASAKI2020-0285	PDF p. 285; print p. 273; §8.3.4; equation (8.3.33)	assertion	equation	Ã+=(A−)*, Ã⁰=−(A⁰)*, Ã−=(A+)*. (8.3.33)	PENDING	NONE	NONE	false	NONE	NONE	NONE
CL-TASAKI2020-1429	TASAKI2020	000285.0003	PG-TASAKI2020-0285	PDF p. 285; print p. 273; §8.3.4; equation (8.3.34)	assertion	equation	Ã^σ=e^(iζ)U†A^σU. (8.3.34)	PENDING	NONE	NONE	false	NONE	NONE	NONE
CL-TASAKI2020-1430	TASAKI2020	000285.0004	PG-TASAKI2020-0285	PDF p. 285; print p. 273; §8.3.4; paragraph 5	assertion	unnumbered_obligation	An essential observation by Pollmann, Turner, Berg, and Oshikawa [81] is that the above unitary matrix satisfies UU∗ = σtr I, where σtr = ±1 is the “topological” index.	PENDING	NONE	NONE	false	NONE	NONE	NONE
CL-TASAKI2020-1431	TASAKI2020	000285.0005	PG-TASAKI2020-0285	PDF p. 285; print p. 273; §8.3.4; equation (8.3.35)	assertion	equation	(−1)^(1+σ)(A^(−σ))*=e^(iζ)U†A^σU. (8.3.35)	PENDING	NONE	NONE	false	NONE	NONE	NONE
CL-TASAKI2020-1432	TASAKI2020	000285.0006	PG-TASAKI2020-0285	PDF p. 285; print p. 273; §8.3.4; equation (8.3.36)	assertion	equation	A^σ=(−1)^(1+σ)e^(−iζ)(U†)*(A^(−σ))*U*. (8.3.36)	PENDING	NONE	NONE	false	NONE	NONE	NONE
CL-TASAKI2020-1433	TASAKI2020	000285.0007	PG-TASAKI2020-0285	PDF p. 285; print p. 273; §8.3.4; paragraph 9	notation	notation	As in Sect. 2.3, we denote by K the complex conjugation map (which is not a matrix), i.e., K(v1 , . . . , v D )t = (v1∗ , . . . , v∗D )t .	PENDING	NONE	NONE	false	NONE	NONE	NONE
CL-TASAKI2020-1434	TASAKI2020	000286.0001	PG-TASAKI2020-0286	PDF p. 286; print p. 274; §8.3.4; equation (8.3.37)	assertion	equation	A^σ = (−1)^{1+σ}e^{−iζ}V†A^{−σ}V. (8.3.37)	PENDING	NONE	NONE	false	NONE	NONE	NONE
CL-TASAKI2020-1435	TASAKI2020	000286.0002	PG-TASAKI2020-0286	PDF p. 286; print p. 274; §8.3.4; equation (8.3.38)	assertion	equation	A^σ=(−1)^(1+σ)e^(−iζ)V†{(−1)^(1−σ)e^(−iζ)V†A^σV}V=(V†)²A^σV². (8.3.38)	PENDING	NONE	NONE	false	NONE	NONE	NONE
CL-TASAKI2020-1436	TASAKI2020	000286.0003	PG-TASAKI2020-0286	PDF p. 286; print p. 274; §8.3.4; Problem 8.3.4.d	assertion	problem	Problem 8.3.4.d Define the twisted-VBS state |Φt-VBS⟩ as a matrix product state with At-VBS± = AVBS±, At-VBS0 = i AVBS0, (8.3.39) where the matrices AVBSσ are those in (8.3.30). Show that the twisted-VBS state is in the nontrivial SPT phase with respect to Z2 × Z2 symmetry, but is in the trivial phase with respect to time-reversal symmetry. This means that in the class of spin chains with both Z2 × Z2 symmetry and time-reversal symmetry, the VBS state and the twisted VBS state belong to distinct nontrivial phases. These are indeed two of the four nontrivial phases located by Liu, Liu, and Wen [61]. Show, on the other hand, that the two states can be continuously connected with each other when only Z2 × Z2 symmetry is kept. [solution→p.512]	PENDING	NONE	NONE	false	NONE	NONE	NONE
CL-TASAKI2020-1437	TASAKI2020	000286.0004	PG-TASAKI2020-0286	PDF p. 286; print p. 274; §8.3.4; equation (8.3.39)	assertion	equation	(A_t-VBS)±=(A_VBS)±, (A_t-VBS)⁰=i(A_VBS)⁰. (8.3.39)	PENDING	NONE	NONE	false	NONE	NONE	NONE
CL-TASAKI2020-1439	TASAKI2020	000286.0005	PG-TASAKI2020-0286	PDF p. 286; print p. 274; §8.3.4; paragraph 8, atom 1	assertion	unnumbered_obligation	V = μV† and hence V† = μV.	PENDING	NONE	NONE	false	NONE	NONE	NONE
CL-TASAKI2020-1440	TASAKI2020	000286.0006	PG-TASAKI2020-0286	PDF p. 286; print p. 274; §8.3.4; paragraph 8, atom 2	assertion	unnumbered_obligation	We have noted that (αX)† = X† α ∗ = αX† for any antilinear operator X and α ∈ C.	PENDING	NONE	NONE	false	NONE	NONE	NONE
CL-TASAKI2020-2945	TASAKI2020	000287.0001	PG-TASAKI2020-0287	PDF pp. 286–287; print pp. 274–275; §8.3.4; Problem 8.3.4.d, intervening assertion	assertion	unnumbered_obligation	The above consideration shows that, as long as time-reversal invariance is kept (and we work within matrix product states), the VBS and the twisted VBS states cannot be continuously connected with each other.	PENDING	NONE	NONE	false	NONE	NONE	NONE
CL-TASAKI2020-1441	TASAKI2020	000288.0001	PG-TASAKI2020-0288	PDF p. 288; print p. 276; §8.3.5; Corollary 8.5	assertion	corollary	Corollary 8.5 In a quantum spin chain with half-odd-integer S, there is no translation-invariant injective matrix product state that is Z₂ × Z₂ invariant or time-reversal invariant.	PENDING	NONE	NONE	false	NONE	NONE	NONE
CL-TASAKI2020-3304	TASAKI2020	000288.0002	PG-TASAKI2020-0288	PDF p. 288; print p. 276; §8.3.5; Theorem 8.6; v8 source-atomic partition	domain	domain	Consider a quantum spin chain with half-odd-integer spin and a short-ranged translation-invariant Hamiltonian.	PENDING	NONE	NONE	false	NONE	NONE	NONE
CL-TASAKI2020-1443	TASAKI2020	000288.0003	PG-TASAKI2020-0288	PDF p. 288; print p. 276; §8.3.5; paragraph 3, atom 1	hypothesis	hypothesis	We assume that the model has either Z2 × Z2 symmetry or time-reversal symmetry.	PENDING	NONE	NONE	false	NONE	NONE	NONE
CL-TASAKI2020-3305	TASAKI2020	000288.0004	PG-TASAKI2020-0288	PDF p. 288; print p. 276; §8.3.5; Theorem 8.6; v8 source-atomic partition	assertion	unnumbered_obligation	The corresponding ground state cannot be both unique and accompanied by a nonzero gap.	PENDING	NONE	NONE	false	NONE	NONE	NONE
CL-TASAKI2020-1444	TASAKI2020	000288.0005	PG-TASAKI2020-0288	PDF p. 288; print p. 276; §8.3.5; paragraph 3, atom 2	hypothesis	hypothesis	Suppose that the model has a unique gapped ground state.	PENDING	NONE	NONE	false	NONE	NONE	NONE
CL-TASAKI2020-1445	TASAKI2020	000288.0006	PG-TASAKI2020-0288	PDF p. 288; print p. 276; §8.3.5; paragraph 5	hypothesis	hypothesis	Supporting Information of [97] (that includes [S1–9]) can be made rigorous by using standard techniques in matrix product states, provided that one only considers quantum spin chains.	PENDING	NONE	NONE	false	NONE	NONE	NONE
CL-TASAKI2020-1446	TASAKI2020	000289.0001	PG-TASAKI2020-0289	PDF p. 289; print p. 277; §8.3.5; paragraph 2	hypothesis	hypothesis	Assume a homomorphism s:G→{±1}, and define C_g[x]=x when s(g)=1 and C_g[x]=x* when s(g)=−1. (8.3.40)	PENDING	NONE	NONE	false	NONE	NONE	NONE
CL-TASAKI2020-1447	TASAKI2020	000289.0002	PG-TASAKI2020-0289	PDF p. 289; print p. 277; §8.3.5; equation (8.3.40)	assertion	equation	C_g[x]={x if s(g)=1; x* if s(g)=−1}. (8.3.40)	PENDING	NONE	NONE	false	NONE	NONE	NONE
CL-TASAKI2020-1448	TASAKI2020	000289.0003	PG-TASAKI2020-0289	PDF p. 289; print p. 277; §8.3.5; paragraph 3	notation	notation	Here x may be a complex number or matrix; A* denotes entrywise complex conjugation.	PENDING	NONE	NONE	false	NONE	NONE	NONE
CL-TASAKI2020-1449	TASAKI2020	000289.0004	PG-TASAKI2020-0289	PDF p. 289; print p. 277; §8.3.5; equation (8.3.41)	assertion	equation	v̂(g)={û(g) if s(g)=1; û(g)K̂ if s(g)=−1}. (8.3.41)	PENDING	NONE	NONE	false	NONE	NONE	NONE
CL-TASAKI2020-1451	TASAKI2020	000289.0005	PG-TASAKI2020-0289	PDF p. 289; print p. 277; §8.3.5; equation (8.3.42)	assertion	equation	v̂(g)v̂(h)=e^(iφ̃(g,h))v̂(gh). (8.3.42)	PENDING	NONE	NONE	false	NONE	NONE	NONE
CL-TASAKI2020-1452	TASAKI2020	000289.0006	PG-TASAKI2020-0289	PDF p. 289; print p. 277; §8.3.5; paragraph 6	assertion	unnumbered_obligation	For any g,h∈G, v̂(g)v̂(h)=e^{iφ̃(g,h)}v̂(gh), with the antiunitary modification when s(g)=−1.	PENDING	NONE	NONE	false	NONE	NONE	NONE
CL-TASAKI2020-1453	TASAKI2020	000290.0001	PG-TASAKI2020-0290	PDF p. 290; print p. 278; §8.3.5; paragraph 2, atom 1	hypothesis	hypothesis	Suppose that, as a special case of (8.3.41), we have a genuine representation v̂0 (·) of G, i.e., v̂0 (e) = 1̂ and v̂0 (g)v̂0 (h) = v̂0 (gh) for any g, h ∈ G.	PENDING	NONE	NONE	false	NONE	NONE	NONE
CL-TASAKI2020-1454	TASAKI2020	000290.0002	PG-TASAKI2020-0290	PDF p. 290; print p. 278; §8.3.5; paragraph 2, atom 2	definition	definition	As before we say that a projective representation v̂(·) is trivial if there is a function ψ̃(g) ∈ R such that v̂(g) = ei ψ̃(g) v̂0 (g) for any g ∈ G.	PENDING	NONE	NONE	false	NONE	NONE	NONE
CL-TASAKI2020-1455	TASAKI2020	000290.0003	PG-TASAKI2020-0290	PDF p. 290; print p. 278; §8.3.5; paragraph 2, atom 3	hypothesis	hypothesis	Suppose that v̂(·) is trivial.	PENDING	NONE	NONE	false	NONE	NONE	NONE
CL-TASAKI2020-1456	TASAKI2020	000290.0004	PG-TASAKI2020-0290	PDF p. 290; print p. 278; §8.3.5; equation (8.3.43)	assertion	equation	φ̃(g,h)=ψ̃(g)+s(g)ψ̃(h)−ψ̃(gh) (mod 2π). (8.3.43)	PENDING	NONE	NONE	false	NONE	NONE	NONE
CL-TASAKI2020-1457	TASAKI2020	000290.0005	PG-TASAKI2020-0290	PDF p. 290; print p. 278; §8.3.5; paragraph 4	assertion	unnumbered_obligation	Conversely, any projective representation whose phase function satisfies (8.3.43) is trivial.	PENDING	NONE	NONE	false	NONE	NONE	NONE
CL-TASAKI2020-1458	TASAKI2020	000290.0006	PG-TASAKI2020-0290	PDF p. 290; print p. 278; §8.3.5; equation (8.3.44)	assertion	equation	V̂(g) = { ⊗_{x=1}^L û_x(g) if s(g)=1; (⊗_{x=1}^L û_x(g))K̂ if s(g)=−1 }. (8.3.44)	PENDING	NONE	NONE	false	NONE	NONE	NONE
CL-TASAKI2020-1459	TASAKI2020	000290.0007	PG-TASAKI2020-0290	PDF p. 290; print p. 278; §8.3.5; Theorem 8.7	assertion	theorem	Theorem 8.7 Let |Φ⟩ be an injective matrix product state (8.3.11). If it holds with some η_L(g) ∈ ℝ that V̂(g)|Φ⟩ = e^{iη_L(g)}|Φ⟩, (8.3.45) for any g ∈ G and any L, then the projective representation v̂(·) is trivial.	PENDING	NONE	NONE	false	NONE	NONE	NONE
CL-TASAKI2020-1460	TASAKI2020	000290.0008	PG-TASAKI2020-0290	PDF p. 290; print p. 278; §8.3.5; equation (8.3.45)	assertion	equation	V̂(g)|Φ⟩=e^(iη_L(g))|Φ⟩. (8.3.45)	PENDING	NONE	NONE	false	NONE	NONE	NONE
CL-TASAKI2020-1461	TASAKI2020	000290.0009	PG-TASAKI2020-0290	PDF p. 290; print p. 278; §8.3.5; paragraph 6, atom 1	assertion	unnumbered_obligation	Note that we have set s(e) = 1 and s(a) = −1.	PENDING	NONE	NONE	false	NONE	NONE	NONE
CL-TASAKI2020-1462	TASAKI2020	000290.0010	PG-TASAKI2020-0290	PDF p. 290; print p. 278; §8.3.5; paragraph 6, atom 2	assertion	unnumbered_obligation	As we have seen just below (2.3.9), it holds that (v̂(a))2 = Θ̂ 2 = −1̂ if S is a half-odd-integer.	PENDING	NONE	NONE	false	NONE	NONE	NONE
CL-TASAKI2020-1463	TASAKI2020	000290.0011	PG-TASAKI2020-0290	PDF p. 290; print p. 278; §8.3.5; paragraph 6, atom 3	notation	notation	In the proof of Theorem 8.7, expand V̂(g)|Φ⟩=∑_σTr[Ã_g^(σ₁)⋯Ã_g^(σ_L)]|Ψ^σ⟩. (8.3.46)	PENDING	NONE	NONE	false	NONE	NONE	NONE
CL-TASAKI2020-1464	TASAKI2020	000290.0012	PG-TASAKI2020-0290	PDF p. 290; print p. 278; §8.3.5; equation (8.3.46)	assertion	equation	V̂(g)|Φ⟩ = ∑σ Tr[Ãgσ1 Ãgσ2···ÃgσL]|Ψσ⟩. (8.3.46)	PENDING	NONE	NONE	false	NONE	NONE	NONE
CL-TASAKI2020-1465	TASAKI2020	000291.0001	PG-TASAKI2020-0291	PDF p. 291; print p. 279; §8.3.5; equation (8.3.47)	assertion	equation	Ãgσ = ∑_{σ′=−S}^S⟨ψσ|û(g)|ψσ′⟩ Cg[Aσ′]. (8.3.47)	PENDING	NONE	NONE	false	NONE	NONE	NONE
CL-TASAKI2020-1466	TASAKI2020	000291.0002	PG-TASAKI2020-0291	PDF p. 291; print p. 279; §8.3.5; paragraph 3	assertion	unnumbered_obligation	For each g∈G, invariance and Theorem 7.6 give a phase ζ(g)∈ℝ and a unitary U(g) satisfying (8.3.48).	PENDING	NONE	NONE	false	NONE	NONE	NONE
CL-TASAKI2020-1467	TASAKI2020	000291.0003	PG-TASAKI2020-0291	PDF p. 291; print p. 279; §8.3.5; equation (8.3.48)	assertion	equation	Ã_g^σ=e^(iζ(g))U†(g)A^σU(g). (8.3.48)	PENDING	NONE	NONE	false	NONE	NONE	NONE
CL-TASAKI2020-1469	TASAKI2020	000291.0004	PG-TASAKI2020-0291	PDF p. 291; print p. 279; §8.3.5; equation (8.3.49)	assertion	equation	Aσ = Cg[e^{iζ(g)} ∑_{σ′=−S}^S ⟨ψσ|û†(g)|ψσ′⟩ U†(g)Aσ′U(g)]. (8.3.49)	PENDING	NONE	NONE	false	NONE	NONE	NONE
CL-TASAKI2020-1470	TASAKI2020	000291.0005	PG-TASAKI2020-0291	PDF p. 291; print p. 279; §8.3.5; paragraph 7	definition	definition	For g with s(g) = −1, let us set v̂†(g) = K̂ û †(g), V(g) = U(g)K, and V†(g) = KU†(g). (See Appendix A.4.3 for the convention of conjugate of antilinear operators.) For g with s(g) = 1, where we have v̂†(g) = û †(g) by definition, we set V(g) = U(g) (and of course V†(g) = U†(g)).	PENDING	NONE	NONE	false	NONE	NONE	NONE
CL-TASAKI2020-1471	TASAKI2020	000291.0006	PG-TASAKI2020-0291	PDF p. 291; print p. 279; §8.3.5; equation (8.3.50)	assertion	equation	Aσ = e^(is(g)ζ(g))∑_{σ′=−S}^S⟨ψσ|v̂†(g)|ψσ′⟩V†(g)Aσ′V(g). (8.3.50)	PENDING	NONE	NONE	false	NONE	NONE	NONE
CL-TASAKI2020-1472	TASAKI2020	000292.0001	PG-TASAKI2020-0292	PDF p. 292; print p. 280; §8.3.5; equation (8.3.51)	assertion	equation	Aσ = e^{i[s(h)ζ(h)+s(h)s(g)ζ(g)−s(gh)φ̃(g,h)]}∑_{σ′=−S}^S⟨ψσ|v̂†(gh)|ψσ′⟩V†(h)V†(g)Aσ′V(g)V(h). (8.3.51)	PENDING	NONE	NONE	false	NONE	NONE	NONE
CL-TASAKI2020-1473	TASAKI2020	000292.0002	PG-TASAKI2020-0292	PDF p. 292; print p. 280; §8.3.5; equation (8.3.52)	assertion	equation	v̂†(h)v̂†(g)=v̂†(gh)e^(−iφ̃(g,h))=e^(−is(g,h)φ̃(g,h))v̂†(gh). (8.3.52)	PENDING	NONE	NONE	false	NONE	NONE	NONE
CL-TASAKI2020-1474	TASAKI2020	000292.0003	PG-TASAKI2020-0292	PDF p. 292; print p. 280; §8.3.5; equation (8.3.53)	assertion	equation	Aσ = e^(is(gh)ζ(gh))∑_{σ′=−S}^S⟨ψσ|v̂†(gh)|ψσ′⟩V†(gh)Aσ′V(gh). (8.3.53)	PENDING	NONE	NONE	false	NONE	NONE	NONE
CL-TASAKI2020-1475	TASAKI2020	000292.0004	PG-TASAKI2020-0292	PDF p. 292; print p. 280; §8.3.5; paragraph 7	assertion	unnumbered_obligation	Injectivity forces c=1; comparing phase factors in (8.3.51) and (8.3.53) then yields (8.3.54).	PENDING	NONE	NONE	false	NONE	NONE	NONE
CL-TASAKI2020-1476	TASAKI2020	000292.0005	PG-TASAKI2020-0292	PDF p. 292; print p. 280; §8.3.5; equation (8.3.54)	assertion	equation	s(h)ζ(h)+s(h)s(g)ζ(g)−s(gh)φ̃(g,h)=s(gh)ζ(gh) (mod 2π). (8.3.54)	PENDING	NONE	NONE	false	NONE	NONE	NONE
CL-TASAKI2020-1477	TASAKI2020	000292.0006	PG-TASAKI2020-0292	PDF p. 292; print p. 280; §8.3.6; paragraph 12	assertion	unnumbered_obligation	If W=V(g)V(h)V†(gh), then W is unitary and W†A^σW=cA^σ for every σ.	PENDING	NONE	NONE	false	NONE	NONE	NONE
CL-TASAKI2020-1478	TASAKI2020	000292.0007	PG-TASAKI2020-0292	PDF p. 292; print p. 280; §8.3.6; paragraph 13, atom 1	assertion	unnumbered_obligation	Then the property (i) in Theorem 7.5 (p. 202) implies W† MW = cℓ0 M for any D × D matrix M.	PENDING	NONE	NONE	false	NONE	NONE	NONE
CL-TASAKI2020-1479	TASAKI2020	000292.0008	PG-TASAKI2020-0292	PDF p. 292; print p. 280; §8.3.6; paragraph 13, atom 2	assertion	unnumbered_obligation	Injectivity applied to W†A^σW=cA^σ forces c=1.	PENDING	NONE	NONE	false	NONE	NONE	NONE
CL-TASAKI2020-1480	TASAKI2020	000293.0001	PG-TASAKI2020-0293	PDF p. 293; print p. 281; §8.3.6; equation (8.3.55)	assertion	equation	Ĥs = ∑_{x=1}^L{s Ŝx·Ŝx+1 + (Ŝx·Ŝx+1)² + (1−s)(Ŝx^(3))²}. (8.3.55)	PENDING	NONE	NONE	false	NONE	NONE	NONE
CL-TASAKI2020-3113	TASAKI2020	000293.0002	PG-TASAKI2020-0293	PDF p. 293; print p. 281; §8.3.6; paragraph 5; atom 1	assertion	unnumbered_obligation	At s=0 the model is in the trivial large-D phase.	PENDING	NONE	NONE	false	NONE	NONE	NONE
CL-TASAKI2020-3354	TASAKI2020	000293.0003	PG-TASAKI2020-0293	PDF p. 293; print p. 281; §8.3.6; paragraph 5; atom 2	assertion	unnumbered_obligation	At s=1 the model is in the Haldane phase.	PENDING	NONE	NONE	false	NONE	NONE	NONE
CL-TASAKI2020-3114	TASAKI2020	000293.0004	PG-TASAKI2020-0293	PDF p. 293; print p. 281; §8.3.6; paragraph 5; audit split atom 2/5	assertion	unnumbered_obligation	For every s, Hamiltonian (8.3.55) has each of the three symmetry types (S1), (S2), and (S3) that protect the Haldane phase.	PENDING	NONE	NONE	false	NONE	NONE	NONE
CL-TASAKI2020-3115	TASAKI2020	000293.0005	PG-TASAKI2020-0293	PDF p. 293; print p. 281; §8.3.6; paragraph 5; audit split atom 3/5	conjecture	conjecture	Then, according to what we know about symmetry protected topological phases, there should be a topological phase transition at an intermediate value of s.	PENDING	NONE	NONE	false	NONE	NONE	NONE
CL-TASAKI2020-3116	TASAKI2020	000293.0006	PG-TASAKI2020-0293	PDF p. 293; print p. 281; §8.3.6; paragraph 5; audit split atom 4/5	conjecture	conjecture	More precisely we expect that there is a single critical value s at which the Hamiltonian (8.3.55) becomes gapless as in Fig. 8.1 (p. 227).	PENDING	NONE	NONE	false	NONE	NONE	NONE
CL-TASAKI2020-1482	TASAKI2020	000293.0007	PG-TASAKI2020-0293	PDF p. 293; print p. 281; §8.3.6; Theorem 8.8	assertion	theorem	Theorem 8.8 The model (8.3.55) in its infinite volume limit undergoes a phase transition in the sense that there exists an intermediate value of s at which the model is either gapless, has more than one ground states, or exhibits discontinuity in the ground state expectation value of a local operator.	PENDING	NONE	NONE	false	NONE	NONE	NONE
CL-TASAKI2020-1483	TASAKI2020	000294.0001	PG-TASAKI2020-0294	PDF p. 294; print p. 282; §8.3.6; paragraph 2	assertion	unnumbered_obligation	After the application of the nonlocal unitary transformation (8.2.5) to the model (8.3.55), we find that the number of infinite volume ground states for s = 0 and 1 become one and four, respectively.	PENDING	NONE	NONE	false	NONE	NONE	NONE
CL-TASAKI2020-1484	TASAKI2020	000295.0001	PG-TASAKI2020-0295	PDF p. 295; print p. 283; §8.3.6; paragraph 2, atom 1	notation	notation	For x ∈ Z and α = 1, 2, 3, we denote by Ŝx(α) the spin operator.	PENDING	NONE	NONE	false	NONE	NONE	NONE
CL-TASAKI2020-1485	TASAKI2020	000295.0002	PG-TASAKI2020-0295	PDF p. 295; print p. 283; §8.3.6; paragraph 2, atom 2	notation	notation	We denote by Aloc the set of all local operators on the chain, i.e., polynomials of the spin operators Ŝx(α) .	PENDING	NONE	NONE	false	NONE	NONE	NONE
CL-TASAKI2020-1486	TASAKI2020	000295.0003	PG-TASAKI2020-0295	PDF p. 295; print p. 283; §8.3.6; paragraph 2, atom 3	notation	notation	Similarly we denote by AL and AR , respectively, the C∗ -algebras constructed from operators on the left half-infinite chain {. . . , −2, −1, 0} and the right half-infinite chain {1, 2, 3 . . .}.	PENDING	NONE	NONE	false	NONE	NONE	NONE
CL-TASAKI2020-1487	TASAKI2020	000295.0004	PG-TASAKI2020-0295	PDF p. 295; print p. 283; §8.3.6; paragraph 2, atom 4	assertion	unnumbered_obligation	For each x ∈ Z let ĥ x ∈ Aloc be the local Hamiltonian that depends only on Ŝy(α) such that |x − y| ≤ R and satisfies ∥ĥ x ∥ ≤ h 0 .	PENDING	NONE	NONE	false	NONE	NONE	NONE
CL-TASAKI2020-1488	TASAKI2020	000295.0005	PG-TASAKI2020-0295	PDF p. 295; print p. 283; §8.3.6; paragraph 2, atom 5	notation	notation	Write the formal Hamiltonian Ĥ=∑_{x∈ℤ}ĥ_x, although the infinite sum is not itself well-defined.	PENDING	NONE	NONE	false	NONE	NONE	NONE
CL-TASAKI2020-1489	TASAKI2020	000295.0006	PG-TASAKI2020-0295	PDF p. 295; print p. 283; §8.3.6; paragraph 2, atom 6	assertion	unnumbered_obligation	A state ρ on A_loc is a linear functional A_loc→ℂ satisfying ρ(I)=1 and ρ(Â†Â)≥0 for all Â∈A_loc.	PENDING	NONE	NONE	false	NONE	NONE	NONE
CL-TASAKI2020-1490	TASAKI2020	000295.0007	PG-TASAKI2020-0295	PDF p. 295; print p. 283; §8.3.6; paragraph 2, atom 7	hypothesis	hypothesis	We assume that the model with the Hamiltonian Ĥ has a unique ground state ω(·) with a nonzero energy gap.	PENDING	NONE	NONE	false	NONE	NONE	NONE
CL-TASAKI2020-1491	TASAKI2020	000295.0008	PG-TASAKI2020-0295	PDF p. 295; print p. 283; §8.3.6; equation (8.3.56)	assertion	equation	ω(Â) = lim_{L↑∞}⟨Φ_GS,L|Â|Φ_GS,L⟩. (8.3.56)	PENDING	NONE	NONE	false	NONE	NONE	NONE
CL-TASAKI2020-1492	TASAKI2020	000296.0001	PG-TASAKI2020-0296	PDF p. 296; print p. 284; §8.3.6; equation (8.3.57)	assertion	equation	ω(Â)=⟨Ω,π(Â)Ω⟩. (8.3.57)	PENDING	NONE	NONE	false	NONE	NONE	NONE
CL-TASAKI2020-1493	TASAKI2020	000296.0002	PG-TASAKI2020-0296	PDF p. 296; print p. 284; §8.3.6; paragraph 3, atom 1	assertion	unnumbered_obligation	Then, from the fact that ω(·) is a pure state with the split property, it follows that the above Hilbert space and the representation are decomposed as H = H˜L ⊗ H˜R and π = π̃L ⊗ π̃R , where π̃L : AL → B(H˜L ) and π̃R : AR → B(H˜R ) are representations of the C∗ algebras AL and AR , respectively.	PENDING	NONE	NONE	false	NONE	NONE	NONE
CL-TASAKI2020-3118	TASAKI2020	000296.0003	PG-TASAKI2020-0296	PDF p. 296; print p. 284; §8.3.6; paragraph 3, atom 2; audit split atom 1/2	assertion	remark	In this setup Ogata considered ℤ₂ indices for models with ℤ₂×ℤ₂, time-reversal, or bond-centered inversion symmetry.	PENDING	NONE	NONE	false	NONE	NONE	NONE
CL-TASAKI2020-3119	TASAKI2020	000296.0004	PG-TASAKI2020-0296	PDF p. 296; print p. 284; §8.3.6; paragraph beginning “Let us make some more comments”	definition	definition	The GNS construction applied to the restricted state ω|_{A_R} defines the right-half-chain Hilbert space H_R and representation π_R of A_R.	PENDING	NONE	NONE	false	NONE	NONE	NONE
CL-TASAKI2020-1496	TASAKI2020	000297.0001	PG-TASAKI2020-0297	PDF p. 297; print p. 285; §8.3.6; paragraph 2	definition	definition	For α=1,2,3, define the linear ∗-automorphism ℛ_α by ℛ_α(Ŝ_x^(β))=Ŝ_x^(β) if β=α and ℛ_α(Ŝ_x^(β))=−Ŝ_x^(β) if β≠α. (8.3.58)	PENDING	NONE	NONE	false	NONE	NONE	NONE
CL-TASAKI2020-1497	TASAKI2020	000297.0002	PG-TASAKI2020-0297	PDF p. 297; print p. 285; §8.3.6; equation (8.3.58)	assertion	equation	ℛ_α(Ŝ_x^(β))={Ŝ_x^(β) if β=α; −Ŝ_x^(β) if β≠α}. (8.3.58)	PENDING	NONE	NONE	false	NONE	NONE	NONE
CL-TASAKI2020-1498	TASAKI2020	000297.0003	PG-TASAKI2020-0297	PDF p. 297; print p. 285; §8.3.6; paragraph 3, atom 1	hypothesis	hypothesis	We assume that the Hamiltonian is ℤ₂×ℤ₂ invariant in the sense that ℛ_α(ĥ_x)=ĥ_x for α=1,2,3 and x∈ℤ.	PENDING	NONE	NONE	false	NONE	NONE	NONE
CL-TASAKI2020-1499	TASAKI2020	000297.0004	PG-TASAKI2020-0297	PDF p. 297; print p. 285; §8.3.6; paragraph 3, atom 2	hypothesis	hypothesis	We (of course) assume that the ground state, ω(·), of Ĥ is unique and accompanied by a nonzero gap.	PENDING	NONE	NONE	false	NONE	NONE	NONE
CL-TASAKI2020-1500	TASAKI2020	000297.0005	PG-TASAKI2020-0297	PDF p. 297; print p. 285; §8.3.6; equation (8.3.59)	assertion	equation	ω(ℛ_α(Â))=ω(Â). (8.3.59)	PENDING	NONE	NONE	false	NONE	NONE	NONE
CL-TASAKI2020-1501	TASAKI2020	000297.0006	PG-TASAKI2020-0297	PDF p. 297; print p. 285; §8.3.6; equation (8.3.60)	assertion	equation	π̃_R(ℛ_α(Â))=Ũ_απ̃_R(Â)Ũ_α†. (8.3.60)	PENDING	NONE	NONE	false	NONE	NONE	NONE
CL-TASAKI2020-3120	TASAKI2020	000297.0007	PG-TASAKI2020-0297	PDF p. 297; print p. 285; §8.3.6; paragraph 6; audit split atom 1/3	assertion	unnumbered_obligation	Equation (8.3.60) is essentially Wigner’s theorem, Theorem A.21 on p. 483.	PENDING	NONE	NONE	false	NONE	NONE	NONE
CL-TASAKI2020-3121	TASAKI2020	000297.0008	PG-TASAKI2020-0297	PDF p. 297; print p. 285; §8.3.6; paragraph 6; audit split atom 2/3	assertion	unnumbered_obligation	The operators 1̂, Ũ₁, Ũ₂, and Ũ₃ form a projective representation of the Z₂ × Z₂ group.	PENDING	NONE	NONE	false	NONE	NONE	NONE
CL-TASAKI2020-3122	TASAKI2020	000297.0009	PG-TASAKI2020-0297	PDF p. 297; print p. 285; §8.3.6; paragraph 6; audit split atom 3/3	assertion	unnumbered_obligation	The unitary operators satisfy (8.3.61) for α ≠ β with a fixed σ_D = ±1.	PENDING	NONE	NONE	false	NONE	NONE	NONE
CL-TASAKI2020-1503	TASAKI2020	000297.0010	PG-TASAKI2020-0297	PDF p. 297; print p. 285; §8.3.6; equation (8.3.61)	assertion	equation	Ũα Ũβ = σD Ũβ Ũα , (8.3.61)	PENDING	NONE	NONE	false	NONE	NONE	NONE
CL-TASAKI2020-1504	TASAKI2020	000298.0001	PG-TASAKI2020-0298	PDF p. 298; print p. 286; §8.3.6; paragraph 2	definition	definition	We define an antilinear ∗-automorphism Ξ for time-reversal by (8.3.62).	PENDING	NONE	NONE	false	NONE	NONE	NONE
CL-TASAKI2020-1505	TASAKI2020	000298.0002	PG-TASAKI2020-0298	PDF p. 298; print p. 286; §8.3.6; equation (8.3.62)	assertion	equation	Ξ ( Ŝx(α) ) = − Ŝx(α) , (8.3.62)	PENDING	NONE	NONE	false	NONE	NONE	NONE
CL-TASAKI2020-1506	TASAKI2020	000298.0003	PG-TASAKI2020-0298	PDF p. 298; print p. 286; §8.3.6; paragraph 4	hypothesis	hypothesis	We assume that the Hamiltonian Ĥ is time-reversally invariant, i.e., Ξ (ĥ x ) = ĥ x for any x ∈ Z, and has a unique gapped ground state ω(·).	PENDING	NONE	NONE	false	NONE	NONE	NONE
CL-TASAKI2020-1507	TASAKI2020	000298.0004	PG-TASAKI2020-0298	PDF p. 298; print p. 286; §8.3.6; equation (8.3.63)	assertion	equation	π̃R (Ξ ( Â)) = Ṽ π̃R ( Â) Ṽ † , (8.3.63)	PENDING	NONE	NONE	false	NONE	NONE	NONE
CL-TASAKI2020-1508	TASAKI2020	000298.0005	PG-TASAKI2020-0298	PDF p. 298; print p. 286; §8.3.6; equation (8.3.64)	assertion	equation	Γ(Ŝ_x^(α))=Ŝ_(1−x)^(α). (8.3.64)	PENDING	NONE	NONE	false	NONE	NONE	NONE
CL-TASAKI2020-1509	TASAKI2020	000298.0006	PG-TASAKI2020-0298	PDF p. 298; print p. 286; §8.3.6; paragraph 7, atom 1	notation	notation	We denote by Γ̃ the natural map from 𝔄_L to 𝔄_R induced by Γ.	PENDING	NONE	NONE	false	NONE	NONE	NONE
CL-TASAKI2020-1510	TASAKI2020	000298.0007	PG-TASAKI2020-0298	PDF p. 298; print p. 286; §8.3.6; paragraph 7, atom 2	hypothesis	hypothesis	We assume that the Hamiltonian Ĥ is invariant under Γ and has a unique gapped ground state ω(·).	PENDING	NONE	NONE	false	NONE	NONE	NONE
CL-TASAKI2020-1511	TASAKI2020	000298.0008	PG-TASAKI2020-0298	PDF p. 298; print p. 286; §8.3.6; equation (8.3.65)	assertion	equation	Ũ π̃( Â)Ω̃ = π̃(Γ ( Â))Ω̃ (8.3.65)	PENDING	NONE	NONE	false	NONE	NONE	NONE
CL-TASAKI2020-1512	TASAKI2020	000299.0001	PG-TASAKI2020-0299	PDF p. 299; print p. 287; §8.3.6; paragraph 2	assertion	unnumbered_obligation	It is further proved that there is a unique index σinv = ±1 satisfying (8.3.66).	PENDING	NONE	NONE	false	NONE	NONE	NONE
CL-TASAKI2020-1513	TASAKI2020	000299.0002	PG-TASAKI2020-0299	PDF p. 299; print p. 287; §8.3.6; equation (8.3.66)	assertion	equation	Ũ (η ⊗ ξ ) = σinv (ξ ⊗ η) (8.3.66)	PENDING	NONE	NONE	false	NONE	NONE	NONE
CL-TASAKI2020-1514	TASAKI2020	000299.0003	PG-TASAKI2020-0299	PDF p. 299; print p. 287; §8.3.6; paragraph 4, atom 1	assertion	unnumbered_obligation	It is also proved that one has σinv = −1 for the VBS state, but, rather interestingly, the proof is far from being easy.	PENDING	NONE	NONE	false	NONE	NONE	NONE
CL-TASAKI2020-1515	TASAKI2020	000299.0004	PG-TASAKI2020-0299	PDF p. 299; print p. 287; §8.3.6; paragraph 4, atom 2	assertion	unnumbered_obligation	It should be noted however that it is impossible to define the parity of a ground state on the infinite chain.	PENDING	NONE	NONE	false	NONE	NONE	NONE
CL-TASAKI2020-3123	TASAKI2020	000299.0005	PG-TASAKI2020-0299	PDF p. 299; print p. 287; §8.3.6; Footnote 61	assertion	remark	The invariance ŨΩ̃ = Ω̃ roughly means that one takes the convention that the ground state always has an even “parity”.	PENDING	NONE	NONE	false	NONE	NONE	NONE
CL-TASAKI2020-3124	TASAKI2020	000299.0006	PG-TASAKI2020-0299	PDF p. 299; print p. 287; §8.3.6; Footnote 62	assertion	remark	The invariance theorems may be improved, but this is mostly a technical problem.	PENDING	NONE	NONE	false	NONE	NONE	NONE
CL-TASAKI2020-3125	TASAKI2020	000299.0007	PG-TASAKI2020-0299	PDF p. 299; print p. 287; §8.3.6; Footnote 63	assertion	remark	There is still no proof that the S = 1 Heisenberg antiferromagnetic chain is in the Haldane phase.	PENDING	NONE	NONE	false	NONE	NONE	NONE
CL-TASAKI2020-1517	TASAKI2020	000300.0001	PG-TASAKI2020-0300	PDF p. 300; print p. 288; §8.4; assertion prose line 24	assertion	unnumbered_obligation	Without imposing any symmetry, a topologically ordered phase cannot be smoothly connected to a trivial ground state without passing through a gapless model.	PENDING	NONE	NONE	false	NONE	NONE	NONE
CL-TASAKI2020-1518	TASAKI2020	000300.0002	PG-TASAKI2020-0300	PDF p. 300; print p. 288; §8.4; assertion prose line 34	conjecture	conjecture	In one dimension, every unique gapped ground state is believed to be smoothly connected to a trivial ground state when no protecting symmetry is imposed.	PENDING	NONE	NONE	false	NONE	NONE	NONE
CL-TASAKI2020-1519	TASAKI2020	000301.0001	PG-TASAKI2020-0301	PDF p. 301; print p. 289; §8.4; paragraph 3	assertion	remark	Fig. 8.14 a The set of usual sites of the square lattice is denoted as V . b The set of sites taken at the center of each bond is denoted as E .	PENDING	NONE	NONE	false	NONE	NONE	NONE
CL-TASAKI2020-1520	TASAKI2020	000301.0002	PG-TASAKI2020-0301	PDF p. 301; print p. 289; §8.4; paragraph 5, atom 1	definition	definition	We add a new site at the center of each bond, and denote by E the set of all such sites.	PENDING	NONE	NONE	false	NONE	NONE	NONE
CL-TASAKI2020-1521	TASAKI2020	000301.0003	PG-TASAKI2020-0301	PDF p. 301; print p. 289; §8.4; paragraph 5, atom 2	definition	definition	We finally denote by P the set of all plaquettes (unit squares) of the square lattice.	PENDING	NONE	NONE	false	NONE	NONE	NONE
CL-TASAKI2020-1522	TASAKI2020	000301.0004	PG-TASAKI2020-0301	PDF p. 301; print p. 289; §8.4; equation (8.4.1)	assertion	equation	Ĥ_tc := −∑_{v∈V}∏_{x∈A_v}σ̂_x^(3) − ∑_{p∈P}∏_{x∈B_p}σ̂_x^(1). (8.4.1)	PENDING	NONE	NONE	false	NONE	NONE	NONE
CL-TASAKI2020-1523	TASAKI2020	000301.0005	PG-TASAKI2020-0301	PDF p. 301; print p. 289; §8.4; Fig. 8.15 caption	definition	definition	Fig. 8.15 The sets Av and Bp. Black circles denote the elements of each set.	PENDING	NONE	NONE	false	NONE	NONE	NONE
CL-TASAKI2020-1524	TASAKI2020	000302.0001	PG-TASAKI2020-0302	PDF p. 302; print p. 290; §8.4; paragraph 2, atom 1	assertion	unnumbered_obligation	Since σ̂x(1) σ̂x(3) = −σ̂x(3) σ̂x(1) , we have the desired commutativity.	PENDING	NONE	NONE	false	NONE	NONE	NONE
CL-TASAKI2020-1525	TASAKI2020	000302.0002	PG-TASAKI2020-0302	PDF p. 302; print p. 290; §8.4; paragraph 2, atom 2	assertion	unnumbered_obligation	Since both ∏_{x∈A_v}σ̂_x^(3) and ∏_{x∈B_p}σ̂_x^(1) clearly have eigenvalues ±1, we find that the energy eigenvalue can only take integral values.	PENDING	NONE	NONE	false	NONE	NONE	NONE
CL-TASAKI2020-1526	TASAKI2020	000302.0003	PG-TASAKI2020-0302	PDF p. 302; print p. 290; §8.4; equation (8.4.2)	assertion	equation	(∏_{x∈A_v}σ̂_x^(3))|Φ_GS⟩ = |Φ_GS⟩. (8.4.2)	PENDING	NONE	NONE	false	NONE	NONE	NONE
CL-TASAKI2020-1527	TASAKI2020	000302.0004	PG-TASAKI2020-0302	PDF p. 302; print p. 290; §8.4; equation (8.4.3)	assertion	equation	(∏_{x∈B_p}σ̂_x^(1))|Φ_GS⟩ = |Φ_GS⟩. (8.4.3)	PENDING	NONE	NONE	false	NONE	NONE	NONE
CL-TASAKI2020-1528	TASAKI2020	000302.0005	PG-TASAKI2020-0302	PDF p. 302; print p. 290; §8.4; paragraph 4, atom 1	notation	notation	For notational convenience, we write (only in this section) the basis states |ψ^↑⟩ and |ψ^↓⟩ of a single S=1/2 spin as |ψ^{+1}⟩ and |ψ^{−1}⟩, respectively, and represent spin configurations on E by τ=(τ_x)_{x∈E}, where τ_x=±1.	PENDING	NONE	NONE	false	NONE	NONE	NONE
CL-TASAKI2020-1529	TASAKI2020	000302.0006	PG-TASAKI2020-0302	PDF p. 302; print p. 290; §8.4; paragraph 4, atom 2	notation	notation	We denote by T0 the set of all such configurations.	PENDING	NONE	NONE	false	NONE	NONE	NONE
CL-TASAKI2020-1531	TASAKI2020	000302.0007	PG-TASAKI2020-0302	PDF p. 302; print p. 290; §8.4; equation (8.4.4)	assertion	equation	(⊗_{x∈B_p}σ̂_x^(1))(⊗_{x∈B_p}|ψ_x^{τ_x}⟩) = ⊗_{x∈B_p}|ψ_x^{−τ_x}⟩. (8.4.4)	PENDING	NONE	NONE	false	NONE	NONE	NONE
CL-TASAKI2020-1532	TASAKI2020	000302.0008	PG-TASAKI2020-0302	PDF p. 302; print p. 290; §8.4; equation (8.4.5)	assertion	equation	(∏_{x∈B_p}σ̂_x^(1))(⊗_{x∈B_p}|ψ_x^{τ_x}⟩+⊗_{x∈B_p}|ψ_x^{−τ_x}⟩) = ⊗_{x∈B_p}|ψ_x^{τ_x}⟩+⊗_{x∈B_p}|ψ_x^{−τ_x}⟩. (8.4.5)	PENDING	NONE	NONE	false	NONE	NONE	NONE
CL-TASAKI2020-1533	TASAKI2020	000302.0009	PG-TASAKI2020-0302	PDF p. 302; print p. 290; §8.4; equation (8.4.6)	assertion	equation	(∏_{x∈B_p}σ̂_x^(1))(|Ψ_τ⟩+|Ψ_{F_p[τ]}⟩) = |Ψ_τ⟩+|Ψ_{F_p[τ]}⟩. (8.4.6)	PENDING	NONE	NONE	false	NONE	NONE	NONE
CL-TASAKI2020-1534	TASAKI2020	000302.0010	PG-TASAKI2020-0302	PDF p. 302; print p. 290; §8.4; paragraph 7	notation	notation	Write τ′=F_p[τ]; its components are given by (8.4.7).	PENDING	NONE	NONE	false	NONE	NONE	NONE
CL-TASAKI2020-1536	TASAKI2020	000303.0001	PG-TASAKI2020-0303	PDF p. 303; print p. 291; §8.4; equation (8.4.7)	assertion	equation	τ′x={−τx if x∈Bp; τx otherwise}. (8.4.7)	PENDING	NONE	NONE	false	NONE	NONE	NONE
CL-TASAKI2020-1537	TASAKI2020	000303.0002	PG-TASAKI2020-0303	PDF p. 303; print p. 291; §8.4; paragraph 2	assertion	unnumbered_obligation	It is crucial to note that the configuration space T0 is invariant under the spin flip operation F p [·], i.e., F p [τ ] ∈ T0 if and only if τ ∈ T0 .	PENDING	NONE	NONE	false	NONE	NONE	NONE
CL-TASAKI2020-1538	TASAKI2020	000303.0003	PG-TASAKI2020-0303	PDF p. 303; print p. 291; §8.4; equation (8.4.8)	assertion	equation	|Φ_GS⟩ = (1/√|T_0|)∑_{τ∈T_0}|Ψ_τ⟩. (8.4.8)	PENDING	NONE	NONE	false	NONE	NONE	NONE
CL-TASAKI2020-1539	TASAKI2020	000303.0004	PG-TASAKI2020-0303	PDF p. 303; print p. 291; §8.4; equation (8.4.9)	assertion	equation	|Φ_GS⟩ = (1/√{2|T_0|})∑_{τ∈T_0}(|Ψ_τ⟩+|Ψ_{F_p[τ]}⟩). (8.4.9)	PENDING	NONE	NONE	false	NONE	NONE	NONE
CL-TASAKI2020-1540	TASAKI2020	000303.0005	PG-TASAKI2020-0303	PDF p. 303; print p. 291; §8.4; equation (8.4.10)	assertion	equation	|Ξ_𝒞⟩=∑_(τ,τ̃){∏_(v∈𝒱)∏_(x∈A_v)s(τ_x,τ̃_v)}|Ψ^τ⟩⊗|Ψ̃^τ̃⟩. (8.4.10)	PENDING	NONE	NONE	false	NONE	NONE	NONE
CL-TASAKI2020-1541	TASAKI2020	000303.0006	PG-TASAKI2020-0303	PDF p. 303; print p. 291; §8.4; equation (8.4.11)	assertion	equation	|Φ̃_→⟩ = ⊗_{v∈V}(|ψ̃_v^{+1}⟩+|ψ̃_v^{−1}⟩) = ∑_{τ̃}|Ψ̃_{τ̃}⟩. (8.4.11)	PENDING	NONE	NONE	false	NONE	NONE	NONE
CL-TASAKI2020-1542	TASAKI2020	000304.0001	PG-TASAKI2020-0304	PDF p. 304; print p. 292; §8.4; paragraph 2	assertion	unnumbered_obligation	Restricting the Briegel–Raussendorf state (8.4.10) on V to (8.4.11) yields ⟨Φ̃→|ΞC⟩ = ∑τ {∏_{v∈V}[1 + ∏_{x∈Av}s(τx,−1)]}|Ψτ⟩. (8.4.12)	PENDING	NONE	NONE	false	NONE	NONE	NONE
CL-TASAKI2020-1543	TASAKI2020	000304.0002	PG-TASAKI2020-0304	PDF p. 304; print p. 292; §8.4; equation (8.4.12)	assertion	equation	⟨Φ̃→|ΞC⟩ = ∑_{τ̃′,τ,τ̃}{∏_{v∈V}∏_{x∈Av}s(τx,τ̃v)}|Ψτ⟩⟨Ψ̃τ̃′|Ψ̃τ̃⟩ = ∑_{τ,τ̃}{∏_{v∈V}∏_{x∈Av}s(τx,τ̃v)}|Ψτ⟩ = ∑τ{∏_{v∈V}∑_{τ̃v=±1}∏_{x∈Av}s(τx,τ̃v)}|Ψτ⟩ = ∑τ{∏_{v∈V}[1+∏_{x∈Av}s(τx,−1)]}|Ψτ⟩. (8.4.12)	PENDING	NONE	NONE	false	NONE	NONE	NONE
CL-TASAKI2020-1544	TASAKI2020	000304.0003	PG-TASAKI2020-0304	PDF p. 304; print p. 292; §8.4; equation (8.4.13)	assertion	equation	1 + ∏_{x∈Av}s(τx,−1) = 1 + ∏_{x∈Av}τx = {2 if ∏_{x∈Av}τx=1; 0 if ∏_{x∈Av}τx=−1}. (8.4.13)	PENDING	NONE	NONE	false	NONE	NONE	NONE
CL-TASAKI2020-1545	TASAKI2020	000304.0004	PG-TASAKI2020-0304	PDF p. 304; print p. 292; §8.4; equation (8.4.14)	assertion	equation	𝒯_0=𝒯_(0,0)∪𝒯_(1,0)∪𝒯_(0,1)∪𝒯_(1,1). (8.4.14)	PENDING	NONE	NONE	false	NONE	NONE	NONE
CL-TASAKI2020-1546	TASAKI2020	000304.0005	PG-TASAKI2020-0304	PDF p. 304; print p. 292; §8.4; equation (8.4.15)	assertion	equation	|ΦGS^(ν,ν′)⟩ = 1/√{|Tν,ν′|} ∑_{τ∈Tν,ν′}|Ψτ⟩. (8.4.15)	PENDING	NONE	NONE	false	NONE	NONE	NONE
CL-TASAKI2020-1547	TASAKI2020	000305.0001	PG-TASAKI2020-0305	PDF p. 305; print p. 293; §8.4; equation (8.4.16)	assertion	equation	[diagram transcription] The eight visible four-edge vertex patterns are exactly the even subsets of the four incident edges: no thick edges; each of the six two-edge choices; and all four thick edges. (8.4.16)	PENDING	NONE	NONE	false	NONE	NONE	NONE
CL-TASAKI2020-1548	TASAKI2020	000305.0002	PG-TASAKI2020-0305	PDF p. 305; print p. 293; §8.4; paragraph 6, atom 2	assertion	unnumbered_obligation	The condition (8.4.2), equivalently ∏_{x∈A_v} τ_x = 1, requires an even number of sites x∈A_v with τ_x = −1.	PENDING	NONE	NONE	false	NONE	NONE	NONE
CL-TASAKI2020-1549	TASAKI2020	000305.0003	PG-TASAKI2020-0305	PDF p. 305; print p. 293; §8.4; equation (8.4.17)	assertion	equation	[diagram transcription] Seven vertical double-arrow pairs of square plaquettes are shown. From left to right, the top thick-edge sets are ∅, {top}, {left}, {bottom}, {right}, {top,right}, and {top,left}; each bottom plaquette has precisely the complementary boundary-edge set thick. (8.4.17)	PENDING	NONE	NONE	false	NONE	NONE	NONE
CL-TASAKI2020-1550	TASAKI2020	000306.0001	PG-TASAKI2020-0306	PDF p. 306; print p. 294; §8.4; paragraph 6	assertion	remark	The four ground states |Φ_GS^(ν,ν′)⟩ with ν,ν′∈{0,1} differ only globally and cannot be distinguished by the expectation value of any local operator; consequently, the infinite-lattice toric-code ground state is unique.	PENDING	NONE	NONE	false	NONE	NONE	NONE
CL-TASAKI2020-1551	TASAKI2020	000306.0002	PG-TASAKI2020-0306	PDF p. 306; print p. 294; §8.4; Fig. 8.17 caption	assertion	remark	Fig. 8.17. Graphs can be modified almost freely by repeated use of (8.4.17), but the empty graph cannot be transformed into a graph containing a loop that wraps once around the lattice.	PENDING	NONE	NONE	false	NONE	NONE	NONE
CL-TASAKI2020-1552	TASAKI2020	000307.0001	PG-TASAKI2020-0307	PDF p. 307; print p. 295; §8.4; paragraph 3, atom 1	notation	notation	If we denote by Ẑ_hor the product of σ̂_x^(3) for all x along the horizontal line we considered above (see Fig. 8.17b), one finds that Ẑ_hor|Φ_GS^{ν,ν′}⟩=(−1)^{ν′}|Φ_GS^{ν,ν′}⟩.	PENDING	NONE	NONE	false	NONE	NONE	NONE
CL-TASAKI2020-1553	TASAKI2020	000307.0002	PG-TASAKI2020-0307	PDF p. 307; print p. 295; §8.4; paragraph 3, atom 2	assertion	unnumbered_obligation	Similarly, for the operator Ẑ_ver defined in the same manner for the vertical line, one has Ẑ_ver|Φ_GS^{ν,ν′}⟩=(−1)^ν|Φ_GS^{ν,ν′}⟩.	PENDING	NONE	NONE	false	NONE	NONE	NONE
CL-TASAKI2020-1554	TASAKI2020	000307.0003	PG-TASAKI2020-0307	PDF p. 307; print p. 295; §8.4; Problem 8.4.a	assertion	problem	Problem 8.4.a It is convenient to define the operators Â_v:=∏_{x∈A_v}σ̂_x^(3) and B̂_p:=∏_{x∈B_p}σ̂_x^(1). (8.4.18) Let |Φ₀⟩={∏_{p∈P}(1̂+B̂_p)}|Φ_↑⟩, where |Φ_↑⟩=⊗_{x∈E}|ψ_x^{+1}⟩. Show that |Φ₀⟩ is a ground state of (8.4.1). How is this ground state related to the ground states we have defined? [solution→p.513]	PENDING	NONE	NONE	false	NONE	NONE	NONE
CL-TASAKI2020-1555	TASAKI2020	000307.0004	PG-TASAKI2020-0307	PDF p. 307; print p. 295; §8.4; equation (8.4.18)	assertion	equation	Â_v:=∏_{x∈A_v}σ̂_x^(3), B̂_p:=∏_{x∈B_p}σ̂_x^(1). (8.4.18)	PENDING	NONE	NONE	false	NONE	NONE	NONE
CL-TASAKI2020-1557	TASAKI2020	000307.0005	PG-TASAKI2020-0307	PDF p. 307; print p. 295; §8.4; Problem 8.4.b	assertion	problem	Problem 8.4.b To show that there are only four ground states, one still needs to prove that all graphs with common parity indices (ν,ν′) are connected by local modifications (8.4.17). Prove this fact (if the reader is rigorously minded enough to think it needs to be proved). [solution→p.513]	PENDING	NONE	NONE	false	NONE	NONE	NONE
CL-TASAKI2020-1558	TASAKI2020	000307.0006	PG-TASAKI2020-0307	PDF p. 307; print p. 295; §8.4; equation (8.4.19)	assertion	equation	Ĥ_ε = Ĥ_tc + ε∑_{x∈Λ}V̂_x. (8.4.19)	PENDING	NONE	NONE	false	NONE	NONE	NONE
CL-TASAKI2020-1559	TASAKI2020	000307.0007	PG-TASAKI2020-0307	PDF p. 307; print p. 295; §8.4; Fig. 8.18 caption	assertion	remark	Fig. 8.18 The parity of the number of thick lines that cross the dotted line is invariant under the local modifications (8.4.17)	PENDING	NONE	NONE	false	NONE	NONE	NONE
CL-TASAKI2020-1560	TASAKI2020	000308.0001	PG-TASAKI2020-0308	PDF p. 308; print p. 296; §8.4; Theorem 8.9	assertion	theorem	Theorem 8.9 There exists a constant ε0 > 0, and for any |ε| ≤ ε0 and any L, the Hamiltonian (8.4.19) has four near degenerate “ground states” whose energies are separated from other energy eigenvalues by a nonzero constant independent of L.	PENDING	NONE	NONE	false	NONE	NONE	NONE
CL-TASAKI2020-1561	TASAKI2020	000309.0001	PG-TASAKI2020-0309	PDF p. 309; print p. 297; §8.4; equation (8.4.20)	assertion	equation	⟨Ẑ_hor Ẑ′_hor⟩_(β,L)≃(tanhβ)^(ℓL). (8.4.20)	PENDING	NONE	NONE	false	NONE	NONE	NONE
CL-TASAKI2020-1562	TASAKI2020	000309.0002	PG-TASAKI2020-0309	PDF p. 309; print p. 297; §8.4; Problem 8.4.c	assertion	problem	Problem 8.4.c Derive (8.4.20). Although this is not difficult, one needs some experience in statistical mechanics. See the footnote if the reader needs a hint. [solution→p.513]	PENDING	NONE	NONE	false	NONE	NONE	NONE
CL-TASAKI2020-1563	TASAKI2020	000317.0001	PG-TASAKI2020-0317	PDF p. 317; print p. 305; §9.1; paragraph 4	assertion	unnumbered_obligation	In the preceding chapters, we have mostly studied quantum spin systems, where each electron (which carries a spin S = 1/2) is assumed to be strictly localized at an atomic site, and spin degrees of freedom of nearby electrons interact directly with each other.	PENDING	NONE	NONE	false	NONE	NONE	NONE
CL-TASAKI2020-1564	TASAKI2020	000320.0001	PG-TASAKI2020-0320	PDF p. 320; print p. 308; §9.2.1; equation (9.2.1)	assertion	equation	φ_σ(r) = ∑_{x∈Λ}ϕ(x,σ)w_x(r). (9.2.1)	PENDING	NONE	NONE	false	NONE	NONE	NONE
CL-TASAKI2020-1565	TASAKI2020	000320.0002	PG-TASAKI2020-0320	PDF p. 320; print p. 308; §9.2.1; paragraph 5, atom 1	hypothesis	hypothesis	Of course, an atom has more than one orbit, but we here assume that electrons in other orbits do not play significant roles in determining low-energy properties of the system, and may be “forgotten” in approximate treatments.	PENDING	NONE	NONE	false	NONE	NONE	NONE
CL-TASAKI2020-1566	TASAKI2020	000320.0003	PG-TASAKI2020-0320	PDF p. 320; print p. 308; §9.2.1; paragraph 5, atom 2	domain	domain	Let us write Λ̃ := Λ × {↑, ↓}, and denote its elements as u, v, w, . . . ∈ Λ̃.	PENDING	NONE	NONE	false	NONE	NONE	NONE
CL-TASAKI2020-1567	TASAKI2020	000320.0004	PG-TASAKI2020-0320	PDF p. 320; print p. 308; §9.2.1; paragraph 5, atom 3	domain	domain	Let us collectively denote the wave function as ϕ = (ϕ(u))u∈Λ̃ .	PENDING	NONE	NONE	false	NONE	NONE	NONE
CL-TASAKI2020-1568	TASAKI2020	000320.0005	PG-TASAKI2020-0320	PDF p. 320; print p. 308; §9.2.1; paragraph 5, atom 4	domain	domain	The spinful single-electron Hilbert space h̃ is the set of wave functions φ=(φ(x,σ))_{x∈Λ,σ=↑,↓}; bra-ket notation is reserved here for the Fock-space representation.	PENDING	NONE	NONE	false	NONE	NONE	NONE
CL-TASAKI2020-1569	TASAKI2020	000320.0006	PG-TASAKI2020-0320	PDF p. 320; print p. 308; §9.2.1; equation (9.2.2)	assertion	equation	⟨ϕ,ψ⟩ := ∑_{u∈Λ̃}{ϕ(u)}*ψ(u). (9.2.2)	PENDING	NONE	NONE	false	NONE	NONE	NONE
CL-TASAKI2020-1570	TASAKI2020	000320.0007	PG-TASAKI2020-0320	PDF p. 320; print p. 308; §9.2.1; paragraph 8	hypothesis	hypothesis	We also assume that the orbit is nondegenerate. This idealization may not be realistic in general.	PENDING	NONE	NONE	false	NONE	NONE	NONE
CL-TASAKI2020-1571	TASAKI2020	000321.0001	PG-TASAKI2020-0321	PDF p. 321; print p. 309; §9.2.1; equation (9.2.3)	assertion	equation	⟨Φ,Ψ⟩:=∑_{u₁,…,u_N∈Λ̃}{Φ(u₁,…,u_N)}*Ψ(u₁,…,u_N). (9.2.3)	PENDING	NONE	NONE	false	NONE	NONE	NONE
CL-TASAKI2020-1572	TASAKI2020	000321.0002	PG-TASAKI2020-0321	PDF p. 321; print p. 309; §9.2.1; equation (9.2.4)	assertion	equation	Φ(u₁,…,u_N)=(−1)^p Φ(u_{p(1)},…,u_{p(N)}). (9.2.4)	PENDING	NONE	NONE	false	NONE	NONE	NONE
CL-TASAKI2020-1573	TASAKI2020	000321.0003	PG-TASAKI2020-0321	PDF p. 321; print p. 309; §9.2.1; Fig. 9.1 caption	assertion	remark	Fig. 9.1. In the tight-binding description, itinerant low-energy electrons occupy selected atomic orbitals and hop between lattice sites; when a nondegenerate orbital at every site is singly occupied, the model reduces to a quantum spin system.	PENDING	NONE	NONE	true	CL-TASAKI2020-3440	compound-tight-binding-caption-split	CORPUS-NORMALIZATION-INDEPENDENT-REVIEW
CL-TASAKI2020-3440	TASAKI2020	000321.0003.0001	PG-TASAKI2020-0321	PDF p. 321; print p. 309; §9.2.1; Fig. 9.1 caption; corpus correction successor 1/2	domain	domain	The tight-binding low-energy electron space is constructed from selected nondegenerate atomic orbitals whose electrons hop between lattice sites.	6155b59f7cc997c90cb7c0ee3ec263a9eab070da	NONE	NONE	false	NONE	NONE	NONE
CL-TASAKI2020-3441	TASAKI2020	000321.0003.0002	PG-TASAKI2020-0321	PDF p. 321; print p. 309; §9.2.1; Fig. 9.1 caption; corpus correction successor 2/2	assertion	unnumbered_obligation	When one nondegenerate orbital at each site is singly occupied, the tight-binding model reduces to a quantum spin system.	4da58bb3d5345224c11bfbbee26bce9a49ddb037	NONE	NONE	false	NONE	NONE	NONE
CL-TASAKI2020-1574	TASAKI2020	000322.0001	PG-TASAKI2020-0322	PDF p. 322; print p. 310; §9.2.1; equation (9.2.5)	assertion	equation	ℋ_N^wf:=P_as(h̃⊗⋯⊗h̃) with N tensor factors. (9.2.5)	PENDING	NONE	NONE	false	NONE	NONE	NONE
CL-TASAKI2020-1575	TASAKI2020	000322.0002	PG-TASAKI2020-0322	PDF p. 322; print p. 310; §9.2.1; equation (9.2.6)	assertion	equation	(P_asΦ)(u_1,…,u_N) = (1/N!)∑_{p∈S_N}(−1)^p Φ(u_{p(1)},…,u_{p(N)}). (9.2.6)	PENDING	NONE	NONE	false	NONE	NONE	NONE
CL-TASAKI2020-3126	TASAKI2020	000322.0003	PG-TASAKI2020-0322	PDF p. 322; print p. 310; §9.2.1; paragraph 6; audit split atom 1/3	assertion	unnumbered_obligation	The inner product of Φ, Ψ ∈ H_N^wf is given by (9.2.3).	PENDING	NONE	NONE	false	NONE	NONE	NONE
CL-TASAKI2020-3127	TASAKI2020	000322.0004	PG-TASAKI2020-0322	PDF p. 322; print p. 310; §9.2.1; paragraph 6; audit split atom 2/3	assertion	unnumbered_obligation	The electron number N is between 0 and 2|Λ| because there are no totally antisymmetric wave functions with N > 2|Λ|.	PENDING	NONE	NONE	false	NONE	NONE	NONE
CL-TASAKI2020-3128	TASAKI2020	000322.0005	PG-TASAKI2020-0322	PDF p. 322; print p. 310; §9.2.1; paragraph 6; atom 1	definition	definition	ℋ₁^wf is identified with h̃.	PENDING	NONE	NONE	false	NONE	NONE	NONE
CL-TASAKI2020-3355	TASAKI2020	000322.0006	PG-TASAKI2020-0322	PDF p. 322; print p. 310; §9.2.1; paragraph 6; atom 2	definition	definition	ℋ₀^wf is identified with ℂ.	PENDING	NONE	NONE	false	NONE	NONE	NONE
CL-TASAKI2020-1577	TASAKI2020	000322.0007	PG-TASAKI2020-0322	PDF p. 322; print p. 310; §9.2.2; paragraph 8, atom 1	assertion	remark	Creation operator For any ψ ∈ h̃ and N = 1, 2, . . ., we wish to define the creation operator C†(ψ) : H Nwf−1 → H Nwf , which “adds” the state ψ to an arbitrary N − 1 particle state Φ to generate a new N particle state C†(ψ)Φ.	PENDING	NONE	NONE	false	NONE	NONE	NONE
CL-TASAKI2020-1578	TASAKI2020	000322.0008	PG-TASAKI2020-0322	PDF p. 322; print p. 310; §9.2.2; paragraph 8, atom 2	definition	definition	When N = 2, a natural definition of such an operator is (9.2.7).	PENDING	NONE	NONE	false	NONE	NONE	NONE
CL-TASAKI2020-1579	TASAKI2020	000322.0009	PG-TASAKI2020-0322	PDF p. 322; print p. 310; §9.2.2; equation (9.2.7)	assertion	equation	(C†(ψ)ϕ)(u_1,u_2) = (1/√2){ψ(u_1)ϕ(u_2)−ψ(u_2)ϕ(u_1)}. (9.2.7)	PENDING	NONE	NONE	false	NONE	NONE	NONE
CL-TASAKI2020-1580	TASAKI2020	000322.0010	PG-TASAKI2020-0322	PDF p. 322; print p. 310; §9.2.2; paragraph 11	notation	notation	We denote in general by (Φ)(u₁, …, u_N) the component Φ(u₁, …, u_N) of a wave function Φ.	PENDING	NONE	NONE	false	NONE	NONE	NONE
CL-TASAKI2020-1581	TASAKI2020	000323.0001	PG-TASAKI2020-0323	PDF p. 323; print p. 311; §9.2.2; equation (9.2.8)	assertion	equation	‖C†(ψ)ϕ‖² = (1/2)∑_{u_1,u_2∈Λ̃}{ψ(u_1)ϕ(u_2)−ψ(u_2)ϕ(u_1)}*{ψ(u_1)ϕ(u_2)−ψ(u_2)ϕ(u_1)} = ‖ψ‖²‖ϕ‖²−|⟨ψ,ϕ⟩|². (9.2.8)	PENDING	NONE	NONE	false	NONE	NONE	NONE
CL-TASAKI2020-1582	TASAKI2020	000323.0002	PG-TASAKI2020-0323	PDF p. 323; print p. 311; §9.2.2; paragraph 4, atom 1	hypothesis	hypothesis	Suppose that ‖ψ‖=‖ϕ‖=1.	PENDING	NONE	NONE	false	NONE	NONE	NONE
CL-TASAKI2020-1583	TASAKI2020	000323.0003	PG-TASAKI2020-0323	PDF p. 323; print p. 311; §9.2.2; paragraph 4, atom 2	definition	definition	For an arbitrary Φ ∈ H_N−1^wf, we define C†(ψ)Φ by (9.2.9).	PENDING	NONE	NONE	false	NONE	NONE	NONE
CL-TASAKI2020-1584	TASAKI2020	000323.0004	PG-TASAKI2020-0323	PDF p. 323; print p. 311; §9.2.2; equation (9.2.9)	assertion	equation	(C†(ψ)Φ)(u1,…,uN) := 1/√N ∑_{j=1}^N(−1)^(j+1)ψ(uj)Φ(u1,…,ŭj,…,uN). (9.2.9)	PENDING	NONE	NONE	false	NONE	NONE	NONE
CL-TASAKI2020-1585	TASAKI2020	000323.0005	PG-TASAKI2020-0323	PDF p. 323; print p. 311; §9.2.2; paragraph 5	notation	notation	Here and in what follows we denote by u 1 , . . . , ŭ j , . . . , u N the sequence without u j , i.e., u 1 , . . . , u j−1 , u j+1 , . . . , u N .	PENDING	NONE	NONE	false	NONE	NONE	NONE
CL-TASAKI2020-1586	TASAKI2020	000323.0006	PG-TASAKI2020-0323	PDF p. 323; print p. 311; §9.2.2; equation (9.2.10)	assertion	equation	(C†(ψ)Φ)(u1,u2,u3) = 1/√3{ψ(u1)Φ(u2,u3)−ψ(u2)Φ(u1,u3)+ψ(u3)Φ(u1,u2)}. (9.2.10)	PENDING	NONE	NONE	false	NONE	NONE	NONE
CL-TASAKI2020-1587	TASAKI2020	000323.0007	PG-TASAKI2020-0323	PDF p. 323; print p. 311; §9.2.2; equation (9.2.11)	assertion	equation	(C†(ψ)1)(u) = ψ(u). (9.2.11)	PENDING	NONE	NONE	false	NONE	NONE	NONE
CL-TASAKI2020-1588	TASAKI2020	000323.0008	PG-TASAKI2020-0323	PDF p. 323; print p. 311; §9.2.2; equation (9.2.12)	assertion	equation	C†(αψ + βξ ) = α C†(ψ) + β C†(ξ ), (9.2.12)	PENDING	NONE	NONE	false	NONE	NONE	NONE
CL-TASAKI2020-1589	TASAKI2020	000323.0009	PG-TASAKI2020-0323	PDF p. 323; print p. 311; §9.2.2; paragraph 11	definition	definition	Annihilation operator We define the annihilation operator C(ψ) : H Nwf → H Nwf−1 for any N = 1, 2, . . . by C(ψ) := {C†(ψ)}† .	PENDING	NONE	NONE	false	NONE	NONE	NONE
CL-TASAKI2020-1590	TASAKI2020	000323.0010	PG-TASAKI2020-0323	PDF p. 323; print p. 311; §9.2.2; equation (9.2.13)	assertion	equation	⟨C†(ψ)Ξ , Φ⟩ = ⟨Ξ , C(ψ)Φ⟩, (9.2.13)	PENDING	NONE	NONE	false	NONE	NONE	NONE
CL-TASAKI2020-1591	TASAKI2020	000324.0001	PG-TASAKI2020-0324	PDF p. 324; print p. 312; §9.2.2; paragraph 3, atom 1	domain	domain	Let us fix j, and write the sequence (u 1 , . . . , ŭ j , . . . , u N ) as (w1 , . . . , w N −1 ) (or, in other words, set wi = u i for i < j and wi−1 = u i for i > j).	PENDING	NONE	NONE	false	NONE	NONE	NONE
CL-TASAKI2020-1592	TASAKI2020	000324.0002	PG-TASAKI2020-0324	PDF p. 324; print p. 312; §9.2.2; paragraph 3, atom 2	assertion	unnumbered_obligation	Then we have Φ(u 1 , . . . , u N ) = Φ(w1 , . . . , w j−1 , u j , w j , . . . , w N −1 ) = (−1) j+1 Φ(u j , w1 , . . . , w N −1 ), where we used the antisymmetry (9.2.4) to get the final identity.	PENDING	NONE	NONE	false	NONE	NONE	NONE
CL-TASAKI2020-1594	TASAKI2020	000324.0003	PG-TASAKI2020-0324	PDF p. 324; print p. 312; §9.2.2; equation (9.2.14)	assertion	equation	⟨Ξ,C†(ψ)Φ⟩ = ∑_{w_1,…,w_{N−1}}{Ξ(w_1,…,w_{N−1})}*√N∑_v{ψ(v)}*Φ(v,w_1,…,w_{N−1}). (9.2.14)	PENDING	NONE	NONE	false	NONE	NONE	NONE
CL-TASAKI2020-1595	TASAKI2020	000324.0004	PG-TASAKI2020-0324	PDF p. 324; print p. 312; §9.2.2; equation (9.2.15)	assertion	equation	(C(ψ)Φ)(u_1,…,u_{N−1}) = √N∑_{v∈Λ̃}{ψ(v)}*Φ(v,u_1,…,u_{N−1}). (9.2.15)	PENDING	NONE	NONE	false	NONE	NONE	NONE
CL-TASAKI2020-1596	TASAKI2020	000324.0005	PG-TASAKI2020-0324	PDF p. 324; print p. 312; §9.2.2; equation (9.2.16)	assertion	equation	C(ψ)α = 0. (9.2.16)	PENDING	NONE	NONE	false	NONE	NONE	NONE
CL-TASAKI2020-1597	TASAKI2020	000324.0006	PG-TASAKI2020-0324	PDF p. 324; print p. 312; §9.2.2; equation (9.2.17)	assertion	equation	(C(ϕ)C(ψ)Ξ)(u_1,…,u_{N−2}) = √(N−1)∑_{v∈Λ̃}{ϕ(v)}*(C(ψ)Ξ)(v,u_1,…,u_{N−2}) = √{N(N−1)}∑_{v,w∈Λ̃}{ϕ(v)ψ(w)}*Ξ(w,v,u_1,…,u_{N−2}). (9.2.17)	PENDING	NONE	NONE	false	NONE	NONE	NONE
CL-TASAKI2020-1598	TASAKI2020	000324.0007	PG-TASAKI2020-0324	PDF p. 324; print p. 312; §9.2.2; equation (9.2.18)	assertion	equation	(C(ψ)C(ϕ)Ξ)(u_1,…,u_{N−2}) = √{N(N−1)}∑_{v,w∈Λ̃}{ψ(w)ϕ(v)}*Ξ(v,w,u_1,…,u_{N−2}). (9.2.18)	PENDING	NONE	NONE	false	NONE	NONE	NONE
CL-TASAKI2020-1599	TASAKI2020	000325.0001	PG-TASAKI2020-0325	PDF p. 325; print p. 313; §9.2.2; equation (9.2.19)	assertion	equation	{C(ϕ), C(ψ)} = 0, (9.2.19)	PENDING	NONE	NONE	false	NONE	NONE	NONE
CL-TASAKI2020-1600	TASAKI2020	000325.0002	PG-TASAKI2020-0325	PDF p. 325; print p. 313; §9.2.2; equation (9.2.20)	assertion	equation	{C†(ϕ),C†(ψ)}=0. (9.2.20)	PENDING	NONE	NONE	false	NONE	NONE	NONE
CL-TASAKI2020-1601	TASAKI2020	000325.0003	PG-TASAKI2020-0325	PDF p. 325; print p. 313; §9.2.2; equation (9.2.21)	assertion	equation	(C†(ψ)C(ϕ)Ξ)(u1,…,uN) = 1/√N∑_{j=1}^N(−1)^(j+1)ψ(uj)∑v{ϕ(v)}*Ξ(v,u1,…,ŭj,…,uN). (9.2.21)	PENDING	NONE	NONE	false	NONE	NONE	NONE
CL-TASAKI2020-1602	TASAKI2020	000325.0004	PG-TASAKI2020-0325	PDF p. 325; print p. 313; §9.2.2; equation (9.2.22)	assertion	equation	(C(ϕ)C†(ψ)Ξ)(u_1,…,u_N) = √(N+1)∑_v{ϕ(v)}*(C†(ψ)Ξ)(v,u_1,…,u_N). (9.2.22)	PENDING	NONE	NONE	false	NONE	NONE	NONE
CL-TASAKI2020-1603	TASAKI2020	000325.0005	PG-TASAKI2020-0325	PDF p. 325; print p. 313; §9.2.2; equation (9.2.23)	assertion	equation	(C†(ψ)Ξ)(v,u1,…,uN) = 1/√{N+1}{ψ(v)Ξ(u1,…,uN)+∑_{j=1}^N(−1)^jψ(uj)Ξ(v,u1,…,ŭj,…,uN)}. (9.2.23)	PENDING	NONE	NONE	false	NONE	NONE	NONE
CL-TASAKI2020-1604	TASAKI2020	000326.0001	PG-TASAKI2020-0326	PDF p. 326; print p. 314; §9.2.2; equation (9.2.24)	assertion	equation	(C(ϕ)C†(ψ)Ξ)(u1,…,uN) = ∑v{ϕ(v)}*ψ(v)Ξ(u1,…,uN)+∑v∑_{j=1}^N(−1)^j{ϕ(v)}*ψ(uj)Ξ(v,u1,…,ŭj,…,uN). (9.2.24)	PENDING	NONE	NONE	false	NONE	NONE	NONE
CL-TASAKI2020-1605	TASAKI2020	000326.0002	PG-TASAKI2020-0326	PDF p. 326; print p. 314; §9.2.2; equation (9.2.25)	assertion	equation	(C(ϕ)C†(ψ)Ξ + C†(ψ)C(ϕ)Ξ )(u 1 , . . . , u N ) = ⟨ϕ, ψ⟩ Ξ (u 1 , . . . , u N ), (9.2.25)	PENDING	NONE	NONE	false	NONE	NONE	NONE
CL-TASAKI2020-1606	TASAKI2020	000326.0003	PG-TASAKI2020-0326	PDF p. 326; print p. 314; §9.2.2; equation (9.2.26)	assertion	equation	{C(ϕ), C†(ψ)} = ⟨ϕ, ψ⟩, (9.2.26)	PENDING	NONE	NONE	false	NONE	NONE	NONE
CL-TASAKI2020-1607	TASAKI2020	000326.0004	PG-TASAKI2020-0326	PDF p. 326; print p. 314; §9.2.3; equation (9.2.27)	assertion	equation	{ĉ†_(x,σ),ĉ†_(y,τ)}={ĉ_(x,σ),ĉ_(y,τ)}=0. (9.2.27)	PENDING	NONE	NONE	false	NONE	NONE	NONE
CL-TASAKI2020-1608	TASAKI2020	000326.0005	PG-TASAKI2020-0326	PDF p. 326; print p. 314; §9.2.3; equation (9.2.28)	assertion	equation	{ĉ_(x,σ),ĉ†_(y,τ)}=δ_(x,y)δ_(σ,τ). (9.2.28)	PENDING	NONE	NONE	false	NONE	NONE	NONE
CL-TASAKI2020-1609	TASAKI2020	000326.0006	PG-TASAKI2020-0326	PDF p. 326; print p. 314; §9.2.3; paragraph 11, atom 1	definition	definition	The anticommutator is defined by {Â,B̂} = ÂB̂ + B̂Â.	PENDING	NONE	NONE	false	NONE	NONE	NONE
CL-TASAKI2020-1610	TASAKI2020	000326.0007	PG-TASAKI2020-0326	PDF p. 326; print p. 314; §9.2.3; paragraph 11, atom 2	assertion	unnumbered_obligation	Note that (9.2.27) implies (ĉx,σ )2 = (ĉx,σ † )2 = 0.	PENDING	NONE	NONE	false	NONE	NONE	NONE
CL-TASAKI2020-1611	TASAKI2020	000327.0001	PG-TASAKI2020-0327	PDF p. 327; print p. 315; §9.2.3; equation (9.2.29)	assertion	equation	n̂_(x,σ)=ĉ†_(x,σ)ĉ_(x,σ). (9.2.29)	PENDING	NONE	NONE	false	NONE	NONE	NONE
CL-TASAKI2020-1612	TASAKI2020	000327.0002	PG-TASAKI2020-0327	PDF p. 327; print p. 315; §9.2.3; equation (9.2.30)	assertion	equation	(n̂_{x,σ})²=ĉ†_{x,σ}ĉ_{x,σ}ĉ†_{x,σ}ĉ_{x,σ}=ĉ†_{x,σ}(1−ĉ†_{x,σ}ĉ_{x,σ})ĉ_{x,σ}=ĉ†_{x,σ}ĉ_{x,σ}=n̂_{x,σ}. (9.2.30)	PENDING	NONE	NONE	false	NONE	NONE	NONE
CL-TASAKI2020-1613	TASAKI2020	000327.0003	PG-TASAKI2020-0327	PDF p. 327; print p. 315; §9.2.3; paragraph 5	assertion	unnumbered_obligation	Thus we obtain n̂ x,σ (1 − n̂ x,σ ) = 0, which implies that n̂ x,σ can only have eigenvalues 0 and 1.	PENDING	NONE	NONE	false	NONE	NONE	NONE
CL-TASAKI2020-1614	TASAKI2020	000327.0004	PG-TASAKI2020-0327	PDF p. 327; print p. 315; §9.2.3; equation (9.2.31)	assertion	equation	[n̂ x,σ , ĉ†y,τ ] = δx,y δσ,τ ĉx,σ † , [n̂ x,σ , ĉ y,τ ] = −δx,y δσ,τ ĉx,σ , (9.2.31)	PENDING	NONE	NONE	false	NONE	NONE	NONE
CL-TASAKI2020-1615	TASAKI2020	000327.0005	PG-TASAKI2020-0327	PDF p. 327; print p. 315; §9.2.3; equation (9.2.32)	assertion	equation	[n̂_(x,σ),n̂_(y,τ)]=0. (9.2.32)	PENDING	NONE	NONE	false	NONE	NONE	NONE
CL-TASAKI2020-1617	TASAKI2020	000327.0006	PG-TASAKI2020-0327	PDF p. 327; print p. 315; §9.2.3; equation (9.2.33)	assertion	equation	N̂ := ∑_{x∈Λ}n̂x = ∑_{x∈Λ}∑_{σ=↑,↓}n̂x,σ. (9.2.33)	PENDING	NONE	NONE	false	NONE	NONE	NONE
CL-TASAKI2020-1618	TASAKI2020	000327.0007	PG-TASAKI2020-0327	PDF p. 327; print p. 315; §9.2.3; equation (9.2.34)	assertion	equation	ĉx,σ |Φvac ⟩ = 0 for any x ∈ Λ and σ =↑, ↓. (9.2.34)	PENDING	NONE	NONE	false	NONE	NONE	NONE
CL-TASAKI2020-1619	TASAKI2020	000327.0008	PG-TASAKI2020-0327	PDF p. 327; print p. 315; §9.2.3; paragraph 11	domain	domain	For arbitrary sites x₁,…,x_N∈Λ, with overlaps allowed, and spin indices σ₁,…,σ_N∈{↑,↓}, define the state by (9.2.35).	PENDING	NONE	NONE	false	NONE	NONE	NONE
CL-TASAKI2020-1620	TASAKI2020	000327.0009	PG-TASAKI2020-0327	PDF p. 327; print p. 315; §9.2.3; equation (9.2.35)	assertion	equation	|Ψ(x1 ,σ1 ),...,(x N ,σ N ) ⟩ = ĉx†1 ,σ1 · · · ĉx†N ,σ N |Φvac ⟩. (9.2.35)	PENDING	NONE	NONE	false	NONE	NONE	NONE
CL-TASAKI2020-1621	TASAKI2020	000327.0010	PG-TASAKI2020-0327	PDF p. 327; print p. 315; §9.2.3; paragraph 13	assertion	unnumbered_obligation	We interpret (9.2.35) as the state in which there is an electron at site xi with spin σi for i = 1, . . . , N .	PENDING	NONE	NONE	false	NONE	NONE	NONE
CL-TASAKI2020-1622	TASAKI2020	000328.0001	PG-TASAKI2020-0328	PDF p. 328; print p. 316; §9.2.3; paragraph 3	hypothesis	hypothesis	Suppose that |Ψ(x1 ,σ1 ),...,(x N ,σ N ) ⟩ of (9.2.35) is nonvanishing.	PENDING	NONE	NONE	false	NONE	NONE	NONE
CL-TASAKI2020-1623	TASAKI2020	000328.0002	PG-TASAKI2020-0328	PDF p. 328; print p. 316; §9.2.3; equation (9.2.36)	assertion	equation	n̂_(x,σ)|Ψ_((x₁,σ₁),…,(x_N,σ_N))⟩={|Ψ_((x₁,σ₁),…,(x_N,σ_N))⟩ if (x_i,σ_i)=(x,σ) for some i; 0 otherwise}. (9.2.36)	PENDING	NONE	NONE	false	NONE	NONE	NONE
CL-TASAKI2020-1624	TASAKI2020	000328.0003	PG-TASAKI2020-0328	PDF p. 328; print p. 316; §9.2.3; paragraph 4	assertion	unnumbered_obligation	From this we find that N̂ |Ψ(x1 ,σ1 ),...,(x N ,σ N ) ⟩ = N |Ψ(x1 ,σ1 ),...,(x N ,σ N ) ⟩.	PENDING	NONE	NONE	false	NONE	NONE	NONE
CL-TASAKI2020-1625	TASAKI2020	000328.0004	PG-TASAKI2020-0328	PDF p. 328; print p. 316; §9.2.3; equation (9.2.37)	assertion	equation	F := H0 ⊕ H1 ⊕ · · · ⊕ H2|Λ| , (9.2.37)	PENDING	NONE	NONE	false	NONE	NONE	NONE
CL-TASAKI2020-1626	TASAKI2020	000328.0005	PG-TASAKI2020-0328	PDF p. 328; print p. 316; §9.2.3; paragraph 6, atom 2; atom 1	notation	notation	Write the components of the spin-S=1/2 matrices (2.1.7) as S^(α)_{σ,τ}.	PENDING	NONE	NONE	false	NONE	NONE	NONE
CL-TASAKI2020-3424	TASAKI2020	000328.0006	PG-TASAKI2020-0328	PDF p. 328; print p. 316; §9.2.3; paragraph 6, atom 2; atom 2	definition	definition	Define the operators Ŝ_x^(α) by (9.2.38).	PENDING	NONE	NONE	false	NONE	NONE	NONE
CL-TASAKI2020-1627	TASAKI2020	000328.0007	PG-TASAKI2020-0328	PDF p. 328; print p. 316; §9.2.3; Fig. 9.2 caption	assertion	remark	Fig. 9.2. A site may be empty, singly occupied by an up- or down-spin electron, or doubly occupied by opposite-spin electrons; for uniform Hubbard repulsion U, the depicted configuration has interaction energy 3U.	PENDING	NONE	NONE	false	NONE	NONE	NONE
CL-TASAKI2020-1628	TASAKI2020	000329.0001	PG-TASAKI2020-0329	PDF p. 329; print p. 317; §9.2.3; equation (9.2.38)	assertion	equation	Ŝx^(α) := ∑_{σ,τ=↑,↓} ĉx,σ† Sσ,τ^(α)ĉx,τ. (9.2.38)	PENDING	NONE	NONE	false	NONE	NONE	NONE
CL-TASAKI2020-1629	TASAKI2020	000329.0002	PG-TASAKI2020-0329	PDF p. 329; print p. 317; §9.2.3; paragraph 3	assertion	unnumbered_obligation	Expanding the commutator of the spin operators defined in (9.2.38) gives (9.2.39).	PENDING	NONE	NONE	false	NONE	NONE	NONE
CL-TASAKI2020-1630	TASAKI2020	000329.0003	PG-TASAKI2020-0329	PDF p. 329; print p. 317; §9.2.3; equation (9.2.39)	assertion	equation	[Ŝ_x^(α),Ŝ_x^(β)] = ∑_{σ,τ,μ,ν=↑,↓}S_{σ,τ}^(α)S_{μ,ν}^(β)[ĉ†_{x,σ}ĉ_{x,τ},ĉ†_{x,μ}ĉ_{x,ν}]. (9.2.39)	PENDING	NONE	NONE	false	NONE	NONE	NONE
CL-TASAKI2020-1631	TASAKI2020	000329.0004	PG-TASAKI2020-0329	PDF p. 329; print p. 317; §9.2.3; equation (9.2.40)	assertion	equation	[ĉx,σ † ĉx,τ , ĉx,μ † ĉx,ν ] = δτ,μ ĉx,σ † ĉx,ν − δσ,ν ĉx,μ † ĉx,τ . (9.2.40)	PENDING	NONE	NONE	false	NONE	NONE	NONE
CL-TASAKI2020-1632	TASAKI2020	000329.0005	PG-TASAKI2020-0329	PDF p. 329; print p. 317; §9.2.3; equation (9.2.41)	assertion	equation	∑_{σ,τ,μ,ν=↑,↓}S_{σ,τ}^(α)S_{μ,ν}^(β)[ĉ†_{x,σ}ĉ_{x,τ},ĉ†_{x,μ}ĉ_{x,ν}] = ∑_{σ,τ,μ=↑,↓}(S_{σ,τ}^(α)S_{τ,μ}^(β)−S_{σ,τ}^(β)S_{τ,μ}^(α))ĉ†_{x,σ}ĉ_{x,μ} = i∑_{σ,μ=↑,↓}S_{σ,μ}^(γ)ĉ†_{x,σ}ĉ_{x,μ} = iŜ_x^(γ). (9.2.41)	PENDING	NONE	NONE	false	NONE	NONE	NONE
CL-TASAKI2020-1633	TASAKI2020	000329.0006	PG-TASAKI2020-0329	PDF p. 329; print p. 317; §9.2.3; equation (9.2.42)	assertion	equation	[Ŝ_x^(α),Ŝ_y^(β)]=0. (9.2.42)	PENDING	NONE	NONE	false	NONE	NONE	NONE
CL-TASAKI2020-1634	TASAKI2020	000329.0007	PG-TASAKI2020-0329	PDF p. 329; print p. 317; §9.2.3; equation (9.2.43)	assertion	equation	Ŝtot := ∑_{x∈Λ}Ŝx. (9.2.43)	PENDING	NONE	NONE	false	NONE	NONE	NONE
CL-TASAKI2020-1635	TASAKI2020	000329.0008	PG-TASAKI2020-0329	PDF p. 329; print p. 317; §9.2.3; paragraph 9	notation	notation	As usual, we denote the eigenvalue of ( Ŝtot )2 as Stot (Stot + 1), where Stot = 0, 1, . . . , N /2 if N is even, and Stot = 1/2, 3/2, . . . , N /2 if N is odd.	PENDING	NONE	NONE	false	NONE	NONE	NONE
CL-TASAKI2020-1636	TASAKI2020	000330.0001	PG-TASAKI2020-0330	PDF p. 330; print p. 318; §9.2.3; equation (9.2.44)	assertion	equation	Ŝx+=ĉ†x,↑ĉx,↓, Ŝx−=ĉ†x,↓ĉx,↑, Ŝx^(3)=(n̂x,↑−n̂x,↓)/2. (9.2.44)	PENDING	NONE	NONE	false	NONE	NONE	NONE
CL-TASAKI2020-1637	TASAKI2020	000330.0002	PG-TASAKI2020-0330	PDF p. 330; print p. 318; §9.2.3; equation (9.2.45)	assertion	equation	Ŝtot+ = ∑_{x∈Λ} ĉx,↑†ĉx,↓,  Ŝtot− = ∑_{x∈Λ} ĉx,↓†ĉx,↑,  Ŝtot^(3) = (1/2)∑_{x∈Λ}(n̂x,↑−n̂x,↓). (9.2.45)	PENDING	NONE	NONE	false	NONE	NONE	NONE
CL-TASAKI2020-1638	TASAKI2020	000330.0003	PG-TASAKI2020-0330	PDF p. 330; print p. 318; §9.2.3; Problem 9.2.3.a	assertion	problem	Problem 9.2.3.a Write down Ŝx(1) , Ŝx(2) , and Ŝx(3) explicitly by using the definition (9.2.38), and confirm the expressions (9.2.44). Express ( Ŝx )2 = ( Ŝx(1) )2 + ( Ŝx(2) )2 + ( Ŝx(3) )2 in terms of the number operator n̂ x , and discuss the implication of the expression. [solution→p.514]	PENDING	NONE	NONE	false	NONE	NONE	NONE
CL-TASAKI2020-1639	TASAKI2020	000330.0004	PG-TASAKI2020-0330	PDF p. 330; print p. 318; §9.2.3; equation (9.2.46)	assertion	equation	Ĉ†(ϕ)=∑_{x∈Λ}∑_{σ=↑,↓}ϕ(x,σ)ĉ†_{x,σ},  Ĉ(ϕ)=∑_{x∈Λ}∑_{σ=↑,↓}{ϕ(x,σ)}*ĉ_{x,σ}. (9.2.46)	PENDING	NONE	NONE	false	NONE	NONE	NONE
CL-TASAKI2020-1640	TASAKI2020	000330.0005	PG-TASAKI2020-0330	PDF p. 330; print p. 318; §9.2.3; paragraph 6	assertion	unnumbered_obligation	The operator Ĉ†(ϕ) is linear in ϕ, and the basic fermionic anticommutation relations imply (9.2.47) and (9.2.48).	PENDING	NONE	NONE	false	NONE	NONE	NONE
CL-TASAKI2020-1641	TASAKI2020	000330.0006	PG-TASAKI2020-0330	PDF p. 330; print p. 318; §9.2.3; equation (9.2.47)	assertion	equation	{Ĉ(ϕ), Ĉ(ψ)} = {Ĉ †(ϕ), Ĉ †(ψ)} = 0, (9.2.47)	PENDING	NONE	NONE	false	NONE	NONE	NONE
CL-TASAKI2020-1642	TASAKI2020	000330.0007	PG-TASAKI2020-0330	PDF p. 330; print p. 318; §9.2.3; equation (9.2.48)	assertion	equation	{Ĉ(ϕ), Ĉ †(ψ)} = ⟨ϕ, ψ⟩, (9.2.48)	PENDING	NONE	NONE	false	NONE	NONE	NONE
CL-TASAKI2020-1643	TASAKI2020	000330.0008	PG-TASAKI2020-0330	PDF p. 330; print p. 318; §9.2.3; paragraph 8, atom 1	assertion	unnumbered_obligation	Again (9.2.47) implies (Ĉ(ϕ))2 = (Ĉ †(ϕ))2 = 0.	PENDING	NONE	NONE	false	NONE	NONE	NONE
CL-TASAKI2020-1644	TASAKI2020	000330.0009	PG-TASAKI2020-0330	PDF p. 330; print p. 318; §9.2.3; equation (9.2.49)	assertion	equation	B̂(A)=∑_{x,y∈Λ}∑_{σ,τ=↑,↓}ĉ†_{x,σ}a_{(x,σ),(y,τ)}ĉ_{y,τ}. (9.2.49)	PENDING	NONE	NONE	false	NONE	NONE	NONE
CL-TASAKI2020-1645	TASAKI2020	000331.0001	PG-TASAKI2020-0331	PDF p. 331; print p. 319; §9.2.3; equation (9.2.50)	assertion	equation	[ B̂(A), Ĉ †(ϕ)] = Ĉ †(Aϕ), (9.2.50)	PENDING	NONE	NONE	false	NONE	NONE	NONE
CL-TASAKI2020-1646	TASAKI2020	000331.0002	PG-TASAKI2020-0331	PDF p. 331; print p. 319; §9.2.3; equation (9.2.51)	assertion	equation	[ B̂(A), B̂(B)] = B̂([A, B]) (9.2.51)	PENDING	NONE	NONE	false	NONE	NONE	NONE
CL-TASAKI2020-1647	TASAKI2020	000331.0003	PG-TASAKI2020-0331	PDF p. 331; print p. 319; §9.2.3; Problem 9.2.3.b	assertion	problem	Problem 9.2.3.b Verify the relations (9.2.50) and (9.2.51). [solution→p.514]	PENDING	NONE	NONE	false	NONE	NONE	NONE
CL-TASAKI2020-1648	TASAKI2020	000331.0004	PG-TASAKI2020-0331	PDF p. 331; print p. 319; §9.2.3; equation (9.2.52)	assertion	equation	|Φ⟩ = Ĉ †(ϕ (1) ) · · · Ĉ †(ϕ (N ) )|Φvac ⟩. (9.2.52)	PENDING	NONE	NONE	false	NONE	NONE	NONE
CL-TASAKI2020-1649	TASAKI2020	000331.0005	PG-TASAKI2020-0331	PDF p. 331; print p. 319; §9.2.3; paragraph 7	out_of_scope	unnumbered_obligation	We have the following useful lemma.	PENDING	empty-lemma-introduction	CORPUS-NORMALIZATION-INDEPENDENT-REVIEW	false	NONE	NONE	NONE
CL-TASAKI2020-1650	TASAKI2020	000331.0006	PG-TASAKI2020-0331	PDF p. 331; print p. 319; §9.2.3; Lemma 9.1	assertion	lemma	Lemma 9.1 The inner product of the Slater determinant states |Φ⟩ and |Ψ⟩ is det(⟨ϕ^(j),ψ^(k)⟩)_{j,k=1}^N = ∑_p(−1)^p∏_{j=1}^N⟨ϕ^(j),ψ^(p(j))⟩, (9.2.53) where p is summed over all permutations of {1,…,N}. Here |A| denotes the determinant of an N×N matrix A.	PENDING	NONE	NONE	false	NONE	NONE	NONE
CL-TASAKI2020-1651	TASAKI2020	000331.0007	PG-TASAKI2020-0331	PDF p. 331; print p. 319; §9.2.3; equation (9.2.53)	assertion	equation	det[(⟨ϕ^(j),ψ^(k)⟩)j,k=1,…,N] = ∑_{p∈SN}(−1)^p∏_{j=1}^N⟨ϕ^(j),ψ^(p(j))⟩. (9.2.53)	PENDING	NONE	NONE	false	NONE	NONE	NONE
CL-TASAKI2020-1652	TASAKI2020	000331.0008	PG-TASAKI2020-0331	PDF p. 331; print p. 319; §9.2.3; equation (9.2.54)	assertion	equation	⟨Φ|Ψ ⟩ = ⟨Φvac |Ĉ(ϕ (N ) ) · · · Ĉ(ϕ (1) )Ĉ †(ψ (1) ) · · · Ĉ †(ψ (N ) )|Φvac ⟩, (9.2.54)	PENDING	NONE	NONE	false	NONE	NONE	NONE
CL-TASAKI2020-1653	TASAKI2020	000332.0001	PG-TASAKI2020-0332	PDF p. 332; print p. 320; §9.2.3; equation (9.2.55)	assertion	equation	Ĉ(ϕ^(1))Ĉ†(ψ^(1))···Ĉ†(ψ^(N))|Φvac⟩ = ∑_{j=1}^N(−1)^(j−1)⟨ϕ^(1),ψ^(j)⟩ Ĉ†(ψ^(1))···Ĉ†(ψ^(j−1))Ĉ†(ψ^(j+1))···Ĉ†(ψ^(N))|Φvac⟩. (9.2.55)	PENDING	NONE	NONE	false	NONE	NONE	NONE
CL-TASAKI2020-1654	TASAKI2020	000332.0002	PG-TASAKI2020-0332	PDF p. 332; print p. 320; §9.2.3; equation (9.2.56)	assertion	equation	Ĉ(ϕ^(N))···Ĉ(ϕ^(1))Ĉ†(ψ^(1))···Ĉ†(ψ^(N))|Φvac⟩ = ∑_{p∈SN}η(p)∏_{j=1}^N⟨ϕ^(j),ψ^(p(j))⟩|Φvac⟩. (9.2.56)	PENDING	NONE	NONE	false	NONE	NONE	NONE
CL-TASAKI2020-1655	TASAKI2020	000332.0003	PG-TASAKI2020-0332	PDF p. 332; print p. 320; §9.2.3; equation (9.2.57)	assertion	equation	⟨Φ|Ψ⟩ = ∑_{p∈SN}η(p)∏_{j=1}^N⟨ϕ^(j),ψ^(p(j))⟩. (9.2.57)	PENDING	NONE	NONE	false	NONE	NONE	NONE
CL-TASAKI2020-3129	TASAKI2020	000332.0004	PG-TASAKI2020-0332	PDF p. 332; print p. 320; §9.2.3; paragraph 5; audit split atom 1/2	assertion	subclaim	In (9.2.57), p runs over all permutations and η(p) = ±1 depends only on p.	PENDING	NONE	NONE	false	NONE	NONE	NONE
CL-TASAKI2020-3130	TASAKI2020	000332.0005	PG-TASAKI2020-0332	PDF p. 332; print p. 320; §9.2.3; paragraph 5; audit split atom 2/2	assertion	subclaim	Fix an arbitrary permutation p₀. Equations (9.2.54) and (9.2.47) imply equation (9.2.58).	PENDING	NONE	NONE	false	NONE	NONE	NONE
CL-TASAKI2020-1657	TASAKI2020	000332.0006	PG-TASAKI2020-0332	PDF p. 332; print p. 320; §9.2.3; equation (9.2.58)	assertion	equation	⟨Φ|Ψ⟩=(−1)^{p₀}⟨Φ_vac|Ĉ(ϕ^(N))···Ĉ(ϕ^(1))Ĉ†(ψ^(p₀(1)))···Ĉ†(ψ^(p₀(N)))|Φ_vac⟩. (9.2.58)	PENDING	NONE	NONE	false	NONE	NONE	NONE
CL-TASAKI2020-1658	TASAKI2020	000332.0007	PG-TASAKI2020-0332	PDF p. 332; print p. 320; §9.2.3; paragraph 6, atom 1	assertion	unnumbered_obligation	Expanding the right-hand side of (9.2.58) produces (−1)^{p₀}∏_{j=1}^N⟨ϕ^(j),ψ^(p₀(j))⟩, hence η(p)=(−1)^p.	PENDING	NONE	NONE	false	NONE	NONE	NONE
CL-TASAKI2020-1659	TASAKI2020	000332.0008	PG-TASAKI2020-0332	PDF p. 332; print p. 320; §9.2.3; Lemma 9.2	assertion	lemma	Lemma 9.2 The Slater determinant state (9.2.52) is nonvanishing if and only if the N states ϕ (1) , . . . , ϕ (N ) are linearly independent.	PENDING	NONE	NONE	false	NONE	NONE	NONE
CL-TASAKI2020-1660	TASAKI2020	000332.0009	PG-TASAKI2020-0332	PDF p. 332; print p. 320; §9.2.3; paragraph 6, atom 2	assertion	unnumbered_obligation	Proof We note that (9.2.53) implies ⟨Φ|Φ⟩ = |G|, where G is the Gram matrix associated with ϕ (1) , . . . , ϕ (N ) , i.e., an N × N matrix defined by (G) j,k = ⟨ϕ ( j) , ϕ (k) ⟩.	PENDING	NONE	NONE	false	NONE	NONE	NONE
CL-TASAKI2020-1661	TASAKI2020	000332.0010	PG-TASAKI2020-0332	PDF p. 332; print p. 320; §9.2.3; Lemma 9.3	assertion	lemma	Lemma 9.3 Suppose that two sets {ϕ^(1),…,ϕ^(N)} and {ψ^(1),…,ψ^(N)} of states in h̃ span the same N-dimensional subspace of h̃. Then there is a nonvanishing constant α ∈ ℂ, and we have Ĉ†(ϕ^(1))⋯Ĉ†(ϕ^(N))|Φ_vac⟩ = α Ĉ†(ψ^(1))⋯Ĉ†(ψ^(N))|Φ_vac⟩. (9.2.59)	PENDING	NONE	NONE	false	NONE	NONE	NONE
CL-TASAKI2020-1664	TASAKI2020	000333.0001	PG-TASAKI2020-0333	PDF p. 333; print p. 321; §9.2.3; equation (9.2.59)	assertion	equation	Ĉ †(ϕ (1) ) · · · Ĉ †(ϕ (N ) )|Φvac ⟩ = α Ĉ †(ψ (1) ) · · · Ĉ †(ψ (N ) )|Φvac ⟩. (9.2.59)	PENDING	NONE	NONE	false	NONE	NONE	NONE
CL-TASAKI2020-1665	TASAKI2020	000333.0002	PG-TASAKI2020-0333	PDF p. 333; print p. 321; §9.2.3; paragraph 2	assertion	unnumbered_obligation	Proof. From the assumption, ϕ^(j)=∑_{k=1}^N β_{j,k}ψ^(k) with some β_{j,k}∈ℂ for every j=1,…,N.	PENDING	NONE	NONE	false	NONE	NONE	NONE
CL-TASAKI2020-1666	TASAKI2020	000333.0003	PG-TASAKI2020-0333	PDF p. 333; print p. 321; §9.2.3; equation (9.2.60)	assertion	equation	Ĉ†(ϕ^(1))···Ĉ†(ϕ^(N)) = ∑_{k1,…,kN=1}^N β1,k1···βN,kN Ĉ†(ψ^(k1))···Ĉ†(ψ^(kN)). (9.2.60)	PENDING	NONE	NONE	false	NONE	NONE	NONE
CL-TASAKI2020-1667	TASAKI2020	000333.0004	PG-TASAKI2020-0333	PDF p. 333; print p. 321; §9.2.3; equation (9.2.61)	assertion	equation	Ĉ †(ϕ (1) ) · · · Ĉ †(ϕ (N ) ) = α Ĉ †(ψ (1) ) · · · Ĉ †(ψ (N ) ). (9.2.61)	PENDING	NONE	NONE	false	NONE	NONE	NONE
CL-TASAKI2020-1668	TASAKI2020	000333.0005	PG-TASAKI2020-0333	PDF p. 333; print p. 321; §9.2.3; paragraph 7, atom 1	domain	domain	Let us denote by h the Hilbert space of a single spinless particle on Λ.	PENDING	NONE	NONE	false	NONE	NONE	NONE
CL-TASAKI2020-1669	TASAKI2020	000333.0006	PG-TASAKI2020-0333	PDF p. 333; print p. 321; §9.2.3; equation (9.2.62)	assertion	equation	Ĉ†_σ(ϕ)=∑_{x∈Λ}ϕ(x)ĉ†_{x,σ},  Ĉ_σ(ϕ)=∑_{x∈Λ}{ϕ(x)}*ĉ_{x,σ}. (9.2.62)	PENDING	NONE	NONE	false	NONE	NONE	NONE
CL-TASAKI2020-1670	TASAKI2020	000333.0007	PG-TASAKI2020-0333	PDF p. 333; print p. 321; §9.2.3; paragraph 7, atom 2	definition	definition	For ϕ ∈ h and σ = ↑, ↓, the corresponding creation and annihilation operators are defined by (9.2.62).	PENDING	NONE	NONE	false	NONE	NONE	NONE
CL-TASAKI2020-1671	TASAKI2020	000333.0008	PG-TASAKI2020-0333	PDF p. 333; print p. 321; §9.2.3; equation (9.2.63)	assertion	equation	{Ĉσ (ϕ), Ĉτ (ψ)} = {Ĉ †σ (ϕ), Ĉ †τ (ψ)} = 0, (9.2.63)	PENDING	NONE	NONE	false	NONE	NONE	NONE
CL-TASAKI2020-1672	TASAKI2020	000333.0009	PG-TASAKI2020-0333	PDF p. 333; print p. 321; §9.2.3; equation (9.2.64)	assertion	equation	{Ĉσ (ϕ), Ĉ †τ (ψ)} = ⟨ϕ, ψ⟩ δσ,τ , (9.2.64)	PENDING	NONE	NONE	false	NONE	NONE	NONE
CL-TASAKI2020-1673	TASAKI2020	000333.0010	PG-TASAKI2020-0333	PDF p. 333; print p. 321; §9.2.3; Lemma 9.4	assertion	lemma	Lemma 9.4 (General basis of H_N) Let ϕ^(1),…,ϕ^(|Λ|) be |Λ| linearly independent states in h (not necessarily mutually orthogonal). Then the states |Γ_{S↑,S↓}⟩=(∏_{j∈S↑}Ĉ↑†(ϕ^(j)))(∏_{j∈S↓}Ĉ↓†(ϕ^(j)))|Φvac⟩ (9.2.65), with arbitrary subsets S↑,S↓⊆{1,…,|Λ|} satisfying |S↑|+|S↓|=N, span H_N.	PENDING	NONE	NONE	false	NONE	NONE	NONE
CL-TASAKI2020-1674	TASAKI2020	000333.0011	PG-TASAKI2020-0333	PDF p. 333; print p. 321; §9.2.3; equation (9.2.65)	assertion	equation	|Γ_{S_↑,S_↓}⟩ = (∏_{j∈S_↑}Ĉ†_↑(ϕ^(j)))(∏_{j∈S_↓}Ĉ†_↓(ϕ^(j)))|Φ_vac⟩. (9.2.65)	PENDING	NONE	NONE	false	NONE	NONE	NONE
CL-TASAKI2020-1675	TASAKI2020	000334.0001	PG-TASAKI2020-0334	PDF p. 334; print p. 322; §9.2.3; paragraph 2	assertion	unnumbered_obligation	Proof. Since the |Λ| vectors are linearly independent, we have δ_{x,y}=∑_{j=1}^{|Λ|}a_{x,j}ϕ_y^(j) with some invertible matrix (a_{x,j})_{x∈Λ,j=1,…,|Λ|}.	PENDING	NONE	NONE	false	NONE	NONE	NONE
CL-TASAKI2020-1676	TASAKI2020	000334.0002	PG-TASAKI2020-0334	PDF p. 334; print p. 322; §9.2.3; equation (9.2.66)	assertion	equation	ĉ†_{x,σ}=∑_{j=1}^{|Λ|}a_{x,j}Ĉ†_σ(ϕ^(j)). (9.2.66)	PENDING	NONE	NONE	false	NONE	NONE	NONE
CL-TASAKI2020-1677	TASAKI2020	000334.0003	PG-TASAKI2020-0334	PDF p. 334; print p. 322; §9.2.3; equation (9.2.67)	assertion	equation	[Ŝ_tot^+,ĉ†_{x,↑}]=0,  [Ŝ_tot^−,ĉ†_{x,↑}]=ĉ†_{x,↓},  [Ŝ_tot^(3),ĉ†_{x,↑}]=(1/2)ĉ†_{x,↑};  [Ŝ_tot^+,ĉ†_{x,↓}]=ĉ†_{x,↑},  [Ŝ_tot^−,ĉ†_{x,↓}]=0,  [Ŝ_tot^(3),ĉ†_{x,↓}]=−(1/2)ĉ†_{x,↓}. (9.2.67)	PENDING	NONE	NONE	false	NONE	NONE	NONE
CL-TASAKI2020-1678	TASAKI2020	000334.0004	PG-TASAKI2020-0334	PDF p. 334; print p. 322; §9.2.3; paragraph 4	assertion	unnumbered_obligation	The commutation relations in (9.2.67) imply their smeared-operator counterparts in (9.2.68) for every ϕ ∈ h.	PENDING	NONE	NONE	false	NONE	NONE	NONE
CL-TASAKI2020-1679	TASAKI2020	000334.0005	PG-TASAKI2020-0334	PDF p. 334; print p. 322; §9.2.3; equation (9.2.68)	assertion	equation	[Ŝ_tot^+,Ĉ†_↑(ϕ)]=0, [Ŝ_tot^−,Ĉ†_↑(ϕ)]=Ĉ†_↓(ϕ), [Ŝ_tot^(3),Ĉ†_↑(ϕ)]=(1/2)Ĉ†_↑(ϕ), [Ŝ_tot^+,Ĉ†_↓(ϕ)]=Ĉ†_↑(ϕ), [Ŝ_tot^−,Ĉ†_↓(ϕ)]=0, [Ŝ_tot^(3),Ĉ†_↓(ϕ)]=−(1/2)Ĉ†_↓(ϕ). (9.2.68)	PENDING	NONE	NONE	false	NONE	NONE	NONE
CL-TASAKI2020-1680	TASAKI2020	000334.0006	PG-TASAKI2020-0334	PDF p. 334; print p. 322; §9.2.3; equation (9.2.69)	assertion	equation	[Ŝ_tot^+,Ĉ†_↑(ϕ)Ĉ†_↓(ϕ)]=[Ŝ_tot^+,Ĉ†_↑(ϕ)]Ĉ†_↓(ϕ)+Ĉ†_↑(ϕ)[Ŝ_tot^+,Ĉ†_↓(ϕ)]={Ĉ†_↑(ϕ)}²=0. (9.2.69)	PENDING	NONE	NONE	false	NONE	NONE	NONE
CL-TASAKI2020-1681	TASAKI2020	000334.0007	PG-TASAKI2020-0334	PDF p. 334; print p. 322; §9.2.3; equation (9.2.70)	assertion	equation	[Ŝ_tot^(α),Ĉ†_↑(ϕ)Ĉ†_↓(ϕ)]=0. (9.2.70)	PENDING	NONE	NONE	false	NONE	NONE	NONE
CL-TASAKI2020-1682	TASAKI2020	000334.0008	PG-TASAKI2020-0334	PDF p. 334; print p. 322; §9.2.3; paragraph 9	assertion	unnumbered_obligation	The two-electron state created by Ĉ†_↑(ϕ)Ĉ†_↓(ϕ) corresponds to the two-dimensional subspace of h̃ spanned by ϕ(x)δ_{σ,↑} and ϕ(x)δ_{σ,↓}, which is {ϕ} × ℂ². Since the subspace is invariant under the action of SU(2), the state is also invariant.	PENDING	NONE	NONE	false	NONE	NONE	NONE
CL-TASAKI2020-1683	TASAKI2020	000335.0001	PG-TASAKI2020-0335	PDF p. 335; print p. 323; §9.2.3; equation (9.2.71)	assertion	equation	[(Ŝ_tot)²,Ĉ†_↑(ϕ)Ĉ†_↓(ϕ)]=0. (9.2.71)	PENDING	NONE	NONE	false	NONE	NONE	NONE
CL-TASAKI2020-1684	TASAKI2020	000335.0002	PG-TASAKI2020-0335	PDF p. 335; print p. 323; §9.2.3; equation (9.2.72)	assertion	equation	(Ŝ_tot)² Ĉ†_↑(ϕ)Ĉ†_↓(ϕ)|Φ_vac⟩=0. (9.2.72)	PENDING	NONE	NONE	false	NONE	NONE	NONE
CL-TASAKI2020-1685	TASAKI2020	000335.0003	PG-TASAKI2020-0335	PDF p. 335; print p. 323; §9.2.3; paragraph 4, atom 1	assertion	unnumbered_obligation	Thus Ĉ†_↑(ϕ)Ĉ†_↓(ϕ)|Φ_vac⟩ is a spin singlet, as discussed above.	PENDING	NONE	NONE	false	NONE	NONE	NONE
CL-TASAKI2020-1687	TASAKI2020	000335.0004	PG-TASAKI2020-0335	PDF p. 335; print p. 323; §9.2.3; equation (9.2.73)	assertion	equation	B̂σ(A) = ∑_{x,y∈Λ} ĉx,σ†(A)x,y ĉy,σ. (9.2.73)	PENDING	NONE	NONE	false	NONE	NONE	NONE
CL-TASAKI2020-1688	TASAKI2020	000335.0005	PG-TASAKI2020-0335	PDF p. 335; print p. 323; §9.2.3; equation (9.2.74)	assertion	equation	[ B̂σ (A), Ĉ †τ (ϕ)] = δσ,τ Ĉσ† (Aϕ), (9.2.74)	PENDING	NONE	NONE	false	NONE	NONE	NONE
CL-TASAKI2020-1689	TASAKI2020	000335.0006	PG-TASAKI2020-0335	PDF p. 335; print p. 323; §9.2.3; Problem 9.2.3.c	assertion	problem	Problem 9.2.3.c Consider a two-electron state |ξ⟩=∑_{x,y∈Λ}ξ(x,y)ĉ†_{x,↑}ĉ†_{y,↓}|Φ_vac⟩. (9.2.75) Here ξ(x,y) is a complex-valued function on Λ×Λ. Compute (Ŝ_tot)²|ξ⟩, assuming that ξ(·,·) is symmetric, i.e., ξ(x,y)=ξ(y,x), or antisymmetric, i.e., ξ(x,y)=−ξ(y,x). [solution→p.515]	PENDING	NONE	NONE	false	NONE	NONE	NONE
CL-TASAKI2020-1690	TASAKI2020	000335.0007	PG-TASAKI2020-0335	PDF p. 335; print p. 323; §9.2.3; equation (9.2.75)	assertion	equation	|ξ⟩ = ∑_{x,y∈Λ}ξ(x,y)ĉx,↑†ĉy,↓†|Φvac⟩. (9.2.75)	PENDING	NONE	NONE	false	NONE	NONE	NONE
CL-TASAKI2020-1691	TASAKI2020	000335.0008	PG-TASAKI2020-0335	PDF p. 335; print p. 323; §9.2.3; equation (9.2.76)	assertion	equation	|Φ_{1,0}⟩ = (1/√2)(ĉ†_{1,↑}ĉ†_{2,↓}+ĉ†_{1,↓}ĉ†_{2,↑})|Φ_vac⟩. (9.2.76)	PENDING	NONE	NONE	false	NONE	NONE	NONE
CL-TASAKI2020-1692	TASAKI2020	000335.0009	PG-TASAKI2020-0335	PDF p. 335; print p. 323; §9.2.3; equation (9.2.77)	assertion	equation	|Φ_{0,0}⟩ = (1/√2)(ĉ†_{1,↑}ĉ†_{2,↓}−ĉ†_{1,↓}ĉ†_{2,↑})|Φ_vac⟩ = (1/√2)(ĉ†_{1,↑}ĉ†_{2,↓}+ĉ†_{2,↑}ĉ†_{1,↓})|Φ_vac⟩. (9.2.77)	PENDING	NONE	NONE	false	NONE	NONE	NONE
CL-TASAKI2020-1693	TASAKI2020	000336.0001	PG-TASAKI2020-0336	PDF p. 336; print p. 324; §9.2.3; paragraph 2	assertion	unnumbered_obligation	Both pairs of operators have the same linear (or antilinear) dependence on the single-electron state ϕ ∈ h̃ and satisfy the same anticommutation relations: (9.2.19), (9.2.20), and (9.2.26) for C†(ϕ), C(ϕ), and (9.2.47), (9.2.48) for Ĉ†(ϕ), Ĉ(ϕ).	PENDING	NONE	NONE	false	NONE	NONE	NONE
CL-TASAKI2020-1695	TASAKI2020	000336.0002	PG-TASAKI2020-0336	PDF p. 336; print p. 324; §9.3.1; paragraph 6	domain	domain	The most general single-electron Schrödinger equation on Λ is (9.3.1).	PENDING	NONE	NONE	false	NONE	NONE	NONE
CL-TASAKI2020-1696	TASAKI2020	000336.0003	PG-TASAKI2020-0336	PDF p. 336; print p. 324; §9.3.1; equation (9.3.1)	assertion	equation	∑_{y∈Λ,τ=↑,↓} t̃(x,σ),(y,τ)ϕ(y,τ) = εϕ(x,σ) for all x∈Λ and σ=↑,↓. (9.3.1)	PENDING	NONE	NONE	false	NONE	NONE	NONE
CL-TASAKI2020-1697	TASAKI2020	000336.0004	PG-TASAKI2020-0336	PDF p. 336; print p. 324; §9.3.1; paragraph 7	assertion	unnumbered_obligation	The generalized hopping amplitude satisfies t̃_(x,σ),(y,τ) = {t̃_(y,τ),(x,σ)}* ∈ ℂ.	PENDING	NONE	NONE	false	NONE	NONE	NONE
CL-TASAKI2020-1698	TASAKI2020	000337.0001	PG-TASAKI2020-0337	PDF p. 337; print p. 325; §9.3.1; equation (9.3.2)	assertion	equation	t̃_(x,σ),(y,τ)={t_x,y if σ=τ; 0 if σ≠τ}. (9.3.2)	PENDING	NONE	NONE	false	NONE	NONE	NONE
CL-TASAKI2020-1699	TASAKI2020	000337.0002	PG-TASAKI2020-0337	PDF p. 337; print p. 325; §9.3.1; equation (9.3.3)	assertion	equation	∑_{y∈Λ}t_{x,y}ϕ(y)=εϕ(x) for every x∈Λ. (9.3.3)	PENDING	NONE	NONE	false	NONE	NONE	NONE
CL-TASAKI2020-1700	TASAKI2020	000337.0003	PG-TASAKI2020-0337	PDF p. 337; print p. 325; §9.3.1; equation (9.3.4)	assertion	equation	Tϕ=εϕ. (9.3.4)	PENDING	NONE	NONE	false	NONE	NONE	NONE
CL-TASAKI2020-1702	TASAKI2020	000337.0004	PG-TASAKI2020-0337	PDF p. 337; print p. 325; §9.3.1; equation (9.3.5)	assertion	equation	Tψ ( j) = ε j ψ ( j) , (9.3.5)	PENDING	NONE	NONE	false	NONE	NONE	NONE
CL-TASAKI2020-1703	TASAKI2020	000337.0005	PG-TASAKI2020-0337	PDF p. 337; print p. 325; §9.3.1; equation (9.3.6)	assertion	equation	t_x,y={−t if {x,y}∈B_L; 0 otherwise}. (9.3.6)	PENDING	NONE	NONE	false	NONE	NONE	NONE
CL-TASAKI2020-1704	TASAKI2020	000337.0006	PG-TASAKI2020-0337	PDF p. 337; print p. 325; §9.3.1; equation (9.3.7)	assertion	equation	∑_{y:|y−x|=1}(−t)ϕ(y)=εϕ(x) for every x∈Λ_L. (9.3.7)	PENDING	NONE	NONE	false	NONE	NONE	NONE
CL-TASAKI2020-1705	TASAKI2020	000338.0001	PG-TASAKI2020-0338	PDF p. 338; print p. 326; §9.3.1; paragraph 2	assertion	unnumbered_obligation	For each k ∈ K_L, one has Tψ^(k) = ε(k)ψ^(k), with ψ^(k) and ε(k) given by (9.3.8) and (9.3.9).	PENDING	NONE	NONE	false	NONE	NONE	NONE
CL-TASAKI2020-1706	TASAKI2020	000338.0002	PG-TASAKI2020-0338	PDF p. 338; print p. 326; §9.3.1; equation (9.3.8)	assertion	equation	ψ_x^(k)=L^{−d/2}exp[i∑_{j=1}^d k_jx_j]. (9.3.8)	PENDING	NONE	NONE	false	NONE	NONE	NONE
CL-TASAKI2020-1707	TASAKI2020	000338.0003	PG-TASAKI2020-0338	PDF p. 338; print p. 326; §9.3.1; equation (9.3.9)	assertion	equation	ε(k) = −2t∑_{j=1}^d cos kj. (9.3.9)	PENDING	NONE	NONE	false	NONE	NONE	NONE
CL-TASAKI2020-1708	TASAKI2020	000338.0004	PG-TASAKI2020-0338	PDF p. 338; print p. 326; §9.3.1; paragraph 6, atom 1	domain	domain	Let U be a finite set that we call the unit cell.	PENDING	NONE	NONE	false	NONE	NONE	NONE
CL-TASAKI2020-1709	TASAKI2020	000338.0005	PG-TASAKI2020-0338	PDF p. 338; print p. 326; §9.3.1; paragraph 6, atom 2	definition	definition	For a site x = (r, u) we define its translation by s ∈ Zd as x + s = (r + s, u).	PENDING	NONE	NONE	false	NONE	NONE	NONE
CL-TASAKI2020-1710	TASAKI2020	000338.0006	PG-TASAKI2020-0338	PDF p. 338; print p. 326; §9.3.1; paragraph 6, atom 3	hypothesis	hypothesis	Suppose that we have a hopping matrix T = (tx,y )x,y∈Λ on Λ which is translation invariant, i.e., tx+s,y+s = tx,y for any x, y ∈ Λ and s ∈ Zd .	PENDING	NONE	NONE	false	NONE	NONE	NONE
CL-TASAKI2020-1711	TASAKI2020	000338.0007	PG-TASAKI2020-0338	PDF p. 338; print p. 326; §9.3.1; paragraph 6, atom 4	hypothesis	hypothesis	Translation invariance allows an energy eigenstate of (9.3.3) to be written in the plane-wave form (9.3.10).	PENDING	NONE	NONE	false	NONE	NONE	NONE
CL-TASAKI2020-1712	TASAKI2020	000338.0008	PG-TASAKI2020-0338	PDF p. 338; print p. 326; §9.3.1; equation (9.3.10)	assertion	equation	ϕ(r, u) = ei k·r ξu , (9.3.10)	PENDING	NONE	NONE	false	NONE	NONE	NONE
CL-TASAKI2020-1713	TASAKI2020	000338.0009	PG-TASAKI2020-0338	PDF p. 338; print p. 326; §9.3.1; equation (9.3.11)	assertion	equation	∑_{s∈Λ_L,v∈U}t_{(r,u),(s,v)}e^{ik·s}ξ_v = εe^{ik·r}ξ_u. (9.3.11)	PENDING	NONE	NONE	false	NONE	NONE	NONE
CL-TASAKI2020-1714	TASAKI2020	000339.0001	PG-TASAKI2020-0339	PDF p. 339; print p. 327; §9.3.1; equation (9.3.12)	assertion	equation	∑_{v∈𝒰}S_{u,v}^(k)ξ_v = εξ_u. (9.3.12)	PENDING	NONE	NONE	false	NONE	NONE	NONE
CL-TASAKI2020-1715	TASAKI2020	000339.0002	PG-TASAKI2020-0339	PDF p. 339; print p. 327; §9.3.1; equation (9.3.13)	assertion	equation	S_{u,v}^(k)=∑_{s∈Λ_L}t_{(o,u),(s,v)}e^{ik·s}. (9.3.13)	PENDING	NONE	NONE	false	NONE	NONE	NONE
CL-TASAKI2020-1716	TASAKI2020	000339.0003	PG-TASAKI2020-0339	PDF p. 339; print p. 327; §9.3.1; paragraph 3, atom 1	notation	notation	Since the effective hopping matrix S(k) = (Su,v (k) )u,v∈U (with a fixed k ∈ K L ) is Hermitian, it has |U | (possibly degenerate) eigenvalues, which we denote as εμ (k) with μ = 1, . . . , |U |.	PENDING	NONE	NONE	false	NONE	NONE	NONE
CL-TASAKI2020-1717	TASAKI2020	000339.0004	PG-TASAKI2020-0339	PDF p. 339; print p. 327; §9.3.1; paragraph 3, atom 2	hypothesis	hypothesis	We can assume that each εμ (k) depends continuously on k ∈ [−π, π]d .	PENDING	NONE	NONE	false	NONE	NONE	NONE
CL-TASAKI2020-1718	TASAKI2020	000339.0005	PG-TASAKI2020-0339	PDF p. 339; print p. 327; §9.3.1; equation (9.3.14)	assertion	equation	t_{x,y}={−t if |x−y|=1/2; V if x=y is an integer; 0 otherwise}. (9.3.14)	PENDING	NONE	NONE	false	NONE	NONE	NONE
CL-TASAKI2020-1719	TASAKI2020	000339.0006	PG-TASAKI2020-0339	PDF p. 339; print p. 327; §9.3.1; paragraph 3, atom 3	definition	definition	Let L be even and Λ={1,3/2,2,…,L,L+1/2} with periodic boundary conditions; define t_{x,y} by (9.3.14).	PENDING	NONE	NONE	false	NONE	NONE	NONE
CL-TASAKI2020-1720	TASAKI2020	000339.0007	PG-TASAKI2020-0339	PDF p. 339; print p. 327; §9.3.1; paragraph 4	assertion	unnumbered_obligation	For k ∈ K_L, the effective hopping matrix (9.3.13) of this period-two model is the matrix displayed in (9.3.15).	PENDING	NONE	NONE	false	NONE	NONE	NONE
CL-TASAKI2020-1721	TASAKI2020	000339.0008	PG-TASAKI2020-0339	PDF p. 339; print p. 327; §9.3.1; equation (9.3.15)	assertion	equation	S^(k)=[[V,−t(1+e^(−ik))],[−t(1+e^(ik)),0]]. (9.3.15)	PENDING	NONE	NONE	false	NONE	NONE	NONE
CL-TASAKI2020-1722	TASAKI2020	000339.0009	PG-TASAKI2020-0339	PDF p. 339; print p. 327; §9.3.1; equation (9.3.16)	assertion	equation	ε_±(k)={V±√(V²+{4t cos(k/2)}²)}/2. (9.3.16)	PENDING	NONE	NONE	false	NONE	NONE	NONE
CL-TASAKI2020-1723	TASAKI2020	000340.0001	PG-TASAKI2020-0340	PDF p. 340; print p. 328; §9.3.2; equation (9.3.17)	assertion	equation	Ĥ_hop := ∑_{σ=↑,↓}B̂_σ(T)=∑_{x,y∈Λ}∑_{σ=↑,↓}t_{x,y}ĉ†_{x,σ}ĉ_{y,σ}. (9.3.17)	PENDING	NONE	NONE	false	NONE	NONE	NONE
CL-TASAKI2020-1724	TASAKI2020	000340.0002	PG-TASAKI2020-0340	PDF p. 340; print p. 328; §9.3.2; equation (9.3.18)	assertion	equation	Ĥhop Ĉσ† (ϕ)|Φvac ⟩ = ε Ĉσ† (ϕ)|Φvac ⟩. (9.3.18)	PENDING	NONE	NONE	false	NONE	NONE	NONE
CL-TASAKI2020-1725	TASAKI2020	000340.0003	PG-TASAKI2020-0340	PDF p. 340; print p. 328; §9.3.2; equation (9.3.19)	assertion	equation	Ĥ_hop Ĉ†_σ(ϕ)|Φ_vac⟩ = [B̂_σ(T),Ĉ†_σ(ϕ)]|Φ_vac⟩ = Ĉ†_σ(Tϕ)|Φ_vac⟩. (9.3.19)	PENDING	NONE	NONE	false	NONE	NONE	NONE
CL-TASAKI2020-1726	TASAKI2020	000340.0004	PG-TASAKI2020-0340	PDF p. 340; print p. 328; §9.3.2; paragraph 8, atom 1	domain	domain	Let us assume (for convenience) that {ψ ( j) } j=1,...,|Λ| forms an orthonormal basis.	PENDING	NONE	NONE	false	NONE	NONE	NONE
CL-TASAKI2020-1727	TASAKI2020	000340.0005	PG-TASAKI2020-0340	PDF p. 340; print p. 328; §9.3.2; paragraph 8, atom 2	definition	definition	Define the new fermion operator by (9.3.20).	PENDING	NONE	NONE	false	NONE	NONE	NONE
CL-TASAKI2020-1728	TASAKI2020	000340.0006	PG-TASAKI2020-0340	PDF p. 340; print p. 328; §9.3.2; equation (9.3.20)	assertion	equation	â †j,σ = Ĉσ† (ψ ( j) ), (9.3.20)	PENDING	NONE	NONE	false	NONE	NONE	NONE
CL-TASAKI2020-1729	TASAKI2020	000340.0007	PG-TASAKI2020-0340	PDF p. 340; print p. 328; §9.3.2; equation (9.3.21)	assertion	equation	[Ĥ_hop,â†_(j,σ)]=[B̂_σ(T),Ĉ†_σ(ψ^(j))]=Ĉ†_σ[Tψ^(j)]=ε_j â†_(j,σ). (9.3.21)	PENDING	NONE	NONE	false	NONE	NONE	NONE
CL-TASAKI2020-1730	TASAKI2020	000341.0001	PG-TASAKI2020-0341	PDF p. 341; print p. 329; §9.3.2; paragraph 2	domain	domain	Let S_↑ and S_↓ be arbitrary subsets of {1, 2, …, |Λ|} with |S_↑| + |S_↓| = N.	PENDING	NONE	NONE	false	NONE	NONE	NONE
CL-TASAKI2020-1731	TASAKI2020	000341.0002	PG-TASAKI2020-0341	PDF p. 341; print p. 329; §9.3.2; equation (9.3.22)	assertion	equation	|Ψ_(S_↑,S_↓)⟩ = (∏_{j∈S_↑}â†_{j,↑})(∏_{j∈S_↓}â†_{j,↓})|Φ_vac⟩. (9.3.22)	PENDING	NONE	NONE	false	NONE	NONE	NONE
CL-TASAKI2020-1732	TASAKI2020	000341.0003	PG-TASAKI2020-0341	PDF p. 341; print p. 329; §9.3.2; equation (9.3.23)	assertion	equation	Ĥ_hop|Ψ_{S_↑,S_↓}⟩=(∑_{j∈S_↑}ε_j+∑_{j∈S_↓}ε_j)|Ψ_{S_↑,S_↓}⟩. (9.3.23)	PENDING	NONE	NONE	false	NONE	NONE	NONE
CL-TASAKI2020-3131	TASAKI2020	000341.0004	PG-TASAKI2020-0341	PDF p. 341; print p. 329; §9.3.2; paragraph 7; audit split atom 1/3	assertion	unnumbered_obligation	The hopping Hamiltonian Ĥ_hop has been diagonalized by (9.3.23).	PENDING	NONE	NONE	false	NONE	NONE	NONE
CL-TASAKI2020-3132	TASAKI2020	000341.0005	PG-TASAKI2020-0341	PDF p. 341; print p. 329; §9.3.2; paragraph 7; audit split atom 2/3	assertion	unnumbered_obligation	Choosing S_↑ and S_↓ to minimize ∑_{j∈S_↑}ε_j + ∑_{j∈S_↓}ε_j gives ground states of the non-interacting model.	PENDING	NONE	NONE	false	NONE	NONE	NONE
CL-TASAKI2020-3133	TASAKI2020	000341.0006	PG-TASAKI2020-0341	PDF p. 341; print p. 329; §9.3.2; paragraph 7; audit split atom 3/3	assertion	unnumbered_obligation	If the single-electron energy eigenvalues are nondegenerate and N is even, the ground state of Ĥ_hop is unique and is given by (9.3.24).	PENDING	NONE	NONE	false	NONE	NONE	NONE
CL-TASAKI2020-1734	TASAKI2020	000341.0007	PG-TASAKI2020-0341	PDF p. 341; print p. 329; §9.3.2; equation (9.3.24)	assertion	equation	|Φ_GS⟩=(∏_{j=1}^{N/2}â†_{j,↑}â†_{j,↓})|Φ_vac⟩. (9.3.24)	PENDING	NONE	NONE	false	NONE	NONE	NONE
CL-TASAKI2020-1735	TASAKI2020	000341.0008	PG-TASAKI2020-0341	PDF p. 341; print p. 329; §9.3.2; paragraph 10, atom 1	assertion	unnumbered_obligation	Recall that, as we have seen in (9.2.71), the operator â †j,↑ â †j,↓ creates a spin-singlet of two electrons occupying the same state ψ ( j) .	PENDING	NONE	NONE	false	NONE	NONE	NONE
CL-TASAKI2020-1736	TASAKI2020	000341.0009	PG-TASAKI2020-0341	PDF p. 341; print p. 329; §9.3.2; paragraph 10, atom 2	assertion	unnumbered_obligation	In particular (9.2.71) and ( Ŝtot )2 |Φvac ⟩ = 0 immediately implies ( Ŝtot )2 |ΦGS ⟩ = 0, and hence Stot = 0, for the ground state (9.3.24).	PENDING	NONE	NONE	false	NONE	NONE	NONE
CL-TASAKI2020-1737	TASAKI2020	000341.0010	PG-TASAKI2020-0341	PDF p. 341; print p. 329; §9.3.2; Problem 9.3.2.a	assertion	problem	Problem 9.3.2.a Show that {âj,σ,âk,τ}={âj,σ†,âk,τ†}=0 (9.3.25) and {âj,σ,âk,τ†}=δj,kδσ,τ (9.3.26) for j,k=1,…,|Λ| and σ,τ=↑,↓. Then show Ĥhop=∑_{σ=↑,↓}∑_{j=1}^{|Λ|}εj ñ̂j,σ, (9.3.27) where ñ̂j,σ=âj,σ†âj,σ. Hint: the completeness relation ∑_{j=1}^{|Λ|}ψz^(j)(ψy^(j))*=δz,y is useful. Show (9.3.23) using (9.3.27). [solution→p.515]	PENDING	NONE	NONE	false	NONE	NONE	NONE
CL-TASAKI2020-1738	TASAKI2020	000341.0011	PG-TASAKI2020-0341	PDF p. 341; print p. 329; §9.3.2; equation (9.3.25)	assertion	equation	{â j,σ , âk,τ } = {â †j,σ , âk,τ † } = 0, (9.3.25)	PENDING	NONE	NONE	false	NONE	NONE	NONE
CL-TASAKI2020-1739	TASAKI2020	000341.0012	PG-TASAKI2020-0341	PDF p. 341; print p. 329; §9.3.2; equation (9.3.26)	assertion	equation	{â†_{j,σ},â_{k,τ}}=δ_{j,k}δ_{σ,τ}. (9.3.26)	PENDING	NONE	NONE	false	NONE	NONE	NONE
CL-TASAKI2020-1740	TASAKI2020	000342.0001	PG-TASAKI2020-0342	PDF p. 342; print p. 330; §9.3.2; equation (9.3.27)	assertion	equation	Ĥ_hop = ∑_{j=1}^{|Λ|}∑_{σ=↑,↓}ε_j ñ̂_{j,σ}. (9.3.27)	PENDING	NONE	NONE	false	NONE	NONE	NONE
CL-TASAKI2020-1741	TASAKI2020	000342.0002	PG-TASAKI2020-0342	PDF p. 342; print p. 330; §9.3.2; equation (9.3.28)	assertion	equation	Ĥ_int := ∑_{x∈Λ}U_x n̂_{x,↑}n̂_{x,↓}. (9.3.28)	PENDING	NONE	NONE	false	NONE	NONE	NONE
CL-TASAKI2020-1742	TASAKI2020	000342.0003	PG-TASAKI2020-0342	PDF p. 342; print p. 330; §9.3.2; Fig. 9.3 caption	assertion	remark	Fig. 9.3. In the noninteracting ground state, the lowest N/2 single-electron levels are filled by both spin species, producing Pauli paramagnetism.	PENDING	NONE	NONE	false	NONE	NONE	NONE
CL-TASAKI2020-1743	TASAKI2020	000343.0001	PG-TASAKI2020-0343	PDF p. 343; print p. 331; §9.3.2; equation (9.3.29)	assertion	equation	Ĥint = ∑_{x∈Λ}Ux n̂x,↑n̂x,↓. (9.3.29)	PENDING	NONE	NONE	false	NONE	NONE	NONE
CL-TASAKI2020-1744	TASAKI2020	000343.0002	PG-TASAKI2020-0343	PDF p. 343; print p. 331; §9.3.2; equation (9.3.30)	assertion	equation	|Ξ_{Γ_↑,Γ_↓}⟩=(∏_{x∈Γ_↑}ĉ†_{x,↑})(∏_{x∈Γ_↓}ĉ†_{x,↓})|Φ_vac⟩. (9.3.30)	PENDING	NONE	NONE	false	NONE	NONE	NONE
CL-TASAKI2020-1748	TASAKI2020	000343.0003	PG-TASAKI2020-0343	PDF p. 343; print p. 331; §9.3.2; equation (9.3.31)	assertion	equation	[n̂_{x,σ},∏_{y∈Γ_τ}ĉ†_{y,τ}] = {∏_{y∈Γ_τ}ĉ†_{y,τ} if σ=τ and x∈Γ_τ; 0 otherwise}. (9.3.31)	PENDING	NONE	NONE	false	NONE	NONE	NONE
CL-TASAKI2020-1745	TASAKI2020	000343.0004	PG-TASAKI2020-0343	PDF p. 343; print p. 331; §9.3.2; equation (9.3.32)	assertion	equation	[n̂_{x,↑}n̂_{x,↓},(∏_{y∈Γ_↑}ĉ†_{y,↑})(∏_{y∈Γ_↓}ĉ†_{y,↓})] = {(∏_{y∈Γ_↑}ĉ†_{y,↑})(∏_{y∈Γ_↓}ĉ†_{y,↓}) if x∈Γ_↑∩Γ_↓; (∏_{y∈Γ_↑}ĉ†_{y,↑})(∏_{y∈Γ_↓}ĉ†_{y,↓})n̂_{x,↑} if x∈Γ_↓\Γ_↑; (∏_{y∈Γ_↑}ĉ†_{y,↑})(∏_{y∈Γ_↓}ĉ†_{y,↓})n̂_{x,↓} if x∈Γ_↑\Γ_↓; 0 otherwise}. (9.3.32)	PENDING	NONE	NONE	false	NONE	NONE	NONE
CL-TASAKI2020-1746	TASAKI2020	000343.0005	PG-TASAKI2020-0343	PDF p. 343; print p. 331; §9.3.2; equation (9.3.33)	assertion	equation	Ĥ_int|Ξ_{Γ_↑,Γ_↓}⟩=(∑_{x∈Γ_↑∩Γ_↓}U_x)|Ξ_{Γ_↑,Γ_↓}⟩. (9.3.33)	PENDING	NONE	NONE	false	NONE	NONE	NONE
CL-TASAKI2020-3134	TASAKI2020	000343.0006	PG-TASAKI2020-0343	PDF p. 343; print p. 331; §9.3.2; paragraph 13; audit split atom 1/4	assertion	unnumbered_obligation	The interaction (9.3.28) counts doubly occupied sites.	PENDING	NONE	NONE	false	NONE	NONE	NONE
CL-TASAKI2020-3135	TASAKI2020	000343.0007	PG-TASAKI2020-0343	PDF p. 343; print p. 331; §9.3.2; paragraph 13; audit split atom 2/4	assertion	unnumbered_obligation	Ground states of Ĥ_int at fixed N are obtained by choosing Γ_↑ and Γ_↓ to minimize ∑_{x∈Γ_↑∩Γ_↓}U_x.	PENDING	NONE	NONE	false	NONE	NONE	NONE
CL-TASAKI2020-3136	TASAKI2020	000343.0008	PG-TASAKI2020-0343	PDF p. 343; print p. 331; §9.3.2; paragraph 13; atom 1	assertion	unnumbered_obligation	If N≤|Λ|, Γ_↑ and Γ_↓ can be chosen disjoint.	PENDING	NONE	NONE	false	NONE	NONE	NONE
CL-TASAKI2020-3356	TASAKI2020	000343.0009	PG-TASAKI2020-0343	PDF p. 343; print p. 331; §9.3.2; paragraph 13; atom 2	assertion	unnumbered_obligation	The ground-state energy is then zero.	PENDING	NONE	NONE	false	NONE	NONE	NONE
CL-TASAKI2020-3357	TASAKI2020	000343.0010	PG-TASAKI2020-0343	PDF p. 343; print p. 331; §9.3.2; paragraph 13; atom 3	assertion	unnumbered_obligation	The corresponding ground states are highly degenerate.	PENDING	NONE	NONE	false	NONE	NONE	NONE
CL-TASAKI2020-3137	TASAKI2020	000343.0011	PG-TASAKI2020-0343	PDF p. 343; print p. 331; §9.3.2; paragraph 13; audit split atom 4/4	assertion	remark	The interaction Hamiltonian is most naturally treated by viewing electrons as classical particles living on lattice sites.	PENDING	NONE	NONE	false	NONE	NONE	NONE
CL-TASAKI2020-1749	TASAKI2020	000344.0001	PG-TASAKI2020-0344	PDF p. 344; print p. 332; §9.3.2; equation (9.3.34)	assertion	equation	Ĥ = Ĥhop + Ĥint , (9.3.34)	PENDING	NONE	NONE	false	NONE	NONE	NONE
CL-TASAKI2020-1750	TASAKI2020	000344.0002	PG-TASAKI2020-0344	PDF p. 344; print p. 332; §9.3.2; paragraph 4	assertion	unnumbered_obligation	Apparently we have [ Ĥ , N̂ ] = [ Ĥhop , N̂ ] + [ Ĥint , N̂ ] = 0.	PENDING	NONE	NONE	false	NONE	NONE	NONE
CL-TASAKI2020-1751	TASAKI2020	000344.0003	PG-TASAKI2020-0344	PDF p. 344; print p. 332; §9.3.3; paragraph 6	definition	definition	Since the total spin operator Ŝ_tot was defined in (9.2.43), the operators for uniform rotation of the spin degrees of freedom are defined by (9.3.35).	PENDING	NONE	NONE	false	NONE	NONE	NONE
CL-TASAKI2020-1752	TASAKI2020	000345.0001	PG-TASAKI2020-0345	PDF p. 345; print p. 333; §9.3.3; equation (9.3.35)	assertion	equation	[Â,Ŝ_tot^(α)]=0 for α=1,2,3, equivalently [Â,Ŝ_tot^±]=0 and [Â,Ŝ_tot^(3)]=0. (9.3.35)	PENDING	NONE	NONE	false	NONE	NONE	NONE
CL-TASAKI2020-1753	TASAKI2020	000345.0002	PG-TASAKI2020-0345	PDF p. 345; print p. 333; §9.3.3; equation (9.3.36)	assertion	equation	[ĉ†_(x,↑),Ŝ_tot^+]=0, [ĉ†_(x,↓),Ŝ_tot^+]=−ĉ†_(x,↑), [ĉ_(x,↑),Ŝ_tot^+]=ĉ_(x,↓), [ĉ_(x,↓),Ŝ_tot^+]=0. (9.3.36)	PENDING	NONE	NONE	false	NONE	NONE	NONE
CL-TASAKI2020-1754	TASAKI2020	000345.0003	PG-TASAKI2020-0345	PDF p. 345; print p. 333; §9.3.3; paragraph 3, atom 1	assertion	subclaim	The commutation relations (9.3.36) imply that the hopping Hamiltonian commutes with Ŝ_tot^± and Ŝ_tot^(3).	PENDING	NONE	NONE	false	NONE	NONE	NONE
CL-TASAKI2020-1755	TASAKI2020	000345.0004	PG-TASAKI2020-0345	PDF p. 345; print p. 333; §9.3.3; paragraph 3, atom 2	assertion	unnumbered_obligation	For all x,y∈Λ, the operator ∑_{σ=↑,↓}ĉ†_{x,σ}ĉ_{y,σ} is SU(2) invariant.	PENDING	NONE	NONE	false	NONE	NONE	NONE
CL-TASAKI2020-1756	TASAKI2020	000345.0005	PG-TASAKI2020-0345	PDF p. 345; print p. 333; §9.3.3; paragraph 3, atom 3	assertion	unnumbered_obligation	The latter implies the SU(2) invariance of Ĥint because n̂ x,↑ n̂ x,↓ = {(n̂ x )2 − n̂ x }/2.	PENDING	NONE	NONE	false	NONE	NONE	NONE
CL-TASAKI2020-1758	TASAKI2020	000345.0006	PG-TASAKI2020-0345	PDF p. 345; print p. 333; §9.3.3; equation (9.3.37)	assertion	equation	Û_θ^g := ∏_{x∈Λ}e^{−iθ_x n̂_x}. (9.3.37)	PENDING	NONE	NONE	false	NONE	NONE	NONE
CL-TASAKI2020-1759	TASAKI2020	000345.0007	PG-TASAKI2020-0345	PDF p. 345; print p. 333; §9.3.3; equation (9.3.38)	assertion	equation	(Û_θ^g)†ĉ†_{x,σ}Û_θ^g=e^(iθ_x)ĉ†_{x,σ},  (Û_θ^g)†ĉ_{x,σ}Û_θ^g=e^(−iθ_x)ĉ_{x,σ}. (9.3.38)	PENDING	NONE	NONE	false	NONE	NONE	NONE
CL-TASAKI2020-3138	TASAKI2020	000345.0008	PG-TASAKI2020-0345	PDF p. 345; print p. 333; §9.3.3; paragraph 6; audit split atom 1/2	assertion	unnumbered_obligation	The interaction Hamiltonian (9.3.28) is invariant under every gauge transformation: (Û_θ^g)†Ĥ_intÛ_θ^g = Ĥ_int.	PENDING	NONE	NONE	false	NONE	NONE	NONE
CL-TASAKI2020-3139	TASAKI2020	000345.0009	PG-TASAKI2020-0345	PDF p. 345; print p. 333; §9.3.3; paragraph 6; audit split atom 2/2	assertion	unnumbered_obligation	The hopping Hamiltonian (9.3.17) transforms as (9.3.39).	PENDING	NONE	NONE	false	NONE	NONE	NONE
CL-TASAKI2020-3140	TASAKI2020	000345.0010	PG-TASAKI2020-0345	PDF p. 345; print p. 333; §9.3.3; Footnote 14	assertion	remark	It is common not to define the unitary operator explicitly and only declare the transformations ĉ†_{x,σ} → e^(iθ_x)ĉ†_{x,σ} and ĉ_{x,σ} → e^(−iθ_x)ĉ_{x,σ}.	PENDING	NONE	NONE	false	NONE	NONE	NONE
CL-TASAKI2020-3141	TASAKI2020	000345.0011	PG-TASAKI2020-0345	PDF p. 345; print p. 333; §9.3.3; Footnote 14	assertion	remark	A transformation of operators satisfying suitable conditions is implemented by a unitary operator by Wigner’s theorem; see Appendix A.6.	PENDING	NONE	NONE	false	NONE	NONE	NONE
CL-TASAKI2020-1762	TASAKI2020	000345.0012	PG-TASAKI2020-0345	PDF p. 345; print p. 333; §9.3.3; paragraph 8	assertion	remark	A transformation of operators satisfying the hypotheses of Wigner's theorem is implemented by a unitary operator.	PENDING	NONE	NONE	false	NONE	NONE	NONE
CL-TASAKI2020-1763	TASAKI2020	000345.0013	PG-TASAKI2020-0345	PDF p. 345; print p. 333; §9.3.3; Note unnumbered line 44	assertion	remark	Conjugation by Û_θ^g changes only the quantum-mechanical U(1) phase and transforms the hopping Hamiltonian as in (9.3.39).	PENDING	NONE	NONE	false	NONE	NONE	NONE
CL-TASAKI2020-1764	TASAKI2020	000346.0001	PG-TASAKI2020-0346	PDF p. 346; print p. 334; §9.3.3; equation (9.3.39)	assertion	equation	(Ûθ^g)†ĤhopÛθ^g = ∑_{x,y∈Λ,σ=↑,↓}e^{i(θx−θy)}tx,y ĉx,σ†ĉy,σ. (9.3.39)	PENDING	NONE	NONE	false	NONE	NONE	NONE
CL-TASAKI2020-3267	TASAKI2020	000346.0002	PG-TASAKI2020-0346	PDF p. 346; print p. 334; §9.3.3; paragraph 2; v7 split atom 1/2	assertion	unnumbered_obligation	This means that phase of the hopping amplitude t_{x,y} can be modified as t_{x,y}→e^{i(θ_x−θ_y)}t_{x,y}.	PENDING	NONE	NONE	false	NONE	NONE	NONE
CL-TASAKI2020-3268	TASAKI2020	000346.0003	PG-TASAKI2020-0346	PDF p. 346; print p. 334; §9.3.3; paragraph 2; v7 split atom 2/2	hypothesis	hypothesis	To see a useful application, suppose that the hopping amplitude is bipartite, i.e., one can decompose the lattice as Λ=A∪B with A∩B=∅ so that t_{x,y}≠0 only when x∈A,y∈B or x∈B,y∈A.	PENDING	NONE	NONE	false	NONE	NONE	NONE
CL-TASAKI2020-1766	TASAKI2020	000346.0004	PG-TASAKI2020-0346	PDF p. 346; print p. 334; §9.3.3; equation (9.3.40)	assertion	equation	(Û_{x,σ}^ph)†ĉ_{x,σ}Û_{x,σ}^ph=−ĉ†_{x,σ}, (Û_{x,σ}^ph)†ĉ†_{x,σ}Û_{x,σ}^ph=−ĉ_{x,σ}. (9.3.40)	PENDING	NONE	NONE	false	NONE	NONE	NONE
CL-TASAKI2020-1767	TASAKI2020	000346.0005	PG-TASAKI2020-0346	PDF p. 346; print p. 334; §9.3.3; paragraph 5	definition	definition	We define the particle-hole unitary Ûph : HN → H2|Λ|−N by Ûph := ∏_{x∈Λ}(Ûx,↑^ph Ûx,↓^ph). (9.3.41)	PENDING	NONE	NONE	false	NONE	NONE	NONE
CL-TASAKI2020-1768	TASAKI2020	000346.0006	PG-TASAKI2020-0346	PDF p. 346; print p. 334; §9.3.3; equation (9.3.41)	assertion	equation	Ûph := ∏_{x∈Λ}(Ûx,↑^ph Ûx,↓^ph). (9.3.41)	PENDING	NONE	NONE	false	NONE	NONE	NONE
CL-TASAKI2020-1769	TASAKI2020	000346.0007	PG-TASAKI2020-0346	PDF p. 346; print p. 334; §9.3.3; paragraph 6	assertion	remark	The factors in Û^ph may be ordered arbitrarily, and direct conjugation gives the particle–hole transformation (9.3.42).	PENDING	NONE	NONE	false	NONE	NONE	NONE
CL-TASAKI2020-1770	TASAKI2020	000346.0008	PG-TASAKI2020-0346	PDF p. 346; print p. 334; §9.3.3; equation (9.3.42)	assertion	equation	(Û ph )† ĉx,σ Û ph = ĉx,σ † , (Û ph )† ĉx,σ † Û ph = ĉx,σ , (9.3.42)	PENDING	NONE	NONE	false	NONE	NONE	NONE
CL-TASAKI2020-1771	TASAKI2020	000346.0009	PG-TASAKI2020-0346	PDF p. 346; print p. 334; §9.3.3; equation (9.3.43)	assertion	equation	(Û^ph)†ĉ†_(x,σ)ĉ_(y,σ)Û^ph=ĉ_(x,σ)ĉ†_(y,σ)=−ĉ†_(y,σ)ĉ_(x,σ). (9.3.43)	PENDING	NONE	NONE	false	NONE	NONE	NONE
CL-TASAKI2020-1772	TASAKI2020	000346.0010	PG-TASAKI2020-0346	PDF p. 346; print p. 334; §9.3.3; equation (9.3.44)	assertion	equation	(Û ph )† n̂ x,σ Û ph = ĉx,σ ĉx,σ † = 1 − ĉx,σ † ĉx,σ = 1 − n̂ x,σ , (9.3.44)	PENDING	NONE	NONE	false	NONE	NONE	NONE
CL-TASAKI2020-1773	TASAKI2020	000347.0001	PG-TASAKI2020-0347	PDF p. 347; print p. 335; §9.3.3; equation (9.3.45)	assertion	equation	(Ûph)†ĤhopÛph = −∑_{x,y∈Λ,σ=↑,↓}(tx,y)*ĉx,σ†ĉy,σ + 2∑_{x∈Λ}tx,x. (9.3.45)	PENDING	NONE	NONE	false	NONE	NONE	NONE
CL-TASAKI2020-1774	TASAKI2020	000347.0002	PG-TASAKI2020-0347	PDF p. 347; print p. 335; §9.3.3; equation (9.3.46)	assertion	equation	(Û^ph)†Ĥ_intÛ^ph = ∑_x U_x(1−n̂_{x,↑})(1−n̂_{x,↓}) = Ĥ_int−∑_x U_xn̂_x+∑_x U_x. (9.3.46)	PENDING	NONE	NONE	false	NONE	NONE	NONE
CL-TASAKI2020-1775	TASAKI2020	000347.0003	PG-TASAKI2020-0347	PDF p. 347; print p. 335; §9.3.3; equation (9.3.47)	assertion	equation	Ĥ′_int := ∑_{x∈Λ}U_x(n̂_{x,↑}−1/2)(n̂_{x,↓}−1/2). (9.3.47)	PENDING	NONE	NONE	false	NONE	NONE	NONE
CL-TASAKI2020-1776	TASAKI2020	000347.0004	PG-TASAKI2020-0347	PDF p. 347; print p. 335; §9.3.3; Problem 9.3.3.a	assertion	problem	Problem 9.3.3.a Consider the combination of the particle-hole transformation and the gauge transformation, Û_{x,σ}^{ph,θ}=e^(−iθn̂_{x,σ})(ĉ_{x,σ}−ĉ†_{x,σ}) for θ∈ℝ. What are (Û_{x,σ}^{ph,θ})†ĉ_{x,σ}Û_{x,σ}^{ph,θ} and (Û_{x,σ}^{ph,θ})†ĉ†_{x,σ}Û_{x,σ}^{ph,θ}? [solution→p.516]	PENDING	NONE	NONE	false	NONE	NONE	NONE
CL-TASAKI2020-1777	TASAKI2020	000347.0005	PG-TASAKI2020-0347	PDF p. 347; print p. 335; §9.3.3; paragraph 5	hypothesis	hypothesis	Let us assume that the hopping amplitude (tx,y )x,y∈Λ is bipartite, i.e., one can decompose the lattice as Λ = A ∪ B with A ∩ B = ∅ so that tx,y ≠ 0 only when x ∈ A, y ∈ B or x ∈ B, y ∈ A.	PENDING	NONE	NONE	false	NONE	NONE	NONE
CL-TASAKI2020-1778	TASAKI2020	000347.0006	PG-TASAKI2020-0347	PDF p. 347; print p. 335; §9.3.3; equation (9.3.48)	assertion	equation	Û_x^S:={ĉ_{x,↑}−ĉ†_{x,↑} if x∈A; e^(−iπn̂_{x,↑})(ĉ_{x,↑}−ĉ†_{x,↑})=ĉ_{x,↑}+ĉ†_{x,↑} if x∈B}. (9.3.48)	PENDING	NONE	NONE	false	NONE	NONE	NONE
CL-TASAKI2020-1779	TASAKI2020	000348.0001	PG-TASAKI2020-0348	PDF p. 348; print p. 336; §9.3.3; equation (9.3.49)	assertion	equation	(Û_x^S)†ĉ_{x,↑}Û_x^S=−(−1)^x ĉ†_{x,↑}, (Û_x^S)†ĉ†_{x,↑}Û_x^S=−(−1)^x ĉ_{x,↑}. (9.3.49)	PENDING	NONE	NONE	false	NONE	NONE	NONE
CL-TASAKI2020-1780	TASAKI2020	000348.0002	PG-TASAKI2020-0348	PDF p. 348; print p. 336; §9.3.3; equation (9.3.50)	assertion	equation	Û^S := ∏_{x∈Λ}Û_x^S. (9.3.50)	PENDING	NONE	NONE	false	NONE	NONE	NONE
CL-TASAKI2020-1782	TASAKI2020	000348.0003	PG-TASAKI2020-0348	PDF p. 348; print p. 336; §9.3.3; equation (9.3.51)	assertion	equation	(Û^S)†ĉ†_(x,↑)Û^S=(−1)^|Λ|(−1)^x ĉ_(x,↑), (Û^S)†ĉ_(x,↑)Û^S=(−1)^|Λ|(−1)^x ĉ†_(x,↑), (Û^S)†ĉ†_(x,↓)Û^S=(−1)^|Λ|ĉ†_(x,↓), (Û^S)†ĉ_(x,↓)Û^S=(−1)^|Λ|ĉ_(x,↓). (9.3.51)	PENDING	NONE	NONE	false	NONE	NONE	NONE
CL-TASAKI2020-1783	TASAKI2020	000348.0004	PG-TASAKI2020-0348	PDF p. 348; print p. 336; §9.3.3; equation (9.3.52)	assertion	equation	(Û S )† Ĥhop Û S = Ĥhop , (9.3.52)	PENDING	NONE	NONE	false	NONE	NONE	NONE
CL-TASAKI2020-1784	TASAKI2020	000348.0005	PG-TASAKI2020-0348	PDF p. 348; print p. 336; §9.3.3; paragraph 7	assertion	unnumbered_obligation	Here we used that t_(x,y) is real, and hence t_(x,y) = t_(y,x).	PENDING	NONE	NONE	false	NONE	NONE	NONE
CL-TASAKI2020-1785	TASAKI2020	000348.0006	PG-TASAKI2020-0348	PDF p. 348; print p. 336; §9.3.3; equation (9.3.53)	assertion	equation	(Û^S)†Ĥ_intÛ^S = ∑_{x∈Λ}U_x(1−n̂_{x,↑})n̂_{x,↓} = −Ĥ_int+∑_{x∈Λ}U_xn̂_{x,↓}. (9.3.53)	PENDING	NONE	NONE	false	NONE	NONE	NONE
CL-TASAKI2020-1786	TASAKI2020	000348.0007	PG-TASAKI2020-0348	PDF p. 348; print p. 336; §9.3.3; equation (9.3.54)	assertion	equation	(Û^S)†(Ĥ_hop+Ĥ′_int)Û^S=Ĥ_hop−Ĥ′_int. (9.3.54)	PENDING	NONE	NONE	false	NONE	NONE	NONE
CL-TASAKI2020-1787	TASAKI2020	000348.0008	PG-TASAKI2020-0348	PDF p. 348; print p. 336; §9.3.3; paragraph 9, atom 1	assertion	unnumbered_obligation	The model with repulsive interaction U_x ≥ 0 is mapped to the model with attractive interaction −U_x ≤ 0.	PENDING	NONE	NONE	false	NONE	NONE	NONE
CL-TASAKI2020-3306	TASAKI2020	000348.0009	PG-TASAKI2020-0348	PDF p. 348; print p. 336; §9.3.3; Problem 9.3.3.b; v8 source-atomic partition	definition	definition	For x∈Λ and α=1,2,3, define η̂_x^(α):=(Û^S)†Ŝ_x^(α)Û^S.	PENDING	NONE	NONE	false	NONE	NONE	NONE
CL-TASAKI2020-1789	TASAKI2020	000348.0010	PG-TASAKI2020-0348	PDF p. 348; print p. 336; §9.3.3; paragraph 9, atom 3	assertion	unnumbered_obligation	The η-pairing operators satisfy the commutation relations [η̂_x^(α),η̂_x^(β)] = i∑_{γ=1}^3 ε_{αβγ}η̂_x^(γ), as in (2.1.1).	PENDING	NONE	NONE	false	NONE	NONE	NONE
CL-TASAKI2020-1790	TASAKI2020	000348.0011	PG-TASAKI2020-0348	PDF p. 348; print p. 336; §9.3.3; paragraph 9, atom 4	definition	definition	Exactly as for spin operators, we define η̂_x^±:=η̂_x^(1)±iη̂_x^(2), η̂_tot^(α):=∑_{x∈Λ}η̂_x^(α), and η̂_tot^±:=∑_{x∈Λ}η̂_x^±.	PENDING	NONE	NONE	false	NONE	NONE	NONE
CL-TASAKI2020-3307	TASAKI2020	000348.0012	PG-TASAKI2020-0348	PDF p. 348; print p. 336; §9.3.3; Problem 9.3.3.b; v8 source-atomic partition	assertion	problem	Express η̂_x^± and η̂_x^(3) in terms of fermion and number operators.	PENDING	NONE	NONE	false	NONE	NONE	NONE
CL-TASAKI2020-3308	TASAKI2020	000348.0013	PG-TASAKI2020-0348	PDF p. 348; print p. 336; §9.3.3; Problem 9.3.3.b; v8 source-atomic partition	assertion	problem	Show that [η̂_tot^(α),Ŝ_tot^(β)]=0 for all α,β.	PENDING	NONE	NONE	false	NONE	NONE	NONE
CL-TASAKI2020-3309	TASAKI2020	000348.0014	PG-TASAKI2020-0348	PDF p. 348; print p. 336; §9.3.3; Problem 9.3.3.b; v8 source-atomic partition	assertion	problem	For Ĥ′=Ĥ_hop+Ĥ′_int from (9.3.54), show [Ĥ′,Ŝ_tot^(α)]=[Ĥ′,η̂_tot^(α)]=0 for α=1,2,3, so that Ĥ′ has six independent conserved quantities. [solution→p.516]	PENDING	NONE	NONE	false	NONE	NONE	NONE
CL-TASAKI2020-1791	TASAKI2020	000349.0001	PG-TASAKI2020-0349	PDF p. 349; print p. 337; §9.3.3; paragraph 2, atom 1	domain	domain	Let us write the Hubbard Hamiltonian which appears in (9.3.54) as Ĥ′ = Ĥ_hop + Ĥ′_int.	PENDING	NONE	NONE	false	NONE	NONE	NONE
CL-TASAKI2020-1792	TASAKI2020	000349.0002	PG-TASAKI2020-0349	PDF p. 349; print p. 337; §9.3.3; paragraph 2, atom 2	assertion	unnumbered_obligation	Show that [Ĥ′,Ŝ_tot^(α)]=0 and [Ĥ′,η̂_tot^(α)]=0 for α=1,2,3, which implies that Ĥ′ has six independent conserved quantities. [solution→p.516]	PENDING	NONE	NONE	false	NONE	NONE	NONE
CL-TASAKI2020-1793	TASAKI2020	000349.0003	PG-TASAKI2020-0349	PDF p. 349; print p. 337; §9.4; equation (9.4.1)	assertion	equation	Φ(u₁,…,u_N)=Φ(u_(p(1)),…,u_(p(N))). (9.4.1)	PENDING	NONE	NONE	false	NONE	NONE	NONE
CL-TASAKI2020-1794	TASAKI2020	000349.0004	PG-TASAKI2020-0349	PDF p. 349; print p. 337; §9.4; equation (9.4.2)	assertion	equation	ℋ_N^wf:=P_sym(h̃⊗⋯⊗h̃) with N tensor factors. (9.4.2)	PENDING	NONE	NONE	false	NONE	NONE	NONE
CL-TASAKI2020-1795	TASAKI2020	000349.0005	PG-TASAKI2020-0349	PDF p. 349; print p. 337; §9.4; paragraph 7	definition	definition	The projection onto the symmetric subspace is defined by (P_symΦ)(u₁,…,u_N) = (1/N!)∑_p Φ(u_{p(1)},…,u_{p(N)}).	PENDING	NONE	NONE	false	NONE	NONE	NONE
CL-TASAKI2020-1796	TASAKI2020	000350.0001	PG-TASAKI2020-0350	PDF p. 350; print p. 338; §9.4; equation (9.4.3)	assertion	equation	(A†(ψ)Φ)(u1,…,uN) := 1/√N∑_{j=1}^N ψ(uj)Φ(u1,…,ŭj,…,uN). (9.4.3)	PENDING	NONE	NONE	false	NONE	NONE	NONE
CL-TASAKI2020-1797	TASAKI2020	000350.0002	PG-TASAKI2020-0350	PDF p. 350; print p. 338; §9.4; equation (9.4.4)	assertion	equation	(A(ψ)Φ)(u_1,…,u_{N−1}) = √N∑_v{ψ(v)}*Φ(v,u_1,…,u_{N−1}). (9.4.4)	PENDING	NONE	NONE	false	NONE	NONE	NONE
CL-TASAKI2020-1798	TASAKI2020	000350.0003	PG-TASAKI2020-0350	PDF p. 350; print p. 338; §9.4; equation (9.4.5)	assertion	equation	[A(ϕ), A(ψ)] = 0, [A† (ϕ), A† (ψ)] = 0, [A(ϕ), A† (ψ)] = ⟨ϕ, ψ⟩. (9.4.5)	PENDING	NONE	NONE	false	NONE	NONE	NONE
CL-TASAKI2020-1799	TASAKI2020	000350.0004	PG-TASAKI2020-0350	PDF p. 350; print p. 338; §9.4; paragraph 6	assertion	unnumbered_obligation	For each (x,σ)∈Λ̃, introduce bosonic creation and annihilation operators satisfying (9.4.6).	PENDING	NONE	NONE	false	NONE	NONE	NONE
CL-TASAKI2020-1800	TASAKI2020	000350.0005	PG-TASAKI2020-0350	PDF p. 350; print p. 338; §9.4; equation (9.4.6)	assertion	equation	[âx,σ † , â †y,τ ] = [âx,σ , â y,τ ] = 0, [âx,σ , â †y,τ ] = δx,y δσ,τ . (9.4.6)	PENDING	NONE	NONE	false	NONE	NONE	NONE
CL-TASAKI2020-1801	TASAKI2020	000350.0006	PG-TASAKI2020-0350	PDF p. 350; print p. 338; §9.4; paragraph 8	definition	definition	For bosons, n̂_{x,σ}=â†_{x,σ}â_{x,σ} has an arbitrary nonnegative integer eigenvalue, and the smeared operators Â†(ϕ) and Â(ϕ) are defined by (9.4.7).	PENDING	NONE	NONE	false	NONE	NONE	NONE
CL-TASAKI2020-1802	TASAKI2020	000350.0007	PG-TASAKI2020-0350	PDF p. 350; print p. 338; §9.4; equation (9.4.7)	assertion	equation	Â†(ϕ):=∑_uϕ(u)â†_u,  Â(ϕ):=∑_u{ϕ(u)}*â_u. (9.4.7)	PENDING	NONE	NONE	false	NONE	NONE	NONE
CL-TASAKI2020-1803	TASAKI2020	000350.0008	PG-TASAKI2020-0350	PDF p. 350; print p. 338; §9.4; equation (9.4.8)	assertion	equation	âx†1 ,σ1 · · · âx†N ,σ N |Φvac ⟩, (9.4.8)	PENDING	NONE	NONE	false	NONE	NONE	NONE
CL-TASAKI2020-1804	TASAKI2020	000350.0009	PG-TASAKI2020-0350	PDF p. 350; print p. 338; §9.4; paragraph 11	assertion	unnumbered_obligation	The vacuum satisfies â_(x,σ)|Φ_vac⟩ = 0 for every (x,σ) ∈ Λ̃.	PENDING	NONE	NONE	false	NONE	NONE	NONE
CL-TASAKI2020-1805	TASAKI2020	000352.0001	PG-TASAKI2020-0352	PDF p. 352; print p. 341; §10.1; equation (10.1.1)	assertion	equation	Ĥ = t∑_{σ=↑,↓}(ĉ†_{1,σ}ĉ_{2,σ}+ĉ†_{2,σ}ĉ_{1,σ}) + U(n̂_{1,↑}n̂_{1,↓}+n̂_{2,↑}n̂_{2,↓}). (10.1.1)	PENDING	NONE	NONE	false	NONE	NONE	NONE
CL-TASAKI2020-1806	TASAKI2020	000353.0001	PG-TASAKI2020-0353	PDF p. 353; print p. 342; §10.1; paragraph 2, atom 1	hypothesis	hypothesis	First suppose that both the electrons have up spin.	PENDING	NONE	NONE	false	NONE	NONE	NONE
CL-TASAKI2020-1807	TASAKI2020	000353.0002	PG-TASAKI2020-0353	PDF p. 353; print p. 342; §10.1; paragraph 2, atom 2	assertion	unnumbered_obligation	Since two up-spin electrons cannot occupy a single site (i.e., (ĉ†_{x,↑})²=0), the only possible state is |Φ_{1,1}⟩=ĉ†_{1,↑}ĉ†_{2,↑}|Φ_vac⟩, which clearly satisfies Ĥ|Φ_{1,1}⟩=0.	PENDING	NONE	NONE	false	NONE	NONE	NONE
CL-TASAKI2020-1808	TASAKI2020	000353.0003	PG-TASAKI2020-0353	PDF p. 353; print p. 342; §10.1; paragraph 2, atom 3	assertion	unnumbered_obligation	Note that both states have S_tot=1, and hence are two elements of a spin triplet.	PENDING	NONE	NONE	false	NONE	NONE	NONE
CL-TASAKI2020-1809	TASAKI2020	000353.0004	PG-TASAKI2020-0353	PDF p. 353; print p. 342; §10.1; equation (10.1.2)	assertion	equation	[ĉx,σ † ĉ y,σ , ĉz,τ † ] = δ y,z δσ,τ ĉx,σ † , (10.1.2)	PENDING	NONE	NONE	false	NONE	NONE	NONE
CL-TASAKI2020-1810	TASAKI2020	000353.0005	PG-TASAKI2020-0353	PDF p. 353; print p. 342; §10.1; equation (10.1.3)	assertion	equation	|Φ⟩={α(ĉ†_(1,↑)ĉ†_(2,↓)−ĉ†_(1,↓)ĉ†_(2,↑))+βĉ†_(1,↑)ĉ†_(1,↓)+γĉ†_(2,↑)ĉ†_(2,↓)}|Φ_vac⟩. (10.1.3)	PENDING	NONE	NONE	false	NONE	NONE	NONE
CL-TASAKI2020-1811	TASAKI2020	000353.0006	PG-TASAKI2020-0353	PDF p. 353; print p. 342; §10.1; equation (10.1.4)	assertion	equation	Ĥ|Φ⟩={2tα(ĉ†_(1,↑)ĉ†_(1,↓)+ĉ†_(2,↑)ĉ†_(2,↓))+t(β+γ)(ĉ†_(1,↑)ĉ†_(2,↓)−ĉ†_(1,↓)ĉ†_(2,↑))+Uβĉ†_(1,↑)ĉ†_(1,↓)+Uγĉ†_(2,↑)ĉ†_(2,↓)}|Φ_vac⟩. (10.1.4)	PENDING	NONE	NONE	false	NONE	NONE	NONE
CL-TASAKI2020-1812	TASAKI2020	000353.0007	PG-TASAKI2020-0353	PDF p. 353; print p. 342; §10.1; paragraph 6, atom 1	assertion	unnumbered_obligation	One then easily finds that there are three energy eigenstates. Especially the one with negative energy eigenvalue E_GS={U−√(U²+16t²)}/2 gives the ground state, which is characterized by β=γ and α=2tβ/E_GS.	PENDING	NONE	NONE	false	NONE	NONE	NONE
CL-TASAKI2020-1813	TASAKI2020	000353.0008	PG-TASAKI2020-0353	PDF p. 353; print p. 342; §10.1; paragraph 6, atom 2	assertion	unnumbered_obligation	We have thus found that the ground state is unique and has total spin Stot = 0.	PENDING	NONE	NONE	false	NONE	NONE	NONE
CL-TASAKI2020-1814	TASAKI2020	000353.0009	PG-TASAKI2020-0353	PDF p. 353; print p. 342; §10.1; Problem 10.1.a	assertion	problem	Problem 10.1.a Find the remaining two energy eigenvalues. [solution→p.516]	PENDING	NONE	NONE	false	NONE	NONE	NONE
CL-TASAKI2020-1815	TASAKI2020	000353.0010	PG-TASAKI2020-0353	PDF p. 353; print p. 342; §10.1; paragraph 6, atom 3	hypothesis	hypothesis	We assume that the system is at half-filling, i.e., the electron number is N = |Λ|.	PENDING	NONE	NONE	false	NONE	NONE	NONE
CL-TASAKI2020-1816	TASAKI2020	000353.0011	PG-TASAKI2020-0353	PDF p. 353; print p. 342; §10.1; paragraph 7	notation	notation	Recall that the eigenvalue of (Ŝ_tot)² is denoted by S_tot(S_tot + 1).	PENDING	NONE	NONE	false	NONE	NONE	NONE
CL-TASAKI2020-1817	TASAKI2020	000354.0001	PG-TASAKI2020-0354	PDF p. 354; print p. 343; §10.1; paragraph 3, atom 1	assertion	unnumbered_obligation	In particular we have seen that a ground state with zero energy is realized whenever the two subsets Γ↑ , Γ↓ ⊂ Λ are taken to satisfy Γ↑ ∩ Γ↓ = ∅ so that there are no doubly occupied sites.	PENDING	NONE	NONE	false	NONE	NONE	NONE
CL-TASAKI2020-1818	TASAKI2020	000354.0002	PG-TASAKI2020-0354	PDF p. 354; print p. 343; §10.1; paragraph 3, atom 2	assertion	unnumbered_obligation	Now in the half-filled model, where we have |Γ↑ | + |Γ↓ | = |Λ|, the condition Γ↑ ∩ Γ↓ = ∅ automatically implies that Γ↑ ∪ Γ↓ = Λ.	PENDING	NONE	NONE	false	NONE	NONE	NONE
CL-TASAKI2020-1819	TASAKI2020	000354.0003	PG-TASAKI2020-0354	PDF p. 354; print p. 343; §10.1; equation (10.1.5)	assertion	equation	|Ψ_σ⟩ = (∏_{x∈Λ}ĉ†_{x,σ_x})|Φ_vac⟩. (10.1.5)	PENDING	NONE	NONE	false	NONE	NONE	NONE
CL-TASAKI2020-1820	TASAKI2020	000354.0004	PG-TASAKI2020-0354	PDF p. 354; print p. 343; §10.1; paragraph 4, atom 1	hypothesis	hypothesis	The sites of Λ are ordered arbitrarily but fixed, and the product in (10.1.5) is taken in that order.	PENDING	NONE	NONE	false	NONE	NONE	NONE
CL-TASAKI2020-3269	TASAKI2020	000354.0005	PG-TASAKI2020-0354	PDF p. 354; print p. 343; §10.1; paragraph 4, atom 2; v7 split atom 1/2	hypothesis	hypothesis	For simplicity, we assume that t_{x,x}=0 for any x∈Λ.	PENDING	NONE	NONE	false	NONE	NONE	NONE
CL-TASAKI2020-3270	TASAKI2020	000354.0006	PG-TASAKI2020-0354	PDF p. 354; print p. 343; §10.1; paragraph 4, atom 2; v7 split atom 2/2	assertion	unnumbered_obligation	By operating Ĥ_hop once onto |Ψ_σ⟩, an electron hops, and we inevitably get a state with one vacant site and one doubly occupied site.	PENDING	NONE	NONE	false	NONE	NONE	NONE
CL-TASAKI2020-1822	TASAKI2020	000355.0001	PG-TASAKI2020-0355	PDF p. 355; print p. 344; §10.1; paragraph 2	notation	notation	We denote by H0 the space spanned by |Ψ σ ⟩ with all possible spin configuration σ , and by P̂0 the orthogonal projection onto H0 .	PENDING	NONE	NONE	false	NONE	NONE	NONE
CL-TASAKI2020-1823	TASAKI2020	000355.0002	PG-TASAKI2020-0355	PDF p. 355; print p. 344; §10.1; equation (10.1.6)	assertion	equation	Ĥspin = − P̂0 Ĥhop ( Ĥint )−1 Ĥhop P̂0 , (10.1.6)	PENDING	NONE	NONE	false	NONE	NONE	NONE
CL-TASAKI2020-3142	TASAKI2020	000355.0003	PG-TASAKI2020-0355	PDF p. 355; print p. 344; §10.1; paragraph 4; audit split atom 1/2	assertion	subclaim	For |Φ⟩ ∈ H₀, (Ĥ_int)^(−1)Ĥ_hop|Φ⟩ is given by (10.1.7).	PENDING	NONE	NONE	false	NONE	NONE	NONE
CL-TASAKI2020-3143	TASAKI2020	000355.0004	PG-TASAKI2020-0355	PDF p. 355; print p. 344; §10.1; paragraph 4; audit split atom 2/2	assertion	subclaim	In every nonzero term ĉ†_(x,σ)ĉ_(y,σ)|Φ⟩ of (10.1.7), site x is doubly occupied.	PENDING	NONE	NONE	false	NONE	NONE	NONE
CL-TASAKI2020-1825	TASAKI2020	000355.0005	PG-TASAKI2020-0355	PDF p. 355; print p. 344; §10.1; equation (10.1.7)	assertion	equation	(Ĥ_int)^{−1}Ĥ_hop|Φ⟩ = (Ĥ_int)^{−1}∑_{x,y∈Λ}∑_{σ=↑,↓}t_{x,y}ĉ†_{x,σ}ĉ_{y,σ}|Φ⟩ = ∑_{x,y∈Λ}∑_{σ=↑,↓}(t_{x,y}/U_x)ĉ†_{x,σ}ĉ_{y,σ}|Φ⟩. (10.1.7)	PENDING	NONE	NONE	false	NONE	NONE	NONE
CL-TASAKI2020-1826	TASAKI2020	000355.0006	PG-TASAKI2020-0355	PDF p. 355; print p. 344; §10.1; equation (10.1.8)	assertion	equation	P̂_0Ĥ_hop(Ĥ_int)^{−1}Ĥ_hopP̂_0 = ∑_{x,y∈Λ}∑_{σ,τ=↑,↓}(t_{y,x}t_{x,y}/U_x)ĉ†_{y,τ}ĉ_{x,τ}ĉ†_{x,σ}ĉ_{y,σ}P̂_0. (10.1.8)	PENDING	NONE	NONE	false	NONE	NONE	NONE
CL-TASAKI2020-1827	TASAKI2020	000355.0007	PG-TASAKI2020-0355	PDF p. 355; print p. 344; §10.1; equation (10.1.9)	assertion	equation	∑_{σ,τ=↑,↓}ĉ†_{y,τ}ĉ_{x,τ}ĉ†_{x,σ}ĉ_{y,σ} = ∑_{σ=↑,↓}ĉ†_{y,σ}ĉ_{y,σ}−∑_{σ,τ=↑,↓}ĉ†_{y,τ}ĉ_{y,σ}ĉ†_{x,σ}ĉ_{x,τ} = n̂_y−(Ŝ_y^+Ŝ_x^−+Ŝ_y^−Ŝ_x^+)−∑_{σ=↑,↓}n̂_{x,σ}n̂_{y,σ}. (10.1.9)	PENDING	NONE	NONE	false	NONE	NONE	NONE
CL-TASAKI2020-1828	TASAKI2020	000356.0001	PG-TASAKI2020-0356	PDF p. 356; print p. 345; §10.1; equation (10.1.10)	assertion	equation	Ĥspin = ∑_{x,y∈Λ} {|tx,y|²/Ux} · 2(Ŝx·Ŝy − 1/4) P̂0. (10.1.10)	PENDING	NONE	NONE	false	NONE	NONE	NONE
CL-TASAKI2020-1829	TASAKI2020	000356.0002	PG-TASAKI2020-0356	PDF p. 356; print p. 345; §10.1; equation (10.1.11)	assertion	equation	J_{x,y}=2(|t_{x,y}|²/U_x+|t_{x,y}|²/U_y). (10.1.11)	PENDING	NONE	NONE	false	NONE	NONE	NONE
CL-TASAKI2020-1830	TASAKI2020	000356.0003	PG-TASAKI2020-0356	PDF p. 356; print p. 345; §10.1; equation (10.1.12)	assertion	equation	Ĥ_spin = ∑_{x,y∈Λ}J_{x,y}(Ŝ_x·Ŝ_y−1/4)P̂_0. (10.1.12)	PENDING	NONE	NONE	false	NONE	NONE	NONE
CL-TASAKI2020-1831	TASAKI2020	000356.0004	PG-TASAKI2020-0356	PDF p. 356; print p. 345; §10.1; paragraph 5, atom 1	hypothesis	hypothesis	We assume that the ground state energy is zero, and any other energy eigenvalue is not less than E gap > 0.	PENDING	NONE	NONE	false	NONE	NONE	NONE
CL-TASAKI2020-1832	TASAKI2020	000356.0005	PG-TASAKI2020-0356	PDF p. 356; print p. 345; §10.1; paragraph 5, atom 2	notation	notation	We denote by H0 the space spanned by all the ground states of Ĥ0 , and by H⊥ its orthogonal complement.	PENDING	NONE	NONE	false	NONE	NONE	NONE
CL-TASAKI2020-1833	TASAKI2020	000356.0006	PG-TASAKI2020-0356	PDF p. 356; print p. 345; §10.1; equation (10.1.13)	assertion	equation	Ĥ (λ) = Ĥ0 + λV̂ , (10.1.13)	PENDING	NONE	NONE	false	NONE	NONE	NONE
CL-TASAKI2020-3144	TASAKI2020	000356.0007	PG-TASAKI2020-0356	PDF p. 356; print p. 345; §10.1; paragraph 7; audit split atom 1/3	hypothesis	hypothesis	Let λ ∈ ℝ be small, and let V̂ be a perturbation satisfying V̂|Φ⟩ ∈ H_⊥ for every |Φ⟩ ∈ H₀.	PENDING	NONE	NONE	false	NONE	NONE	NONE
CL-TASAKI2020-3145	TASAKI2020	000356.0008	PG-TASAKI2020-0356	PDF p. 356; print p. 345; §10.1; paragraph 7; audit split atom 2/3	assertion	unnumbered_obligation	This property eliminates first-order corrections to the ground states, so one must examine second-order perturbation theory.	PENDING	NONE	NONE	false	NONE	NONE	NONE
CL-TASAKI2020-3146	TASAKI2020	000356.0009	PG-TASAKI2020-0356	PDF p. 356; print p. 345; §10.1; paragraph 7; audit split atom 3/3	assertion	unnumbered_obligation	The exact Schrödinger equation for Ĥ(λ) is (10.1.14).	PENDING	NONE	NONE	false	NONE	NONE	NONE
CL-TASAKI2020-1835	TASAKI2020	000356.0010	PG-TASAKI2020-0356	PDF p. 356; print p. 345; §10.1; equation (10.1.14)	assertion	equation	( Ĥ0 + λV̂ )(|Φ⟩ + |Γ ⟩) = E (|Φ⟩ + |Γ ⟩), (10.1.14)	PENDING	NONE	NONE	false	NONE	NONE	NONE
CL-TASAKI2020-1836	TASAKI2020	000357.0001	PG-TASAKI2020-0357	PDF p. 357; print p. 346; §10.1; equation (10.1.15)	assertion	equation	λ P̂0 V̂ |Γ ⟩ = E |Φ⟩. (10.1.15)	PENDING	NONE	NONE	false	NONE	NONE	NONE
CL-TASAKI2020-1837	TASAKI2020	000357.0002	PG-TASAKI2020-0357	PDF p. 357; print p. 346; §10.1; equation (10.1.16)	assertion	equation	λV̂ |Φ⟩ + Ĥ0 |Γ ⟩ + λ(1̂ − P̂0 )V̂ |Γ ⟩ = E |Γ ⟩, (10.1.16)	PENDING	NONE	NONE	false	NONE	NONE	NONE
CL-TASAKI2020-1838	TASAKI2020	000357.0003	PG-TASAKI2020-0357	PDF p. 357; print p. 346; §10.1; equation (10.1.17)	assertion	equation	λV̂|Φ⟩={−Ĥ₀+E+λ(P̂₀−1̂)V̂}|Γ⟩≃−Ĥ₀|Γ⟩. (10.1.17)	PENDING	NONE	NONE	false	NONE	NONE	NONE
CL-TASAKI2020-1839	TASAKI2020	000357.0004	PG-TASAKI2020-0357	PDF p. 357; print p. 346; §10.1; equation (10.1.18)	assertion	equation	|Γ⟩≃−λĤ₀^(−1)V̂|Φ⟩. (10.1.18)	PENDING	NONE	NONE	false	NONE	NONE	NONE
CL-TASAKI2020-1840	TASAKI2020	000357.0005	PG-TASAKI2020-0357	PDF p. 357; print p. 346; §10.1; equation (10.1.19)	assertion	equation	−λ²P̂₀V̂Ĥ₀^(−1)V̂|Φ⟩≃E|Φ⟩. (10.1.19)	PENDING	NONE	NONE	false	NONE	NONE	NONE
CL-TASAKI2020-1841	TASAKI2020	000357.0006	PG-TASAKI2020-0357	PDF p. 357; print p. 346; §10.1; equation (10.1.20)	assertion	equation	Ĥeff = − P̂0 V̂ Ĥ0−1 V̂ P̂0 , (10.1.20)	PENDING	NONE	NONE	false	NONE	NONE	NONE
CL-TASAKI2020-3310	TASAKI2020	000357.0007	PG-TASAKI2020-0357	PDF p. 357; print p. 346; §10.1; Lemma 10.1; v8 source-atomic partition	hypothesis	hypothesis	Suppose that the effective Hamiltonian (10.1.20) is well-defined and that its ground state |Φ_eff-GS⟩ is unique.	PENDING	NONE	NONE	false	NONE	NONE	NONE
CL-TASAKI2020-1844	TASAKI2020	000357.0008	PG-TASAKI2020-0357	PDF p. 357; print p. 346; §10.1; paragraph 11, atom 2	assertion	unnumbered_obligation	Then the ground state of Ĥ (λ) is unique for sufficiently small λ, and converges to |Φeff-GS ⟩ as λ → 0.	PENDING	NONE	NONE	false	NONE	NONE	NONE
CL-TASAKI2020-1845	TASAKI2020	000357.0009	PG-TASAKI2020-0357	PDF p. 357; print p. 346; §10.1; paragraph 11, atom 3	assertion	unnumbered_obligation	Proof By continuity there are exactly D0 independent eigenstates of Ĥ (λ) whose eigenvalues converge to zero as λ → 0.	PENDING	NONE	NONE	false	NONE	NONE	NONE
CL-TASAKI2020-1846	TASAKI2020	000357.0010	PG-TASAKI2020-0357	PDF p. 357; print p. 346; §10.1; paragraph 11, atom 4	hypothesis	hypothesis	We can also assume that each of these D0 eigenstates depends continuously on λ.	PENDING	NONE	NONE	false	NONE	NONE	NONE
CL-TASAKI2020-1847	TASAKI2020	000357.0011	PG-TASAKI2020-0357	PDF p. 357; print p. 346; §10.1; paragraph 11, atom 5	domain	domain	Let us denote these eigenstates as |Ξ j (λ)⟩ with j = 1, . . . , D0 .	PENDING	NONE	NONE	false	NONE	NONE	NONE
CL-TASAKI2020-1848	TASAKI2020	000358.0001	PG-TASAKI2020-0358	PDF p. 358; print p. 347; §10.1; equation (10.1.21)	assertion	equation	P̂₀V̂[−Ĥ₀+E_j(λ)+λ(P̂₀−1̂)V̂]^(−1)V̂P̂₀|Ξ_j(λ)⟩={E_j(λ)/λ²}P̂₀|Ξ_j(λ)⟩. (10.1.21)	PENDING	NONE	NONE	false	NONE	NONE	NONE
CL-TASAKI2020-1849	TASAKI2020	000358.0002	PG-TASAKI2020-0358	PDF p. 358; print p. 347; §10.1; equation (10.1.22)	assertion	equation	Ĥ_eff|Ξ_j(0)⟩=ε_j|Ξ_j(0)⟩. (10.1.22)	PENDING	NONE	NONE	false	NONE	NONE	NONE
CL-TASAKI2020-1850	TASAKI2020	000358.0003	PG-TASAKI2020-0358	PDF p. 358; print p. 347; §10.1; paragraph 5, atom 1	assertion	unnumbered_obligation	By relabeling j if necessary, we therefore have |Ξ1 (0)⟩ = (const.)|Φeff-GS ⟩.	PENDING	NONE	NONE	false	NONE	NONE	NONE
CL-TASAKI2020-1851	TASAKI2020	000358.0004	PG-TASAKI2020-0358	PDF p. 358; print p. 347; §10.1; paragraph 5, atom 2	assertion	unnumbered_obligation	Recalling that ε j > ε1 for any j = 2, . . . , D0 by assumption, and ε j = limλ→0 E j (λ)/λ2 , we find that |Ξ1 (λ)⟩ is the unique ground state of Ĥ (λ) for sufficiently small λ.	PENDING	NONE	NONE	false	NONE	NONE	NONE
CL-TASAKI2020-1852	TASAKI2020	000359.0001	PG-TASAKI2020-0359	PDF p. 359; print p. 348; §10.2.1; equation (10.2.1)	assertion	equation	Ĥhop = ∑_{x,y∈Λ,σ=↑,↓}tx,y ĉx,σ†ĉy,σ. (10.2.1)	PENDING	NONE	NONE	false	NONE	NONE	NONE
CL-TASAKI2020-1853	TASAKI2020	000359.0002	PG-TASAKI2020-0359	PDF p. 359; print p. 348; §10.2.1; equation (10.2.2)	assertion	equation	Ĥatt-int = −∑_{x∈Λ}Ux n̂x,↑n̂x,↓. (10.2.2)	PENDING	NONE	NONE	false	NONE	NONE	NONE
CL-TASAKI2020-3311	TASAKI2020	000359.0003	PG-TASAKI2020-0359	PDF p. 359; print p. 348; §10.2.1; Theorem 10.2; v8 source-atomic partition	domain	domain	Consider the attractive Hubbard model Ĥ=Ĥ_hop+Ĥ_att-int.	PENDING	NONE	NONE	false	NONE	NONE	NONE
CL-TASAKI2020-3312	TASAKI2020	000359.0004	PG-TASAKI2020-0359	PDF p. 359; print p. 348; §10.2.1; Theorem 10.2; v8 source-atomic partition	domain	domain	Let N be an even integer satisfying 0<N≤2|Λ|.	PENDING	NONE	NONE	false	NONE	NONE	NONE
CL-TASAKI2020-1855	TASAKI2020	000359.0005	PG-TASAKI2020-0359	PDF p. 359; print p. 348; §10.2.1; paragraph 6	assertion	unnumbered_obligation	Then the ground state is unique and has Stot = 0.	PENDING	NONE	NONE	false	NONE	NONE	NONE
CL-TASAKI2020-1856	TASAKI2020	000359.0006	PG-TASAKI2020-0359	PDF p. 359; print p. 348; §10.2.1; equation (10.2.3)	assertion	equation	|Θ_A⟩ = (∏_{x∈A}ĉ†_{x,↑}ĉ†_{x,↓})|Φ_vac⟩. (10.2.3)	PENDING	NONE	NONE	false	NONE	NONE	NONE
CL-TASAKI2020-1857	TASAKI2020	000359.0007	PG-TASAKI2020-0359	PDF p. 359; print p. 348; §10.2.1; paragraph 8	definition	definition	Here connectedness means that for every distinct x,y∈Λ there is a finite sequence z₁,…,z_n with z₁=x, z_n=y, and t_{z_j,z_{j+1}}≠0 for j=1,…,n−1.	PENDING	NONE	NONE	false	NONE	NONE	NONE
CL-TASAKI2020-1858	TASAKI2020	000360.0001	PG-TASAKI2020-0360	PDF p. 360; print p. 349; §10.2.1; Theorem 10.3	assertion	theorem	Theorem 10.3 Let |Φ_GS⟩ be the unique ground state of Ĥ=Ĥ_hop+Ĥ_att-int with even N such that 0<N≤2|Λ|. For any x,y∈Λ, ⟨Φ_GS|ĉ†_{x,↑}ĉ†_{x,↓}ĉ_{y,↓}ĉ_{y,↑}|Φ_GS⟩>0. (10.2.4)	PENDING	NONE	NONE	false	NONE	NONE	NONE
CL-TASAKI2020-1859	TASAKI2020	000360.0002	PG-TASAKI2020-0360	PDF p. 360; print p. 349; §10.2.1; equation (10.2.4)	assertion	equation	⟨Φ_GS|ĉ†_(x,↑)ĉ†_(x,↓)ĉ_(y,↓)ĉ_(y,↑)|Φ_GS⟩>0. (10.2.4)	PENDING	NONE	NONE	false	NONE	NONE	NONE
CL-TASAKI2020-1860	TASAKI2020	000361.0001	PG-TASAKI2020-0361	PDF p. 361; print p. 350; §10.2.2; paragraph 2, atom 1	hypothesis	hypothesis	We assume that the hopping amplitude (tx,y )x,y∈Λ is bipartite, i.e., the lattice is decomposed into two sublattices as Λ = A ∪ B with A ∩ B = ∅, and tx,y is nonvanishing only when x ∈ A, y ∈ B or x ∈ B, y ∈ A.	PENDING	NONE	NONE	false	NONE	NONE	NONE
CL-TASAKI2020-1861	TASAKI2020	000361.0002	PG-TASAKI2020-0361	PDF p. 361; print p. 350; §10.2.2; paragraph 2, atom 2	hypothesis	hypothesis	We also assume that tx,y = t y,x ∈ R as before, and that the whole lattice Λ is connected through nonvanishing tx,y .	PENDING	NONE	NONE	false	NONE	NONE	NONE
CL-TASAKI2020-1862	TASAKI2020	000361.0003	PG-TASAKI2020-0361	PDF p. 361; print p. 350; §10.2.2; paragraph 2, atom 3	definition	definition	Then the hopping Hamiltonian Ĥhop is defined by (10.2.1) or (9.3.17).	PENDING	NONE	NONE	false	NONE	NONE	NONE
CL-TASAKI2020-1863	TASAKI2020	000361.0004	PG-TASAKI2020-0361	PDF p. 361; print p. 350; §10.2.2; equation (10.2.5)	assertion	equation	Ĥ_int = U∑_{x∈Λ}n̂_{x,↑}n̂_{x,↓}. (10.2.5)	PENDING	NONE	NONE	false	NONE	NONE	NONE
CL-TASAKI2020-1864	TASAKI2020	000361.0005	PG-TASAKI2020-0361	PDF p. 361; print p. 350; §10.2.2; equation (10.2.6)	assertion	equation	Ĥ′_int := ∑_{x∈Λ}U_x(n̂_{x,↑}−1/2)(n̂_{x,↓}−1/2). (10.2.6)	PENDING	NONE	NONE	false	NONE	NONE	NONE
CL-TASAKI2020-1865	TASAKI2020	000361.0006	PG-TASAKI2020-0361	PDF p. 361; print p. 350; §10.2.2; Theorem 10.4	assertion	theorem	Theorem 10.4 (Lieb’s theorem) Consider the Hubbard model with Ĥ = Ĥ_hop + Ĥ_int or Ĥ′ = Ĥ_hop + Ĥ′_int, and let the electron number be N = |Λ|. Then any ground state has total spin S_tot = ||A|−|B||/2. The ground states are exactly 2S_tot+1 = ||A|−|B||+1 fold degenerate.	PENDING	NONE	NONE	false	NONE	NONE	NONE
CL-TASAKI2020-1866	TASAKI2020	000361.0007	PG-TASAKI2020-0361	PDF p. 361; print p. 350; §10.2.2; paragraph 4	hypothesis	hypothesis	For the standard uniform interaction (10.2.5), Lieb’s theorem is valid for any value of Coulomb repulsion U , only provided that it is positive.	PENDING	NONE	NONE	false	NONE	NONE	NONE
CL-TASAKI2020-1867	TASAKI2020	000362.0001	PG-TASAKI2020-0362	PDF p. 362; print p. 351; §10.2.2; paragraph 2, atom 1	assertion	unnumbered_obligation	When two sublattices have the same number of sites, for example, one finds from the theorem that the finite volume ground state is unique and has Stot = 0.	PENDING	NONE	NONE	false	NONE	NONE	NONE
CL-TASAKI2020-1868	TASAKI2020	000362.0002	PG-TASAKI2020-0362	PDF p. 362; print p. 351; §10.2.2; paragraph 2, atom 2	assertion	unnumbered_obligation	We have already seen in the previous parts of the present book that ground states with Stot = 0 can exhibit drastically different properties.	PENDING	NONE	NONE	false	NONE	NONE	NONE
CL-TASAKI2020-1869	TASAKI2020	000362.0003	PG-TASAKI2020-0362	PDF p. 362; print p. 351; §10.2.2; Theorem 10.5	assertion	theorem	Theorem 10.5 Under the same condition as Theorem 10.4, we have for any ground state |Φ_GS⟩ and for x,y ∈ Λ that ⟨Φ_GS|(Ŝ_x^(1)Ŝ_y^(1)+Ŝ_x^(2)Ŝ_y^(2))|Φ_GS⟩ is positive when x,y ∈ A or x,y ∈ B, and negative when x ∈ A,y ∈ B or x ∈ B,y ∈ A. (10.2.7)	PENDING	NONE	NONE	false	NONE	NONE	NONE
CL-TASAKI2020-1871	TASAKI2020	000362.0004	PG-TASAKI2020-0362	PDF p. 362; print p. 351; §10.2.2; equation (10.2.7)	assertion	equation	⟨ΦGS|(Ŝx^(1)Ŝy^(1)+Ŝx^(2)Ŝy^(2))|ΦGS⟩ is >0 for x,y both in A or both in B, and <0 for x∈A,y∈B or x∈B,y∈A. (10.2.7)	PENDING	NONE	NONE	false	NONE	NONE	NONE
CL-TASAKI2020-1872	TASAKI2020	000362.0005	PG-TASAKI2020-0362	PDF p. 362; print p. 351; §10.2.2; paragraph 3	assertion	unnumbered_obligation	In the special case |A| = |B|, the ground state |Φ_GS⟩ is unique and SU(2) invariant.	PENDING	NONE	NONE	false	NONE	NONE	NONE
CL-TASAKI2020-1873	TASAKI2020	000362.0006	PG-TASAKI2020-0362	PDF p. 362; print p. 351; §10.2.2; equation (10.2.8)	assertion	equation	⟨ΦGS|Ŝx·Ŝy|ΦGS⟩ is >0 for x,y both in A or both in B, and <0 for x∈A,y∈B or x∈B,y∈A. (10.2.8)	PENDING	NONE	NONE	false	NONE	NONE	NONE
CL-TASAKI2020-3147	TASAKI2020	000362.0007	PG-TASAKI2020-0362	PDF p. 362; print p. 351; §10.2.2; paragraph 5; atom 1	out_of_scope	remark	The correlation inequalities (10.2.7) and (10.2.8) suggest a similarity with the antiferromagnetic Heisenberg model.	PENDING	analogy-prose-not-formal-claim	CORPUS-NORMALIZATION-INDEPENDENT-REVIEW	false	NONE	NONE	NONE
CL-TASAKI2020-3358	TASAKI2020	000362.0008	PG-TASAKI2020-0362	PDF p. 362; print p. 351; §10.2.2; paragraph 5; atom 2	assertion	remark	Inequality (10.2.8) is exactly the same as inequality (2.5.7).	PENDING	NONE	NONE	false	NONE	NONE	NONE
CL-TASAKI2020-3359	TASAKI2020	000362.0009	PG-TASAKI2020-0362	PDF p. 362; print p. 351; §10.2.2; paragraph 5; atom 3	assertion	remark	Inequality (10.2.7) is the same as the more general inequality (4.1.15).	PENDING	NONE	NONE	false	NONE	NONE	NONE
CL-TASAKI2020-3148	TASAKI2020	000362.0010	PG-TASAKI2020-0362	PDF p. 362; print p. 351; §10.2.2; paragraph 5; audit split atom 2/5	conjecture	conjecture	It is likely that the half-filled Hubbard model on the cubic lattice with sufficiently large U has antiferromagnetic long-range order in its ground state.	PENDING	NONE	NONE	false	NONE	NONE	NONE
CL-TASAKI2020-3150	TASAKI2020	000362.0011	PG-TASAKI2020-0362	PDF p. 362; print p. 351; §10.2.2; paragraph 5; audit split atom 4/5	assertion	subclaim	The model with uniform interaction (10.2.5) is a special case of the model with symmetric interaction (10.2.6), as shown by (10.2.9).	PENDING	NONE	NONE	false	NONE	NONE	NONE
CL-TASAKI2020-3151	TASAKI2020	000362.0012	PG-TASAKI2020-0362	PDF p. 362; print p. 351; §10.2.2; paragraph 5; audit split atom 5/5	assertion	subclaim	It therefore suffices to consider Ĥ_rep = Ĥ_hop + Ĥ′_int with arbitrary U_x > 0.	PENDING	NONE	NONE	false	NONE	NONE	NONE
CL-TASAKI2020-1875	TASAKI2020	000362.0013	PG-TASAKI2020-0362	PDF p. 362; print p. 351; §10.2.2; equation (10.2.9)	assertion	equation	Ĥ′_int = U∑_{x∈Λ}n̂_{x,↑}n̂_{x,↓}−(U/2)∑_{x∈Λ}(n̂_{x,↑}+n̂_{x,↓})+(U/4)|Λ| = Ĥ_int−(U/2)N̂+(U/4)|Λ|. (10.2.9)	PENDING	NONE	NONE	false	NONE	NONE	NONE
CL-TASAKI2020-1876	TASAKI2020	000363.0001	PG-TASAKI2020-0363	PDF p. 363; print p. 352; §10.2.2; paragraph 2, atom 1	hypothesis	hypothesis	We assume for the moment that N = |Λ| is even.	PENDING	NONE	NONE	false	NONE	NONE	NONE
CL-TASAKI2020-1877	TASAKI2020	000363.0002	PG-TASAKI2020-0363	PDF p. 363; print p. 352; §10.2.2; paragraph 2, atom 2	assertion	unnumbered_obligation	In other words, H_{N/2,N/2} consists of all linear combinations of the basis states (9.2.35) that satisfy ∑_{j=1}^N σ_j = 0.	PENDING	NONE	NONE	false	NONE	NONE	NONE
CL-TASAKI2020-1878	TASAKI2020	000363.0003	PG-TASAKI2020-0363	PDF p. 363; print p. 352; §10.2.2; paragraph 2, atom 3	assertion	unnumbered_obligation	The Shiba transformation maps Ĥ^rep=Ĥ_hop+Ĥ′_int to the attractive Hamiltonian (10.2.10).	PENDING	NONE	NONE	false	NONE	NONE	NONE
CL-TASAKI2020-1879	TASAKI2020	000363.0004	PG-TASAKI2020-0363	PDF p. 363; print p. 352; §10.2.2; equation (10.2.10)	assertion	equation	Ĥ^att:=Û^S Ĥ^rep(Û^S)†=Ĥ_hop−Ĥ′_int. (10.2.10)	PENDING	NONE	NONE	false	NONE	NONE	NONE
CL-TASAKI2020-1880	TASAKI2020	000363.0005	PG-TASAKI2020-0363	PDF p. 363; print p. 352; §10.2.2; equation (10.2.11)	assertion	equation	−Ĥint′ = Ĥatt-int + ∑_{x∈Λ}(Ux/2)(n̂x,↑+n̂x,↓) + (1/4)∑_{x∈Λ}Ux. (10.2.11)	PENDING	NONE	NONE	false	NONE	NONE	NONE
CL-TASAKI2020-1881	TASAKI2020	000363.0006	PG-TASAKI2020-0363	PDF p. 363; print p. 352; §10.2.2; paragraph 5, atom 1	assertion	unnumbered_obligation	Therefore, by including the on-site potential (U_x/2)(n̂_{x,↑}+n̂_{x,↓}) into the hopping Hamiltonian (and omitting the additive constant), we see that Ĥ^att=Ĥ_hop−Ĥ′_int has a precise form to which Theorem 10.2 applies.	PENDING	NONE	NONE	false	NONE	NONE	NONE
CL-TASAKI2020-1882	TASAKI2020	000363.0007	PG-TASAKI2020-0363	PDF p. 363; print p. 352; §10.2.2; paragraph 5, atom 2	assertion	unnumbered_obligation	We find that the ground state of Ĥ att (in the whole Hilbert space H N ) is unique and has Stot = 0, and hence is in H N /2,N /2 .	PENDING	NONE	NONE	false	NONE	NONE	NONE
CL-TASAKI2020-1883	TASAKI2020	000363.0008	PG-TASAKI2020-0363	PDF p. 363; print p. 352; §10.2.2; paragraph 5, atom 3	domain	domain	Let us see how the preceding argument should be modified when N = |Λ| is odd.	PENDING	NONE	NONE	false	NONE	NONE	NONE
CL-TASAKI2020-1884	TASAKI2020	000363.0009	PG-TASAKI2020-0363	PDF p. 363; print p. 352; §10.2.2; paragraph 5, atom 4	notation	notation	We also call it |Φ_GS^(0)⟩. It remains to determine the total spin of |Φ_GS^(0)⟩.	PENDING	NONE	NONE	false	NONE	NONE	NONE
CL-TASAKI2020-1885	TASAKI2020	000364.0001	PG-TASAKI2020-0364	PDF p. 364; print p. 353; §10.2.2; paragraph 2	assertion	unnumbered_obligation	For each pair x, y ∈ Λ such that x ≠ y, we change tx,y to a constant λ > 0 if tx,y is positive, and to −λ if tx,y is negative.	PENDING	NONE	NONE	false	NONE	NONE	NONE
CL-TASAKI2020-1886	TASAKI2020	000364.0002	PG-TASAKI2020-0364	PDF p. 364; print p. 353; §10.2.2; equation (10.2.12)	assertion	equation	Ĥ_eff = (4λ²/U)∑_{{x,y}∈B}(Ŝ_x·Ŝ_y−1/4). (10.2.12)	PENDING	NONE	NONE	false	NONE	NONE	NONE
CL-TASAKI2020-1887	TASAKI2020	000364.0003	PG-TASAKI2020-0364	PDF p. 364; print p. 353; §10.2.2; paragraph 4, atom 1	assertion	unnumbered_obligation	Then we can apply the Lieb–Mattis theorem (Theorem 2.3 on p.42) to conclude that the ground state of (10.2.12) (in the sector with S_tot^(3)=0 or S_tot^(3)=1/2) is unique and has S_tot=||A|−|B||/2.	PENDING	NONE	NONE	false	NONE	NONE	NONE
CL-TASAKI2020-1888	TASAKI2020	000364.0004	PG-TASAKI2020-0364	PDF p. 364; print p. 353; §10.2.2; paragraph 4, atom 2	assertion	unnumbered_obligation	From the invariance of S_tot, which we discussed above, we conclude that the ground state |Φ_GS^(0)⟩ of the Hubbard model also has S_tot=(|A|−|B|)/2.	PENDING	NONE	NONE	false	NONE	NONE	NONE
CL-TASAKI2020-1889	TASAKI2020	000365.0001	PG-TASAKI2020-0365	PDF p. 365; print p. 354; §10.2.2; paragraph 2	assertion	unnumbered_obligation	Under the Shiba transformation, the local spin raising and lowering operators are mapped as in (10.2.13).	PENDING	NONE	NONE	false	NONE	NONE	NONE
CL-TASAKI2020-1890	TASAKI2020	000365.0002	PG-TASAKI2020-0365	PDF p. 365; print p. 354; §10.2.2; equation (10.2.13)	assertion	equation	Ŝ_x^+=ĉ†_{x,↑}ĉ_{x,↓}→(−1)^x ĉ_{x,↑}ĉ_{x,↓}, Ŝ_x^−=ĉ†_{x,↓}ĉ_{x,↑}→(−1)^x ĉ†_{x,↓}ĉ†_{x,↑}. (10.2.13)	PENDING	NONE	NONE	false	NONE	NONE	NONE
CL-TASAKI2020-1891	TASAKI2020	000365.0003	PG-TASAKI2020-0365	PDF p. 365; print p. 354; §10.2.2; paragraph 5	assertion	unnumbered_obligation	The particle-hole transformation (10.2.13) implies the correlation identity (10.2.14).	PENDING	NONE	NONE	false	NONE	NONE	NONE
CL-TASAKI2020-1892	TASAKI2020	000365.0004	PG-TASAKI2020-0365	PDF p. 365; print p. 354; §10.2.2; equation (10.2.14)	assertion	equation	(−1)^x(−1)^y⟨Φ_GS^rep|Ŝ_x^+Ŝ_y^−|Φ_GS^rep⟩=⟨Φ_GS^att|ĉ†_(y,↑)ĉ†_(y,↓)ĉ_(x,↓)ĉ_(x,↑)|Φ_GS^att⟩. (10.2.14)	PENDING	NONE	NONE	false	NONE	NONE	NONE
CL-TASAKI2020-1893	TASAKI2020	000365.0005	PG-TASAKI2020-0365	PDF p. 365; print p. 354; §10.2.3; paragraph 9	hypothesis	hypothesis	We assume, without loss of generality, that | A| > |B|.	PENDING	NONE	NONE	false	NONE	NONE	NONE
CL-TASAKI2020-1894	TASAKI2020	000365.0006	PG-TASAKI2020-0365	PDF p. 365; print p. 354; §10.2.3; equation (10.2.15)	assertion	equation	|A| − |B| = a |Λ|, (10.2.15)	PENDING	NONE	NONE	false	NONE	NONE	NONE
CL-TASAKI2020-1895	TASAKI2020	000365.0007	PG-TASAKI2020-0365	PDF p. 365; print p. 354; §10.2.3; paragraph 11	assertion	unnumbered_obligation	When the sublattice B is identical to the L × L square lattice, we have |A| = 2L 2 , |B| = L 2 , and |Λ| = | A| + |B| = 3L 2 .	PENDING	NONE	NONE	false	NONE	NONE	NONE
CL-TASAKI2020-1896	TASAKI2020	000366.0001	PG-TASAKI2020-0366	PDF p. 366; print p. 355; §10.2.3; paragraph 3, atom 1	hypothesis	hypothesis	Consider the repulsive Hubbard model at half filling on a bipartite lattice, under the hypotheses of Theorem 10.4.	PENDING	NONE	NONE	false	NONE	NONE	NONE
CL-TASAKI2020-1897	TASAKI2020	000366.0002	PG-TASAKI2020-0366	PDF p. 366; print p. 355; §10.2.3; paragraph 3, atom 2	assertion	unnumbered_obligation	When (10.2.15) holds, we have Stot = (a/2)|Λ|, which means that the ground states have bulk magnetization.	PENDING	NONE	NONE	false	NONE	NONE	NONE
CL-TASAKI2020-1898	TASAKI2020	000366.0003	PG-TASAKI2020-0366	PDF p. 366; print p. 355; §10.2.3; Fig. 10.2 caption	assertion	remark	Fig. 10.2 An example of a bipartite lattice in which the numbers of sites in the two sublattices are macroscopically different. Lieb’s theorems imply that the repulsive Hubbard model at half-filling on this lattice exhibits ferrimagnetism, and the attractive Hubbard model with filling factor ν in the range 1/3 < ν < 2/3 exhibits superconductivity. The lattice used to be called the CuO lattice, but now is mostly known as the Lieb lattice.	PENDING	NONE	NONE	false	NONE	NONE	NONE
CL-TASAKI2020-1899	TASAKI2020	000367.0001	PG-TASAKI2020-0367	PDF p. 367; print p. 356; §10.2.3; equation (10.2.16)	assertion	equation	(ÔL)² := ∑_{x,y∈Λ}(−1)^x(−1)^y Ŝx·Ŝy. (10.2.16)	PENDING	NONE	NONE	false	NONE	NONE	NONE
CL-TASAKI2020-1900	TASAKI2020	000367.0002	PG-TASAKI2020-0367	PDF p. 367; print p. 356; §10.2.3; Theorem 10.6	assertion	theorem	Theorem 10.6 Under the same condition as Theorem 10.4 (p. 350), we have ⟨Φ_GS|(Ô_L)²|Φ_GS⟩ ≥ ((|A|−|B|)/2)², (10.2.17) for any ground state |Φ_GS⟩. The left-hand side is independent of the choice of the ground state.	PENDING	NONE	NONE	false	NONE	NONE	NONE
CL-TASAKI2020-1902	TASAKI2020	000367.0003	PG-TASAKI2020-0367	PDF p. 367; print p. 356; §10.2.3; equation (10.2.17)	assertion	equation	⟨ΦGS|(Ô_L)²|ΦGS⟩≥((|A|−|B|)/2)². (10.2.17)	PENDING	NONE	NONE	false	NONE	NONE	NONE
CL-TASAKI2020-3313	TASAKI2020	000367.0004	PG-TASAKI2020-0367	PDF p. 367; print p. 356; §10.2.3; Proposition 10.7; v8 source-atomic partition	hypothesis	hypothesis	Suppose that the hopping amplitude T=(t_{x,y})_{x,y∈Λ} is bipartite.	PENDING	NONE	NONE	false	NONE	NONE	NONE
CL-TASAKI2020-1905	TASAKI2020	000367.0005	PG-TASAKI2020-0367	PDF p. 367; print p. 356; §10.2.3; paragraph 2, atom 3	hypothesis	hypothesis	We assume | A| ≥ |B|.	PENDING	NONE	NONE	false	NONE	NONE	NONE
CL-TASAKI2020-1906	TASAKI2020	000367.0006	PG-TASAKI2020-0367	PDF p. 367; print p. 356; §10.2.3; paragraph 2, atom 4	notation	notation	We denote by ε j with j = 1, . . . , |Λ| the single-electron energy eigenvalues determined by (9.3.5).	PENDING	NONE	NONE	false	NONE	NONE	NONE
CL-TASAKI2020-1907	TASAKI2020	000367.0007	PG-TASAKI2020-0367	PDF p. 367; print p. 356; §10.2.3; paragraph 2, atom 5	hypothesis	hypothesis	We assume that they are ordered so that ε j ≤ ε j+1 .	PENDING	NONE	NONE	false	NONE	NONE	NONE
CL-TASAKI2020-3314	TASAKI2020	000367.0008	PG-TASAKI2020-0367	PDF p. 367; print p. 356; §10.2.3; Proposition 10.7; v8 source-atomic partition	assertion	unnumbered_obligation	The energy eigenvalues satisfy ε_{|Λ|−j}=−ε_j for j=1,…,|Λ|.	PENDING	NONE	NONE	false	NONE	NONE	NONE
CL-TASAKI2020-3315	TASAKI2020	000367.0009	PG-TASAKI2020-0367	PDF p. 367; print p. 356; §10.2.3; Proposition 10.7; v8 source-atomic partition	assertion	unnumbered_obligation	There are at least |A|−|B| zero-energy eigenvalues.	PENDING	NONE	NONE	false	NONE	NONE	NONE
CL-TASAKI2020-3316	TASAKI2020	000367.0010	PG-TASAKI2020-0367	PDF p. 367; print p. 356; §10.2.3; Proposition 10.7; v8 source-atomic partition	assertion	unnumbered_obligation	Consequently ε_j=0 for every j∈I₀:={|B|+1,|B|+2,…,|A|}.	PENDING	NONE	NONE	false	NONE	NONE	NONE
CL-TASAKI2020-1908	TASAKI2020	000367.0011	PG-TASAKI2020-0367	PDF p. 367; print p. 356; §10.2.3; paragraph 2, atom 6	domain	domain	Let h A (resp. h B ) be the |A| dimensional (resp. |B| dimensional) subspace of the single-electron Hilbert space h that consists of states ϕ = (ϕ(x))x∈Λ such that ϕ(x) = 0 unless x ∈ A (resp. x ∈ B).	PENDING	NONE	NONE	false	NONE	NONE	NONE
CL-TASAKI2020-1909	TASAKI2020	000368.0001	PG-TASAKI2020-0368	PDF p. 368; print p. 357; §10.2.3; paragraph 3	assertion	remark	Fig. 10.3 a The diamond chain is a simple example which satisfies (10.2.15) with a = 1/3. b The state localized at the two sites with half-odd-integer x is an exact zero-energy eigenstate of the single-electron Schrödinger equation (10.2.18).	PENDING	NONE	NONE	false	NONE	NONE	NONE
CL-TASAKI2020-1910	TASAKI2020	000368.0002	PG-TASAKI2020-0368	PDF p. 368; print p. 357; §10.2.3; equation (10.2.18)	assertion	equation	∑_{ν=±}t{ϕ((x−1/2,ν))+ϕ((x+1/2,ν))}=εϕ(x) for x=1,2,…,L;  t{ϕ(x−1/2)+ϕ(x+1/2)}=εϕ((x,ν)) for x=1/2,3/2,…,L−1/2 and ν=±. (10.2.18)	PENDING	NONE	NONE	false	NONE	NONE	NONE
CL-TASAKI2020-1911	TASAKI2020	000368.0003	PG-TASAKI2020-0368	PDF p. 368; print p. 357; §10.2.3; paragraph 5	assertion	unnumbered_obligation	There are 2L energy eigenstates ψ^(k), whose components are given by (10.2.19).	PENDING	NONE	NONE	false	NONE	NONE	NONE
CL-TASAKI2020-1912	TASAKI2020	000368.0004	PG-TASAKI2020-0368	PDF p. 368; print p. 357; §10.2.3; equation (10.2.19)	assertion	equation	ψ^(k)(x)=√2e^{ikx} for x=1,2,…,L;  ψ^(k)((x,ν))=e^{ikx} for x=1/2,3/2,…,L−1/2 and ν=±. (10.2.19)	PENDING	NONE	NONE	false	NONE	NONE	NONE
CL-TASAKI2020-3152	TASAKI2020	000368.0005	PG-TASAKI2020-0368	PDF p. 368; print p. 357; §10.2.3; paragraph 6; atom 1	assertion	unnumbered_obligation	The dispersive single-electron states have k=(2π/L)n with n=1,…,2L.	PENDING	NONE	NONE	false	NONE	NONE	NONE
CL-TASAKI2020-3360	TASAKI2020	000368.0006	PG-TASAKI2020-0368	PDF p. 368; print p. 357; §10.2.3; paragraph 6; atom 2	assertion	unnumbered_obligation	The corresponding energy eigenvalues are ε(k)=2√2t cos(k/2).	PENDING	NONE	NONE	false	NONE	NONE	NONE
CL-TASAKI2020-3153	TASAKI2020	000368.0007	PG-TASAKI2020-0368	PDF p. 368; print p. 357; §10.2.3; paragraph 6; atom 1	assertion	unnumbered_obligation	There are exactly L zero-energy eigenstates localized at the two sites with half-odd-integer x.	PENDING	NONE	NONE	false	NONE	NONE	NONE
CL-TASAKI2020-3361	TASAKI2020	000368.0008	PG-TASAKI2020-0368	PDF p. 368; print p. 357; §10.2.3; paragraph 6; atom 2	assertion	unnumbered_obligation	Each localized zero-energy state has only the nonvanishing components +1 on (x,+) and −1 on (x,−).	PENDING	NONE	NONE	false	NONE	NONE	NONE
CL-TASAKI2020-3154	TASAKI2020	000368.0009	PG-TASAKI2020-0368	PDF p. 368; print p. 357; §10.2.3; paragraph 6; audit split atom 3/3	assertion	unnumbered_obligation	These L localized states span the flat band.	PENDING	NONE	NONE	false	NONE	NONE	NONE
CL-TASAKI2020-1914	TASAKI2020	000369.0001	PG-TASAKI2020-0369	PDF p. 369; print p. 358; §10.2.3; paragraph 2, atom 1	notation	notation	As in (9.3.20), we denote by â †j,σ the creation operator of an electron with spin σ in the single-electron energy eigenstate which corresponds to ε j .	PENDING	NONE	NONE	false	NONE	NONE	NONE
CL-TASAKI2020-1915	TASAKI2020	000369.0002	PG-TASAKI2020-0369	PDF p. 369; print p. 358; §10.2.3; paragraph 2, atom 2	notation	notation	As in Proposition 10.7, we denote by I0 = {|B| + 1, . . . , |A|} the set of indices j which correspond to the zero-energy eigenstates.	PENDING	NONE	NONE	false	NONE	NONE	NONE
CL-TASAKI2020-1916	TASAKI2020	000369.0003	PG-TASAKI2020-0369	PDF p. 369; print p. 358; §10.2.3; equation (10.2.20)	assertion	equation	|Θ_{S_↑,S_↓}⟩ = (∏_{j∈S_↑}â†_{j,↑})(∏_{j∈S_↓}â†_{j,↓})(∏_{j=1}^{|B|}â†_{j,↑}â†_{j,↓})|Φ_vac⟩. (10.2.20)	PENDING	NONE	NONE	false	NONE	NONE	NONE
CL-TASAKI2020-1917	TASAKI2020	000369.0004	PG-TASAKI2020-0369	PDF p. 369; print p. 358; §10.2.3; paragraph 4, atom 1	assertion	unnumbered_obligation	We have thus seen that the ground states for U = 0 (or Ux = 0 for all x) are highly degenerate.	PENDING	NONE	NONE	false	NONE	NONE	NONE
CL-TASAKI2020-3317	TASAKI2020	000369.0005	PG-TASAKI2020-0369	PDF p. 369; print p. 358; §10.2.3; Problem 10.2.3.a; v8 source-atomic partition	domain	domain	Consider the Lieb lattice in Fig. 10.2 with periodic boundary conditions.	PENDING	NONE	NONE	false	NONE	NONE	NONE
CL-TASAKI2020-1919	TASAKI2020	000369.0006	PG-TASAKI2020-0369	PDF p. 369; print p. 358; §10.2.3; paragraph 4, atom 2	hypothesis	hypothesis	We assume that the B sublattice is identical to the L × L square lattice with even L.	PENDING	NONE	NONE	false	NONE	NONE	NONE
CL-TASAKI2020-1920	TASAKI2020	000369.0007	PG-TASAKI2020-0369	PDF p. 369; print p. 358; §10.2.3; paragraph 4, atom 3	hypothesis	hypothesis	Assume that there is a constant hopping amplitude t ∈ R between each pair of neighboring sites, i.e., sites connected by a bond in Fig. 10.2.	PENDING	NONE	NONE	false	NONE	NONE	NONE
CL-TASAKI2020-3318	TASAKI2020	000369.0008	PG-TASAKI2020-0369	PDF p. 369; print p. 358; §10.2.3; Problem 10.2.3.a; v8 source-atomic partition	assertion	problem	Find the zero-energy eigenstates of the corresponding single-electron Schrödinger equation (9.3.4). [solution→p.517]	PENDING	NONE	NONE	false	NONE	NONE	NONE
CL-TASAKI2020-1921	TASAKI2020	000370.0001	PG-TASAKI2020-0370	PDF p. 370; print p. 359; §10.2.3; paragraph 2, atom 1	hypothesis	hypothesis	We assume that the hopping amplitude (tx,y )x,y∈Λ is bipartite, i.e., tx,y is nonvanishing only when x ∈ A, y ∈ B or x ∈ B, y ∈ A.	PENDING	NONE	NONE	false	NONE	NONE	NONE
CL-TASAKI2020-1922	TASAKI2020	000370.0002	PG-TASAKI2020-0370	PDF p. 370; print p. 359; §10.2.3; paragraph 2, atom 2	hypothesis	hypothesis	We further assume that tx,y = t y,x ∈ R, and that the whole lattice Λ is connected through nonvanishing tx,y .	PENDING	NONE	NONE	false	NONE	NONE	NONE
CL-TASAKI2020-1923	TASAKI2020	000370.0003	PG-TASAKI2020-0370	PDF p. 370; print p. 359; §10.2.3; equation (10.2.21)	assertion	equation	Ĥ′_att-int := −∑_{x∈Λ}U_x(n̂_{x,↑}−1/2)(n̂_{x,↓}−1/2). (10.2.21)	PENDING	NONE	NONE	false	NONE	NONE	NONE
CL-TASAKI2020-1924	TASAKI2020	000370.0004	PG-TASAKI2020-0370	PDF p. 370; print p. 359; §10.2.3; paragraph 4, atom 1	hypothesis	hypothesis	Assume U_x > 0 for every x ∈ Λ.	PENDING	NONE	NONE	false	NONE	NONE	NONE
CL-TASAKI2020-1925	TASAKI2020	000370.0005	PG-TASAKI2020-0370	PDF p. 370; print p. 359; §10.2.3; Theorem 10.8	assertion	theorem	Theorem 10.8 (Lieb–Shen–Qiu superconductivity) Consider the attractive Hubbard model defined above, and let N be even with 2|B|≤N≤2|A|. Then the unique ground state |Φ_GS⟩ of Ĥ_hop+Ĥ′_att-int satisfies (10.2.22).	PENDING	NONE	NONE	false	NONE	NONE	NONE
CL-TASAKI2020-1928	TASAKI2020	000370.0006	PG-TASAKI2020-0370	PDF p. 370; print p. 359; §10.2.3; equation (10.2.22)	assertion	equation	⟨Φ_GS|(∑_{x∈Λ}ĉ_{x,↓}ĉ_{x,↑})†(∑_{x∈Λ}ĉ_{x,↓}ĉ_{x,↑})|Φ_GS⟩ ≥ (|A|−N/2)(N/2−|B|). (10.2.22)	PENDING	NONE	NONE	false	NONE	NONE	NONE
CL-TASAKI2020-1929	TASAKI2020	000370.0007	PG-TASAKI2020-0370	PDF p. 370; print p. 359; §10.2.3; paragraph 5	hypothesis	hypothesis	Suppose that (10.2.15) is satisfied with 0 < a < 1.	PENDING	NONE	NONE	false	NONE	NONE	NONE
CL-TASAKI2020-1930	TASAKI2020	000370.0008	PG-TASAKI2020-0370	PDF p. 370; print p. 359; §10.2.3; equation (10.2.23)	assertion	equation	(1/|Λ|²)⟨Φ_GS|(∑_{x∈Λ}ĉ_{x,↓}ĉ_{x,↑})†(∑_{x∈Λ}ĉ_{x,↓}ĉ_{x,↑})|Φ_GS⟩ ≥ ((1+a)/2−ν)(ν−(1−a)/2). (10.2.23)	PENDING	NONE	NONE	false	NONE	NONE	NONE
CL-TASAKI2020-1931	TASAKI2020	000370.0009	PG-TASAKI2020-0370	PDF p. 370; print p. 359; §10.2.3; paragraph 6	hypothesis	hypothesis	The lower bound (10.2.23) is strictly positive for every |Λ| when the filling factor satisfies (1 − a)/2 < ν < (1 + a)/2.	PENDING	NONE	NONE	false	NONE	NONE	NONE
CL-TASAKI2020-1932	TASAKI2020	000371.0001	PG-TASAKI2020-0371	PDF p. 371; print p. 360; §10.2.3; equation (10.2.24)	assertion	equation	ĉ†_(x,↑)ĉ†_(x,↓)ĉ_(y,↓)ĉ_(y,↑)→(−1)^x(−1)^yŜ_x^−Ŝ_y^+=(−1)^x(−1)^y(Ŝ_x^(1)Ŝ_y^(1)+Ŝ_x^(2)Ŝ_y^(2))−δ_(x,y)Ŝ_x^(3). (10.2.24)	PENDING	NONE	NONE	false	NONE	NONE	NONE
CL-TASAKI2020-1933	TASAKI2020	000371.0002	PG-TASAKI2020-0371	PDF p. 371; print p. 360; §10.2.3; equation (10.2.25)	assertion	equation	0≤⟨Φ_GS|ĉ†_(x,↑)ĉ†_(x,↓)ĉ_(y,↓)ĉ_(y,↑)|Φ_GS⟩=(−1)^x(−1)^y⟨Φ′_GS|(Ŝ_x^(1)Ŝ_y^(1)+Ŝ_x^(2)Ŝ_y^(2))|Φ′_GS⟩. (10.2.25)	PENDING	NONE	NONE	false	NONE	NONE	NONE
CL-TASAKI2020-1934	TASAKI2020	000371.0003	PG-TASAKI2020-0371	PDF p. 371; print p. 360; §10.2.3; equation (10.2.26)	assertion	equation	⟨Φ_GS|(∑_{x∈Λ}ĉ†_{x,↑}ĉ†_{x,↓})†(∑_{x∈Λ}ĉ†_{x,↑}ĉ†_{x,↓})|Φ_GS⟩ = ⟨Φ′_GS|∑_{α=1,2}(∑_{x∈Λ}(−1)^xŜ_x^(α))²|Φ′_GS⟩ − ⟨Φ′_GS|∑_{x∈Λ}Ŝ_x^(3)|Φ′_GS⟩ ≥ ⟨Φ′_GS|∑_{α=1,2}(∑_{x∈Λ}Ŝ_x^(α))²|Φ′_GS⟩ − ⟨Φ′_GS|∑_{x∈Λ}Ŝ_x^(3)|Φ′_GS⟩ = ⟨Φ′_GS|{(Ŝ_tot^(1))²+(Ŝ_tot^(2))²}|Φ′_GS⟩−⟨Φ′_GS|Ŝ_tot^(3)|Φ′_GS⟩ = S_tot(S_tot+1)−(S_tot^(3))²+S_tot^(3) = (|A|−N/2)(N/2+1−|B|) ≥ (|A|−N/2)(N/2−|B|). (10.2.26)	PENDING	NONE	NONE	false	NONE	NONE	NONE
CL-TASAKI2020-1935	TASAKI2020	000372.0001	PG-TASAKI2020-0372	PDF p. 372; print p. 361; §10.2.4; paragraph 4, atom 1	domain	domain	Let S = { A | A ⊂ Λ, |A| = N /2} be the set of all subsets of Λ containing N /2 sites.	PENDING	NONE	NONE	false	NONE	NONE	NONE
CL-TASAKI2020-1936	TASAKI2020	000372.0002	PG-TASAKI2020-0372	PDF p. 372; print p. 361; §10.2.4; equation (10.2.27)	assertion	equation	|Ξ_{A,B}⟩ := (∏_{x∈A}ĉ†_{x,↑})(∏_{x∈B}ĉ†_{x,↓})|Φ_vac⟩. (10.2.27)	PENDING	NONE	NONE	false	NONE	NONE	NONE
CL-TASAKI2020-1937	TASAKI2020	000372.0003	PG-TASAKI2020-0372	PDF p. 372; print p. 361; §10.2.4; paragraph 5	hypothesis	hypothesis	Here, and in what follows, we fix an ordering of sites in Λ, and assume that products always respect the ordering.	PENDING	NONE	NONE	false	NONE	NONE	NONE
CL-TASAKI2020-1938	TASAKI2020	000372.0004	PG-TASAKI2020-0372	PDF p. 372; print p. 361; §10.2.4; equation (10.2.28)	assertion	equation	T_{A,B}:=⟨Φ_vac|(∏_{x∈A}ĉ†_{x,σ})†Ĥ_hop(∏_{x∈B}ĉ†_{x,σ})|Φ_vac⟩. (10.2.28)	PENDING	NONE	NONE	false	NONE	NONE	NONE
CL-TASAKI2020-1939	TASAKI2020	000373.0001	PG-TASAKI2020-0373	PDF p. 373; print p. 362; §10.2.4; equation (10.2.29)	assertion	equation	⟨Ξ A′ ,B ′ | Ĥhop |Ξ A,B ⟩ = T A′ ,A δ B ′ ,B + δ A′ ,A TB ′ ,B . (10.2.29)	PENDING	NONE	NONE	false	NONE	NONE	NONE
CL-TASAKI2020-1940	TASAKI2020	000373.0002	PG-TASAKI2020-0373	PDF p. 373; print p. 362; §10.2.4; equation (10.2.30)	assertion	equation	Ĥ_hop|Ξ_{A,B}⟩ = ∑_{A′,B′∈S}|Ξ_{A′,B′}⟩⟨Ξ_{A′,B′}|Ĥ_hop|Ξ_{A,B}⟩ = ∑_{A′∈S}T_{A′,A}|Ξ_{A′,B}⟩+∑_{B′∈S}T_{B,B′}|Ξ_{A,B′}⟩. (10.2.30)	PENDING	NONE	NONE	false	NONE	NONE	NONE
CL-TASAKI2020-1941	TASAKI2020	000373.0003	PG-TASAKI2020-0373	PDF p. 373; print p. 362; §10.2.4; equation (10.2.31)	assertion	equation	Ĥ_att-int|Ξ_{A,B}⟩ = −∑_{x∈Λ}U_x I_A(x)I_B(x)|Ξ_{A,B}⟩. (10.2.31)	PENDING	NONE	NONE	false	NONE	NONE	NONE
CL-TASAKI2020-1942	TASAKI2020	000373.0004	PG-TASAKI2020-0373	PDF p. 373; print p. 362; §10.2.4; equation (10.2.32)	assertion	equation	I_A(x)={1 if x∈A; 0 if x∉A}. (10.2.32)	PENDING	NONE	NONE	false	NONE	NONE	NONE
CL-TASAKI2020-1943	TASAKI2020	000373.0005	PG-TASAKI2020-0373	PDF p. 373; print p. 362; §10.2.4; equation (10.2.33)	assertion	equation	|Γ(W)⟩ = ∑_{A,B∈S}W_{A,B}|Ξ_{A,B}⟩. (10.2.33)	PENDING	NONE	NONE	false	NONE	NONE	NONE
CL-TASAKI2020-1944	TASAKI2020	000373.0006	PG-TASAKI2020-0373	PDF p. 373; print p. 362; §10.2.4; paragraph 7, atom 1	domain	domain	Let W = (W A,B ) A,B∈S (with W A,B ∈ C) be a |S | × |S | matrix whose entries are indexed by elements of S .	PENDING	NONE	NONE	false	NONE	NONE	NONE
CL-TASAKI2020-1945	TASAKI2020	000373.0007	PG-TASAKI2020-0373	PDF p. 373; print p. 362; §10.2.4; paragraph 7, atom 2	definition	definition	For a matrix W = (W_(A,B))_(A,B∈S), define |Γ(W)⟩ by (10.2.33).	PENDING	NONE	NONE	false	NONE	NONE	NONE
CL-TASAKI2020-1946	TASAKI2020	000373.0008	PG-TASAKI2020-0373	PDF p. 373; print p. 362; §10.2.4; equation (10.2.34)	assertion	equation	⟨Γ(W)|Γ(W′)⟩ = ∑_{A,B∈S}(W_{A,B})*W′_{A,B}=Tr[W†W′]. (10.2.34)	PENDING	NONE	NONE	false	NONE	NONE	NONE
CL-TASAKI2020-1947	TASAKI2020	000373.0009	PG-TASAKI2020-0373	PDF p. 373; print p. 362; §10.2.4; paragraph 9	hypothesis	hypothesis	Suppose that |Γ (W)⟩ happens to be an eigenstate of Ĥ = Ĥhop + Ĥatt-int , i.e., it satisfies the Schrödinger equation Ĥ |Γ (W)⟩ = E|Γ (W)⟩.	PENDING	NONE	NONE	false	NONE	NONE	NONE
CL-TASAKI2020-1948	TASAKI2020	000374.0001	PG-TASAKI2020-0374	PDF p. 374; print p. 363; §10.2.4; equation (10.2.35)	assertion	equation	Ĥ|Γ(W)⟩ = ∑_{A,B,A′∈S}T_{A′,A}W_{A,B}|Ξ_{A′,B}⟩ + ∑_{A,B,B′∈S}W_{A,B}T_{B,B′}|Ξ_{A,B′}⟩ − ∑_{A,B∈S}∑_{x∈Λ}U_x I_A^(x)W_{A,B}I_B^(x)|Ξ_{A,B}⟩. (10.2.35)	PENDING	NONE	NONE	false	NONE	NONE	NONE
CL-TASAKI2020-1949	TASAKI2020	000374.0002	PG-TASAKI2020-0374	PDF p. 374; print p. 363; §10.2.4; equation (10.2.36)	assertion	equation	∑_{A′∈S}T_{A,A′}W_{A′,B}+∑_{B′∈S}W_{A,B′}T_{B′,B}−∑_{x∈Λ}U_x I_A^(x)W_{A,B}I_B^(x)=E W_{A,B}. (10.2.36)	PENDING	NONE	NONE	false	NONE	NONE	NONE
CL-TASAKI2020-1950	TASAKI2020	000374.0003	PG-TASAKI2020-0374	PDF p. 374; print p. 363; §10.2.4; equation (10.2.37)	assertion	equation	TW+WT−∑_{x∈Λ}U_xI^(x)WI^(x)=EW. (10.2.37)	PENDING	NONE	NONE	false	NONE	NONE	NONE
CL-TASAKI2020-1951	TASAKI2020	000374.0004	PG-TASAKI2020-0374	PDF p. 374; print p. 363; §10.2.4; equation (10.2.38)	assertion	equation	TW†+W†T−∑_{x∈Λ}U_xI^(x)W†I^(x)=EW†. (10.2.38)	PENDING	NONE	NONE	false	NONE	NONE	NONE
CL-TASAKI2020-1952	TASAKI2020	000374.0005	PG-TASAKI2020-0374	PDF p. 374; print p. 363; §10.2.4; paragraph 5, atom 1	assertion	unnumbered_obligation	The state |Γ(W†)⟩ is also an energy eigenstate with energy E.	PENDING	NONE	NONE	false	NONE	NONE	NONE
CL-TASAKI2020-1953	TASAKI2020	000374.0006	PG-TASAKI2020-0374	PDF p. 374; print p. 363; §10.2.4; paragraph 5, atom 2	domain	domain	Let us define Hermitian matrices W+ = W + W† and W− = (W − W† )i.	PENDING	NONE	NONE	false	NONE	NONE	NONE
CL-TASAKI2020-1954	TASAKI2020	000374.0007	PG-TASAKI2020-0374	PDF p. 374; print p. 363; §10.2.4; Lemma 10.9	assertion	lemma	Lemma 10.9 Suppose that a ground state (in the subspace ℋ_{N/2,N/2}) of Ĥ = Ĥ_hop + Ĥ_att-int is written as |Φ_GS⟩ = |Γ(W_GS)⟩ with a Hermitian matrix W_GS. Then W_GS must be either positive definite or negative definite.	PENDING	NONE	NONE	false	NONE	NONE	NONE
CL-TASAKI2020-1956	TASAKI2020	000374.0008	PG-TASAKI2020-0374	PDF p. 374; print p. 363; §10.2.4; paragraph 7	notation	notation	We use the standard notation v=(vA)A∈S for a column vector and v† for a row vector. The product u†v = ∑_{A∈S}(uA)*vA is a scalar, and vu† is a matrix with (vu†)A,B = vA(uB)*.	PENDING	NONE	NONE	false	NONE	NONE	NONE
CL-TASAKI2020-1957	TASAKI2020	000375.0001	PG-TASAKI2020-0375	PDF p. 375; print p. 364; §10.2.4; paragraph 2, atom 1	assertion	unnumbered_obligation	But (10.2.34) implies ⟨Φ′_GS|Φ_GS⟩=Tr[(W′_GS)†W_GS]>0, a contradiction. We next prove that the unique ground state has S_tot=0.	PENDING	NONE	NONE	false	NONE	NONE	NONE
CL-TASAKI2020-1958	TASAKI2020	000375.0002	PG-TASAKI2020-0375	PDF p. 375; print p. 364; §10.2.4; paragraph 2, atom 2	assertion	unnumbered_obligation	Then note that we have (WGS ) A,A ≠ 0 for any A ∈ S since WGS is either positive or negative definite.	PENDING	NONE	NONE	false	NONE	NONE	NONE
CL-TASAKI2020-1959	TASAKI2020	000375.0003	PG-TASAKI2020-0375	PDF p. 375; print p. 364; §10.2.4; paragraph 2, atom 3	notation	notation	For an arbitrary Hermitian W such that Tr[W2 ] = 1 (and hence ⟨Γ (W)|Γ (W)⟩ = 1), we write the corresponding energy expectation value as E (W) = ⟨Γ (W)| Ĥ |Γ (W)⟩.	PENDING	NONE	NONE	false	NONE	NONE	NONE
CL-TASAKI2020-1960	TASAKI2020	000375.0004	PG-TASAKI2020-0375	PDF p. 375; print p. 364; §10.2.4; equation (10.2.39)	assertion	equation	E(W)=∑_{A,B,A′∈S}(W_{A′,B})*T_{A′,A}W_{A,B}+∑_{A,B,B′∈S}(W_{A,B′})*W_{A,B}T_{B,B′}−∑_{x∈Λ}U_x∑_{A,B∈S}(W_{A,B})*I_A^(x)W_{A,B}I_B^(x)=2Tr[W²T]−∑_{x∈Λ}U_xTr[WI^(x)WI^(x)]. (10.2.39)	PENDING	NONE	NONE	false	NONE	NONE	NONE
CL-TASAKI2020-1962	TASAKI2020	000375.0005	PG-TASAKI2020-0375	PDF p. 375; print p. 364; §10.2.4; equation (10.2.40)	assertion	equation	W=∑_{j=1}^{|S|}λ_jv_jv_j†. (10.2.40)	PENDING	NONE	NONE	false	NONE	NONE	NONE
CL-TASAKI2020-1963	TASAKI2020	000375.0006	PG-TASAKI2020-0375	PDF p. 375; print p. 364; §10.2.4; paragraph 4	assertion	unnumbered_obligation	We have chosen the eigenvectors so that {v j } j=1,...,|S | forms an orthonormal basis.	PENDING	NONE	NONE	false	NONE	NONE	NONE
CL-TASAKI2020-1964	TASAKI2020	000375.0007	PG-TASAKI2020-0375	PDF p. 375; print p. 364; §10.2.4; paragraph 6, atom 1	assertion	unnumbered_obligation	If M is positive definite and M′ is positive semidefinite and nonzero, then Tr[MM′]>0.	PENDING	NONE	NONE	false	NONE	NONE	NONE
CL-TASAKI2020-1965	TASAKI2020	000375.0008	PG-TASAKI2020-0375	PDF p. 375; print p. 364; §10.2.4; paragraph 6, atom 2	notation	notation	Then Tr[MM′]=∑_{j=1}^D m_j(u_j†Mu_j)>0. See footnote 15 for the notation.	PENDING	NONE	NONE	false	NONE	NONE	NONE
CL-TASAKI2020-1966	TASAKI2020	000376.0001	PG-TASAKI2020-0376	PDF p. 376; print p. 365; §10.2.4; equation (10.2.41)	assertion	equation	E(W)=2∑_{j=1}^{|S|}λ_j²(v_j†Tv_j)−∑_{x∈Λ}U_x∑_{j,k=1}^{|S|}λ_jλ_k|v_j†I^(x)v_k|². (10.2.41)	PENDING	NONE	NONE	false	NONE	NONE	NONE
CL-TASAKI2020-1967	TASAKI2020	000376.0002	PG-TASAKI2020-0376	PDF p. 376; print p. 365; §10.2.4; paragraph 4	definition	definition	With the same λ_j and v_j as in (10.2.40), define |W| by (10.2.42).	PENDING	NONE	NONE	false	NONE	NONE	NONE
CL-TASAKI2020-1968	TASAKI2020	000376.0003	PG-TASAKI2020-0376	PDF p. 376; print p. 365; §10.2.4; equation (10.2.42)	assertion	equation	|W|:=∑_{j=1}^{|S|}|λ_j|v_jv_j†. (10.2.42)	PENDING	NONE	NONE	false	NONE	NONE	NONE
CL-TASAKI2020-1969	TASAKI2020	000376.0004	PG-TASAKI2020-0376	PDF p. 376; print p. 365; §10.2.4; paragraph 6	assertion	unnumbered_obligation	We thus see Tr[|W|2 ] = 1, and hence |Γ (|W|)⟩ is normalized.	PENDING	NONE	NONE	false	NONE	NONE	NONE
CL-TASAKI2020-1970	TASAKI2020	000376.0005	PG-TASAKI2020-0376	PDF p. 376; print p. 365; §10.2.4; equation (10.2.43)	assertion	equation	E (W) ≥ E (|W|) (10.2.43)	PENDING	NONE	NONE	false	NONE	NONE	NONE
CL-TASAKI2020-1971	TASAKI2020	000376.0006	PG-TASAKI2020-0376	PDF p. 376; print p. 365; §10.2.4; paragraph 8, atom 1	hypothesis	hypothesis	We now suppose that a ground state |ΦGS ⟩ is written as |Γ (WGS )⟩ with Hermitian WGS .	PENDING	NONE	NONE	false	NONE	NONE	NONE
CL-TASAKI2020-1972	TASAKI2020	000376.0007	PG-TASAKI2020-0376	PDF p. 376; print p. 365; §10.2.4; paragraph 8, atom 2	assertion	remark	Then since (10.2.43) implies E GS = E (WGS ) ≥ E (|WGS |), we find that |Γ (|WGS |)⟩ is also a ground state.	PENDING	NONE	NONE	false	NONE	NONE	NONE
CL-TASAKI2020-1973	TASAKI2020	000376.0008	PG-TASAKI2020-0376	PDF p. 376; print p. 365; §10.2.4; Lemma 10.10	assertion	lemma	Lemma 10.10 Let R be an |S| × |S| positive semidefinite matrix which satisfies TR + RT − ∑_{x∈Λ} U_x I^(x)RI^(x) = ER, (10.2.44) with some E ∈ ℝ. Then R is either positive definite or zero.	PENDING	NONE	NONE	false	NONE	NONE	NONE
CL-TASAKI2020-1974	TASAKI2020	000376.0009	PG-TASAKI2020-0376	PDF p. 376; print p. 365; §10.2.4; equation (10.2.44)	assertion	equation	TR + RT − ∑_{x∈Λ}U_x I^(x) R I^(x) = ER. (10.2.44)	PENDING	NONE	NONE	false	NONE	NONE	NONE
CL-TASAKI2020-1975	TASAKI2020	000376.0010	PG-TASAKI2020-0376	PDF p. 376; print p. 365; §10.2.4; paragraph 9, atom 1	hypothesis	hypothesis	Suppose that a ground state |ΦGS ⟩ is written as |Γ (WGS )⟩ with Hermitian WGS .	PENDING	NONE	NONE	false	NONE	NONE	NONE
CL-TASAKI2020-1976	TASAKI2020	000376.0011	PG-TASAKI2020-0376	PDF p. 376; print p. 365; §10.2.4; paragraph 9, atom 2	domain	domain	Let us set R = |WGS |.	PENDING	NONE	NONE	false	NONE	NONE	NONE
CL-TASAKI2020-1977	TASAKI2020	000376.0012	PG-TASAKI2020-0376	PDF p. 376; print p. 365; §10.2.4; paragraph 9, atom 3	assertion	remark	Since R represents a ground state it satisfies the Schrödinger equation (10.2.37) or (10.2.44) with E = E GS .	PENDING	NONE	NONE	false	NONE	NONE	NONE
CL-TASAKI2020-1978	TASAKI2020	000377.0001	PG-TASAKI2020-0377	PDF p. 377; print p. 366; §10.2.4; paragraph 2, atom 1	assertion	unnumbered_obligation	The lemma implies that R=|W_GS| is positive definite because it is nonzero.	PENDING	NONE	NONE	false	NONE	NONE	NONE
CL-TASAKI2020-1979	TASAKI2020	000377.0002	PG-TASAKI2020-0377	PDF p. 377; print p. 366; §10.2.4; equation (10.2.45)	assertion	equation	R=|W_GS|−W_GS=∑_{j=1}^{|S|}(|λ_j|−λ_j)v_jv_j†. (10.2.45)	PENDING	NONE	NONE	false	NONE	NONE	NONE
CL-TASAKI2020-1980	TASAKI2020	000377.0003	PG-TASAKI2020-0377	PDF p. 377; print p. 366; §10.2.4; paragraph 3, atom 1	assertion	unnumbered_obligation	Since WGS satisfies the Schrödinger equation (10.2.37) with E = E GS , this R also satisfies (10.2.44).	PENDING	NONE	NONE	false	NONE	NONE	NONE
CL-TASAKI2020-1981	TASAKI2020	000377.0004	PG-TASAKI2020-0377	PDF p. 377; print p. 366; §10.2.4; paragraph 3, atom 2	assertion	unnumbered_obligation	When R = 0, we immediately see from (10.2.45) that WGS equals |WGS | and hence is positive definite.	PENDING	NONE	NONE	false	NONE	NONE	NONE
CL-TASAKI2020-1982	TASAKI2020	000377.0005	PG-TASAKI2020-0377	PDF p. 377; print p. 366; §10.2.4; paragraph 3, atom 3	assertion	unnumbered_obligation	When R is positive definite, (10.2.45) implies λ j < 0 for all j and hence WGS is negative definite (and we have WGS = −|WGS |).	PENDING	NONE	NONE	false	NONE	NONE	NONE
CL-TASAKI2020-1983	TASAKI2020	000377.0006	PG-TASAKI2020-0377	PDF p. 377; print p. 366; §10.2.4; paragraph 3, atom 4	domain	domain	Take an arbitrary v ∈ ker R, and “sandwich” (10.2.44) by v † and v.	PENDING	NONE	NONE	false	NONE	NONE	NONE
CL-TASAKI2020-1984	TASAKI2020	000377.0007	PG-TASAKI2020-0377	PDF p. 377; print p. 366; §10.2.4; equation (10.2.46)	assertion	equation	∑_{x∈Λ}U_x v†I^(x)RI^(x)v=0. (10.2.46)	PENDING	NONE	NONE	false	NONE	NONE	NONE
CL-TASAKI2020-1985	TASAKI2020	000377.0008	PG-TASAKI2020-0377	PDF p. 377; print p. 366; §10.2.4; paragraph 4, atom 1	assertion	unnumbered_obligation	Noting that U_x>0 and R is positive semidefinite, we find v†I^(x)RI^(x)v=0 and hence RI^(x)v=0 for each x∈Λ.	PENDING	NONE	NONE	false	NONE	NONE	NONE
CL-TASAKI2020-1986	TASAKI2020	000377.0009	PG-TASAKI2020-0377	PDF p. 377; print p. 366; §10.2.4; paragraph 4, atom 2	assertion	unnumbered_obligation	We have thus found that v ∈ ker R implies I(x) v ∈ ker R for any x.	PENDING	NONE	NONE	false	NONE	NONE	NONE
CL-TASAKI2020-1987	TASAKI2020	000377.0010	PG-TASAKI2020-0377	PDF p. 377; print p. 366; §10.2.4; equation (10.2.47)	assertion	equation	v ∈ ker R =⇒ I(A) v ∈ ker R, (10.2.47)	PENDING	NONE	NONE	false	NONE	NONE	NONE
CL-TASAKI2020-1988	TASAKI2020	000377.0011	PG-TASAKI2020-0377	PDF p. 377; print p. 366; §10.2.4; equation (10.2.48)	assertion	equation	v ∈ ker R =⇒ Tv ∈ ker R. (10.2.48)	PENDING	NONE	NONE	false	NONE	NONE	NONE
CL-TASAKI2020-1989	TASAKI2020	000377.0012	PG-TASAKI2020-0377	PDF p. 377; print p. 366; §10.2.4; paragraph 7	assertion	unnumbered_obligation	Therefore, if δ (A) ∈ ker R and TB,A ≠ 0, then one sees from (10.2.47) and (10.2.48) that I(B) Tδ (A) ∈ ker R, and hence δ (B) ∈ ker R.	PENDING	NONE	NONE	false	NONE	NONE	NONE
CL-TASAKI2020-1990	TASAKI2020	000377.0013	PG-TASAKI2020-0377	PDF p. 377; print p. 366; §10.2.4; equation (10.2.49)	assertion	equation	δ (A) ∈ ker R =⇒ δ (B) ∈ ker R for any B ∈ S such that TB,A ≠ 0. (10.2.49)	PENDING	NONE	NONE	false	NONE	NONE	NONE
CL-TASAKI2020-1991	TASAKI2020	000377.0014	PG-TASAKI2020-0377	PDF p. 377; print p. 366; §10.2.4; paragraph 9, atom 1	hypothesis	hypothesis	Now, assume that R is not positive definite, and hence there exists at least one nonzero vector v 0 in ker R.	PENDING	NONE	NONE	false	NONE	NONE	NONE
CL-TASAKI2020-1992	TASAKI2020	000377.0015	PG-TASAKI2020-0377	PDF p. 377; print p. 366; §10.2.4; paragraph 9, atom 2	domain	domain	Let’s say that the A0 component of v 0 is nonvanishing, which is equivalent to I(A0 ) v 0 ≠ 0.	PENDING	NONE	NONE	false	NONE	NONE	NONE
CL-TASAKI2020-1993	TASAKI2020	000378.0001	PG-TASAKI2020-0378	PDF p. 378; print p. 367; §10.2.4; paragraph 2, atom 1	assertion	unnumbered_obligation	Since (10.2.47) implies I(A0 ) v 0 ∈ ker R, we see that δ (A0 ) ∈ ker R.	PENDING	NONE	NONE	false	NONE	NONE	NONE
CL-TASAKI2020-1994	TASAKI2020	000378.0002	PG-TASAKI2020-0378	PDF p. 378; print p. 367; §10.2.4; paragraph 2, atom 2	domain	domain	Let A1 , . . . , An ∈ S be such that T Ai ,A0 ≠ 0.	PENDING	NONE	NONE	false	NONE	NONE	NONE
CL-TASAKI2020-1995	TASAKI2020	000378.0003	PG-TASAKI2020-0378	PDF p. 378; print p. 367; §10.2.4; equation (10.2.50)	assertion	equation	S_{A,B}^{x,y}:=⟨Φ_vac|(∏_{z∈A}ĉ†_{z,σ})†ĉ†_{x,σ}ĉ_{y,σ}(∏_{z∈B}ĉ†_{z,σ})|Φ_vac⟩. (10.2.50)	PENDING	NONE	NONE	false	NONE	NONE	NONE
CL-TASAKI2020-1996	TASAKI2020	000378.0004	PG-TASAKI2020-0378	PDF p. 378; print p. 367; §10.2.4; equation (10.2.51)	assertion	equation	⟨Γ(W)|ĉ†_{x,↑}ĉ†_{x,↓}ĉ_{y,↓}ĉ_{y,↑}|Γ(W)⟩ = ⟨Γ(W)|ĉ†_{x,↑}ĉ_{y,↑}ĉ†_{x,↓}ĉ_{y,↓}|Γ(W)⟩ = ∑_{A,B,A′,B′∈S}(W_{A′,B′})*S_{A′,A}^{x,y}S_{B′,B}^{x,y}W_{A,B} = Tr[WS^{x,y}W(S^{x,y})†]. (10.2.51)	PENDING	NONE	NONE	false	NONE	NONE	NONE
CL-TASAKI2020-1997	TASAKI2020	000378.0005	PG-TASAKI2020-0378	PDF p. 378; print p. 367; §10.2.4; paragraph 4	assertion	unnumbered_obligation	Then ⟨Φ_GS|ĉ†_{x,↑}ĉ†_{x,↓}ĉ_{y,↓}ĉ_{y,↑}|Φ_GS⟩=Tr[W_GS S^{x,y}W_GS(S^{x,y})†]>0 from the lemma in footnote 16 (p. 364) because S^{x,y}W_GS(S^{x,y})† is positive semidefinite and nonvanishing.	PENDING	NONE	NONE	false	NONE	NONE	NONE
CL-TASAKI2020-1998	TASAKI2020	000378.0006	PG-TASAKI2020-0378	PDF p. 378; print p. 367; §10.2.5; paragraph 6	definition	definition	The thermodynamic function J for the grand-canonical ensemble is defined by (10.2.52).	PENDING	NONE	NONE	false	NONE	NONE	NONE
CL-TASAKI2020-1999	TASAKI2020	000379.0001	PG-TASAKI2020-0379	PDF p. 379; print p. 368; §10.2.5; equation (10.2.52)	assertion	equation	J(β,μ,(γ_x)_{x∈Λ},(η_x)_{x∈Λ}) = −(1/β)log Tr exp[−β(Ĥ−μN̂−∑_{x∈Λ,σ=↑,↓}γ_x n̂_{x,σ}−∑_{x∈Λ}η_x(ĉ†_{x,↑}ĉ†_{x,↓}+ĉ_{x,↓}ĉ_{x,↑}))]. (10.2.52)	PENDING	NONE	NONE	false	NONE	NONE	NONE
CL-TASAKI2020-2000	TASAKI2020	000379.0002	PG-TASAKI2020-0379	PDF p. 379; print p. 368; §10.2.5; paragraph 4	definition	definition	We define the charge susceptibility χ_c and the on-site pairing susceptibility χ_p by (10.2.53) and (10.2.54), respectively.	PENDING	NONE	NONE	false	NONE	NONE	NONE
CL-TASAKI2020-2001	TASAKI2020	000379.0003	PG-TASAKI2020-0379	PDF p. 379; print p. 368; §10.2.5; equation (10.2.53)	assertion	equation	χ_q^c(β,μ)=−[∂/∂γ̃_q][∂/∂γ̃_{−q}]J(β,μ,(γ_x),(η_x))|_{(γ_x)=(η_x)=0}≥0. (10.2.53)	PENDING	NONE	NONE	false	NONE	NONE	NONE
CL-TASAKI2020-2002	TASAKI2020	000379.0004	PG-TASAKI2020-0379	PDF p. 379; print p. 368; §10.2.5; equation (10.2.54)	assertion	equation	χ_q^p(β,μ)=−[∂/∂η̃_q][∂/∂η̃_{−q}]J(β,μ,(γ_x),(η_x))|_{(γ_x)=(η_x)=0}≥0. (10.2.54)	PENDING	NONE	NONE	false	NONE	NONE	NONE
CL-TASAKI2020-2003	TASAKI2020	000379.0005	PG-TASAKI2020-0379	PDF p. 379; print p. 368; §10.2.5; equation (10.2.55)	assertion	equation	γ̃_q = |Λ|^(−1/2)∑_{x∈Λ}γ_x e^(iq·x),  η̃_q = |Λ|^(−1/2)∑_{x∈Λ}η_x e^(iq·x). (10.2.55)	PENDING	NONE	NONE	false	NONE	NONE	NONE
CL-TASAKI2020-2004	TASAKI2020	000379.0006	PG-TASAKI2020-0379	PDF p. 379; print p. 368; §10.2.5; paragraph 9, atom 1	hypothesis	hypothesis	Here q is a wave-number vector for the periodic lattice Λ.	PENDING	NONE	NONE	false	NONE	NONE	NONE
CL-TASAKI2020-3319	TASAKI2020	000379.0007	PG-TASAKI2020-0379	PDF p. 379; print p. 368; §10.2.5; Theorem 10.11; v8 source-atomic partition	hypothesis	hypothesis	Consider the Hubbard model with uniform repulsive interaction (10.2.5) and U>0.	PENDING	NONE	NONE	false	NONE	NONE	NONE
CL-TASAKI2020-2006	TASAKI2020	000379.0008	PG-TASAKI2020-0379	PDF p. 379; print p. 368; §10.2.5; paragraph 9, atom 2	hypothesis	hypothesis	We assume that the conditions for Theorem 10.4 (p. 350) (except for that of the electron number) are satisfied.	PENDING	NONE	NONE	false	NONE	NONE	NONE
CL-TASAKI2020-3320	TASAKI2020	000379.0009	PG-TASAKI2020-0379	PDF p. 379; print p. 368; §10.2.5; Theorem 10.11; v8 source-atomic partition	domain	domain	Let β>0 and let q be any wave-number vector.	PENDING	NONE	NONE	false	NONE	NONE	NONE
CL-TASAKI2020-2007	TASAKI2020	000379.0010	PG-TASAKI2020-0379	PDF p. 379; print p. 368; §10.2.5; equation (10.2.56)	assertion	equation	χ_q^c(β,U/2)≤1/U, χ_q^p(β,U/2)≤2/U. (10.2.56)	PENDING	NONE	NONE	false	NONE	NONE	NONE
CL-TASAKI2020-2008	TASAKI2020	000382.0001	PG-TASAKI2020-0382	PDF p. 382; print p. 371; §11.1; paragraph 4	assertion	unnumbered_obligation	In Sect. 11.1.1, we give a precise definition of ferromagnetism, and state a basic proposition which characterizes the nature of ferromagnetic ground states.	PENDING	NONE	NONE	false	NONE	NONE	NONE
CL-TASAKI2020-2009	TASAKI2020	000383.0001	PG-TASAKI2020-0383	PDF p. 383; print p. 372; §11.1.1; equation (11.1.1)	assertion	equation	Ĥ = Ĥhop + Ĥint , (11.1.1)	PENDING	NONE	NONE	false	NONE	NONE	NONE
CL-TASAKI2020-2010	TASAKI2020	000383.0002	PG-TASAKI2020-0383	PDF p. 383; print p. 372; §11.1.1; equation (11.1.2)	assertion	equation	Ĥ_hop = ∑_{x,y∈Λ, σ=↑,↓}t_{x,y}ĉ†_{x,σ}ĉ_{y,σ},  Ĥ_int = U∑_{x∈Λ}n̂_{x,↑}n̂_{x,↓}. (11.1.2)	PENDING	NONE	NONE	false	NONE	NONE	NONE
CL-TASAKI2020-2011	TASAKI2020	000383.0003	PG-TASAKI2020-0383	PDF p. 383; print p. 372; §11.1.1; paragraph 7, atom 2	definition	definition	We write Smax := N /2.	PENDING	NONE	NONE	false	NONE	NONE	NONE
CL-TASAKI2020-2012	TASAKI2020	000384.0001	PG-TASAKI2020-0384	PDF p. 384; print p. 373; §11.1.1; Definition 11.1	definition	definition	Definition 11.1 (Saturated ferromagnetism) A Hubbard model with N electrons exhibits saturated ferromagnetism when every ground state has the maximum possible total spin S_tot=S_max.	PENDING	NONE	NONE	false	NONE	NONE	NONE
CL-TASAKI2020-2013	TASAKI2020	000384.0002	PG-TASAKI2020-0384	PDF p. 384; print p. 373; §11.1.1; equation (11.1.3)	assertion	equation	Eferro := min_{Γ⊂{1,…,|Λ|}, |Γ|=N} ∑_{j∈Γ} εj. (11.1.3)	PENDING	NONE	NONE	false	NONE	NONE	NONE
CL-TASAKI2020-2014	TASAKI2020	000384.0003	PG-TASAKI2020-0384	PDF p. 384; print p. 373; §11.1.1; Proposition 11.2	assertion	proposition	Proposition 11.2 Suppose that a Hubbard model exhibits (saturated) ferromagnetism as in Definition 11.1. Then for any Γ ⊂ {1,…,|Λ|} such that |Γ| = N and ∑_{j∈Γ} ε_j = E_ferro, and for any M = −S_max,−S_max+1,…,S_max, the state |Φ_GS^{Γ,M}⟩ := (Ŝ_tot^−)^{S_max−M}(∏_{j∈Γ}â†_{j,↑})|Φ_vac⟩ (11.1.4) is a ground state of the Hubbard model. Moreover any ground state is a linear combination of these ground states.	PENDING	NONE	NONE	false	NONE	NONE	NONE
CL-TASAKI2020-2016	TASAKI2020	000384.0004	PG-TASAKI2020-0384	PDF p. 384; print p. 373; §11.1.1; equation (11.1.4)	assertion	equation	|ΦGS^(Γ,M)⟩ := (Ŝtot−)^(Smax−M)(∏_{j∈Γ} âj,↑†)|Φvac⟩. (11.1.4)	PENDING	NONE	NONE	false	NONE	NONE	NONE
CL-TASAKI2020-3155	TASAKI2020	000385.0001	PG-TASAKI2020-0385	PDF p. 385; print p. 374; §11.1.1; paragraph 3, atom 1; audit split atom 1/2	notation	notation	As in Appendix A.3, H_{J,M} denotes the states satisfying (Ŝ_tot)²|Φ⟩ = J(J+1)|Φ⟩ and Ŝ_tot^(3)|Φ⟩ = M|Φ⟩.	PENDING	NONE	NONE	false	NONE	NONE	NONE
CL-TASAKI2020-3156	TASAKI2020	000385.0002	PG-TASAKI2020-0385	PDF p. 385; print p. 374; §11.1.1; paragraph 3, atom 1; audit split atom 2/2	assertion	subclaim	There is a ground state in H_{S_max,S_max}, the space of states consisting of N up-spin electrons.	PENDING	NONE	NONE	false	NONE	NONE	NONE
CL-TASAKI2020-2018	TASAKI2020	000385.0003	PG-TASAKI2020-0385	PDF p. 385; print p. 374; §11.1.1; paragraph 3, atom 2	assertion	unnumbered_obligation	Note that Lemma A.14 (p.471) implies that |Φ_GS^{Γ,M}⟩ is nonzero for M=−S_max,−S_max+1,…,S_max.	PENDING	NONE	NONE	false	NONE	NONE	NONE
CL-TASAKI2020-2019	TASAKI2020	000385.0004	PG-TASAKI2020-0385	PDF p. 385; print p. 374; §11.1.1; paragraph 3, atom 3	hypothesis	hypothesis	Suppose that the single-electron energy eigenstates (which are ordered so that ε j ≤ ε j+1 ) satisfy ε N < ε N +1 .	PENDING	NONE	NONE	false	NONE	NONE	NONE
CL-TASAKI2020-2020	TASAKI2020	000385.0005	PG-TASAKI2020-0385	PDF p. 385; print p. 374; §11.1.1; paragraph 3, atom 4	assertion	unnumbered_obligation	Then the choice of Γ in the ground state (11.1.4) is unique, and we must set Γ = {1, 2, . . . , N }.	PENDING	NONE	NONE	false	NONE	NONE	NONE
CL-TASAKI2020-2021	TASAKI2020	000386.0001	PG-TASAKI2020-0386	PDF p. 386; print p. 375; §11.1.2; paragraph 2, atom 1	notation	notation	We again denote by â †j,σ the creation operator of the single-electron energy eigenstate with eigenvalue ε j , where j = 1, 2, . . . , |Λ|.	PENDING	NONE	NONE	false	NONE	NONE	NONE
CL-TASAKI2020-2022	TASAKI2020	000386.0002	PG-TASAKI2020-0386	PDF p. 386; print p. 375; §11.1.2; paragraph 2, atom 2	hypothesis	hypothesis	We also assume that the energy eigenvalues are ordered as ε j ≤ ε j+1 .	PENDING	NONE	NONE	false	NONE	NONE	NONE
CL-TASAKI2020-2023	TASAKI2020	000386.0003	PG-TASAKI2020-0386	PDF p. 386; print p. 375; §11.1.2; Theorem 11.3	assertion	theorem	Theorem 11.3 (Impossibility of ferromagnetism for small U) Suppose 0 ≤ U < ε_N−ε_1. Then the ground state of the Hubbard model does not have S_tot = S_max, i.e., the model does not exhibit (saturated) ferromagnetism.	PENDING	NONE	NONE	false	NONE	NONE	NONE
CL-TASAKI2020-2024	TASAKI2020	000386.0004	PG-TASAKI2020-0386	PDF p. 386; print p. 375; §11.1.2; equation (11.1.5)	assertion	equation	|Φ_GS^↑⟩ = (∏_{j=1}^N â†_{j,↑})|Φ_vac⟩. (11.1.5)	PENDING	NONE	NONE	false	NONE	NONE	NONE
CL-TASAKI2020-2025	TASAKI2020	000386.0005	PG-TASAKI2020-0386	PDF p. 386; print p. 375; §11.1.2; equation (11.1.6)	assertion	equation	|Ψ⟩ = â1,↓† (∏_{j=1}^{N−1} âj,↑†)|Φvac⟩. (11.1.6)	PENDING	NONE	NONE	false	NONE	NONE	NONE
CL-TASAKI2020-2026	TASAKI2020	000386.0006	PG-TASAKI2020-0386	PDF p. 386; print p. 375; §11.1.2; paragraph 7	assertion	unnumbered_obligation	For the kinetic energy, ⟨Ψ|Ĥhop|Ψ⟩ = ε1 + ∑_{j=1}^{N−1}εj. Since n̂x,↑≤1 implies Ĥint≤U∑_{x∈Λ}n̂x,↓, one gets ⟨Ψ|Ĥint|Ψ⟩≤U.	PENDING	NONE	NONE	false	NONE	NONE	NONE
CL-TASAKI2020-2027	TASAKI2020	000386.0007	PG-TASAKI2020-0386	PDF p. 386; print p. 375; §11.1.2; equation (11.1.7)	assertion	equation	⟨Ψ|Ĥ|Ψ⟩−E_ferro≤ε₁−ε_N+U<0. (11.1.7)	PENDING	NONE	NONE	false	NONE	NONE	NONE
CL-TASAKI2020-2028	TASAKI2020	000387.0001	PG-TASAKI2020-0387	PDF p. 387; print p. 376; §11.1.2; paragraph 2	hypothesis	hypothesis	Assume that there are positive constants c,n₀,ρ₀,d such that the single-electron energies satisfy (11.1.8) whenever n≥n₀ and n/|Λ|≤ρ₀.	PENDING	NONE	NONE	false	NONE	NONE	NONE
CL-TASAKI2020-2029	TASAKI2020	000387.0002	PG-TASAKI2020-0387	PDF p. 387; print p. 376; §11.1.2; equation (11.1.8)	assertion	equation	ε_n−ε_1≥c((n−n₀)/|Λ|)^(2/d). (11.1.8)	PENDING	NONE	NONE	false	NONE	NONE	NONE
CL-TASAKI2020-3321	TASAKI2020	000387.0003	PG-TASAKI2020-0387	PDF p. 387; print p. 376; §11.1.2; Theorem 11.4; v8 source-atomic partition	hypothesis	hypothesis	Let Ĥ_hop be translation invariant and satisfy (11.1.8) with positive c,n₀,ρ₀ and d>2.	PENDING	NONE	NONE	false	NONE	NONE	NONE
CL-TASAKI2020-2031	TASAKI2020	000387.0004	PG-TASAKI2020-0387	PDF p. 387; print p. 376; §11.1.2; paragraph 3	assertion	unnumbered_obligation	Then there exists a constant ρ1 > 0, and the corresponding Hubbard model does not exhibit (saturated) ferromagnetism for any U ≥ 0 if N /|Λ| ≤ ρ1 holds.	PENDING	NONE	NONE	false	NONE	NONE	NONE
CL-TASAKI2020-2032	TASAKI2020	000387.0005	PG-TASAKI2020-0387	PDF p. 387; print p. 376; §11.1.2; equation (11.1.9)	assertion	equation	|Ψ̃ ⟩ = P̂0 |Ψ ⟩, (11.1.9)	PENDING	NONE	NONE	false	NONE	NONE	NONE
CL-TASAKI2020-2033	TASAKI2020	000387.0006	PG-TASAKI2020-0387	PDF p. 387; print p. 376; §11.1.2; equation (11.1.10)	assertion	equation	P̂_0 = ∏_{x∈Λ}(1−n̂_{x,↑}n̂_{x,↓}). (11.1.10)	PENDING	NONE	NONE	false	NONE	NONE	NONE
CL-TASAKI2020-2034	TASAKI2020	000387.0007	PG-TASAKI2020-0387	PDF p. 387; print p. 376; §11.1.2; equation (11.1.11)	assertion	equation	⟨Ψ̃|Ĥ|Ψ̃⟩/⟨Ψ̃|Ψ̃⟩−E_ferro≤ε₁−ε_N+c′ρ. (11.1.11)	PENDING	NONE	NONE	false	NONE	NONE	NONE
CL-TASAKI2020-2035	TASAKI2020	000387.0008	PG-TASAKI2020-0387	PDF p. 387; print p. 376; §11.1.2; paragraph 8	hypothesis	hypothesis	From the assumption (11.1.8), we find that the right-hand side becomes strictly negative for sufficiently small ρ provided that d > 2.	PENDING	NONE	NONE	false	NONE	NONE	NONE
CL-TASAKI2020-2036	TASAKI2020	000388.0001	PG-TASAKI2020-0388	PDF p. 388; print p. 377; §11.1.3; paragraph 10, atom 1	definition	definition	The hopping matrix is defined by t1,2 = t2,3 = t , and t1,3 = t.	PENDING	NONE	NONE	false	NONE	NONE	NONE
CL-TASAKI2020-2037	TASAKI2020	000388.0002	PG-TASAKI2020-0388	PDF p. 388; print p. 377; §11.1.3; paragraph 10, atom 2	hypothesis	hypothesis	For simplicity, we assume there is only one kind of interaction, and set U1 = U2 = U3 = U ≥ 0.	PENDING	NONE	NONE	false	NONE	NONE	NONE
CL-TASAKI2020-2038	TASAKI2020	000388.0003	PG-TASAKI2020-0388	PDF p. 388; print p. 377; §11.1.3; paragraph 10, atom 3	assertion	unnumbered_obligation	We have Smax = 1 because N = 2.	PENDING	NONE	NONE	false	NONE	NONE	NONE
CL-TASAKI2020-2039	TASAKI2020	000388.0004	PG-TASAKI2020-0388	PDF p. 388; print p. 377; §11.1.3; paragraph 10, atom 4	assertion	unnumbered_obligation	Therefore we can say that there appears ferromagnetism if the ground state has Stot = 1, i.e., if it is a spin-triplet.	PENDING	NONE	NONE	false	NONE	NONE	NONE
CL-TASAKI2020-2040	TASAKI2020	000388.0005	PG-TASAKI2020-0388	PDF p. 388; print p. 377; §11.1.3; paragraph 10, atom 5	domain	domain	Let us take the limit U ↑ ∞, in which the effect of the interaction becomes most drastic, and consider only those states with finite energies.	PENDING	NONE	NONE	false	NONE	NONE	NONE
CL-TASAKI2020-2041	TASAKI2020	000388.0006	PG-TASAKI2020-0388	PDF p. 388; print p. 377; §11.1.2; Fig. 11.1 caption	out_of_scope	remark	Fig. 11.1. The two-electron toy model on the depicted lattice illustrates central features of ferromagnetism in the Hubbard model.	PENDING	figure-description-not-formal-claim	CORPUS-NORMALIZATION-INDEPENDENT-REVIEW	false	NONE	NONE	NONE
CL-TASAKI2020-2042	TASAKI2020	000389.0001	PG-TASAKI2020-0389	PDF p. 389; print p. 378; §11.1.3; paragraph 2, atom 1	assertion	unnumbered_obligation	In the U↑∞ limit, only states without double occupancy remain; the six basis states are |Φ_{x,y}⟩=ĉ†_{x,↑}ĉ†_{y,↓}|Φ_vac⟩ for x,y∈{1,2,3} with x≠y.	PENDING	NONE	NONE	false	NONE	NONE	NONE
CL-TASAKI2020-2043	TASAKI2020	000389.0002	PG-TASAKI2020-0389	PDF p. 389; print p. 378; §11.1.3; equation (11.1.12)	assertion	equation	|Φ_GS^(t<0)⟩=|Φ_(1,2)⟩+|Φ_(3,2)⟩−α(t,t′)|Φ_(3,1)⟩+|Φ_(2,1)⟩+|Φ_(2,3)⟩−α(t,t′)|Φ_(1,3)⟩. (11.1.12)	PENDING	NONE	NONE	false	NONE	NONE	NONE
CL-TASAKI2020-2044	TASAKI2020	000389.0003	PG-TASAKI2020-0389	PDF p. 389; print p. 378; §11.1.3; equation (11.1.13)	assertion	equation	|Φ_GS^(t>0)⟩=|Φ_{1,2}⟩−|Φ_{3,2}⟩+β(t,t′)|Φ_{3,1}⟩−|Φ_{2,1}⟩+|Φ_{2,3}⟩−β(t,t′)|Φ_{1,3}⟩. (11.1.13)	PENDING	NONE	NONE	false	NONE	NONE	NONE
CL-TASAKI2020-2045	TASAKI2020	000389.0004	PG-TASAKI2020-0389	PDF p. 389; print p. 378; §11.1.3; paragraph 2, atom 2	assertion	unnumbered_obligation	As is suggested by the result in the U ↑ ∞ limit, we have ferromagnetism in the sense that E min (0) > E min (1) when U is sufficiently large.	PENDING	NONE	NONE	false	NONE	NONE	NONE
CL-TASAKI2020-2046	TASAKI2020	000390.0001	PG-TASAKI2020-0390	PDF p. 390; print p. 379; §11.1.3; paragraph 4	assertion	remark	Fig. 11.3. For t′=t/2>0, E_min(0)>E_min(1) only when U is sufficiently large, so the ferromagnetism is nonperturbative.	PENDING	NONE	NONE	false	NONE	NONE	NONE
CL-TASAKI2020-2047	TASAKI2020	000390.0002	PG-TASAKI2020-0390	PDF p. 390; print p. 379; §11.1.3; paragraph 7	assertion	remark	Fig. 11.4. For the special choice t′=t>0, E_min(0)>E_min(1) for every U>0; this is the simplest flat-band-ferromagnetism example discussed in Sect. 11.3.	PENDING	NONE	NONE	false	NONE	NONE	NONE
CL-TASAKI2020-2048	TASAKI2020	000391.0001	PG-TASAKI2020-0391	PDF p. 391; print p. 380; §11.1.4; equation (11.1.14)	assertion	equation	Ĥ_int = U∑_{x∈Λ}n̂_{x,↑}n̂_{x,↓} → U∑_{x∈Λ}⟨n̂_{x,↑}⟩⟨n̂_{x,↓}⟩ = U|Λ|(N_↑/|Λ|)(N_↓/|Λ|) = U N_↑N_↓/|Λ|. (11.1.14)	PENDING	NONE	NONE	false	NONE	NONE	NONE
CL-TASAKI2020-2049	TASAKI2020	000391.0002	PG-TASAKI2020-0391	PDF p. 391; print p. 380; §11.1.4; paragraph 2	assertion	unnumbered_obligation	In the mean-field approximation, the interaction energy becomes UN_↑N_↓/|Λ| as shown in (11.1.14); â†_{j,σ} creates the single-electron eigenstate with ε_j, ordered by ε_j≤ε_{j+1}.	PENDING	NONE	NONE	false	NONE	NONE	NONE
CL-TASAKI2020-2050	TASAKI2020	000391.0003	PG-TASAKI2020-0391	PDF p. 391; print p. 380; §11.1.4; equation (11.1.15)	assertion	equation	|Φ_MF^(N_↑,N_↓)⟩ = (∏_{j=1}^{N_↑}â†_{j,↑})(∏_{j=1}^{N_↓}â†_{j,↓})|Φ_vac⟩. (11.1.15)	PENDING	NONE	NONE	false	NONE	NONE	NONE
CL-TASAKI2020-2051	TASAKI2020	000391.0004	PG-TASAKI2020-0391	PDF p. 391; print p. 380; §11.1.4; equation (11.1.16)	assertion	equation	E_MF(N_↑,N_↓) = ∑_{j=1}^{N_↑}ε_j + ∑_{j=1}^{N_↓}ε_j + U N_↑N_↓/|Λ|. (11.1.16)	PENDING	NONE	NONE	false	NONE	NONE	NONE
CL-TASAKI2020-2052	TASAKI2020	000391.0005	PG-TASAKI2020-0391	PDF p. 391; print p. 380; §11.1.4; paragraph 6	assertion	unnumbered_obligation	Equation (11.1.16) gives the polarized-state energy difference (11.1.17).	PENDING	NONE	NONE	false	NONE	NONE	NONE
CL-TASAKI2020-2053	TASAKI2020	000391.0006	PG-TASAKI2020-0391	PDF p. 391; print p. 380; §11.1.4; equation (11.1.17)	assertion	equation	ΔE = E_MF(N/2+n,N/2−n)−E_MF(N/2,N/2) = ∑_{ℓ=1}^n(ε_(N/2+ℓ)−ε_(N/2−n+ℓ))−Un²/|Λ| ≃ n²Δε−Un²/|Λ|. (11.1.17)	PENDING	NONE	NONE	false	NONE	NONE	NONE
CL-TASAKI2020-2054	TASAKI2020	000391.0007	PG-TASAKI2020-0391	PDF p. 391; print p. 380; §11.1.4; equation (11.1.18)	assertion	equation	ΔE≃{n²/(|Λ|D_F)}(1−D_FU). (11.1.18)	PENDING	NONE	NONE	false	NONE	NONE	NONE
CL-TASAKI2020-2055	TASAKI2020	000391.0008	PG-TASAKI2020-0391	PDF p. 391; print p. 380; §11.1.4; equation (11.1.19)	assertion	equation	D_F U≳1. (11.1.19)	PENDING	NONE	NONE	false	NONE	NONE	NONE
CL-TASAKI2020-2056	TASAKI2020	000392.0001	PG-TASAKI2020-0392	PDF p. 392; print p. 381; §11.2; paragraph 4	assertion	remark	When U = ∞ and N = |Λ| − 1, states with finite energies have no doubly occupied sites, and there is exactly one empty site, which we call the “hole.” The basic mechanism of Nagaoka’s ferromagnetism is that the hole hops around the lattice and generates a suitable linear combination of the basis states, in such a way that the resulting state exhibits ferromagnetism.	PENDING	NONE	NONE	false	NONE	NONE	NONE
CL-TASAKI2020-2057	TASAKI2020	000393.0001	PG-TASAKI2020-0393	PDF p. 393; print p. 382; §11.2.1; equation (11.2.1)	assertion	equation	Ĥ_hop = ∑_{x,y∈Λ, σ=↑,↓}t_{x,y}ĉ†_{x,σ}ĉ_{y,σ},  Ĥ_int = U∑_{x∈Λ}n̂_{x,↑}n̂_{x,↓}. (11.2.1)	PENDING	NONE	NONE	false	NONE	NONE	NONE
CL-TASAKI2020-3322	TASAKI2020	000393.0002	PG-TASAKI2020-0393	PDF p. 393; print p. 382; §11.2.1; Theorem 11.5; v8 source-atomic partition	hypothesis	hypothesis	Assume t_{x,y}=t_{y,x}≥0 for all x,y∈Λ.	PENDING	NONE	NONE	false	NONE	NONE	NONE
CL-TASAKI2020-3323	TASAKI2020	000393.0003	PG-TASAKI2020-0393	PDF p. 393; print p. 382; §11.2.1; Theorem 11.5; v8 source-atomic partition	domain	domain	Consider the Hubbard model with N=|Λ|−1 in the limit U↑∞.	PENDING	NONE	NONE	false	NONE	NONE	NONE
CL-TASAKI2020-2060	TASAKI2020	000393.0004	PG-TASAKI2020-0393	PDF p. 393; print p. 382; §11.2.1; paragraph 6, atom 2	assertion	unnumbered_obligation	Then among the ground states there are at least (2Stot + 1) states with total spin Stot = Smax (= N /2).	PENDING	NONE	NONE	false	NONE	NONE	NONE
CL-TASAKI2020-2061	TASAKI2020	000393.0005	PG-TASAKI2020-0393	PDF p. 393; print p. 382; §11.2.1; paragraph 6, atom 3	assertion	remark	In fact the condition of the theorem is valid even in the trivial non-hopping model with tx,y = 0 for all x, y ∈ Λ, which exhibits paramagnetism as we have seen in Sect. 9.3.2.	PENDING	NONE	NONE	false	NONE	NONE	NONE
CL-TASAKI2020-2062	TASAKI2020	000393.0006	PG-TASAKI2020-0393	PDF p. 393; print p. 382; §11.2.1; paragraph 7	definition	definition	Let H_N^hc be the subspace (of the whole Hilbert space H_N with N electrons) which consists of states without any doubly occupied sites. Here the script “hc” stands for “hardcore”.	PENDING	NONE	NONE	false	NONE	NONE	NONE
CL-TASAKI2020-2063	TASAKI2020	000393.0007	PG-TASAKI2020-0393	PDF p. 393; print p. 382; §11.2; Fig. 11.5 caption	assertion	remark	Fig. 11.5. Hole motion changes the spin configuration, and for t_{x,y}≥0 it produces the linear combination that leads to a ferromagnetic state.	PENDING	NONE	NONE	true	CL-TASAKI2020-2068	duplicate-of-CL-TASAKI2020-2068-CL-TASAKI2020-2071-and-CL-TASAKI2020-2078	CORPUS-NORMALIZATION-INDEPENDENT-REVIEW
CL-TASAKI2020-3257	TASAKI2020	000394.0001	PG-TASAKI2020-0394	PDF p. 394; print p. 383; §11.2.1; Note unnumbered line 3; atom 1	assertion	unnumbered_obligation	Any |Φ⟩∈H_N^hc satisfies Ĥ_int|Φ⟩=0.	PENDING	NONE	NONE	false	NONE	NONE	NONE
CL-TASAKI2020-3387	TASAKI2020	000394.0002	PG-TASAKI2020-0394	PDF p. 394; print p. 383; §11.2.1; Note unnumbered line 3; atom 2	definition	definition	Let P̂_hc denote the orthogonal projection onto H_N^hc.	PENDING	NONE	NONE	false	NONE	NONE	NONE
CL-TASAKI2020-3258	TASAKI2020	000394.0003	PG-TASAKI2020-0394	PDF p. 394; print p. 383; §11.2.1; Note unnumbered line 3; atom 1	domain	domain	Consider the ground state of Ĥ=Ĥ_hop+Ĥ_int in the limit U↑∞.	PENDING	NONE	NONE	false	NONE	NONE	NONE
CL-TASAKI2020-2064	TASAKI2020	000394.0004	PG-TASAKI2020-0394	PDF p. 394; print p. 383; §11.2.1; equation (11.2.2)	assertion	equation	Ĥ_eff := P̂_hc Ĥ P̂_hc. (11.2.2)	PENDING	NONE	NONE	false	NONE	NONE	NONE
CL-TASAKI2020-3388	TASAKI2020	000394.0005	PG-TASAKI2020-0394	PDF p. 394; print p. 383; §11.2.1; Note unnumbered line 3; atom 2	domain	domain	The effective Hamiltonian Ĥ_eff is an operator on the hardcore subspace H_N^hc.	PENDING	NONE	NONE	false	NONE	NONE	NONE
CL-TASAKI2020-3389	TASAKI2020	000394.0006	PG-TASAKI2020-0394	PDF p. 394; print p. 383; §11.2.1; Note unnumbered line 3; atom 3	assertion	unnumbered_obligation	The ground states of Ĥ in the U↑∞ limit are ground states of Ĥ_eff.	PENDING	NONE	NONE	false	NONE	NONE	NONE
CL-TASAKI2020-2065	TASAKI2020	000394.0007	PG-TASAKI2020-0394	PDF p. 394; print p. 383; §11.2.1; paragraph 3	definition	definition	A basis state is specified by the hole position x∈Λ and a spin configuration σ on Λ∖{x}; the corresponding |Φ_{x,σ}⟩ is defined by (11.2.3).	PENDING	NONE	NONE	false	NONE	NONE	NONE
CL-TASAKI2020-2066	TASAKI2020	000394.0008	PG-TASAKI2020-0394	PDF p. 394; print p. 383; §11.2.1; equation (11.2.3)	assertion	equation	|Φ_{x,σ}⟩ := ĉ_{x,↑}(∏_{y∈Λ}ĉ†_{y,σ′_y})|Φ_vac⟩ = ĉ_{x,↓}(∏_{y∈Λ}ĉ†_{y,σ″_y})|Φ_vac⟩. (11.2.3)	PENDING	NONE	NONE	false	NONE	NONE	NONE
CL-TASAKI2020-2067	TASAKI2020	000394.0009	PG-TASAKI2020-0394	PDF p. 394; print p. 383; §11.2.1; paragraph 4	assertion	unnumbered_obligation	To compute the effective hopping matrix, examine how an electron hops into the hole of |Φ_{x,σ}⟩.	PENDING	NONE	NONE	false	NONE	NONE	NONE
CL-TASAKI2020-2068	TASAKI2020	000394.0010	PG-TASAKI2020-0394	PDF p. 394; print p. 383; §11.2.1; equation (11.2.4)	assertion	equation	∑_{σ=↑,↓}ĉ†_{x,σ}ĉ_{z,σ}|Φ_{x,𝛔}⟩ = −ĉ_{z,↑}n̂_{x,↑}(∏_{y∈Λ}ĉ†_{y,σ′_y})|Φ_vac⟩−ĉ_{z,↓}n̂_{x,↓}(∏_{y∈Λ}ĉ†_{y,σ″_y})|Φ_vac⟩ = −ĉ_{z,↑}(∏_{y∈Λ}ĉ†_{y,σ′_y})|Φ_vac⟩−ĉ_{z,↓}(∏_{y∈Λ}ĉ†_{y,σ″_y})|Φ_vac⟩ = −|Φ_{z,𝛔_{z→x}}⟩. (11.2.4)	PENDING	NONE	NONE	false	NONE	NONE	NONE
CL-TASAKI2020-2069	TASAKI2020	000394.0011	PG-TASAKI2020-0394	PDF p. 394; print p. 383; §11.2.1; paragraph 6	assertion	unnumbered_obligation	The matrix elements of the effective Hamiltonian Ĥ_eff are given by (11.2.5).	PENDING	NONE	NONE	false	NONE	NONE	NONE
CL-TASAKI2020-2071	TASAKI2020	000395.0001	PG-TASAKI2020-0395	PDF p. 395; print p. 384; §11.2.1; equation (11.2.5)	assertion	equation	⟨Φy,τ|Ĥeff|Φx,σ⟩={−t_x,y if τ=σ_{y→x}; 0 otherwise}. (11.2.5)	PENDING	NONE	NONE	false	NONE	NONE	NONE
CL-TASAKI2020-2072	TASAKI2020	000395.0002	PG-TASAKI2020-0395	PDF p. 395; print p. 384; §11.2.1; paragraph 2	domain	domain	Let |Φ_GS⟩ be any normalized ground state of Ĥ_eff and expand it in the basis {|Φ_{x,σ}⟩} as in (11.2.6).	PENDING	NONE	NONE	false	NONE	NONE	NONE
CL-TASAKI2020-2073	TASAKI2020	000395.0003	PG-TASAKI2020-0395	PDF p. 395; print p. 384; §11.2.1; equation (11.2.6)	assertion	equation	|Φ_GS⟩ = ∑_{x∈Λ} ∑_{σ∈S_{Λ\{x}}} ϕ(x,σ)|Φ_{x,σ}⟩. (11.2.6)	PENDING	NONE	NONE	false	NONE	NONE	NONE
CL-TASAKI2020-2074	TASAKI2020	000395.0004	PG-TASAKI2020-0395	PDF p. 395; print p. 384; §11.2.1; paragraph 3	hypothesis	hypothesis	Because the matrix elements (11.2.5) of Ĥ_eff are real, the coefficients ϕ(x,σ) may be chosen real; for each x∈Λ, define ξ_x=(∑_{σ∈S_{Λ∖{x}}}ϕ(x,σ)²)^(1/2) as in (11.2.7).	PENDING	NONE	NONE	false	NONE	NONE	NONE
CL-TASAKI2020-2075	TASAKI2020	000395.0005	PG-TASAKI2020-0395	PDF p. 395; print p. 384; §11.2.1; equation (11.2.7)	assertion	equation	ξ_x = (∑_{σ∈S_{Λ\{x}}}{ϕ(x,σ)}²)^(1/2). (11.2.7)	PENDING	NONE	NONE	false	NONE	NONE	NONE
CL-TASAKI2020-2076	TASAKI2020	000395.0006	PG-TASAKI2020-0395	PDF p. 395; print p. 384; §11.2.1; equation (11.2.8)	assertion	equation	|Φ_↑⟩ := ∑_{x∈Λ}ξ_x|Φ_{x,(↑)}⟩. (11.2.8)	PENDING	NONE	NONE	false	NONE	NONE	NONE
CL-TASAKI2020-2077	TASAKI2020	000395.0007	PG-TASAKI2020-0395	PDF p. 395; print p. 384; §11.2.1; paragraph 4	definition	definition	The corresponding normalized ferromagnetic state |Φ↑⟩ is defined by (11.2.8).	PENDING	NONE	NONE	false	NONE	NONE	NONE
CL-TASAKI2020-2078	TASAKI2020	000395.0008	PG-TASAKI2020-0395	PDF p. 395; print p. 384; §11.2.1; equation (11.2.9)	assertion	equation	⟨Φ_GS|Ĥ_eff|Φ_GS⟩ = −∑_{x,y∈Λ}t_{x,y}∑_{σ∈S_{Λ\{x}}}ϕ(y,σ_{y→x})ϕ(x,σ) ≥ −∑_{x,y∈Λ}t_{x,y}(∑_{σ∈S_{Λ\{x}}}{ϕ(y,σ_{y→x})}²)^(1/2)(∑_{σ∈S_{Λ\{x}}}{ϕ(x,σ)}²)^(1/2) = −∑_{x,y∈Λ}t_{x,y}ξ_yξ_x = ⟨Φ_↑|Ĥ_eff|Φ_↑⟩. (11.2.9)	PENDING	NONE	NONE	false	NONE	NONE	NONE
CL-TASAKI2020-2079	TASAKI2020	000396.0001	PG-TASAKI2020-0396	PDF p. 396; print p. 385; §11.2.2; Definition 11.6	definition	definition	Definition 11.6 (Connectivity condition) A Hubbard model with U=∞ and N=|Λ|−1 satisfies the connectivity condition when all basis states with common S_tot^(3) are connected through nonzero matrix elements of Ĥ_eff.	PENDING	NONE	NONE	false	NONE	NONE	NONE
CL-TASAKI2020-2080	TASAKI2020	000396.0002	PG-TASAKI2020-0396	PDF p. 396; print p. 385; §11.2.2; Theorem 11.7	assertion	theorem	Theorem 11.7 (Nagaoka’s theorem) Consider an arbitrary Hubbard model with t_{x,y} ≥ 0 for any x,y ∈ Λ, N = |Λ|−1, and U = ∞, and further assume that the model satisfies the connectivity condition. Then the ground states have total spin S_tot = S_max (= N/2), and are non-degenerate apart from the trivial (2S_max+1)-fold degeneracy.	PENDING	NONE	NONE	false	NONE	NONE	NONE
CL-TASAKI2020-2082	TASAKI2020	000396.0003	PG-TASAKI2020-0396	PDF p. 396; print p. 385; §11.2.2; paragraph 3, atom 3	assertion	unnumbered_obligation	Since the theorem asserts the non-degeneracy of the ferromagnetic ground states for U = ∞, the continuity of energy eigenvalues in U implies that the statement of the theorem is valid also for sufficiently large but finite U .	PENDING	NONE	NONE	false	NONE	NONE	NONE
CL-TASAKI2020-2083	TASAKI2020	000397.0001	PG-TASAKI2020-0397	PDF p. 397; print p. 386; §11.2.2; paragraph 3	assertion	remark	Suppose that one starts from a configuration (a), where the left part contains only up-spin electrons and a hole, while the right part contains only down-spin electrons.	PENDING	NONE	NONE	false	NONE	NONE	NONE
CL-TASAKI2020-2084	TASAKI2020	000397.0002	PG-TASAKI2020-0397	PDF p. 397; print p. 386; §11.2.2; paragraph 5	domain	domain	Let B be the set of bonds {x, y} = {y, x} such that x ≠ y and tx,y ≠ 0.	PENDING	NONE	NONE	false	NONE	NONE	NONE
CL-TASAKI2020-2085	TASAKI2020	000398.0001	PG-TASAKI2020-0398	PDF p. 398; print p. 387; §11.2.2; Theorem 11.8	assertion	theorem	Theorem 11.8 (Necessary and sufficient condition for the connectivity) A lattice (Λ, B) satisfies the connectivity condition if and only if it is biconnected and it is not a simple loop (i.e., periodic chain) with more than four sites.	PENDING	NONE	NONE	false	NONE	NONE	NONE
CL-TASAKI2020-2086	TASAKI2020	000398.0002	PG-TASAKI2020-0398	PDF p. 398; print p. 387; §11.2.2; paragraph 2, atom 1	definition	definition	We say that a pair {x, y} of lattice sites (which may not be in B) is an exchange bond if (E1) x and y belong to a common loop of length three or four, and (E2) the whole lattice remains connected (through bonds in B) when both the sites x and y are removed.	PENDING	NONE	NONE	false	NONE	NONE	NONE
CL-TASAKI2020-2087	TASAKI2020	000398.0003	PG-TASAKI2020-0398	PDF p. 398; print p. 387; §11.2.2; Lemma 11.9	assertion	lemma	Lemma 11.9 (A sufficient condition for the connectivity) If the whole lattice is connected by exchange bonds, then the model satisfies the connectivity condition.	PENDING	NONE	NONE	false	NONE	NONE	NONE
CL-TASAKI2020-2088	TASAKI2020	000398.0004	PG-TASAKI2020-0398	PDF p. 398; print p. 387; §11.2.2; paragraph 2, atom 2	hypothesis	hypothesis	Proof of Lemma 11.9 Suppose that we are given an arbitrary configuration of N = |Λ| − 1 electrons on Λ.	PENDING	NONE	NONE	false	NONE	NONE	NONE
CL-TASAKI2020-2089	TASAKI2020	000398.0005	PG-TASAKI2020-0398	PDF p. 398; print p. 387; §11.2.2; paragraph 2, atom 3	hypothesis	hypothesis	Let {x, y} be an exchange bond, and assume that x and y are occupied by electrons with opposite spins.	PENDING	NONE	NONE	false	NONE	NONE	NONE
CL-TASAKI2020-2090	TASAKI2020	000399.0001	PG-TASAKI2020-0399	PDF p. 399; print p. 388; §11.2.2; Fig. 11.8 caption	assertion	remark	On the triangular loop of Fig. 11.8, the two spins are exchanged when the hole traverses the loop once.	PENDING	NONE	NONE	false	NONE	NONE	NONE
CL-TASAKI2020-2091	TASAKI2020	000399.0002	PG-TASAKI2020-0399	PDF p. 399; print p. 388; §11.2.2; Fig. 11.9 caption, atom 1	assertion	remark	On the square loop of Fig. 11.9, the spins at x and z are exchanged when the hole traverses the loop once.	PENDING	NONE	NONE	false	NONE	NONE	NONE
CL-TASAKI2020-2092	TASAKI2020	000399.0003	PG-TASAKI2020-0399	PDF p. 399; print p. 388; §11.2.2; Fig. 11.9 caption, atom 2	assertion	remark	On the square loop of Fig. 11.9, the spins at y and z are exchanged when the hole traverses the loop twice, or once in the opposite orientation.	PENDING	NONE	NONE	false	NONE	NONE	NONE
CL-TASAKI2020-2093	TASAKI2020	000401.0001	PG-TASAKI2020-0401	PDF p. 401; print p. 390; §11.3.1; paragraph 4, atom 1	definition	definition	We define the simplest version of the model, give a complete proof, and discuss the band structure and the mechanism of the ferromagnetism.	PENDING	NONE	NONE	false	NONE	NONE	NONE
CL-TASAKI2020-2094	TASAKI2020	000401.0002	PG-TASAKI2020-0401	PDF p. 401; print p. 390; §11.3.1; paragraph 4, atom 2	definition	definition	We take a new site in the middle of each bond (i.e., a pair of sites separated by distance 1) of the hypercubic lattice, and denote by I the collection of all such sites.	PENDING	NONE	NONE	false	NONE	NONE	NONE
CL-TASAKI2020-2095	TASAKI2020	000401.0003	PG-TASAKI2020-0401	PDF p. 401; print p. 390; §11.3.1; paragraph 4, atom 3	domain	domain	Let us define two types of localized states in the single-electron Hilbert space h≃ℂ^{|Λ|}.	PENDING	NONE	NONE	false	NONE	NONE	NONE
CL-TASAKI2020-2096	TASAKI2020	000401.0004	PG-TASAKI2020-0401	PDF p. 401; print p. 390; §11.3.1; equation (11.3.1)	assertion	equation	α_p(x) = {1 if x=p; −ν if |x−p|=1/2; 0 otherwise}. (11.3.1)	PENDING	NONE	NONE	false	NONE	NONE	NONE
CL-TASAKI2020-2097	TASAKI2020	000402.0001	PG-TASAKI2020-0402	PDF p. 402; print p. 391; §11.3.1; equation (11.3.2)	assertion	equation	β_u(x) = {1 if x=u; ν if |x−u|=1/2; 0 otherwise}. (11.3.2)	PENDING	NONE	NONE	false	NONE	NONE	NONE
CL-TASAKI2020-2098	TASAKI2020	000402.0002	PG-TASAKI2020-0402	PDF p. 402; print p. 391; §11.3.1; Lemma 11.10	assertion	lemma	Lemma 11.10 {α p } p∈E ∪ {β u }u∈I is a basis of h.	PENDING	NONE	NONE	false	NONE	NONE	NONE
CL-TASAKI2020-2099	TASAKI2020	000402.0003	PG-TASAKI2020-0402	PDF p. 402; print p. 391; §11.3.1; equation (11.3.3)	assertion	equation	â_{p,σ} := Ĉ_σ(α_p) = ĉ_{p,σ} − ν ∑_{u∈I, |u−p|=1/2} ĉ_{u,σ}. (11.3.3)	PENDING	NONE	NONE	false	NONE	NONE	NONE
CL-TASAKI2020-2100	TASAKI2020	000402.0004	PG-TASAKI2020-0402	PDF p. 402; print p. 391; §11.3.1; Fig. 11.10 caption	assertion	remark	Fig. 11.10. In the decorated hypercubic lattice, α_p and β_u are localized around external sites p∈E and internal sites u∈I, respectively.	PENDING	NONE	NONE	false	NONE	NONE	NONE
CL-TASAKI2020-2101	TASAKI2020	000403.0001	PG-TASAKI2020-0403	PDF p. 403; print p. 392; §11.3.1; paragraph 2	assertion	remark	Fig. 11.11 Hopping in the Tasaki model in (a) d = 1 and (c) d = 2. Note that the lattice for d = 1 can be modified (without changing the connection) into the Delta chain in (b). In addition to the hopping amplitude indicated by the lines, we have on-site potential which is fine tuned. See (11.3.22). Note that on each bond we have a structure with three sites that resembles the toy model for ferromagnetism described in Fig. 11.1 (p. 377).	PENDING	NONE	NONE	false	NONE	NONE	NONE
CL-TASAKI2020-2102	TASAKI2020	000403.0002	PG-TASAKI2020-0403	PDF p. 403; print p. 392; §11.3.1; equation (11.3.4)	assertion	equation	b̂_{u,σ} := Ĉ_σ(β_u) = ĉ_{u,σ} + ν ∑_{p∈E, |p−u|=1/2} ĉ_{p,σ}. (11.3.4)	PENDING	NONE	NONE	false	NONE	NONE	NONE
CL-TASAKI2020-2104	TASAKI2020	000403.0003	PG-TASAKI2020-0403	PDF p. 403; print p. 392; §11.3.1; equation (11.3.5)	assertion	equation	Ĥ_hop = t∑_{u∈I, σ=↑,↓}b̂†_{u,σ}b̂_{u,σ}. (11.3.5)	PENDING	NONE	NONE	false	NONE	NONE	NONE
CL-TASAKI2020-2105	TASAKI2020	000403.0004	PG-TASAKI2020-0403	PDF p. 403; print p. 392; §11.3.1; equation (11.3.6)	assertion	equation	Ĥ_int = U∑_{x∈Λ}n̂_{x,↑}n̂_{x,↓}. (11.3.6)	PENDING	NONE	NONE	false	NONE	NONE	NONE
CL-TASAKI2020-2106	TASAKI2020	000403.0005	PG-TASAKI2020-0403	PDF p. 403; print p. 392; §11.3.1; Theorem 11.11	assertion	theorem	Theorem 11.11 (Tasaki’s flat-band ferromagnetism) Consider the above Hubbard model with electron number N = |E| = L^d. Then for any ν > 0, t > 0, and U > 0, the ground states have total spin S_tot = S_max = N/2 and are unique apart from the trivial (N+1)-fold degeneracy.	PENDING	NONE	NONE	false	NONE	NONE	NONE
CL-TASAKI2020-2107	TASAKI2020	000403.0006	PG-TASAKI2020-0403	PDF p. 403; print p. 392; §11.3.1; Note unnumbered line 45	assertion	remark	Note that our hopping Hamiltonian has a particular form while the interaction Hamiltonian is standard. Recalling the definition (11.3.4) of b̂u,σ , one sees that Ĥhop contains hopping between a pair of sites in E separated by distance 1 as well as a pair of sites in E and I separated by distance 1/2 as in Fig. 11.11. See also (11.3.22) below for an explicit expression of the hopping amplitude. The following theorem in [40, 67] establishes the emergence of ferromagnetism in the present model.	PENDING	NONE	NONE	true	CL-TASAKI2020-2105	compound-model-summary-split	CORPUS-NORMALIZATION-INDEPENDENT-REVIEW
CL-TASAKI2020-2108	TASAKI2020	000404.0001	PG-TASAKI2020-0404	PDF p. 404; print p. 393; §11.3.1; equation (11.3.7)	assertion	equation	{b̂u,σ , â †p,τ } = 0, (11.3.7)	PENDING	NONE	NONE	false	NONE	NONE	NONE
CL-TASAKI2020-2109	TASAKI2020	000404.0002	PG-TASAKI2020-0404	PDF p. 404; print p. 393; §11.3.1; equation (11.3.8)	assertion	equation	Ĥ_hop|Φ_(α all ↑)⟩=0. (11.3.8)	PENDING	NONE	NONE	false	NONE	NONE	NONE
CL-TASAKI2020-2110	TASAKI2020	000404.0003	PG-TASAKI2020-0404	PDF p. 404; print p. 393; §11.3.1; equation (11.3.9)	assertion	equation	|Φ_{α all ↑}⟩ = (∏_{p∈E}â†_{p,↑})|Φ_vac⟩. (11.3.9)	PENDING	NONE	NONE	false	NONE	NONE	NONE
CL-TASAKI2020-2111	TASAKI2020	000404.0004	PG-TASAKI2020-0404	PDF p. 404; print p. 393; §11.3.1; equation (11.3.10)	assertion	equation	|Φ_GS^(M)⟩=(Ŝ_tot^−)^((N/2)−M)|Φ_(α all ↑)⟩. (11.3.10)	PENDING	NONE	NONE	false	NONE	NONE	NONE
CL-TASAKI2020-2112	TASAKI2020	000404.0005	PG-TASAKI2020-0404	PDF p. 404; print p. 393; §11.3.1; paragraph 9	assertion	unnumbered_obligation	Since the ground state energy is zero, we have Ĥ |ΦGS ⟩ = 0, and hence Ĥhop |ΦGS ⟩ = 0 and Ĥint |ΦGS ⟩ = 0.	PENDING	NONE	NONE	false	NONE	NONE	NONE
CL-TASAKI2020-2113	TASAKI2020	000404.0006	PG-TASAKI2020-0404	PDF p. 404; print p. 393; §11.3.1; equation (11.3.11)	assertion	equation	b̂u,σ |ΦGS ⟩ = 0 for any u ∈ I and σ =↑, ↓, (11.3.11)	PENDING	NONE	NONE	false	NONE	NONE	NONE
CL-TASAKI2020-2114	TASAKI2020	000404.0007	PG-TASAKI2020-0404	PDF p. 404; print p. 393; §11.3.1; equation (11.3.12)	assertion	equation	ĉ_(x,↓)ĉ_(x,↑)|Φ_GS⟩=0. (11.3.12)	PENDING	NONE	NONE	false	NONE	NONE	NONE
CL-TASAKI2020-2115	TASAKI2020	000405.0001	PG-TASAKI2020-0405	PDF p. 405; print p. 394; §11.3.1; equation (11.3.13)	assertion	equation	|Φ_GS⟩ = ∑_{A_↑,A_↓⊂E; B_↑,B_↓⊂I; |A_↑|+|A_↓|+|B_↑|+|B_↓|=N} f(A_↑,A_↓,B_↑,B_↓)(∏_{p∈A_↑}â†_{p,↑})(∏_{p∈A_↓}â†_{p,↓})(∏_{u∈B_↑}b̂†_{u,↑})(∏_{u∈B_↓}b̂†_{u,↓})|Φ_vac⟩. (11.3.13)	PENDING	NONE	NONE	false	NONE	NONE	NONE
CL-TASAKI2020-2116	TASAKI2020	000405.0002	PG-TASAKI2020-0405	PDF p. 405; print p. 394; §11.3.1; paragraph 2	assertion	unnumbered_obligation	It should be clear that the zero-energy condition (11.3.11) shows that |ΦGS ⟩ does not contain any b̂u,σ † , i.e., one has f (A↑ , A↓ , B↑ , B↓ ) = 0 unless B↑ = B↓ = ∅.	PENDING	NONE	NONE	false	NONE	NONE	NONE
CL-TASAKI2020-2117	TASAKI2020	000405.0003	PG-TASAKI2020-0405	PDF p. 405; print p. 394; §11.3.1; equation (11.3.14)	assertion	equation	|Φ_GS⟩ = ∑_{A_↑,A_↓⊂E; |A_↑|+|A_↓|=N}g(A_↑,A_↓)(∏_{p∈A_↑}â†_{p,↑})(∏_{p∈A_↓}â†_{p,↓})|Φ_vac⟩. (11.3.14)	PENDING	NONE	NONE	false	NONE	NONE	NONE
CL-TASAKI2020-2118	TASAKI2020	000405.0004	PG-TASAKI2020-0405	PDF p. 405; print p. 394; §11.3.1; equation (11.3.15)	assertion	equation	ĉ p,↓ ĉ p,↑ â †p,↑ â †p,↓ |Φvac ⟩ = |Φvac ⟩, (11.3.15)	PENDING	NONE	NONE	false	NONE	NONE	NONE
CL-TASAKI2020-2119	TASAKI2020	000405.0005	PG-TASAKI2020-0405	PDF p. 405; print p. 394; §11.3.1; paragraph 6, atom 1	assertion	unnumbered_obligation	This means that one has g(A↑ , A↓ ) = 0 whenever A↑ ∩ A↓ ≠ ∅.	PENDING	NONE	NONE	false	NONE	NONE	NONE
CL-TASAKI2020-2120	TASAKI2020	000405.0006	PG-TASAKI2020-0405	PDF p. 405; print p. 394; §11.3.1; paragraph 6, atom 2	assertion	unnumbered_obligation	We have thus found, not too surprisingly, that repulsion in the real space leads to repulsion in the state space (described by â † operators).	PENDING	NONE	NONE	false	NONE	NONE	NONE
CL-TASAKI2020-2121	TASAKI2020	000405.0007	PG-TASAKI2020-0405	PDF p. 405; print p. 394; §11.3.1; paragraph 7, atom 1	domain	domain	A careful proof follows.	PENDING	NONE	NONE	false	NONE	NONE	NONE
CL-TASAKI2020-2122	TASAKI2020	000405.0008	PG-TASAKI2020-0405	PDF p. 405; print p. 394; §11.3.1; paragraph 7, atom 2	definition	definition	Define the Gram matrix G by G_{u,v}=⟨β_u,β_v⟩={b̂_{u,σ},b̂†_{v,σ}} for u,v∈I.	PENDING	NONE	NONE	false	NONE	NONE	NONE
CL-TASAKI2020-2123	TASAKI2020	000405.0009	PG-TASAKI2020-0405	PDF p. 405; print p. 394; §11.3.1; paragraph 7, atom 3	assertion	unnumbered_obligation	The linear independence of {β u }u∈I implies that G is invertible.	PENDING	NONE	NONE	false	NONE	NONE	NONE
CL-TASAKI2020-2124	TASAKI2020	000405.0010	PG-TASAKI2020-0405	PDF p. 405; print p. 394; §11.3.1; paragraph 7, atom 4	definition	definition	Define b̌†_{u,σ}=∑_{v∈I}(G^(−1))_{u,v}b̂†_{v,σ}; then {b̂_{u,σ},b̌†_{v,τ}}=δ_{u,v}δ_{σ,τ}.	PENDING	NONE	NONE	false	NONE	NONE	NONE
CL-TASAKI2020-2125	TASAKI2020	000405.0011	PG-TASAKI2020-0405	PDF p. 405; print p. 394; §11.3.1; paragraph 7, atom 5	assertion	unnumbered_obligation	Since (11.3.11) implies b̂u,σ |ΦGS ⟩ = 0 for any u ∈ I and σ =↑, ↓, we get the desired property.	PENDING	NONE	NONE	false	NONE	NONE	NONE
CL-TASAKI2020-2126	TASAKI2020	000406.0001	PG-TASAKI2020-0406	PDF p. 406; print p. 395; §11.3.1; paragraph 2, atom 1	assertion	unnumbered_obligation	Since |A↑ | + |A↓ | = N = |E |, we find that A↑ ∩ A↓ = ∅ implies A↑ ∪ A↓ = E .	PENDING	NONE	NONE	false	NONE	NONE	NONE
CL-TASAKI2020-2127	TASAKI2020	000406.0002	PG-TASAKI2020-0406	PDF p. 406; print p. 395; §11.3.1; paragraph 2, atom 2	assertion	unnumbered_obligation	The condition A_↑∪A_↓=E rewrites the ground state (11.3.14) in the form (11.3.16).	PENDING	NONE	NONE	false	NONE	NONE	NONE
CL-TASAKI2020-2128	TASAKI2020	000406.0003	PG-TASAKI2020-0406	PDF p. 406; print p. 395; §11.3.1; equation (11.3.16)	assertion	equation	|Φ_GS⟩ = ∑_σ C(σ)(∏_{p∈E}â†_{p,σ_p})|Φ_vac⟩. (11.3.16)	PENDING	NONE	NONE	false	NONE	NONE	NONE
CL-TASAKI2020-2129	TASAKI2020	000406.0004	PG-TASAKI2020-0406	PDF p. 406; print p. 395; §11.3.1; paragraph 3, atom 1	hypothesis	hypothesis	We have fixed an arbitrary ordering of the elements of E , and assume that any product respects the ordering.	PENDING	NONE	NONE	false	NONE	NONE	NONE
CL-TASAKI2020-2130	TASAKI2020	000406.0005	PG-TASAKI2020-0406	PDF p. 406; print p. 395; §11.3.1; paragraph 3, atom 2	domain	domain	Take p, q ∈ E separated by distance 1, and let u ∈ I be the unique site in between them.	PENDING	NONE	NONE	false	NONE	NONE	NONE
CL-TASAKI2020-2131	TASAKI2020	000406.0006	PG-TASAKI2020-0406	PDF p. 406; print p. 395; §11.3.1; equation (11.3.17)	assertion	equation	ĉ_{u,↓} ĉ_{u,↑} â†_{p,σ} â†_{q,τ}|Φ_vac⟩ = {|Φ_vac⟩ if (σ,τ)=(↑,↓); −|Φ_vac⟩ if (σ,τ)=(↓,↑); 0 if (σ,τ)=(↑,↑),(↓,↓)}. (11.3.17)	PENDING	NONE	NONE	false	NONE	NONE	NONE
CL-TASAKI2020-2132	TASAKI2020	000406.0007	PG-TASAKI2020-0406	PDF p. 406; print p. 395; §11.3.1; equation (11.3.18)	assertion	equation	|Φ_GS⟩ = ∑_σ sgn(p,q)C(σ)â†_{p,σ_p}â†_{q,σ_q}(∏_{p′∈E\{p,q}}â†_{p′,σ_{p′}})|Φ_vac⟩. (11.3.18)	PENDING	NONE	NONE	false	NONE	NONE	NONE
CL-TASAKI2020-2133	TASAKI2020	000406.0008	PG-TASAKI2020-0406	PDF p. 406; print p. 395; §11.3.1; equation (11.3.19)	assertion	equation	ĉ_(u,↓)ĉ_(u,↑)|Φ_GS⟩=∑_(σ′)sgn(p,q){C((↑,↓,σ′))−C((↓,↑,σ′))}(∏_(p′∈𝓔∖{p,q})â†_(p′,σ′_(p′)))|Φ_vac⟩. (11.3.19)	PENDING	NONE	NONE	false	NONE	NONE	NONE
CL-TASAKI2020-2134	TASAKI2020	000406.0009	PG-TASAKI2020-0406	PDF p. 406; print p. 395; §11.3.1; equation (11.3.20)	assertion	equation	C(σ)=C(σ_(p↔q)). (11.3.20)	PENDING	NONE	NONE	false	NONE	NONE	NONE
CL-TASAKI2020-2135	TASAKI2020	000407.0001	PG-TASAKI2020-0407	PDF p. 407; print p. 396; §11.3.1; paragraph 4	assertion	remark	On-site repulsion at the common site u produces a ferromagnetic interaction between spins localized around adjacent p,q∈E, as in the direct-exchange mechanism.	PENDING	NONE	NONE	false	NONE	NONE	NONE
CL-TASAKI2020-3271	TASAKI2020	000407.0002	PG-TASAKI2020-0407	PDF p. 407; print p. 396; §11.3.1; paragraph 5; v7 split atom 1/2	assertion	unnumbered_obligation	Since we already know that there is a ferromagnetic ground state (11.3.10) in this space, we see that the unique ground state has S_tot=S_max.	PENDING	NONE	NONE	false	NONE	NONE	NONE
CL-TASAKI2020-3272	TASAKI2020	000407.0003	PG-TASAKI2020-0407	PDF p. 407; print p. 396; §11.3.1; paragraph 5; v7 split atom 2/2	assertion	unnumbered_obligation	We have thus proved that the ground state (11.3.16) is a linear combination of the states (11.3.10).	PENDING	NONE	NONE	false	NONE	NONE	NONE
CL-TASAKI2020-2137	TASAKI2020	000407.0004	PG-TASAKI2020-0407	PDF p. 407; print p. 396; §11.3.1; equation (11.3.21)	assertion	equation	Ĥ_hop = ∑_{x,y∈Λ, σ=↑,↓} t_{x,y} ĉ†_{x,σ} ĉ_{y,σ}. (11.3.21)	PENDING	NONE	NONE	false	NONE	NONE	NONE
CL-TASAKI2020-2138	TASAKI2020	000408.0001	PG-TASAKI2020-0408	PDF p. 408; print p. 397; §11.3.1; equation (11.3.22)	assertion	equation	t_{x,y} = {νt if |x−y|=1/2; ν²t if x,y∈E and |x−y|=1; t if x=y∈I; 2dν²t if x=y∈E; 0 otherwise}. (11.3.22)	PENDING	NONE	NONE	false	NONE	NONE	NONE
CL-TASAKI2020-2139	TASAKI2020	000408.0002	PG-TASAKI2020-0408	PDF p. 408; print p. 397; §11.3.1; equation (11.3.23)	assertion	equation	ε_μ(k) = {0 if μ=1; t if μ=2,…,d; t+2ν²t∑_{j=1}^d(1+cos k_j) if μ=d+1}. (11.3.23)	PENDING	NONE	NONE	false	NONE	NONE	NONE
CL-TASAKI2020-2140	TASAKI2020	000408.0003	PG-TASAKI2020-0408	PDF p. 408; print p. 397; §11.3.1; paragraph 9	assertion	unnumbered_obligation	There are |K L | = L d states with zero energy, and are separated from other single-electron energy eigenstates by the energy gap t > 0.	PENDING	NONE	NONE	false	NONE	NONE	NONE
CL-TASAKI2020-2141	TASAKI2020	000408.0004	PG-TASAKI2020-0408	PDF p. 408; print p. 397; §11.3.1; Fig. 11.13 caption	assertion	remark	Fig. 11.13 The dispersion relations (11.3.23) of the Tasaki model on the decorated d-dimensional hypercubic lattice. a There are two bands in the one-dimensional model. A completely flat lower band is separated by a nonzero gap from the upper band with a cosine dispersion relation. b There are two flat-bands and one band with a cosine dispersion in the two-dimensional model. The lowest band is again separated by a nonzero gap from the rest of the spectrum. (The horizontal axes represent k1 , k2 ∈ [−π, π ] and the vertical axis represents ε(k1 , k2 ).)	PENDING	NONE	NONE	false	NONE	NONE	NONE
CL-TASAKI2020-2142	TASAKI2020	000409.0001	PG-TASAKI2020-0409	PDF p. 409; print p. 398; §11.3.1; equation (11.3.24)	assertion	equation	Ĥhop â †p,σ |Φvac ⟩ = 0, (11.3.24)	PENDING	NONE	NONE	false	NONE	NONE	NONE
CL-TASAKI2020-2143	TASAKI2020	000409.0002	PG-TASAKI2020-0409	PDF p. 409; print p. 398; §11.3.1; equation (11.3.25)	assertion	equation	(∏_{p∈A_↑} â†_{p,↑})(∏_{p∈A_↓} â†_{p,↓})|Φ_vac⟩. (11.3.25)	PENDING	NONE	NONE	false	NONE	NONE	NONE
CL-TASAKI2020-2144	TASAKI2020	000409.0003	PG-TASAKI2020-0409	PDF p. 409; print p. 398; §11.3.1; paragraph 4	assertion	unnumbered_obligation	Definition (11.3.4) implies the anticommutation relation (11.3.26).	PENDING	NONE	NONE	false	NONE	NONE	NONE
CL-TASAKI2020-2145	TASAKI2020	000409.0004	PG-TASAKI2020-0409	PDF p. 409; print p. 398; §11.3.1; equation (11.3.26)	assertion	equation	{b̂_{v,τ},b̂†_{u,σ}}={(1+2ν²)tδ_{σ,τ} if v=u; ν²tδ_{σ,τ} if |v−u|=1; 0 otherwise}. (11.3.26)	PENDING	NONE	NONE	false	NONE	NONE	NONE
CL-TASAKI2020-2146	TASAKI2020	000409.0005	PG-TASAKI2020-0409	PDF p. 409; print p. 398; §11.3.1; equation (11.3.27)	assertion	equation	Ĥ_hop∑_(u∈𝓘)ϕ_u b̂†_(u,σ)|Φ_vac⟩=t∑_(u∈𝓘)ϕ_u{(1+2ν²)b̂†_(u,σ)+ν²(b̂†_(u+1,σ)+b̂†_(u−1,σ))}|Φ_vac⟩. (11.3.27)	PENDING	NONE	NONE	false	NONE	NONE	NONE
CL-TASAKI2020-2147	TASAKI2020	000410.0001	PG-TASAKI2020-0410	PDF p. 410; print p. 399; §11.3.1; equation (11.3.28)	assertion	equation	ν²t(ϕ_{u+1}+ϕ_{u−1})+(1+2ν²)tϕ_u=εϕ_u. (11.3.28)	PENDING	NONE	NONE	false	NONE	NONE	NONE
CL-TASAKI2020-2148	TASAKI2020	000410.0002	PG-TASAKI2020-0410	PDF p. 410; print p. 399; §11.3.1; Problem 11.3.1.a	assertion	problem	Problem 11.3.1.a Derive the dispersion relations (11.3.23) for general d by computing the effective hopping matrix given by (9.3.13) explicitly and then obtaining its eigenvalues. [solution→p.517]	PENDING	NONE	NONE	false	NONE	NONE	NONE
CL-TASAKI2020-2149	TASAKI2020	000410.0003	PG-TASAKI2020-0410	PDF p. 410; print p. 399; §11.3.1; paragraph 4, atom 1	assertion	unnumbered_obligation	As we have discussed above, the model with U = 0 has highly degenerate ground states with all possible Stot .	PENDING	NONE	NONE	false	NONE	NONE	NONE
CL-TASAKI2020-2150	TASAKI2020	000410.0004	PG-TASAKI2020-0410	PDF p. 410; print p. 399; §11.3.1; paragraph 4, atom 2	assertion	unnumbered_obligation	The Stoner criterion (see Sect. 11.1.4) then suggests that the degeneracy is lifted and one gets ferromagnetism for any U > 0 because we have U DF = ∞ for any nonzero U .	PENDING	NONE	NONE	false	NONE	NONE	NONE
CL-TASAKI2020-2151	TASAKI2020	000411.0001	PG-TASAKI2020-0411	PDF p. 411; print p. 400; §11.3.1; paragraph 5, atom 1	hypothesis	hypothesis	We assume that Λ thus constructed is connected.	PENDING	NONE	NONE	false	NONE	NONE	NONE
CL-TASAKI2020-2152	TASAKI2020	000411.0002	PG-TASAKI2020-0411	PDF p. 411; print p. 400; §11.3.1; paragraph 5, atom 2	notation	notation	For each u ∈ I , we denote by Cu the unique cell to which u belongs.	PENDING	NONE	NONE	false	NONE	NONE	NONE
CL-TASAKI2020-2153	TASAKI2020	000411.0003	PG-TASAKI2020-0411	PDF p. 411; print p. 400; §11.3.1; equation (11.3.29)	assertion	equation	â_{p,σ} = ĉ_{p,σ}−ν∑_{u∈I: C_u∋p}ĉ_{u,σ}. (11.3.29)	PENDING	NONE	NONE	false	NONE	NONE	NONE
CL-TASAKI2020-2154	TASAKI2020	000411.0004	PG-TASAKI2020-0411	PDF p. 411; print p. 400; §11.3.1; equation (11.3.30)	assertion	equation	b̂_{u,σ} = ĉ_{u,σ} + ν ∑_{p∈C_u∩E} ĉ_{p,σ}. (11.3.30)	PENDING	NONE	NONE	false	NONE	NONE	NONE
CL-TASAKI2020-2155	TASAKI2020	000411.0005	PG-TASAKI2020-0411	PDF p. 411; print p. 400; §11.3.1; paragraph 7	definition	definition	Then the Hubbard Hamiltonian Ĥ = Ĥhop + Ĥint is defined as before by (11.3.5) and (11.3.6).	PENDING	NONE	NONE	false	NONE	NONE	NONE
CL-TASAKI2020-2156	TASAKI2020	000411.0006	PG-TASAKI2020-0411	PDF p. 411; print p. 400; §11.3.1; Note unnumbered line 44	assertion	remark	The models in this subsection are built mainly from cells with one internal and two external sites; in particular, the Delta chain in Fig. 11.11b consists of triangular cells.	PENDING	NONE	NONE	false	NONE	NONE	NONE
CL-TASAKI2020-2158	TASAKI2020	000412.0001	PG-TASAKI2020-0412	PDF p. 412; print p. 401; §11.3.2; paragraph 6, atom 2	domain	domain	Let (Λ̃, B) be a general lattice (or graph), where Λ̃ denotes the set of sites (or vertices) α, β . . ., and B is the set of bonds (or edges) {α, β} = {β, α} where α, β ∈ Λ̃ and α ≠ β.	PENDING	NONE	NONE	false	NONE	NONE	NONE
CL-TASAKI2020-3273	TASAKI2020	000412.0002	PG-TASAKI2020-0412	PDF p. 412; print p. 401; §11.3.2; paragraph 6, atom 3; v7 split atom 1/2	hypothesis	hypothesis	We assume that the lattice (Λ̃,B) is connected.	PENDING	NONE	NONE	false	NONE	NONE	NONE
CL-TASAKI2020-3274	TASAKI2020	000412.0003	PG-TASAKI2020-0412	PDF p. 412; print p. 401; §11.3.2; paragraph 6, atom 3; v7 split atom 2/2	definition	definition	Starting from (Λ̃,B), we shall construct a new lattice (Λ,B), which is called the line graph of (Λ̃,B).	PENDING	NONE	NONE	false	NONE	NONE	NONE
CL-TASAKI2020-2160	TASAKI2020	000412.0004	PG-TASAKI2020-0412	PDF p. 412; print p. 401; §11.3.2; paragraph 6, atom 4	definition	definition	Then we define the set of bonds B by declaring that {x, y} ∈ B if and only if x, y ∈ Λ, x ≠ y, and x and y are directly connected to (at least) one common site α ∈ Λ̃.	PENDING	NONE	NONE	false	NONE	NONE	NONE
CL-TASAKI2020-2161	TASAKI2020	000413.0001	PG-TASAKI2020-0413	PDF p. 413; print p. 402; §11.3.2; equation (11.3.31)	assertion	equation	Ĥ_hop = t ∑_{{x,y}∈B, σ=↑,↓} ĉ†_{x,σ} ĉ_{y,σ} + 2t ∑_{x∈Λ} n̂_x. (11.3.31)	PENDING	NONE	NONE	false	NONE	NONE	NONE
CL-TASAKI2020-3157	TASAKI2020	000413.0002	PG-TASAKI2020-0413	PDF p. 413; print p. 402; §11.3.2; paragraph 6; atom 1	hypothesis	hypothesis	The parameter t is positive.	PENDING	NONE	NONE	false	NONE	NONE	NONE
CL-TASAKI2020-3362	TASAKI2020	000413.0003	PG-TASAKI2020-0413	PDF p. 413; print p. 402; §11.3.2; paragraph 6; atom 2	assertion	remark	The second term of (11.3.31) is included only to make the ground-state energy zero.	PENDING	NONE	NONE	false	NONE	NONE	NONE
CL-TASAKI2020-3158	TASAKI2020	000413.0004	PG-TASAKI2020-0413	PDF p. 413; print p. 402; §11.3.2; paragraph 6; atom 1	assertion	unnumbered_obligation	The model has constant hopping only between neighboring sites.	PENDING	NONE	NONE	false	NONE	NONE	NONE
CL-TASAKI2020-3363	TASAKI2020	000413.0005	PG-TASAKI2020-0413	PDF p. 413; print p. 402; §11.3.2; paragraph 6; atom 2	assertion	remark	No fine tuning of the kind used in the Tasaki model is necessary.	PENDING	NONE	NONE	false	NONE	NONE	NONE
CL-TASAKI2020-3159	TASAKI2020	000413.0006	PG-TASAKI2020-0413	PDF p. 413; print p. 402; §11.3.2; paragraph 6; audit split atom 3/3	assertion	unnumbered_obligation	Its single-electron Schrödinger equation is (11.3.32).	PENDING	NONE	NONE	false	NONE	NONE	NONE
CL-TASAKI2020-2163	TASAKI2020	000413.0007	PG-TASAKI2020-0413	PDF p. 413; print p. 402; §11.3.2; equation (11.3.32)	assertion	equation	2tϕ(x)+t∑_{y∈Λ: {x,y}∈B}ϕ(y)=εϕ(x) for any x∈Λ. (11.3.32)	PENDING	NONE	NONE	false	NONE	NONE	NONE
CL-TASAKI2020-3275	TASAKI2020	000413.0008	PG-TASAKI2020-0413	PDF p. 413; print p. 402; §11.3.2; paragraph 7; v7 split atom 1/2	definition	definition	Let us define D(Λ̃,B):=|B|−|Λ̃|+1=|Λ|−|Λ̃|+1 if the original lattice (Λ̃,B) is bipartite, and D(Λ̃,B):=|B|−|Λ̃|=|Λ|−|Λ̃| if (Λ̃,B) is not bipartite.	PENDING	NONE	NONE	false	NONE	NONE	NONE
CL-TASAKI2020-3276	TASAKI2020	000413.0009	PG-TASAKI2020-0413	PDF p. 413; print p. 402; §11.3.2; paragraph 7; v7 split atom 2/2	assertion	remark	The following preliminary but essential result was proved by Mielke [33].	PENDING	NONE	NONE	false	NONE	NONE	NONE
CL-TASAKI2020-2165	TASAKI2020	000413.0010	PG-TASAKI2020-0413	PDF p. 413; print p. 402; §11.3.2; Fig. 11.16 caption	assertion	remark	Fig. 11.16 a The line graph of the square lattice (left) is the checkerboard lattice (right). b The line graph of the hexagonal lattice (left) is the kagomé lattice (right)	PENDING	NONE	NONE	false	NONE	NONE	NONE
CL-TASAKI2020-2166	TASAKI2020	000414.0001	PG-TASAKI2020-0414	PDF p. 414; print p. 403; §11.3.2; Theorem 11.12	assertion	theorem	Theorem 11.12 (Flat-band in a general line graph) The single-electron Schrödinger equation (11.3.32) has exactly D(Λ̃,B) zero eigenstates with energy zero. All the other energy eigenvalues are strictly positive.	PENDING	NONE	NONE	false	NONE	NONE	NONE
CL-TASAKI2020-2167	TASAKI2020	000414.0002	PG-TASAKI2020-0414	PDF p. 414; print p. 403; §11.3.2; equation (11.3.33)	assertion	equation	ε_μ(k) = {0 if μ=1,…,d−1; 2t ∑_{j=1}^d (1+cos k_j) if μ=d}. (11.3.33)	PENDING	NONE	NONE	false	NONE	NONE	NONE
CL-TASAKI2020-2168	TASAKI2020	000414.0003	PG-TASAKI2020-0414	PDF p. 414; print p. 403; §11.3.2; Problem 11.3.2.a	assertion	problem	Problem 11.3.2.a Examine the relation between the Tasaki model in Sect. 11.3.1 and the Mielke model on the d-dimensional checkerboard lattice. Then derive the dispersion relations (11.3.33) by using the dispersion relation (11.3.23) of the Tasaki model. (Hint: Generalize the analysis that include (11.3.26), (11.3.27), and (11.3.28) for d = 1 to higher dimensions.) In Sect. 11.3.3, we also show that (11.3.33) is easily obtained from (9.3.9), the dispersion relation for the simplest model on the d-dimensional hypercubic lattice. [solution→p.518]	PENDING	NONE	NONE	false	NONE	NONE	NONE
CL-TASAKI2020-2169	TASAKI2020	000414.0004	PG-TASAKI2020-0414	PDF p. 414; print p. 403; §11.3.2; Problem 11.3.2.b	assertion	problem	Problem 11.3.2.b Find localized zero-energy single-electron states for the checkerboard lattice and the kagomé lattice (Fig. 11.16). [solution→p.519]	PENDING	NONE	NONE	false	NONE	NONE	NONE
CL-TASAKI2020-2170	TASAKI2020	000414.0005	PG-TASAKI2020-0414	PDF p. 414; print p. 403; §11.3.2; Theorem 11.13	assertion	theorem	Theorem 11.13 (Mielke’s flat-band ferromagnetism) Assume that the original lattice (Λ̃, B) is biconnected, and consider the above Hubbard model with electron number N = D(Λ̃,B). Then for any t > 0 and U > 0, the ground states have total spin S_tot = S_max = N/2 and are unique apart from the trivial (N+1)-fold degeneracy.	PENDING	NONE	NONE	false	NONE	NONE	NONE
CL-TASAKI2020-2171	TASAKI2020	000415.0001	PG-TASAKI2020-0415	PDF p. 415; print p. 404; §11.3.2; Fig. 11.17 caption, atom 1	assertion	remark	The two lattices in Fig. 11.17 are connected but not biconnected, and each has D(Λ̃,B)=2.	PENDING	NONE	NONE	false	NONE	NONE	NONE
CL-TASAKI2020-2172	TASAKI2020	000415.0002	PG-TASAKI2020-0415	PDF p. 415; print p. 404; §11.3.2; Fig. 11.17 caption, atom 2	assertion	remark	For N=2, the Hubbard model on the line graph in Fig. 11.17(a) is not ferromagnetic, whereas the model on the line graph in Fig. 11.17(b) is ferromagnetic.	PENDING	NONE	NONE	false	NONE	NONE	NONE
CL-TASAKI2020-2173	TASAKI2020	000415.0003	PG-TASAKI2020-0415	PDF p. 415; print p. 404; §11.3.2; paragraph after Theorem 11.13	assertion	remark	For the checkerboard lattice, the square with all four sites directly connected plays the role of the triangle in the ring-exchange picture; the Stoner-criterion picture requires no modification.	PENDING	NONE	NONE	false	NONE	NONE	NONE
CL-TASAKI2020-2174	TASAKI2020	000416.0001	PG-TASAKI2020-0416	PDF p. 416; print p. 405; §11.3.2; Problem 11.3.2.c	assertion	problem	Problem 11.3.2.c Prove the fact stated in the caption for Fig. 11.17. This is done by first finding two linearly independent zero energy states of the corresponding single-electron Schrödinger equation, which is easy for (a) and rather nontrivial for (b). [solution→p.519]	PENDING	NONE	NONE	false	NONE	NONE	NONE
CL-TASAKI2020-2175	TASAKI2020	000416.0002	PG-TASAKI2020-0416	PDF p. 416; print p. 405; §11.3.3; equation (11.3.34)	assertion	equation	T̃:=SS† and T:=S†S. (11.3.34)	PENDING	NONE	NONE	false	NONE	NONE	NONE
CL-TASAKI2020-2176	TASAKI2020	000416.0003	PG-TASAKI2020-0416	PDF p. 416; print p. 405; §11.3.3; equation (11.3.35)	assertion	equation	t̃_{α,β} = ∑_{x∈Λ}s_{α,x}(s_{β,x})*,  t_{x,y} = ∑_{α∈Λ̃}(s_{α,x})*s_{α,y}. (11.3.35)	PENDING	NONE	NONE	false	NONE	NONE	NONE
CL-TASAKI2020-2177	TASAKI2020	000416.0004	PG-TASAKI2020-0416	PDF p. 416; print p. 405; §11.3.3; Lemma 11.14	assertion	lemma	Lemma 11.14 Hopping matrices T̃ and T have exactly identical positive eigenvalues with identical multiplicities.	PENDING	NONE	NONE	false	NONE	NONE	NONE
CL-TASAKI2020-2178	TASAKI2020	000417.0001	PG-TASAKI2020-0417	PDF p. 417; print p. 406; §11.3.3; paragraph 2, atom 1	hypothesis	hypothesis	Proof Assume that Tϕ = λϕ with λ > 0, where ϕ = (ϕ(x))x∈Λ is a nonzero |Λ|-dimensional vector (or a wave function on Λ).	PENDING	NONE	NONE	false	NONE	NONE	NONE
CL-TASAKI2020-2179	TASAKI2020	000417.0002	PG-TASAKI2020-0417	PDF p. 417; print p. 406; §11.3.3; paragraph 2, atom 2	definition	definition	Define ϕ̃:=Sϕ, a |Λ̃|-dimensional vector on Λ̃.	PENDING	NONE	NONE	false	NONE	NONE	NONE
CL-TASAKI2020-2180	TASAKI2020	000417.0003	PG-TASAKI2020-0417	PDF p. 417; print p. 406; §11.3.3; paragraph 2, atom 3	assertion	unnumbered_obligation	⟨ϕ̃,ϕ̃⟩=⟨ϕ,S†Sϕ⟩=⟨ϕ,Tϕ⟩=λ⟨ϕ,ϕ⟩>0, so ϕ̃ is nonzero.	PENDING	NONE	NONE	false	NONE	NONE	NONE
CL-TASAKI2020-2181	TASAKI2020	000417.0004	PG-TASAKI2020-0417	PDF p. 417; print p. 406; §11.3.3; paragraph 2, atom 4	assertion	unnumbered_obligation	T̃ϕ̃=SS†Sϕ=STϕ=λSϕ=λϕ̃, so ϕ̃ is an eigenvector of T̃ with eigenvalue λ.	PENDING	NONE	NONE	false	NONE	NONE	NONE
CL-TASAKI2020-2182	TASAKI2020	000417.0005	PG-TASAKI2020-0417	PDF p. 417; print p. 406; §11.3.3; paragraph 2, atom 5	hypothesis	hypothesis	Conversely, suppose that a nonzero ϕ̃′ orthogonal to ϕ̃ satisfies T̃ϕ̃′=λϕ̃′, and define ϕ′:=S†ϕ̃′.	PENDING	NONE	NONE	false	NONE	NONE	NONE
CL-TASAKI2020-2183	TASAKI2020	000417.0006	PG-TASAKI2020-0417	PDF p. 417; print p. 406; §11.3.3; paragraph 3, atom 1	hypothesis	hypothesis	We conclude that the tight-binding Schrödinger equation with the hopping matrix T has flat bands provided that |Λ| − |Λ̃| is proportional to the system size (and the system has translation invariance).	PENDING	NONE	NONE	false	NONE	NONE	NONE
CL-TASAKI2020-2184	TASAKI2020	000417.0007	PG-TASAKI2020-0417	PDF p. 417; print p. 406; §11.3.3; paragraph 3, atom 2	definition	definition	Let Λ^tot=Λ∪Λ̃ and define the hopping matrix T^tot=(t^tot_{u,v}) by (11.3.36).	PENDING	NONE	NONE	false	NONE	NONE	NONE
CL-TASAKI2020-2185	TASAKI2020	000417.0008	PG-TASAKI2020-0417	PDF p. 417; print p. 406; §11.3.3; equation (11.3.36)	assertion	equation	t^{tot}_{u,v} = {s_{u,v} if u∈Λ̃, v∈Λ; (s_{v,u})* if u∈Λ, v∈Λ̃; 0 otherwise}. (11.3.36)	PENDING	NONE	NONE	false	NONE	NONE	NONE
CL-TASAKI2020-2186	TASAKI2020	000417.0009	PG-TASAKI2020-0417	PDF p. 417; print p. 406; §11.3.3; equation (11.3.37)	assertion	equation	T^tot=[[0,S†],[S,0]]. (11.3.37)	PENDING	NONE	NONE	false	NONE	NONE	NONE
CL-TASAKI2020-2187	TASAKI2020	000417.0010	PG-TASAKI2020-0417	PDF p. 417; print p. 406; §11.3.3; paragraph 5, atom 1	domain	domain	Let ϕ = (ϕ(x))x∈Λ be such that Tϕ = 0.	PENDING	NONE	NONE	false	NONE	NONE	NONE
CL-TASAKI2020-2188	TASAKI2020	000417.0011	PG-TASAKI2020-0417	PDF p. 417; print p. 406; §11.3.3; paragraph 5, atom 2	assertion	unnumbered_obligation	Then it also holds (from Lemma A.11 in p. 469) that Sϕ = 0, and hence Ttot (ϕ ⊕ 0) = 0.	PENDING	NONE	NONE	false	NONE	NONE	NONE
CL-TASAKI2020-2189	TASAKI2020	000417.0012	PG-TASAKI2020-0417	PDF p. 417; print p. 406; §11.3.3; paragraph 5, atom 3	definition	definition	Define the matrix S = (s_(α,x))_(α∈Λ̃,x∈Λ) by (11.3.38).	PENDING	NONE	NONE	false	NONE	NONE	NONE
CL-TASAKI2020-2190	TASAKI2020	000418.0001	PG-TASAKI2020-0418	PDF p. 418; print p. 407; §11.3.3; equation (11.3.38)	assertion	equation	s_{α,x}={√t if α∈Λ̃ and x∈Λ are directly connected; 0 otherwise}. (11.3.38)	PENDING	NONE	NONE	false	NONE	NONE	NONE
CL-TASAKI2020-2191	TASAKI2020	000418.0002	PG-TASAKI2020-0418	PDF p. 418; print p. 407; §11.3.3; equation (11.3.39)	assertion	equation	t_{x,y} = {2t if x=y; t if {x,y}∈B; 0 otherwise}. (11.3.39)	PENDING	NONE	NONE	false	NONE	NONE	NONE
CL-TASAKI2020-2192	TASAKI2020	000418.0003	PG-TASAKI2020-0418	PDF p. 418; print p. 407; §11.3.3; equation (11.3.40)	assertion	equation	t̃_{α,β} = {z(α)t if α=β; t if {α,β}∈B̃; 0 otherwise}. (11.3.40)	PENDING	NONE	NONE	false	NONE	NONE	NONE
CL-TASAKI2020-2193	TASAKI2020	000418.0004	PG-TASAKI2020-0418	PDF p. 418; print p. 407; §11.3.3; equation (11.3.41)	assertion	equation	λ = ⟨ϕ̃,T̃ϕ̃⟩ = ∑_{α,β∈Λ̃}ϕ̃(α)t̃_{α,β}ϕ̃(β) = t∑_{{α,β}∈B̃}(ϕ̃(α)+ϕ̃(β))². (11.3.41)	PENDING	NONE	NONE	false	NONE	NONE	NONE
CL-TASAKI2020-2194	TASAKI2020	000418.0005	PG-TASAKI2020-0418	PDF p. 418; print p. 407; §11.3.3; example let	assertion	remark	For the d-dimensional hypercubic lattice, the associated line graph is the checkerboard lattice, and its flat-band dispersion follows from the hypercubic Schrödinger equation by a sign change and energy shift.	PENDING	NONE	NONE	false	NONE	NONE	NONE
CL-TASAKI2020-2195	TASAKI2020	000419.0001	PG-TASAKI2020-0419	PDF p. 419; print p. 408; §11.3.3; paragraph 5	hypothesis	hypothesis	Assume that (Λ̃, B) is a general connected bipartite lattice.	PENDING	NONE	NONE	false	NONE	NONE	NONE
CL-TASAKI2020-2196	TASAKI2020	000419.0002	PG-TASAKI2020-0419	PDF p. 419; print p. 408; §11.3.3; Fig. 11.18 caption	assertion	remark	Fig. 11.18. A diamond chain reduces to a crossed ladder, and a decorated square lattice with dangling bonds reduces to the decorated square lattice of the Tasaki model.	PENDING	NONE	NONE	false	NONE	NONE	NONE
CL-TASAKI2020-2197	TASAKI2020	000420.0001	PG-TASAKI2020-0420	PDF p. 420; print p. 409; §11.3.3; paragraph 2	assertion	unnumbered_obligation	For the decorated square lattice, setting sα,x=√t on dangling bonds and sα,x=√t ν on other bonds makes the hopping matrix T recover the Tasaki hopping amplitude (11.3.22).	PENDING	NONE	NONE	false	NONE	NONE	NONE
CL-TASAKI2020-2198	TASAKI2020	000420.0002	PG-TASAKI2020-0420	PDF p. 420; print p. 409; §11.3.4; paragraph 4, atom 1	notation	notation	As before we denote by h = {ϕ = (ϕ(x))x∈Λ | ϕ(x) ∈ C} the single-electron Hilbert space for Λ.	PENDING	NONE	NONE	false	NONE	NONE	NONE
CL-TASAKI2020-2199	TASAKI2020	000420.0003	PG-TASAKI2020-0420	PDF p. 420; print p. 409; §11.3.4; paragraph 4, atom 2	domain	domain	Let h0 := ker T be the subspace which consists of ϕ ∈ h such that Tϕ = 0.	PENDING	NONE	NONE	false	NONE	NONE	NONE
CL-TASAKI2020-2200	TASAKI2020	000420.0004	PG-TASAKI2020-0420	PDF p. 420; print p. 409; §11.3.4; paragraph 4, atom 3	hypothesis	hypothesis	We assume that h0 is not empty, and write D0 := dim h0 .	PENDING	NONE	NONE	false	NONE	NONE	NONE
CL-TASAKI2020-2201	TASAKI2020	000420.0005	PG-TASAKI2020-0420	PDF p. 420; print p. 409; §11.3.4; paragraph 4, atom 4	definition	definition	We denote by P0 the orthogonal projection matrix onto the space h0 , and define Λ0 := {x ∈ Λ | (P0 )x,x ≠ 0}.	PENDING	NONE	NONE	false	NONE	NONE	NONE
CL-TASAKI2020-2202	TASAKI2020	000420.0006	PG-TASAKI2020-0420	PDF p. 420; print p. 409; §11.3.4; Theorem 11.15	assertion	theorem	Theorem 11.15 The above Hubbard model exhibits ferromagnetism, i.e., has N + 1 fold degenerate ground states with S_tot = N/2, if and only if the |Λ_0| × |Λ_0| matrix ((P_0)_{x,y})_{x,y∈Λ_0} is irreducible.	PENDING	NONE	NONE	false	NONE	NONE	NONE
CL-TASAKI2020-2204	TASAKI2020	000420.0007	PG-TASAKI2020-0420	PDF p. 420; print p. 409; §11.3.4; paragraph 4, atom 6	definition	definition	To be precise we say that the matrix ((P_0)_{x,y})_{x,y∈Λ_0} is reducible if and only if Λ_0 is decomposed as Λ_0 = Λ_1 ∪ Λ_2 with Λ_1 ∩ Λ_2 = ∅, Λ_1 ≠ ∅, and Λ_2 ≠ ∅, and it holds that (P_0)_{x,y} = 0 for any x ∈ Λ_1 and y ∈ Λ_2. We say ((P_0)_{x,y})_{x,y∈Λ_0} is irreducible when it is not reducible.	PENDING	NONE	NONE	false	NONE	NONE	NONE
CL-TASAKI2020-2205	TASAKI2020	000421.0001	PG-TASAKI2020-0421	PDF p. 421; print p. 410; §11.3.4; equation (11.3.42)	assertion	equation	(P₀)_(x,y)=⟨Φ_(ferro GS)|ĉ†_(y,↑)ĉ_(x,↑)|Φ_(ferro GS)⟩. (11.3.42)	PENDING	NONE	NONE	false	NONE	NONE	NONE
CL-TASAKI2020-2206	TASAKI2020	000421.0002	PG-TASAKI2020-0421	PDF p. 421; print p. 410; §11.3.4; equation (11.3.43)	assertion	equation	|Φ_ferro GS⟩ = (∏_{j=1}^{D_0}Ĉ†_↑(ψ_j))|Φ_vac⟩. (11.3.43)	PENDING	NONE	NONE	false	NONE	NONE	NONE
CL-TASAKI2020-2207	TASAKI2020	000421.0003	PG-TASAKI2020-0421	PDF p. 421; print p. 410; §11.3.4; equation (11.3.44)	assertion	equation	⟨Φ_ferro GS|ĉ†_{y,↑}ĉ_{x,↑}|Φ_ferro GS⟩ = ∑_{j=1}^{D_0}ψ_j(x){ψ_j(y)}*. (11.3.44)	PENDING	NONE	NONE	false	NONE	NONE	NONE
CL-TASAKI2020-2208	TASAKI2020	000421.0004	PG-TASAKI2020-0421	PDF p. 421; print p. 410; §11.3.4; paragraph 7, atom 1	out_of_scope	remark	We start by proving the following lemma due to Mielke [36,38], which we believe to be of essential importance in the study of flat-band systems.	PENDING	lemma-introduction-not-formal-claim	CORPUS-NORMALIZATION-INDEPENDENT-REVIEW	false	NONE	NONE	NONE
CL-TASAKI2020-3324	TASAKI2020	000421.0005	PG-TASAKI2020-0421	PDF p. 421; print p. 410; §11.3.4; Lemma 11.16; atom 1	hypothesis	hypothesis	Assume that the hopping matrix T satisfies T†=T and T≥0.	PENDING	NONE	NONE	false	NONE	NONE	NONE
CL-TASAKI2020-3394	TASAKI2020	000421.0006	PG-TASAKI2020-0421	PDF p. 421; print p. 410; §11.3.4; Lemma 11.16; atom 2	definition	definition	Let h₀=ker T.	PENDING	NONE	NONE	false	NONE	NONE	NONE
CL-TASAKI2020-3395	TASAKI2020	000421.0007	PG-TASAKI2020-0421	PDF p. 421; print p. 410; §11.3.4; Lemma 11.16; atom 3	definition	definition	Let D₀=dim h₀.	PENDING	NONE	NONE	false	NONE	NONE	NONE
CL-TASAKI2020-3325	TASAKI2020	000421.0008	PG-TASAKI2020-0421	PDF p. 421; print p. 410; §11.3.4; Lemma 11.16; v8 source-atomic partition	assertion	unnumbered_obligation	There exist I⊂Λ with |I|=D₀ and a basis {μ_z}_{z∈I} of h₀.	PENDING	NONE	NONE	false	NONE	NONE	NONE
CL-TASAKI2020-2210	TASAKI2020	000421.0009	PG-TASAKI2020-0421	PDF p. 421; print p. 410; §11.3.4; paragraph 7, atom 2	assertion	unnumbered_obligation	Here, for each z∈I, the basis state μ_z=(μ_z(x))_{x∈Λ} satisfies μ_z(z)≠0 and μ_z(z′)=0 for any z′∈I\{z}.	PENDING	NONE	NONE	false	NONE	NONE	NONE
CL-TASAKI2020-2211	TASAKI2020	000422.0001	PG-TASAKI2020-0422	PDF p. 422; print p. 411; §11.3.4; paragraph 3, atom 1	domain	domain	Let A be a general square matrix with rank r .	PENDING	NONE	NONE	false	NONE	NONE	NONE
CL-TASAKI2020-3277	TASAKI2020	000422.0002	PG-TASAKI2020-0422	PDF p. 422; print p. 411; §11.3.4; paragraph 3, atom 2; atom 1	assertion	unnumbered_obligation	There exists an r×r submatrix of A with nonzero determinant.	PENDING	NONE	NONE	false	NONE	NONE	NONE
CL-TASAKI2020-3391	TASAKI2020	000422.0003	PG-TASAKI2020-0422	PDF p. 422; print p. 411; §11.3.4; paragraph 3, atom 2; atom 2	assertion	unnumbered_obligation	Every (r+1)×(r+1) submatrix of A has determinant zero.	PENDING	NONE	NONE	false	NONE	NONE	NONE
CL-TASAKI2020-3278	TASAKI2020	000422.0004	PG-TASAKI2020-0422	PDF p. 422; print p. 411; §11.3.4; paragraph 3, atom 2; v7 split atom 2/2	assertion	unnumbered_obligation	Since rank T=|Λ|−D_0 by assumption, there exists a subset Λ′⊂Λ with |Λ′|=|Λ|−D_0 such that the submatrix (t_{x,y})_{x,y∈Λ′} has nonzero determinant.	PENDING	NONE	NONE	false	NONE	NONE	NONE
CL-TASAKI2020-2213	TASAKI2020	000422.0005	PG-TASAKI2020-0422	PDF p. 422; print p. 411; §11.3.4; paragraph 3, atom 3	domain	domain	Take any z ∈ I .	PENDING	NONE	NONE	false	NONE	NONE	NONE
CL-TASAKI2020-2214	TASAKI2020	000422.0006	PG-TASAKI2020-0422	PDF p. 422; print p. 411; §11.3.4; paragraph 3, atom 4	assertion	unnumbered_obligation	Then the (|Λ | + 1) × (|Λ | + 1) matrix (tx,y )x,y∈Λ ∪{z} has determinant zero, and hence has zero as an eigenvalue.	PENDING	NONE	NONE	false	NONE	NONE	NONE
CL-TASAKI2020-2215	TASAKI2020	000422.0007	PG-TASAKI2020-0422	PDF p. 422; print p. 411; §11.3.4; paragraph 3, atom 5	domain	domain	Let μ̃z = (μ̃z (x))x∈Λ ∪{z} be the corresponding eigenvector.	PENDING	NONE	NONE	false	NONE	NONE	NONE
CL-TASAKI2020-2216	TASAKI2020	000422.0008	PG-TASAKI2020-0422	PDF p. 422; print p. 411; §11.3.4; paragraph 3, atom 6	assertion	unnumbered_obligation	Extend μ̃_z to the |Λ|-dimensional vector μ_z by (11.3.45); then ⟨μ_z,Tμ_z⟩=0.	PENDING	NONE	NONE	false	NONE	NONE	NONE
CL-TASAKI2020-2217	TASAKI2020	000422.0009	PG-TASAKI2020-0422	PDF p. 422; print p. 411; §11.3.4; equation (11.3.45)	assertion	equation	μz(x)={μ̃z(x) if x∈Λ∪{z}; 0 otherwise}. (11.3.45)	PENDING	NONE	NONE	false	NONE	NONE	NONE
CL-TASAKI2020-2218	TASAKI2020	000422.0010	PG-TASAKI2020-0422	PDF p. 422; print p. 411; §11.3.4; paragraph 4, atom 1	notation	notation	For z, z′ ∈ I, write μ_z ∼ μ_z′ when there exists x ∈ Λ such that μ_z(x) ≠ 0 and μ_z′(x) ≠ 0; in this case μ_z and μ_z′ are directly connected.	PENDING	NONE	NONE	false	NONE	NONE	NONE
CL-TASAKI2020-2219	TASAKI2020	000422.0011	PG-TASAKI2020-0422	PDF p. 422; print p. 411; §11.3.4; paragraph 4, atom 2	definition	definition	The basis {μ_z}_{z∈I} is connected if, for every z,z′∈I, there exist z₀,…,z_n with z₀=z, z_n=z′, and μ_{z_{j−1}}∼μ_{z_j} for j=1,…,n.	PENDING	NONE	NONE	false	NONE	NONE	NONE
CL-TASAKI2020-2220	TASAKI2020	000422.0012	PG-TASAKI2020-0422	PDF p. 422; print p. 411; §11.3.4; Theorem 11.17	assertion	theorem	Theorem 11.17 The above Hubbard model exhibits ferromagnetism, i.e., has N + 1 fold degenerate ground states with S_tot = N/2, if and only if the basis {μ_z}_{z∈I} is connected.	PENDING	NONE	NONE	false	NONE	NONE	NONE
CL-TASAKI2020-2221	TASAKI2020	000422.0013	PG-TASAKI2020-0422	PDF p. 422; print p. 411; §11.3.4; paragraph 5	definition	definition	For each z ∈ I , we define the fermion operator âz,σ † = Ĉσ† (μz ).	PENDING	NONE	NONE	false	NONE	NONE	NONE
CL-TASAKI2020-2222	TASAKI2020	000423.0001	PG-TASAKI2020-0423	PDF p. 423; print p. 412; §11.3.4; paragraph 2, atom 1	domain	domain	Let |ΦGS ⟩ be an arbitrary ground state with N = D0 electrons.	PENDING	NONE	NONE	false	NONE	NONE	NONE
CL-TASAKI2020-2223	TASAKI2020	000423.0002	PG-TASAKI2020-0423	PDF p. 423; print p. 412; §11.3.4; paragraph 2, atom 2	assertion	unnumbered_obligation	The condition Ĥ_hop|Φ_GS⟩=0 implies that the ground state contains only â† operators and has the form (11.3.46).	PENDING	NONE	NONE	false	NONE	NONE	NONE
CL-TASAKI2020-2224	TASAKI2020	000423.0003	PG-TASAKI2020-0423	PDF p. 423; print p. 412; §11.3.4; equation (11.3.46)	assertion	equation	|Φ_GS⟩ = ∑_{I_↑,I_↓⊂I; |I_↑|+|I_↓|=D_0}g(I_↑,I_↓)(∏_{z∈I_↑}â†_{z,↑})(∏_{z∈I_↓}â†_{z,↓})|Φ_vac⟩. (11.3.46)	PENDING	NONE	NONE	false	NONE	NONE	NONE
CL-TASAKI2020-2225	TASAKI2020	000423.0004	PG-TASAKI2020-0423	PDF p. 423; print p. 412; §11.3.4; paragraph 3	assertion	unnumbered_obligation	The conditions ĉ_{z,↓}ĉ_{z,↑}|Φ_GS⟩=0 exclude double occupancy of the â† states and give the spin representation (11.3.47).	PENDING	NONE	NONE	false	NONE	NONE	NONE
CL-TASAKI2020-2226	TASAKI2020	000423.0005	PG-TASAKI2020-0423	PDF p. 423; print p. 412; §11.3.4; equation (11.3.47)	assertion	equation	|Φ_GS⟩ = ∑_σ C(σ)(∏_{z∈I}â†_{z,σ_z})|Φ_vac⟩. (11.3.47)	PENDING	NONE	NONE	false	NONE	NONE	NONE
CL-TASAKI2020-2227	TASAKI2020	000423.0006	PG-TASAKI2020-0423	PDF p. 423; print p. 412; §11.3.4; equation (11.3.48)	assertion	equation	ĉ_{x,↓}ĉ_{x,↑}|Φ_GS⟩ = ∑_σ∑_{z_1,z_2∈I; z_1<z_2}sgn(z_1,z_2){C(σ)−C(σ_{z_1↔z_2})}μ_{z_1}(x)μ_{z_2}(x)(∏_{z∈I\{z_1,z_2}}â†_{z,σ_z})|Φ_vac⟩. (11.3.48)	PENDING	NONE	NONE	false	NONE	NONE	NONE
CL-TASAKI2020-2228	TASAKI2020	000423.0007	PG-TASAKI2020-0423	PDF p. 423; print p. 412; §11.3.4; paragraph 5	assertion	unnumbered_obligation	Linear independence of (∏_{z∈I∖{z₁,z₂}}â†_{z,σ_z})|Φ_vac⟩ implies C(σ)=C(σ_{z₁↔z₂}) whenever z₁≠z₂ and μ_{z₁}(x)μ_{z₂}(x)≠0.	PENDING	NONE	NONE	false	NONE	NONE	NONE
CL-TASAKI2020-2229	TASAKI2020	000423.0008	PG-TASAKI2020-0423	PDF p. 423; print p. 412; §11.3.4; equation (11.3.49)	assertion	equation	C(σ ) = C(σ z1 ↔z2 ) if μz1 ∼ μz2 . (11.3.49)	PENDING	NONE	NONE	false	NONE	NONE	NONE
CL-TASAKI2020-2230	TASAKI2020	000424.0001	PG-TASAKI2020-0424	PDF p. 424; print p. 413; §11.3.4; paragraph 3, atom 1	assertion	unnumbered_obligation	We first show that non-connectivity of the basis {μz }z∈I implies reducibility of ((P0 )x,y )x,y∈Λ0 .	PENDING	NONE	NONE	false	NONE	NONE	NONE
CL-TASAKI2020-2231	TASAKI2020	000424.0002	PG-TASAKI2020-0424	PDF p. 424; print p. 413; §11.3.4; paragraph 3, atom 2	domain	domain	Let I and {μz }z∈I be arbitrary subset and basis characterized by Lemma 11.16.	PENDING	NONE	NONE	false	NONE	NONE	NONE
CL-TASAKI2020-2232	TASAKI2020	000424.0003	PG-TASAKI2020-0424	PDF p. 424; print p. 413; §11.3.4; paragraph 3, atom 3	hypothesis	hypothesis	Assume that the index set I is decomposed as I = I1 ∪ I2 with I1 ∩ I2 = ∅, I1 ≠ ∅, and I2 ≠ ∅, in such a way that μz1 ≁ μz2 for any z 1 ∈ I1 and z 2 ∈ I2 .	PENDING	NONE	NONE	false	NONE	NONE	NONE
CL-TASAKI2020-2233	TASAKI2020	000424.0004	PG-TASAKI2020-0424	PDF p. 424; print p. 413; §11.3.4; paragraph 3, atom 4	assertion	unnumbered_obligation	Lemma 9.3 rewrites the ferromagnetic ground state (11.3.43) as (11.3.50).	PENDING	NONE	NONE	false	NONE	NONE	NONE
CL-TASAKI2020-2234	TASAKI2020	000424.0005	PG-TASAKI2020-0424	PDF p. 424; print p. 413; §11.3.4; equation (11.3.50)	assertion	equation	|Φ_ferro GS⟩ = c(∏_{z∈I}â†_{z,↑})|Φ_vac⟩. (11.3.50)	PENDING	NONE	NONE	false	NONE	NONE	NONE
CL-TASAKI2020-2235	TASAKI2020	000424.0006	PG-TASAKI2020-0424	PDF p. 424; print p. 413; §11.3.4; paragraph 4	definition	definition	We define N̂₁:=∑_{x∈Λ₁}n̂_x.	PENDING	NONE	NONE	false	NONE	NONE	NONE
CL-TASAKI2020-2236	TASAKI2020	000424.0007	PG-TASAKI2020-0424	PDF p. 424; print p. 413; §11.3.4; equation (11.3.51)	assertion	equation	[N̂1,â†z,↑]={â†z,↑ if z∈I1; 0 if z∈I2}. (11.3.51)	PENDING	NONE	NONE	false	NONE	NONE	NONE
CL-TASAKI2020-2237	TASAKI2020	000424.0008	PG-TASAKI2020-0424	PDF p. 424; print p. 413; §11.3.4; paragraph 5, atom 1	domain	domain	Take arbitrary x ∈ Λ1 and y ∈ Λ2 , and let |Ψx ⟩ = ĉx,↑ |Φferro GS ⟩ and |Ψ y ⟩ = ĉ y,↑ |Φferro GS ⟩.	PENDING	NONE	NONE	false	NONE	NONE	NONE
CL-TASAKI2020-2238	TASAKI2020	000424.0009	PG-TASAKI2020-0424	PDF p. 424; print p. 413; §11.3.4; paragraph 5, atom 2	assertion	unnumbered_obligation	From (11.3.51), N̂₁|Ψ_x⟩=(|I₁|−1)|Ψ_x⟩ and N̂₁|Ψ_y⟩=|I₁||Ψ_y⟩, which implies (P₀)_{x,y}=⟨Φ_ferro GS|ĉ†_{y,↑}ĉ_{x,↑}|Φ_ferro GS⟩=⟨Ψ_y|Ψ_x⟩=0.	PENDING	NONE	NONE	false	NONE	NONE	NONE
CL-TASAKI2020-2239	TASAKI2020	000424.0010	PG-TASAKI2020-0424	PDF p. 424; print p. 413; §11.3.4; paragraph 5, atom 3	assertion	unnumbered_obligation	We next prove that reducibility of ((P0 )x,y )x,y∈Λ0 implies non-connectivity of the basis {μz }z∈I .	PENDING	NONE	NONE	false	NONE	NONE	NONE
CL-TASAKI2020-2240	TASAKI2020	000424.0011	PG-TASAKI2020-0424	PDF p. 424; print p. 413; §11.3.4; paragraph 5, atom 4	hypothesis	hypothesis	Assume that Λ0 is decomposed as Λ0 = Λ1 ∪ Λ2 with Λ1 ∩ Λ2 = ∅, Λ1 ≠ ∅, and Λ2 ≠ ∅, in such a way that (P0 )x,y = 0 for any x ∈ Λ1 and y ∈ Λ2 .	PENDING	NONE	NONE	false	NONE	NONE	NONE
CL-TASAKI2020-2241	TASAKI2020	000424.0012	PG-TASAKI2020-0424	PDF p. 424; print p. 413; §11.3.4; paragraph 6, atom 1	hypothesis	hypothesis	Next, suppose that μz (x) ≠ 0 for some x ∈ Λ and some z ∈ I .	PENDING	NONE	NONE	false	NONE	NONE	NONE
CL-TASAKI2020-2242	TASAKI2020	000424.0013	PG-TASAKI2020-0424	PDF p. 424; print p. 413; §11.3.4; paragraph 6, atom 2	domain	domain	Let us denote by Pz the projection matrix onto the unit vector proportional to μz .	PENDING	NONE	NONE	false	NONE	NONE	NONE
CL-TASAKI2020-2243	TASAKI2020	000424.0014	PG-TASAKI2020-0424	PDF p. 424; print p. 413; §11.3.4; paragraph 6, atom 3	assertion	unnumbered_obligation	Then since P0 ≥ Pz , we have (P0 )x,x ≥ (Pz )x,x ≠ 0.	PENDING	NONE	NONE	false	NONE	NONE	NONE
CL-TASAKI2020-2244	TASAKI2020	000425.0001	PG-TASAKI2020-0425	PDF p. 425; print p. 414; §11.3.4; equation (11.3.52)	assertion	equation	(P_j)_{x,y}={(P₀)_{x,y} if x,y∈Λ_j; 0 otherwise}, j=1,2. (11.3.52)	PENDING	NONE	NONE	false	NONE	NONE	NONE
CL-TASAKI2020-2245	TASAKI2020	000425.0002	PG-TASAKI2020-0425	PDF p. 425; print p. 414; §11.3.4; paragraph 2, atom 1	domain	domain	Let I and {μz }z∈I be arbitrary subset and basis characterized by Lemma 11.16.	PENDING	NONE	NONE	false	NONE	NONE	NONE
CL-TASAKI2020-2246	TASAKI2020	000425.0003	PG-TASAKI2020-0425	PDF p. 425; print p. 414; §11.3.4; equation (11.3.53)	assertion	equation	(P_{j(z)}μz)(x)={((P₁+P₂)μz)(x)=μz(x) if x∈Λ_{j(z)}; 0 otherwise}. (11.3.53)	PENDING	NONE	NONE	false	NONE	NONE	NONE
CL-TASAKI2020-2247	TASAKI2020	000425.0004	PG-TASAKI2020-0425	PDF p. 425; print p. 414; §11.3.4; paragraph 2, atom 2	assertion	unnumbered_obligation	This clearly implies that μz1 ≁ μz2 for any z 1 ∈ Λ1 ∩ I and z 2 ∈ Λ2 ∩ I , and hence the basis {μz }z∈I is not connected.	PENDING	NONE	NONE	false	NONE	NONE	NONE
CL-TASAKI2020-2248	TASAKI2020	000425.0005	PG-TASAKI2020-0425	PDF p. 425; print p. 414; §11.3.4; paragraph 2, atom 3	assertion	unnumbered_obligation	For every ϕ∈h, (P₁ϕ)(x)=0 on Λ₂ and (P₂ϕ)(x)=0 on Λ₁; applying this to μ_z gives (11.3.53).	PENDING	NONE	NONE	false	NONE	NONE	NONE
CL-TASAKI2020-2249	TASAKI2020	000425.0006	PG-TASAKI2020-0425	PDF p. 425; print p. 414; §11.3.4; paragraph 3, atom 1	assertion	unnumbered_obligation	Because P₀ commutes with P_{j(z)}, P₀P_{j(z)}μ_z=P_{j(z)}P₀μ_z=P_{j(z)}μ_z, so P_{j(z)}μ_z∈h₀.	PENDING	NONE	NONE	false	NONE	NONE	NONE
CL-TASAKI2020-2250	TASAKI2020	000425.0007	PG-TASAKI2020-0425	PDF p. 425; print p. 414; §11.3.4; paragraph 3, atom 2	assertion	unnumbered_obligation	Equation (11.3.53) gives (P_{j(z)}μ_z)(z)=μ_z(z) and (P_{j(z)}μ_z)(z′)=0 for z′∈I∖{z}.	PENDING	NONE	NONE	false	NONE	NONE	NONE
CL-TASAKI2020-2251	TASAKI2020	000425.0008	PG-TASAKI2020-0425	PDF p. 425; print p. 414; §11.4; paragraph 5, atom 1	assertion	unnumbered_obligation	In Sect. 11.2 we have seen that some Hubbard models with U = ∞ and exactly one hole exhibit ferromagnetism, i.e., Nagaoka’s ferromagnetism.	PENDING	NONE	NONE	false	NONE	NONE	NONE
CL-TASAKI2020-2252	TASAKI2020	000425.0009	PG-TASAKI2020-0425	PDF p. 425; print p. 414; §11.4; paragraph 5, atom 2	assertion	unnumbered_obligation	As we have discussed before, this is because the corresponding models with U = 0 have highly degenerate ground states with a wide range of values of Stot , and the only role of the interaction U is to lift the degeneracy and to select those states with the largest Stot as the only ground states.	PENDING	NONE	NONE	false	NONE	NONE	NONE
CL-TASAKI2020-2253	TASAKI2020	000426.0001	PG-TASAKI2020-0426	PDF p. 426; print p. 415; §11.4; assertion prose line 19	conjecture	conjecture	Tasaki flat-band ferromagnetism was conjectured to be stable under sufficiently small perturbations of the hopping Hamiltonian.	PENDING	NONE	NONE	false	NONE	NONE	NONE
CL-TASAKI2020-2254	TASAKI2020	000427.0001	PG-TASAKI2020-0427	PDF p. 427; print p. 416; §11.4.1; equation (11.4.1)	assertion	equation	t_{x,y} = {νt if |x−y|=1/2; ν²t if x,y∈E and |x−y|=1; (1+γ)t if x=y∈I; 2ν²t if x=y∈E; 0 otherwise}. (11.4.1)	PENDING	NONE	NONE	false	NONE	NONE	NONE
CL-TASAKI2020-2255	TASAKI2020	000427.0002	PG-TASAKI2020-0427	PDF p. 427; print p. 416; §11.4.1; equation (11.4.2)	assertion	equation	ε_±(k) = (t/2){1+γ+C(k) ± √({1+γ+C(k)}²−4γC(k))}. (11.4.2)	PENDING	NONE	NONE	false	NONE	NONE	NONE
CL-TASAKI2020-2256	TASAKI2020	000427.0003	PG-TASAKI2020-0427	PDF p. 427; print p. 416; §11.4.1; equation (11.4.3)	assertion	equation	ε_+(k) = t{1+γ+[2ν²/(1+γ)](1+cos k)}+O(ν⁴). (11.4.3)	PENDING	NONE	NONE	false	NONE	NONE	NONE
CL-TASAKI2020-2257	TASAKI2020	000427.0004	PG-TASAKI2020-0427	PDF p. 427; print p. 416; §11.4.1; equation (11.4.4)	assertion	equation	ε_−(k)=[2ν²γ/(1+γ)]t(1+cosk)+O(ν⁴). (11.4.4)	PENDING	NONE	NONE	false	NONE	NONE	NONE
CL-TASAKI2020-2258	TASAKI2020	000427.0005	PG-TASAKI2020-0427	PDF p. 427; print p. 416; §11.4.1; paragraph 7	hypothesis	hypothesis	In fact we only need to assume that γ is sufficiently away from −1.	PENDING	NONE	NONE	false	NONE	NONE	NONE
CL-TASAKI2020-2259	TASAKI2020	000428.0001	PG-TASAKI2020-0428	PDF p. 428; print p. 417; §11.4.1; equation (11.4.6)	assertion	equation	Tω p = τ {2ω p + ω p−1 + ω p+1 } + O(ν 3 ), (11.4.6)	PENDING	NONE	NONE	false	NONE	NONE	NONE
CL-TASAKI2020-2260	TASAKI2020	000428.0002	PG-TASAKI2020-0428	PDF p. 428; print p. 417; §11.4.1; equation (11.4.7)	assertion	equation	τ={ν²γ/(1+γ)}t+O(ν³). (11.4.7)	PENDING	NONE	NONE	false	NONE	NONE	NONE
CL-TASAKI2020-2261	TASAKI2020	000428.0003	PG-TASAKI2020-0428	PDF p. 428; print p. 417; §11.4.1; equation (11.4.8)	assertion	equation	d̂†_{x,σ} := Ĉ†_σ(ω_x). (11.4.8)	PENDING	NONE	NONE	false	NONE	NONE	NONE
CL-TASAKI2020-2262	TASAKI2020	000428.0004	PG-TASAKI2020-0428	PDF p. 428; print p. 417; §11.4.1; equation (11.4.9)	assertion	equation	{d̂x,σ † , d̂ y,τ } = δx,y δσ,τ , (11.4.9)	PENDING	NONE	NONE	false	NONE	NONE	NONE
CL-TASAKI2020-2263	TASAKI2020	000428.0005	PG-TASAKI2020-0428	PDF p. 428; print p. 417; §11.4.1; Problem 11.4.1.a	assertion	problem	Problem 11.4.1.a Find, to the second order in ν, the Wannier state ωu for the upper band, and the corresponding relation like (11.4.6). This is indeed easy when (11.4.5) is given. [solution→p.519]	PENDING	NONE	NONE	false	NONE	NONE	NONE
CL-TASAKI2020-2264	TASAKI2020	000428.0006	PG-TASAKI2020-0428	PDF p. 428; print p. 417; §11.4.1; equation (11.4.5)	assertion	equation	ω_p(x) = (1 + 2ν²/(1+γ)²)^(−1/2) × {1+O(ν³) if x=p; −ν/(1+γ)+O(ν³) if |x−p|=1/2; −(1/2)(ν/(1+γ))²+O(ν³) if |x−p|=1; O(ν³) otherwise}. (11.4.5)	PENDING	NONE	NONE	false	NONE	NONE	NONE
CL-TASAKI2020-2265	TASAKI2020	000429.0001	PG-TASAKI2020-0429	PDF p. 429; print p. 418; §11.4.1; equation (11.4.10)	assertion	equation	Ĥ_int = Ĥ_int^E + Ĥ_int^I, where Ĥ_int^E = U∑_{p∈E} n̂_{p,↑}n̂_{p,↓}, Ĥ_int^I = U∑_{u∈I} n̂_{u,↑}n̂_{u,↓}. (11.4.10)	PENDING	NONE	NONE	false	NONE	NONE	NONE
CL-TASAKI2020-2266	TASAKI2020	000429.0002	PG-TASAKI2020-0429	PDF p. 429; print p. 418; §11.4.1; paragraph 3, atom 1	hypothesis	hypothesis	It might be reasonable to assume that low energy states of the N electron system are approximately described only in terms of the d̂ †p,σ operators with p ∈ E .	PENDING	NONE	NONE	false	NONE	NONE	NONE
CL-TASAKI2020-2267	TASAKI2020	000429.0003	PG-TASAKI2020-0429	PDF p. 429; print p. 418; §11.4.1; paragraph 3, atom 2	hypothesis	hypothesis	We next assume that the Coulomb interaction energy U is much larger than the band width 4ν 2 t γ /(1 + γ ), so that double occupancy of d̂ † states is inhibited.	PENDING	NONE	NONE	false	NONE	NONE	NONE
CL-TASAKI2020-2268	TASAKI2020	000429.0004	PG-TASAKI2020-0429	PDF p. 429; print p. 418; §11.4.1; equation (11.4.11)	assertion	equation	|Ω_σ⟩ = (∏_{p∈E} d̂†_{p,σ_p})|Φ_vac⟩. (11.4.11)	PENDING	NONE	NONE	false	NONE	NONE	NONE
CL-TASAKI2020-2269	TASAKI2020	000429.0005	PG-TASAKI2020-0429	PDF p. 429; print p. 418; §11.4.1; equation (11.4.12)	assertion	equation	⟨Ω^σ|Ω^{σ′}⟩=δ_{σ,σ′}. (11.4.12)	PENDING	NONE	NONE	false	NONE	NONE	NONE
CL-TASAKI2020-3160	TASAKI2020	000429.0006	PG-TASAKI2020-0429	PDF p. 429; print p. 418; §11.4.1; paragraph 6; atom 1	assertion	subclaim	The overlap relation preceding this paragraph holds for arbitrary spin configurations.	PENDING	NONE	NONE	false	NONE	NONE	NONE
CL-TASAKI2020-3161	TASAKI2020	000429.0007	PG-TASAKI2020-0429	PDF p. 429; print p. 418; §11.4.1; paragraph 6; audit split atom 2/3	assertion	remark	The perturbative discussion makes uncontrolled approximations despite its similarity to the proof of Theorem 11.11.	PENDING	NONE	NONE	false	NONE	NONE	NONE
CL-TASAKI2020-3162	TASAKI2020	000429.0008	PG-TASAKI2020-0429	PDF p. 429; print p. 418; §11.4.1; paragraph 6; audit split atom 3/3	assertion	subclaim	Because the unperturbed ground states are nearly degenerate, their degeneracy is examined by first-order perturbation theory through the matrix elements in (11.4.12).	PENDING	NONE	NONE	false	NONE	NONE	NONE
CL-TASAKI2020-2271	TASAKI2020	000429.0009	PG-TASAKI2020-0429	PDF p. 429; print p. 418; §11.4.1; equation (11.4.13)	assertion	equation	⟨Ω^σ|Ĥ_int^I|Ω^{σ′}⟩ = U∑_{u∈I}⟨Ω^σ|n̂_{u,↑}n̂_{u,↓}|Ω^{σ′}⟩. (11.4.13)	PENDING	NONE	NONE	false	NONE	NONE	NONE
CL-TASAKI2020-3163	TASAKI2020	000429.0010	PG-TASAKI2020-0429	PDF p. 429; print p. 418; §11.4.1; paragraph 7; atom 1	assertion	subclaim	One has n̂_(u,↑)n̂_(u,↓)=(ĉ_(u,↓)ĉ_(u,↑))†ĉ_(u,↓)ĉ_(u,↑).	PENDING	NONE	NONE	false	NONE	NONE	NONE
CL-TASAKI2020-3364	TASAKI2020	000429.0011	PG-TASAKI2020-0429	PDF p. 429; print p. 418; §11.4.1; paragraph 7; atom 2	assertion	subclaim	The matrix element of n̂_(u,↑)n̂_(u,↓) is the inner product of the corresponding annihilated states.	PENDING	NONE	NONE	false	NONE	NONE	NONE
CL-TASAKI2020-3164	TASAKI2020	000429.0012	PG-TASAKI2020-0429	PDF p. 429; print p. 418; §11.4.1; paragraph 7; audit split atom 2/2	assertion	subclaim	Using (11.4.11), these states are given by (11.4.14).	PENDING	NONE	NONE	false	NONE	NONE	NONE
CL-TASAKI2020-2273	TASAKI2020	000430.0001	PG-TASAKI2020-0430	PDF p. 430; print p. 419; §11.4.1; equation (11.4.14)	assertion	equation	ĉ_{u,↓}ĉ_{u,↑}|Ω^σ⟩ ≃ {+(ω_{1/2})²(∏_{p∈E\{u−1/2,u+1/2}}d̂†_{p,σ_p})|Φ_vac⟩ if (σ_{u−1/2},σ_{u+1/2})=(↑,↓); −(ω_{1/2})²(∏_{p∈E\{u−1/2,u+1/2}}d̂†_{p,σ_p})|Φ_vac⟩ if (σ_{u−1/2},σ_{u+1/2})=(↓,↑); 0 otherwise}. (11.4.14)	PENDING	NONE	NONE	false	NONE	NONE	NONE
CL-TASAKI2020-2274	TASAKI2020	000430.0002	PG-TASAKI2020-0430	PDF p. 430; print p. 419; §11.4.1; equation (11.4.15)	assertion	equation	⟨Ω^σ|n̂_{u,↑}n̂_{u,↓}|Ω^{σ′}⟩ ≃ {(ω_{1/2})⁴ if σ_{u−1/2}≠σ_{u+1/2} and σ′=σ; −(ω_{1/2})⁴ if σ_{u−1/2}≠σ_{u+1/2} and σ′=σ_{u−1/2↔u+1/2}; 0 otherwise}. (11.4.15)	PENDING	NONE	NONE	false	NONE	NONE	NONE
CL-TASAKI2020-2275	TASAKI2020	000430.0003	PG-TASAKI2020-0430	PDF p. 430; print p. 419; §11.4.1; equation (11.4.16)	assertion	equation	⟨Ψ^(σ_1,σ_2)|(1/2−2Ŝ_1·Ŝ_2)|Ψ^(σ′_1,σ′_2)⟩ = {1 if σ_1≠σ_2 and (σ′_1,σ′_2)=(σ_1,σ_2); −1 if σ_1≠σ_2 and (σ′_1,σ′_2)=(σ_2,σ_1); 0 otherwise}. (11.4.16)	PENDING	NONE	NONE	false	NONE	NONE	NONE
CL-TASAKI2020-2276	TASAKI2020	000430.0004	PG-TASAKI2020-0430	PDF p. 430; print p. 419; §11.4.1; equation (11.4.17)	assertion	equation	Ĥ_eff^(1) = J_1∑_{p=1}^L(1/4−S̃̂_p·S̃̂_{p+1}). (11.4.17)	PENDING	NONE	NONE	false	NONE	NONE	NONE
CL-TASAKI2020-2277	TASAKI2020	000430.0005	PG-TASAKI2020-0430	PDF p. 430; print p. 419; §11.4.1; equation (11.4.18)	assertion	equation	J₁=2(ω_{1/2})⁴U≃[2ν⁴/(1+γ)⁴]U. (11.4.18)	PENDING	NONE	NONE	false	NONE	NONE	NONE
CL-TASAKI2020-2278	TASAKI2020	000430.0006	PG-TASAKI2020-0430	PDF p. 430; print p. 419; §11.4.1; paragraph 7	hypothesis	hypothesis	Although the above perturbation theory is rather ad hoc, we know from rigorous bounds for the spin-wave excitation energy that (11.4.17) and (11.4.18) are quantitatively reliable, provided that γ ≪ 1.	PENDING	NONE	NONE	false	NONE	NONE	NONE
CL-TASAKI2020-3165	TASAKI2020	000431.0001	PG-TASAKI2020-0431	PDF p. 431; print p. 420; §11.4.1; opening continuation paragraph	conjecture	conjecture	The perturbation theory suggests that the model exhibits ferromagnetism whether the lower band is flat (γ = 0) or non-flat (γ ≠ 0).	PENDING	NONE	NONE	false	NONE	NONE	NONE
CL-TASAKI2020-3166	TASAKI2020	000431.0002	PG-TASAKI2020-0431	PDF p. 431; print p. 420; §11.4.1; opening continuation paragraph	assertion	unnumbered_obligation	For the ferromagnetic interaction it is essential that Wannier states on neighboring E sites share a common I site between them.	PENDING	NONE	NONE	false	NONE	NONE	NONE
CL-TASAKI2020-3167	TASAKI2020	000431.0003	PG-TASAKI2020-0431	PDF p. 431; print p. 420; §11.4.1; overestimate paragraph	assertion	remark	This argument overestimates the tendency toward ferromagnetism because the second-order process can be comparable to the first-order process.	PENDING	NONE	NONE	false	NONE	NONE	NONE
CL-TASAKI2020-3168	TASAKI2020	000431.0004	PG-TASAKI2020-0431	PDF p. 431; print p. 420; §11.4.1; second-order-process paragraph	assertion	unnumbered_obligation	Within the lower band, the effective hopping process (11.4.6) produces the same super-exchange mechanism as in Sect. 10.1 after replacing t_{x,y} by τ from (11.4.7).	PENDING	NONE	NONE	false	NONE	NONE	NONE
CL-TASAKI2020-3169	TASAKI2020	000431.0005	PG-TASAKI2020-0431	PDF p. 431; print p. 420; §11.4.1; paragraph immediately before (11.4.19)	assertion	unnumbered_obligation	The resulting second-order effective Hamiltonian is (11.4.19).	PENDING	NONE	NONE	false	NONE	NONE	NONE
CL-TASAKI2020-2280	TASAKI2020	000431.0006	PG-TASAKI2020-0431	PDF p. 431; print p. 420; §11.4.1; equation (11.4.19)	assertion	equation	Ĥ_eff^(2) = J_2∑_{p=1}^L(S̃̂_p·S̃̂_{p+1}−1/4). (11.4.19)	PENDING	NONE	NONE	false	NONE	NONE	NONE
CL-TASAKI2020-2281	TASAKI2020	000431.0007	PG-TASAKI2020-0431	PDF p. 431; print p. 420; §11.4.1; equation (11.4.20)	assertion	equation	J₂≃4τ²/U≃[4γ²ν²/(1+γ)²]t²/U. (11.4.20)	PENDING	NONE	NONE	false	NONE	NONE	NONE
CL-TASAKI2020-3170	TASAKI2020	000431.0008	PG-TASAKI2020-0431	PDF p. 431; print p. 420; §11.4.1; paragraph after (11.4.20)	assertion	unnumbered_obligation	Since J₂ ≥ 0, the second-order process always produces antiferromagnetic interaction.	PENDING	NONE	NONE	false	NONE	NONE	NONE
CL-TASAKI2020-3171	TASAKI2020	000431.0009	PG-TASAKI2020-0431	PDF p. 431; print p. 420; §11.4.1; Stability and instability of ferromagnetism; opening paragraph	assertion	unnumbered_obligation	The direct exchange interaction from first-order perturbation is ferromagnetic, while the super-exchange interaction from the second-order process is antiferromagnetic.	PENDING	NONE	NONE	false	NONE	NONE	NONE
CL-TASAKI2020-3172	TASAKI2020	000431.0010	PG-TASAKI2020-0431	PDF p. 431; print p. 420; §11.4.1; paragraph immediately before (11.4.21)	assertion	unnumbered_obligation	The overall effective spin Hamiltonian is (11.4.21).	PENDING	NONE	NONE	false	NONE	NONE	NONE
CL-TASAKI2020-2283	TASAKI2020	000431.0011	PG-TASAKI2020-0431	PDF p. 431; print p. 420; §11.4.1; equation (11.4.21)	assertion	equation	Ĥ_eff = (J_1−J_2)∑_{p=1}^L(1/4−S̃̂_p·S̃̂_{p+1}). (11.4.21)	PENDING	NONE	NONE	false	NONE	NONE	NONE
CL-TASAKI2020-2284	TASAKI2020	000431.0012	PG-TASAKI2020-0431	PDF p. 431; print p. 420; §11.4.1; paragraph 7	assertion	unnumbered_obligation	For the flat-band model with γ = 0, we have J2 = 0, and the model always exhibits ferromagnetism.	PENDING	NONE	NONE	false	NONE	NONE	NONE
CL-TASAKI2020-3229	TASAKI2020	000432.0001	PG-TASAKI2020-0432	PDF p. 432; print p. 421; §11.4.1; paragraph 5; atom 1	assertion	unnumbered_obligation	For γ>0, comparison of J₁ in (11.4.18) and J₂ in (11.4.20) gives J₁−J₂<0 for sufficiently small U>0.	PENDING	NONE	NONE	false	NONE	NONE	NONE
CL-TASAKI2020-3376	TASAKI2020	000432.0002	PG-TASAKI2020-0432	PDF p. 432; print p. 421; §11.4.1; paragraph 5; atom 2	conjecture	conjecture	The perturbative comparison suggests antiferromagnetism for sufficiently small U>0.	PENDING	NONE	NONE	false	NONE	NONE	NONE
CL-TASAKI2020-2286	TASAKI2020	000432.0003	PG-TASAKI2020-0432	PDF p. 432; print p. 421; §11.4.1; equation (11.4.22)	assertion	equation	U_c≃[√(2γ)(1+γ)t]/ν. (11.4.22)	PENDING	NONE	NONE	false	NONE	NONE	NONE
CL-TASAKI2020-3377	TASAKI2020	000432.0004	PG-TASAKI2020-0432	PDF p. 432; print p. 421; §11.4.1; paragraph 5; atom 3	assertion	unnumbered_obligation	The sign of J₁−J₂ changes near U_c≃√(2γ)(1+γ)t/ν.	PENDING	NONE	NONE	false	NONE	NONE	NONE
CL-TASAKI2020-3378	TASAKI2020	000432.0005	PG-TASAKI2020-0432	PDF p. 432; print p. 421; §11.4.1; paragraph 5; atom 4	conjecture	conjecture	The perturbative comparison suggests ferromagnetism above U_c.	PENDING	NONE	NONE	false	NONE	NONE	NONE
CL-TASAKI2020-3230	TASAKI2020	000432.0006	PG-TASAKI2020-0432	PDF p. 432; print p. 421; §11.4.1; paragraph 5; atom 1	assertion	remark	The ferromagnetism in this model is nonperturbative.	PENDING	NONE	NONE	false	NONE	NONE	NONE
CL-TASAKI2020-3379	TASAKI2020	000432.0007	PG-TASAKI2020-0432	PDF p. 432; print p. 421; §11.4.1; paragraph 5; atom 2	conjecture	conjecture	The perturbative analysis suggests that a nearly flat lower band and sufficiently large interaction produce ferromagnetism.	PENDING	NONE	NONE	false	NONE	NONE	NONE
CL-TASAKI2020-2287	TASAKI2020	000433.0001	PG-TASAKI2020-0433	PDF p. 433; print p. 422; §11.4.2; equation (11.4.23)	assertion	equation	Ĥ_hop = t∑_{u∈I, σ=↑,↓}b̂†_{u,σ}b̂_{u,σ}+ζ∑_{x,y∈Λ, σ=↑,↓}t′_{x,y}ĉ†_{x,σ}ĉ_{y,σ}. (11.4.23)	PENDING	NONE	NONE	false	NONE	NONE	NONE
CL-TASAKI2020-2288	TASAKI2020	000433.0002	PG-TASAKI2020-0433	PDF p. 433; print p. 422; §11.4.2; paragraph 3	assertion	unnumbered_obligation	The perturbed hopping amplitude is real symmetric and translation invariant as stated in (11.4.24).	PENDING	NONE	NONE	false	NONE	NONE	NONE
CL-TASAKI2020-2289	TASAKI2020	000433.0003	PG-TASAKI2020-0433	PDF p. 433; print p. 422; §11.4.2; equation (11.4.24)	assertion	equation	t_{x+z,y+z}=t_{x,y}. (11.4.24)	PENDING	NONE	NONE	false	NONE	NONE	NONE
CL-TASAKI2020-2290	TASAKI2020	000433.0004	PG-TASAKI2020-0433	PDF p. 433; print p. 422; §11.4.2; equation (11.4.25)	assertion	equation	∑_{y∈Λ}|t′_{x,y}|≤t,  ∑_{y∈Λ}|x−y||t′_{x,y}|≤tR. (11.4.25)	PENDING	NONE	NONE	false	NONE	NONE	NONE
CL-TASAKI2020-2291	TASAKI2020	000433.0005	PG-TASAKI2020-0433	PDF p. 433; print p. 422; §11.4.2; equation (11.4.26)	assertion	equation	E_min(S):=min{⟨Φ|Ĥ|Φ⟩ | (Ŝ_tot)²|Φ⟩=S(S+1)|Φ⟩, ‖Φ‖=1}. (11.4.26)	PENDING	NONE	NONE	false	NONE	NONE	NONE
CL-TASAKI2020-2292	TASAKI2020	000433.0006	PG-TASAKI2020-0433	PDF p. 433; print p. 422; §11.4.2; Theorem 11.18	assertion	theorem	Theorem 11.18 (Local stability of ferromagnetic ground states) There are constants ν_0, η_0, and ξ_0 which depend only on the dimension d and the range R. If the model parameters satisfy 0 < ν ≤ ν_0 and |ζ| ≤ ν³η_0, (11.4.27) and U ≥ (ξ_0t/ν²)|ζ|, (11.4.28) then we have E_min(S_max) < E_min(S_max−1). (11.4.29)	PENDING	NONE	NONE	false	NONE	NONE	NONE
CL-TASAKI2020-2293	TASAKI2020	000433.0007	PG-TASAKI2020-0433	PDF p. 433; print p. 422; §11.4.2; equation (11.4.27)	assertion	equation	0<ν≤ν₀, |ζ|≤ν³η₀. (11.4.27)	PENDING	NONE	NONE	false	NONE	NONE	NONE
CL-TASAKI2020-2294	TASAKI2020	000433.0008	PG-TASAKI2020-0433	PDF p. 433; print p. 422; §11.4.2; equation (11.4.28)	assertion	equation	U≥(ξ₀t/ν²)|ζ|. (11.4.28)	PENDING	NONE	NONE	false	NONE	NONE	NONE
CL-TASAKI2020-2295	TASAKI2020	000434.0001	PG-TASAKI2020-0434	PDF p. 434; print p. 423; §11.4.2; equation (11.4.29)	assertion	equation	E_min(S_max)<E_min(S_max−1). (11.4.29)	PENDING	NONE	NONE	false	NONE	NONE	NONE
CL-TASAKI2020-2296	TASAKI2020	000434.0002	PG-TASAKI2020-0434	PDF p. 434; print p. 423; §11.4.2; paragraph 3, atom 1	assertion	unnumbered_obligation	The restriction to the sector with Stot = Smax − 1 does not reduce the problem to that of a single-particle (such as a magnon) since there are plenty of spaces for the electrons to move around.	PENDING	NONE	NONE	false	NONE	NONE	NONE
CL-TASAKI2020-2297	TASAKI2020	000434.0003	PG-TASAKI2020-0434	PDF p. 434; print p. 423; §11.4.2; paragraph 3, atom 2	definition	definition	For z ∈ ℤ^d, define the translation operator τ̂_z : H_N → H_N by (11.4.30), extended linearly.	PENDING	NONE	NONE	false	NONE	NONE	NONE
CL-TASAKI2020-2298	TASAKI2020	000434.0004	PG-TASAKI2020-0434	PDF p. 434; print p. 423; §11.4.2; equation (11.4.30)	assertion	equation	τ̂z ĉx†1 ,σ1 ĉx†2 ,σ2 · · · ĉx†N ,σ N |Φvac ⟩ = ĉx†1 +z,σ1 ĉx†2 +z,σ2 · · · ĉx†N +z,σ N |Φvac ⟩ (11.4.30)	PENDING	NONE	NONE	false	NONE	NONE	NONE
CL-TASAKI2020-2299	TASAKI2020	000434.0005	PG-TASAKI2020-0434	PDF p. 434; print p. 423; §11.4.2; paragraph 5	definition	definition	This is the most general definition of the energy of the elementary spin-wave excitation with momentum k.	PENDING	NONE	NONE	false	NONE	NONE	NONE
CL-TASAKI2020-2300	TASAKI2020	000434.0006	PG-TASAKI2020-0434	PDF p. 434; print p. 423; §11.4.2; Note unnumbered line 6, atom 1	assertion	remark	E_min(S_max−1) is the minimum energy in the subspace where one spin is flipped from the ferromagnetic state and coupled antiferromagnetically to the remaining spins.	PENDING	NONE	NONE	false	NONE	NONE	NONE
CL-TASAKI2020-2301	TASAKI2020	000434.0007	PG-TASAKI2020-0434	PDF p. 434; print p. 423; §11.4.2; Note unnumbered line 6, atom 2	assertion	remark	Stability against a single-spin flip is necessary but not sufficient for the global stability of ferromagnetism.	PENDING	NONE	NONE	false	NONE	NONE	NONE
CL-TASAKI2020-2302	TASAKI2020	000434.0008	PG-TASAKI2020-0434	PDF p. 434; print p. 423; §11.4.2; Note unnumbered line 6, atom 3	conjecture	conjecture	For ferromagnetism, local stability against a single-spin flip is strongly believed generally to imply global stability.	PENDING	NONE	NONE	false	NONE	NONE	NONE
CL-TASAKI2020-2303	TASAKI2020	000435.0001	PG-TASAKI2020-0435	PDF p. 435; print p. 424; §11.4.2; Theorem 11.19	assertion	theorem	Theorem 11.19 (Bounds on the spin-wave excitation energy) There are constants ν_1, η_1, ξ_1, and ξ_2 which depend only on the dimension d and the range R. If the model parameters satisfy 0 < ν ≤ ν_1 and |ζ| ≤ ν²η_1, (11.4.31) and (ξ_1t/ν²)|ζ| ≤ U ≤ ξ_2tν, (11.4.32) then it holds that F_1 2ν⁴U∑_{μ=1}^d(1−cos k_μ) ≥ E_SW(k)−E_min(S_max) ≥ F_2 2ν⁴U∑_{μ=1}^d(1−cos k_μ), (11.4.33) for any k ∈ K_L. Here F_1 = 1+a_1ν+a_2|ζ|/ν³+(a_3t/(ν⁴U))|ζ|² (11.4.34) and F_2 = 1−b_1ν−b_2|ζ|/ν²−(b_3t/(ν⁴U))|ζ|², (11.4.35) with positive constants a_1,a_2,a_3,b_1,b_2,b_3.	PENDING	NONE	NONE	false	NONE	NONE	NONE
CL-TASAKI2020-2304	TASAKI2020	000435.0002	PG-TASAKI2020-0435	PDF p. 435; print p. 424; §11.4.2; equation (11.4.31)	assertion	equation	0<ν≤ν₁, |ζ|≤ν²η₁. (11.4.31)	PENDING	NONE	NONE	false	NONE	NONE	NONE
CL-TASAKI2020-2305	TASAKI2020	000435.0003	PG-TASAKI2020-0435	PDF p. 435; print p. 424; §11.4.2; equation (11.4.32)	assertion	equation	(ξ₁t/ν²)|ζ|≤U≤ξ₂tν. (11.4.32)	PENDING	NONE	NONE	false	NONE	NONE	NONE
CL-TASAKI2020-2306	TASAKI2020	000435.0004	PG-TASAKI2020-0435	PDF p. 435; print p. 424; §11.4.2; equation (11.4.33)	assertion	equation	F₁·2ν⁴U∑_{μ=1}^d(1−cos k_μ)≥E_SW(k)−E_min(S_max)≥F₂·2ν⁴U∑_{μ=1}^d(1−cos k_μ). (11.4.33)	PENDING	NONE	NONE	false	NONE	NONE	NONE
CL-TASAKI2020-2307	TASAKI2020	000435.0005	PG-TASAKI2020-0435	PDF p. 435; print p. 424; §11.4.2; equation (11.4.34)	assertion	equation	F₁=1+a₁ν+a₂|ζ|/ν³+(a₃t/(ν⁴U))|ζ|². (11.4.34)	PENDING	NONE	NONE	false	NONE	NONE	NONE
CL-TASAKI2020-2308	TASAKI2020	000435.0006	PG-TASAKI2020-0435	PDF p. 435; print p. 424; §11.4.2; equation (11.4.35)	assertion	equation	F₂=1−b₁ν−b₂|ζ|/ν²−(b₃t/(ν⁴U))|ζ|². (11.4.35)	PENDING	NONE	NONE	false	NONE	NONE	NONE
CL-TASAKI2020-2309	TASAKI2020	000435.0007	PG-TASAKI2020-0435	PDF p. 435; print p. 424; §11.4.2; equation (11.4.36)	assertion	equation	E_SW(k)−E_GS ≃ 2ν⁴U∑_{μ=1}^d(1−cos k_μ). (11.4.36)	PENDING	NONE	NONE	false	NONE	NONE	NONE
CL-TASAKI2020-3173	TASAKI2020	000436.0001	PG-TASAKI2020-0436	PDF p. 436; print p. 425; §11.4.3; section-opening result paragraph	assertion	unnumbered_obligation	Tasaki’s result establishes global stability of ferromagnetism in a Hubbard model with a nearly-flat lowest band, finite density of states, and finite Coulomb interaction.	PENDING	NONE	NONE	false	NONE	NONE	NONE
CL-TASAKI2020-3174	TASAKI2020	000436.0002	PG-TASAKI2020-0436	PDF p. 436; print p. 425; §11.4.3; section-opening result paragraph	assertion	remark	The result is nonperturbative because it fails when U > 0 is too small.	PENDING	NONE	NONE	false	NONE	NONE	NONE
CL-TASAKI2020-3175	TASAKI2020	000436.0003	PG-TASAKI2020-0436	PDF p. 436; print p. 425; §11.4.3; proof-strategy paragraph	assertion	remark	Its proof uses frustration-free local Hamiltonians acting on 4d + 1 sites.	PENDING	NONE	NONE	false	NONE	NONE	NONE
CL-TASAKI2020-3177	TASAKI2020	000436.0004	PG-TASAKI2020-0436	PDF p. 436; print p. 425; §11.4.3; The model and the main result; opening paragraph	domain	domain	The model is defined on the d-dimensional decorated hypercubic lattice Λ = E ∪ I and uses the operators â_{p,σ} and b̂_{u,σ} from (11.3.3) and (11.3.4).	PENDING	NONE	NONE	false	NONE	NONE	NONE
CL-TASAKI2020-3178	TASAKI2020	000436.0005	PG-TASAKI2020-0436	PDF p. 436; print p. 425; §11.4.3; The model and the main result; opening paragraph	definition	definition	The Hamiltonian is Ĥ = Ĥ_hop + Ĥ_int, with Ĥ_int defined by (11.4.37).	PENDING	NONE	NONE	false	NONE	NONE	NONE
CL-TASAKI2020-2311	TASAKI2020	000436.0006	PG-TASAKI2020-0436	PDF p. 436; print p. 425; §11.4.3; equation (11.4.37)	assertion	equation	Ĥ_int = U∑_{x∈Λ}n̂_{x,↑}n̂_{x,↓}. (11.4.37)	PENDING	NONE	NONE	false	NONE	NONE	NONE
CL-TASAKI2020-2312	TASAKI2020	000436.0007	PG-TASAKI2020-0436	PDF p. 436; print p. 425; §11.4.3; equation (11.4.38)	assertion	equation	Ĥ_hop = t∑_{u∈I, σ=↑,↓} b̂†_{u,σ}b̂_{u,σ} − s∑_{p∈Λ, σ=↑,↓} â†_{p,σ}â_{p,σ}. (11.4.38)	PENDING	NONE	NONE	false	NONE	NONE	NONE
CL-TASAKI2020-2313	TASAKI2020	000437.0001	PG-TASAKI2020-0437	PDF p. 437; print p. 426; §11.4.3; equation (11.4.39)	assertion	equation	Ĥ_hop = ∑_{x,y∈Λ, σ=↑,↓} t_{x,y} ĉ†_{x,σ} ĉ_{y,σ}. (11.4.39)	PENDING	NONE	NONE	false	NONE	NONE	NONE
CL-TASAKI2020-2314	TASAKI2020	000437.0002	PG-TASAKI2020-0437	PDF p. 437; print p. 426; §11.4.3; equation (11.4.40)	assertion	equation	t_{x,y} = {ν(t+s) if |x−y|=1/2; ν²t if x,y∈E and |x−y|=1; −ν²s if x≠y∈I and there exists p∈E such that |x−p|=|y−p|=1/2; t−2ν²s if x=y∈I; 2dν²t−s if x=y∈E; 0 otherwise}. (11.4.40)	PENDING	NONE	NONE	false	NONE	NONE	NONE
CL-TASAKI2020-2315	TASAKI2020	000437.0003	PG-TASAKI2020-0437	PDF p. 437; print p. 426; §11.4.3; equation (11.4.41)	assertion	equation	ε_μ(k) = {−s−2ν²s∑_{j=1}^d(1+cos k_j) if μ=1; t if μ=2,…,d; t+2ν²t∑_{j=1}^d(1+cos k_j) if μ=d+1}. (11.4.41)	PENDING	NONE	NONE	false	NONE	NONE	NONE
CL-TASAKI2020-2316	TASAKI2020	000437.0004	PG-TASAKI2020-0437	PDF p. 437; print p. 426; §11.4.3; equation (11.4.42)	assertion	equation	{â_{p,σ},â†_{q,τ}}={(1+2dν²)δ_{σ,τ} if p=q; ν²δ_{σ,τ} if |p−q|=1; 0 otherwise}. (11.4.42)	PENDING	NONE	NONE	false	NONE	NONE	NONE
CL-TASAKI2020-2317	TASAKI2020	000437.0005	PG-TASAKI2020-0437	PDF p. 437; print p. 426; §11.4.3; equation (11.4.43)	assertion	equation	Ĥ_hop â†_{p,σ}|Φ_vac⟩ = {−s â†_{p,σ} + ν²s(2d â†_{p,σ} + ∑_{q∈E, |q−p|=1} â†_{q,σ})}|Φ_vac⟩. (11.4.43)	PENDING	NONE	NONE	false	NONE	NONE	NONE
CL-TASAKI2020-2318	TASAKI2020	000438.0001	PG-TASAKI2020-0438	PDF p. 438; print p. 427; §11.4.3; paragraph 4	assertion	remark	Fig. 11.20 Hopping in the non-singular model studied in Sect. 11.4.3 for (a) d = 1 and (b) d = 2. There are additional short range hopping compared with Fig. 11.11 (p. 392) for the flat-band models.	PENDING	NONE	NONE	false	NONE	NONE	NONE
CL-TASAKI2020-2319	TASAKI2020	000439.0001	PG-TASAKI2020-0439	PDF p. 439; print p. 428; §11.4.3; equation (11.4.44)	assertion	equation	ν_c(d) := √{[2d+1+√(4d²+12d−7)]/[4(d−1)]}. (11.4.44)	PENDING	NONE	NONE	false	NONE	NONE	NONE
CL-TASAKI2020-2320	TASAKI2020	000439.0002	PG-TASAKI2020-0439	PDF p. 439; print p. 428; §11.4.3; Theorem 11.20	assertion	theorem	Theorem 11.20 (Ferromagnetism in the non-singular Hubbard model) Consider the above Hubbard model with electron number N = |E| = L^d. Assume that ν > 0 for d = 1, and 0 < ν < ν_c(d) for d ≥ 2. Then for sufficiently large t/s > 0 and U/s > 0, the ground states have S_tot = S_max = N/2, and are unique apart from the trivial 2S_max + 1 = N + 1 fold degeneracy.	PENDING	NONE	NONE	false	NONE	NONE	NONE
CL-TASAKI2020-2321	TASAKI2020	000439.0003	PG-TASAKI2020-0439	PDF p. 439; print p. 428; §11.4.3; paragraph 7	assertion	unnumbered_obligation	Thus the model is equivalent to that with tx,x = 0 for all x ∈ Λ.	PENDING	NONE	NONE	false	NONE	NONE	NONE
CL-TASAKI2020-2322	TASAKI2020	000440.0001	PG-TASAKI2020-0440	PDF p. 440; print p. 429; §11.4.3; paragraph 2, atom 1	assertion	unnumbered_obligation	Theorem 11.20 also covers the region where the localized-electron picture fails: ν_c is of order one in general, with ν_c≃1.64 for d=2 and ν_c≃1.37 for d=3, and there is no upper bound on ν>0 for d=1.	PENDING	NONE	NONE	false	NONE	NONE	NONE
CL-TASAKI2020-2323	TASAKI2020	000440.0002	PG-TASAKI2020-0440	PDF p. 440; print p. 429; §11.4.3; paragraph 2, atom 2	hypothesis	hypothesis	Since our hopping Hamiltonian (11.4.38) is a special case of the hopping Hamiltonian (11.4.23) treated in Sect. 11.4.2, Theorem 11.19 in p. 424 on the spin-wave excitations also applies to the present model provided that 0 < ν ≪ 1, t/s 1, and U is in a suitable range.	PENDING	NONE	NONE	false	NONE	NONE	NONE
CL-TASAKI2020-2324	TASAKI2020	000440.0003	PG-TASAKI2020-0440	PDF p. 440; print p. 429; §11.4.3; equation (11.4.45)	assertion	equation	E_SW(k)−E_GS ≃ 2ν⁴U∑_{μ=1}^d(1−cos k_μ). (11.4.45)	PENDING	NONE	NONE	false	NONE	NONE	NONE
CL-TASAKI2020-3179	TASAKI2020	000440.0004	PG-TASAKI2020-0440	PDF p. 440; print p. 429; §11.4.3; paragraph after (11.4.45)	assertion	unnumbered_obligation	Where Theorems 11.19 and 11.20 both apply, the ground states exhibit saturated ferromagnetism.	PENDING	NONE	NONE	false	NONE	NONE	NONE
CL-TASAKI2020-3365	TASAKI2020	000440.0005	PG-TASAKI2020-0440	PDF p. 440; print p. 429; §11.4.3; paragraph after (11.4.45)	assertion	unnumbered_obligation	Where Theorems 11.19 and 11.20 both apply, the spin-wave excitations have the normal dispersion associated with exchange interaction ν⁴U.	PENDING	NONE	NONE	false	NONE	NONE	NONE
CL-TASAKI2020-3180	TASAKI2020	000440.0006	PG-TASAKI2020-0440	PDF p. 440; print p. 429; §11.4.3; paragraph after (11.4.45)	assertion	unnumbered_obligation	The low-energy properties of these itinerant-electron models coincide with those of physically natural insulating ferromagnets.	PENDING	NONE	NONE	false	NONE	NONE	NONE
CL-TASAKI2020-3181	TASAKI2020	000440.0007	PG-TASAKI2020-0440	PDF p. 440; print p. 429; §11.4.3; Reduction to a finite system; opening paragraph	assertion	subclaim	Lemma 11.21 reduces the proof of Theorem 11.20 to a Hubbard model on 4d + 1 sites.	PENDING	NONE	NONE	false	NONE	NONE	NONE
CL-TASAKI2020-3182	TASAKI2020	000440.0008	PG-TASAKI2020-0440	PDF p. 440; print p. 429; §11.4.3; decomposition paragraph immediately before (11.4.46)	assertion	subclaim	The proof starts from the Hamiltonian decomposition (11.4.46).	PENDING	NONE	NONE	false	NONE	NONE	NONE
CL-TASAKI2020-2326	TASAKI2020	000440.0009	PG-TASAKI2020-0440	PDF p. 440; print p. 429; §11.4.3; equation (11.4.46)	assertion	equation	Ĥ = −L^d(1+2dν²)s + λĤ_flat + ∑_{p∈E}ĥ_p. (11.4.46)	PENDING	NONE	NONE	false	NONE	NONE	NONE
CL-TASAKI2020-2327	TASAKI2020	000440.0010	PG-TASAKI2020-0440	PDF p. 440; print p. 429; §11.4.3; equation (11.4.47)	assertion	equation	Ĥ_flat = ∑_{u∈I, σ=↑,↓}b̂†_{u,σ}b̂_{u,σ}+∑_{x∈Λ}n̂_{x,↑}n̂_{x,↓}. (11.4.47)	PENDING	NONE	NONE	false	NONE	NONE	NONE
CL-TASAKI2020-2328	TASAKI2020	000441.0001	PG-TASAKI2020-0441	PDF p. 441; print p. 430; §11.4.3; paragraph 2	assertion	remark	Fig. 11.23 The nine-site lattice on which the local Hamiltonian ĥo for d = 2 acts. We have also depicted the states generated by âo† and âp† (left), and by b̂u† (right).	PENDING	NONE	NONE	false	NONE	NONE	NONE
CL-TASAKI2020-2329	TASAKI2020	000441.0002	PG-TASAKI2020-0441	PDF p. 441; print p. 430; §11.4.3; equation (11.4.48)	assertion	equation	ĥ_p = (1+2dν²)s−s∑_{σ=↑,↓}â†_{p,σ}â_{p,σ} + [(t−λ)/2]∑_{u∈I: |u−p|=1/2, σ=↑,↓}b̂†_{u,σ}b̂_{u,σ} +(1−κ)(U−λ)n̂_{p,↑}n̂_{p,↓}+[(U−λ)/2]∑_{u∈I: |u−p|=1/2}n̂_{u,↑}n̂_{u,↓}+[κ(U−λ)/(2d)]∑_{q∈E: |q−p|=1}n̂_{q,↑}n̂_{q,↓}. (11.4.48)	PENDING	NONE	NONE	false	NONE	NONE	NONE
CL-TASAKI2020-2330	TASAKI2020	000441.0003	PG-TASAKI2020-0441	PDF p. 441; print p. 430; §11.4.3; paragraph 4, atom 1	assertion	unnumbered_obligation	We have introduced two new parameters λ and κ, which satisfy 0 < λ < min{t, U } and 0 ≤ κ < 1.	PENDING	NONE	NONE	false	NONE	NONE	NONE
CL-TASAKI2020-2331	TASAKI2020	000441.0004	PG-TASAKI2020-0441	PDF p. 441; print p. 430; §11.4.3; paragraph 4, atom 2	assertion	unnumbered_obligation	The expression (11.4.48) looks complicated, but the construction is simple; we included the â †p,σ â p,σ part into ĥ p , divided the b̂u,σ † b̂u,σ into two and included in ĥ p with two neighboring p, and decomposed the Coulomb interaction so that there is nonzero interaction n̂ x,↑ n̂ x,↓ on each site.	PENDING	NONE	NONE	false	NONE	NONE	NONE
CL-TASAKI2020-2332	TASAKI2020	000441.0005	PG-TASAKI2020-0441	PDF p. 441; print p. 430; §11.4.3; equation (11.4.49)	assertion	equation	|Φ_{α all ↑}⟩ = (∏_{p∈E}â†_{p,↑})|Φ_vac⟩. (11.4.49)	PENDING	NONE	NONE	false	NONE	NONE	NONE
CL-TASAKI2020-2333	TASAKI2020	000442.0001	PG-TASAKI2020-0442	PDF p. 442; print p. 431; §11.4.3; equation (11.4.50)	assertion	equation	ĥ_p|Φ_GS^flat⟩=0. (11.4.50)	PENDING	NONE	NONE	false	NONE	NONE	NONE
CL-TASAKI2020-2334	TASAKI2020	000442.0002	PG-TASAKI2020-0442	PDF p. 442; print p. 431; §11.4.3; Lemma 11.21	assertion	lemma	Lemma 11.21 Consider the above Hubbard model with Hamiltonian Ĥ and electron number N = |E | = L d . If ĥ p ≥ 0 for all p ∈ E , then the ground states have Stot = Smax = N /2, and are unique apart from the trivial 2Smax + 1 = N + 1 fold degeneracy.	PENDING	NONE	NONE	false	NONE	NONE	NONE
CL-TASAKI2020-2335	TASAKI2020	000442.0003	PG-TASAKI2020-0442	PDF p. 442; print p. 431; §11.4.3; paragraph 6	assertion	unnumbered_obligation	This shows that the ground state energy of Ĥ is −L d (1 + 2dν 2 ) s, and that any ground state should be a simultaneous ground state of Ĥflat and ĥ p for all p ∈ E . (We have used Lemma A.10 in p. 469.) Then the desired uniqueness follows from Theorem 11.11 for the flat-band model.	PENDING	NONE	NONE	false	NONE	NONE	NONE
CL-TASAKI2020-3183	TASAKI2020	000442.0004	PG-TASAKI2020-0442	PDF p. 442; print p. 431; §11.4.3; electron-number paragraph after Lemma 11.21	assertion	unnumbered_obligation	The local Hamiltonian ĥ_p acts on the whole Hilbert space, so the electron number in its 4d + 1-site support may range from 0 to 2(4d + 1).	PENDING	NONE	NONE	false	NONE	NONE	NONE
CL-TASAKI2020-3184	TASAKI2020	000442.0005	PG-TASAKI2020-0442	PDF p. 442; print p. 431; §11.4.3; nontriviality paragraph	assertion	unnumbered_obligation	The operator ĥ_p has zero as an eigenvalue.	PENDING	NONE	NONE	false	NONE	NONE	NONE
CL-TASAKI2020-3366	TASAKI2020	000442.0006	PG-TASAKI2020-0442	PDF p. 442; print p. 431; §11.4.3; nontriviality paragraph	assertion	unnumbered_obligation	There is a nonempty parameter range in which ĥ_p is nonnegative.	PENDING	NONE	NONE	false	NONE	NONE	NONE
CL-TASAKI2020-3185	TASAKI2020	000442.0007	PG-TASAKI2020-0442	PDF p. 442; print p. 431; §11.4.3; numerical-decidability paragraph	assertion	remark	Because ĥ_p is a finite-dimensional matrix, its nonnegativity at fixed parameters can be decided numerically.	PENDING	NONE	NONE	false	NONE	NONE	NONE
CL-TASAKI2020-3186	TASAKI2020	000442.0008	PG-TASAKI2020-0442	PDF p. 442; print p. 431; §11.4.3; computer-assisted-results paragraph	assertion	remark	The d=1 region in Fig. 11.22 was obtained by numerical diagonalization with κ=0.38.	PENDING	NONE	NONE	false	NONE	NONE	NONE
CL-TASAKI2020-3367	TASAKI2020	000442.0009	PG-TASAKI2020-0442	PDF p. 442; print p. 431; §11.4.3; computer-assisted-results paragraph	assertion	remark	Analogous computer-assisted proofs exist in higher dimensions.	PENDING	NONE	NONE	false	NONE	NONE	NONE
CL-TASAKI2020-3187	TASAKI2020	000442.0010	PG-TASAKI2020-0442	PDF p. 442; print p. 431; §11.4.3; no-computer paragraph before Lemma 11.22	assertion	unnumbered_obligation	The nonnegativity of ĥ_p can also be established without a computer, as stated in Lemma 11.22.	PENDING	NONE	NONE	false	NONE	NONE	NONE
CL-TASAKI2020-2337	TASAKI2020	000442.0011	PG-TASAKI2020-0442	PDF p. 442; print p. 431; §11.4.3; Lemma 11.22	assertion	lemma	Lemma 11.22 Assume that ν > 0 if d = 1, and 0 < ν < νc (d) if d ≥ 2, where νc (d) is defined in (11.4.44). Then for sufficiently large t/s > 0 and U/s > 0, one has ĥ p ≥ 0. (We take λ and κ to be proportional to s.)	PENDING	NONE	NONE	false	NONE	NONE	NONE
CL-TASAKI2020-2338	TASAKI2020	000443.0001	PG-TASAKI2020-0443	PDF p. 443; print p. 432; §11.4.3; matrix-product-state comparison, atom 1	assertion	unnumbered_obligation	For an injective matrix product state, the parent Hamiltonian is a sum of local Hamiltonians for which the MPS is a simultaneous ground state; hence the model is frustration-free.	PENDING	NONE	NONE	false	NONE	NONE	NONE
CL-TASAKI2020-2339	TASAKI2020	000443.0002	PG-TASAKI2020-0443	PDF p. 443; print p. 432; §11.4.3; matrix-product-state comparison, atom 2	assertion	unnumbered_obligation	The parent-Hamiltonian construction requires the local support to be sufficiently large; in the present proof, local Hamiltonians on 4d+1 sites realize the frustration-free situation.	PENDING	NONE	NONE	false	NONE	NONE	NONE
CL-TASAKI2020-2340	TASAKI2020	000444.0001	PG-TASAKI2020-0444	PDF p. 444; print p. 433; §11.4.3; equation (11.4.51)	assertion	equation	ĥ_o = (1+2dν²)s−s∑_{σ=↑,↓}â†_{o,σ}â_{o,σ}+[(t−λ)/2]∑_{u∈I_o, σ=↑,↓}b̂†_{u,σ}b̂_{u,σ}+(1−κ)(U−λ)n̂_{o,↑}n̂_{o,↓}+[(U−λ)/2]∑_{u∈I_o}n̂_{u,↑}n̂_{u,↓}+[κ(U−λ)/(2d)]∑_{p∈E_o}n̂_{p,↑}n̂_{p,↓}. (11.4.51)	PENDING	NONE	NONE	false	NONE	NONE	NONE
CL-TASAKI2020-2341	TASAKI2020	000444.0002	PG-TASAKI2020-0444	PDF p. 444; print p. 433; §11.4.3; equation (11.4.52)	assertion	equation	â_{o,σ} = ĉ_{o,σ}−ν∑_{u∈I_o}ĉ_{u,σ}. (11.4.52)	PENDING	NONE	NONE	false	NONE	NONE	NONE
CL-TASAKI2020-2342	TASAKI2020	000444.0003	PG-TASAKI2020-0444	PDF p. 444; print p. 433; §11.4.3; paragraph 3	hypothesis	hypothesis	Assume 0 < κ < 1.	PENDING	NONE	NONE	false	NONE	NONE	NONE
CL-TASAKI2020-2343	TASAKI2020	000444.0004	PG-TASAKI2020-0444	PDF p. 444; print p. 433; §11.4.3; equation (11.4.53)	assertion	equation	b̂_(u,σ)=ĉ_(u,σ)+ν(ĉ_(o,σ)+ĉ_(2u,σ)). (11.4.53)	PENDING	NONE	NONE	false	NONE	NONE	NONE
CL-TASAKI2020-2344	TASAKI2020	000444.0005	PG-TASAKI2020-0444	PDF p. 444; print p. 433; §11.4.3; equation (11.4.54)	assertion	equation	â_(p,σ):=[1/√(1+ν²)](ĉ_(p,σ)−νĉ_(p/2,σ)). (11.4.54)	PENDING	NONE	NONE	false	NONE	NONE	NONE
CL-TASAKI2020-3188	TASAKI2020	000444.0006	PG-TASAKI2020-0444	PDF p. 444; print p. 433; §11.4.3; paragraph 6; atom 1	notation	notation	Here p/2 denotes a site in I_o.	PENDING	NONE	NONE	false	NONE	NONE	NONE
CL-TASAKI2020-3368	TASAKI2020	000444.0007	PG-TASAKI2020-0444	PDF p. 444; print p. 433; §11.4.3; paragraph 6; atom 2	assertion	remark	The operator differs from (11.3.3).	PENDING	NONE	NONE	false	NONE	NONE	NONE
CL-TASAKI2020-3369	TASAKI2020	000444.0008	PG-TASAKI2020-0444	PDF p. 444; print p. 433; §11.4.3; paragraph 6; atom 3	assertion	remark	The operator is normalized for later use.	PENDING	NONE	NONE	false	NONE	NONE	NONE
CL-TASAKI2020-3189	TASAKI2020	000444.0009	PG-TASAKI2020-0444	PDF p. 444; print p. 433; §11.4.3; paragraph 6; audit split atom 2/4	assertion	subclaim	The 4d + 1 single-electron states associated with the displayed operators are linearly independent and form a basis of the single-electron Hilbert space on Λ_o.	PENDING	NONE	NONE	false	NONE	NONE	NONE
CL-TASAKI2020-3190	TASAKI2020	000444.0010	PG-TASAKI2020-0444	PDF p. 444; print p. 433; §11.4.3; paragraph 6; audit split atom 3/4	assertion	subclaim	Every many-electron state on Λ_o can therefore be represented using â† and b̂† operators.	PENDING	NONE	NONE	false	NONE	NONE	NONE
CL-TASAKI2020-3191	TASAKI2020	000444.0011	PG-TASAKI2020-0444	PDF p. 444; print p. 433; §11.4.3; paragraph 6; audit split atom 4/4	assertion	subclaim	The corresponding fermion operators satisfy the anticommutation relations (11.4.56).	PENDING	NONE	NONE	false	NONE	NONE	NONE
CL-TASAKI2020-2346	TASAKI2020	000444.0012	PG-TASAKI2020-0444	PDF p. 444; print p. 433; §11.4.3; equation (11.4.55)	assertion	equation	{â_{o,σ},â†_{o,τ}}=(1+2dν²)δ_{σ,τ},  {â_{o,σ},â†_{p,τ}}=[ν²/√(1+ν²)]δ_{σ,τ}. (11.4.55)	PENDING	NONE	NONE	false	NONE	NONE	NONE
CL-TASAKI2020-2347	TASAKI2020	000444.0013	PG-TASAKI2020-0444	PDF p. 444; print p. 433; §11.4.3; equation (11.4.56)	assertion	equation	{â p,σ , âq,τ † } = δ p,q δσ,τ , (11.4.56)	PENDING	NONE	NONE	false	NONE	NONE	NONE
CL-TASAKI2020-2348	TASAKI2020	000444.0014	PG-TASAKI2020-0444	PDF p. 444; print p. 433; §11.4.3; equation (11.4.57)	assertion	equation	{b̂u,σ , â †p,τ } = 0, (11.4.57)	PENDING	NONE	NONE	false	NONE	NONE	NONE
CL-TASAKI2020-2349	TASAKI2020	000444.0015	PG-TASAKI2020-0444	PDF p. 444; print p. 433; §11.4.3; paragraph 10	assertion	unnumbered_obligation	Our goal is to prove ĥ o ≥ 0 for any electron number when the parameters satisfy the conditions described in Lemma 11.22.	PENDING	NONE	NONE	false	NONE	NONE	NONE
CL-TASAKI2020-2350	TASAKI2020	000445.0001	PG-TASAKI2020-0445	PDF p. 445; print p. 434; §11.4.3; paragraph 2, atom 1	assertion	unnumbered_obligation	One finds that there is a “band” of single-electron eigenstates generated by the â † operators.	PENDING	NONE	NONE	false	NONE	NONE	NONE
CL-TASAKI2020-2351	TASAKI2020	000445.0002	PG-TASAKI2020-0445	PDF p. 445; print p. 434; §11.4.3; paragraph 2, atom 2	assertion	unnumbered_obligation	There is another “band” consisting of 2d states generated by the b̂† operators, whose eigenvalues are proportional to t − λ > 0.	PENDING	NONE	NONE	false	NONE	NONE	NONE
CL-TASAKI2020-2352	TASAKI2020	000445.0003	PG-TASAKI2020-0445	PDF p. 445; print p. 434; §11.4.3; equation (11.4.58)	assertion	equation	|Φ_A⟩ := â†_{o,↑}(∏_{p∈A}â†_{p,↑})|Φ_vac⟩. (11.4.58)	PENDING	NONE	NONE	false	NONE	NONE	NONE
CL-TASAKI2020-2353	TASAKI2020	000445.0004	PG-TASAKI2020-0445	PDF p. 445; print p. 434; §11.4.3; paragraph 2, atom 3	domain	domain	For an arbitrary A⊂E_o, including A=∅, define |Φ_A⟩ by (11.4.58).	PENDING	NONE	NONE	false	NONE	NONE	NONE
CL-TASAKI2020-2354	TASAKI2020	000445.0005	PG-TASAKI2020-0445	PDF p. 445; print p. 434; §11.4.3; Lemma 11.23	assertion	lemma	Lemma 11.23 Suppose that ν > 0 satisfies the condition stated in Lemma 11.22. Then, in the limit t,U ↑ ∞, the ferromagnetic zero-energy states are the only zero-energy eigenstates of ĥ_o, and any other eigenstates have strictly positive eigenvalues.	PENDING	NONE	NONE	false	NONE	NONE	NONE
CL-TASAKI2020-2356	TASAKI2020	000445.0006	PG-TASAKI2020-0445	PDF p. 445; print p. 434; §11.4.3; equation (11.4.59)	assertion	equation	lim_{t,U↑∞}⟨Φ|ĥ_o|Φ⟩>0. (11.4.59)	PENDING	NONE	NONE	false	NONE	NONE	NONE
CL-TASAKI2020-2357	TASAKI2020	000445.0007	PG-TASAKI2020-0445	PDF p. 445; print p. 434; §11.4.3; paragraph 6	hypothesis	hypothesis	The limiting value may be infinite, provided that ν satisfies the condition in Lemma 11.22.	PENDING	NONE	NONE	false	NONE	NONE	NONE
CL-TASAKI2020-2358	TASAKI2020	000445.0008	PG-TASAKI2020-0445	PDF p. 445; print p. 434; §11.4.3; proof claim line 43	assertion	subclaim	In the proof of Lemma 11.23, it suffices to prove that every normalized state with S_tot < n/2 has strictly positive limiting expectation of the local Hamiltonian.	PENDING	NONE	NONE	false	NONE	NONE	NONE
CL-TASAKI2020-2359	TASAKI2020	000446.0001	PG-TASAKI2020-0446	PDF p. 446; print p. 435; §11.4.3; paragraph 2	assertion	unnumbered_obligation	The finite-energy conditions imply that every state with n_↑ up-spin and n_↓ down-spin electrons has the form (11.4.60).	PENDING	NONE	NONE	false	NONE	NONE	NONE
CL-TASAKI2020-2360	TASAKI2020	000446.0002	PG-TASAKI2020-0446	PDF p. 446; print p. 435; §11.4.3; equation (11.4.60)	assertion	equation	|Φ⟩ = ∑_{A_↑,A_↓⊂{o}∪E_o; A_↑∩A_↓=∅; |A_↑|=n_↑; |A_↓|=n_↓}α(A_↑,A_↓)(∏_{p∈A_↑}â†_{p,↑})(∏_{p∈A_↓}â†_{p,↓})|Φ_vac⟩. (11.4.60)	PENDING	NONE	NONE	false	NONE	NONE	NONE
CL-TASAKI2020-2361	TASAKI2020	000446.0003	PG-TASAKI2020-0446	PDF p. 446; print p. 435; §11.4.3; equation (11.4.61)	assertion	equation	|Φ⟩ = ∑_{A↑,A↓⊂Eo; A↑∩A↓=∅, |A↑|=n↑, |A↓|=n↓} α(A↑,A↓)(∏_{p∈A↑}âp,↑†)(∏_{p∈A↓}âp,↓†)|Φvac⟩. (11.4.61)	PENDING	NONE	NONE	false	NONE	NONE	NONE
CL-TASAKI2020-2362	TASAKI2020	000446.0004	PG-TASAKI2020-0446	PDF p. 446; print p. 435; §11.4.3; paragraph 3, atom 1	hypothesis	hypothesis	Let us now assume that the above state |Φ⟩ has Stot < n/2.	PENDING	NONE	NONE	false	NONE	NONE	NONE
CL-TASAKI2020-2363	TASAKI2020	000446.0005	PG-TASAKI2020-0446	PDF p. 446; print p. 435; §11.4.3; paragraph 3, atom 2	assertion	unnumbered_obligation	To see this, note that if both the states created by âo† and â †p for some p ∈ Eo are occupied, then the finite energy condition ĉu,↓ ĉu,↑ |Φ⟩ = 0 for u = p/2 leads to ferromagnetic exchange interaction between the electrons at o and p, exactly as in the case of Tasaki’s flat-band ferromagnetism. (See the part “Ferromagnetic exchange interaction” in the Proof of Theorem 11.11.) Thus, whenever the state âo† is occupied, all the n electrons couple ferromagnetically, and hence the state has the maximum total spin Stot = n/2.	PENDING	NONE	NONE	false	NONE	NONE	NONE
CL-TASAKI2020-2364	TASAKI2020	000446.0006	PG-TASAKI2020-0446	PDF p. 446; print p. 435; §11.4.3; paragraph 3, atom 3	notation	notation	Every finite-energy state with n_↑ up-spin electrons, n_↓ down-spin electrons, and S_tot<n/2 has the form (11.4.61).	PENDING	NONE	NONE	false	NONE	NONE	NONE
CL-TASAKI2020-2365	TASAKI2020	000446.0007	PG-TASAKI2020-0446	PDF p. 446; print p. 435; §11.4.3; equation (11.4.62)	assertion	equation	⟨Φ|ĥ_o|Φ⟩≥[s/(1+ν²)]{1+(2d+1)ν²+2(1−d)ν⁴}. (11.4.62)	PENDING	NONE	NONE	false	NONE	NONE	NONE
CL-TASAKI2020-2366	TASAKI2020	000446.0008	PG-TASAKI2020-0446	PDF p. 446; print p. 435; §11.4.3; paragraph 5	assertion	unnumbered_obligation	The converse is, of course, not true. There are states of the form (11.4.61) that have S_tot = n/2.	PENDING	NONE	NONE	false	NONE	NONE	NONE
CL-TASAKI2020-3192	TASAKI2020	000447.0001	PG-TASAKI2020-0447	PDF p. 447; print p. 436; §11.4.3; paragraph 2; audit split atom 1/3	assertion	subclaim	The right-hand side of (11.4.62) is strictly positive for ν > 0 when d = 1, and for 0 < ν < ν_c(d) when d ≥ 2.	PENDING	NONE	NONE	false	NONE	NONE	NONE
CL-TASAKI2020-3193	TASAKI2020	000447.0002	PG-TASAKI2020-0447	PDF p. 447; print p. 436; §11.4.3; paragraph 2; audit split atom 2/3	assertion	subclaim	Because this lower bound is independent of t and U, (11.4.59) follows for every normalized |Φ⟩ with S_tot < n/2.	PENDING	NONE	NONE	false	NONE	NONE	NONE
CL-TASAKI2020-3194	TASAKI2020	000447.0003	PG-TASAKI2020-0447	PDF p. 447; print p. 436; §11.4.3; finite-energy identity paragraph before (11.4.63)	assertion	subclaim	Every finite-energy state satisfies the identity (11.4.63).	PENDING	NONE	NONE	false	NONE	NONE	NONE
CL-TASAKI2020-2368	TASAKI2020	000447.0004	PG-TASAKI2020-0447	PDF p. 447; print p. 436; §11.4.3; equation (11.4.63)	assertion	equation	⟨Φ|ĥ_o|Φ⟩ = (1+2dν²)s−s⟨Φ|∑_{σ=↑,↓}â†_{o,σ}â_{o,σ}|Φ⟩. (11.4.63)	PENDING	NONE	NONE	false	NONE	NONE	NONE
CL-TASAKI2020-2369	TASAKI2020	000447.0005	PG-TASAKI2020-0447	PDF p. 447; print p. 436; §11.4.3; paragraph 4	definition	definition	It is convenient to define the operator d̂_{o,σ} by (11.4.64).	PENDING	NONE	NONE	false	NONE	NONE	NONE
CL-TASAKI2020-2370	TASAKI2020	000447.0006	PG-TASAKI2020-0447	PDF p. 447; print p. 436; §11.4.3; equation (11.4.64)	assertion	equation	d̂_{o,σ} := â_{o,σ}−[ν²/√(1+ν²)]∑_{p∈E_o}â_{p,σ}. (11.4.64)	PENDING	NONE	NONE	false	NONE	NONE	NONE
CL-TASAKI2020-2371	TASAKI2020	000447.0007	PG-TASAKI2020-0447	PDF p. 447; print p. 436; §11.4.3; equation (11.4.65)	assertion	equation	â_{o,σ}|Φ⟩ = (ν²/√(1+ν²)) ∑_{p∈E_o} â_{p,σ}|Φ⟩. (11.4.65)	PENDING	NONE	NONE	false	NONE	NONE	NONE
CL-TASAKI2020-2372	TASAKI2020	000447.0008	PG-TASAKI2020-0447	PDF p. 447; print p. 436; §11.4.3; equation (11.4.66)	assertion	equation	−s∑_{σ=↑,↓}⟨Φ|â†_{o,σ}â_{o,σ}|Φ⟩ = −(sν⁴/(1+ν²))∑_{p,q∈E_o, σ=↑,↓}⟨Φ|â†_{p,σ}â_{q,σ}|Φ⟩. (11.4.66)	PENDING	NONE	NONE	false	NONE	NONE	NONE
CL-TASAKI2020-2373	TASAKI2020	000447.0009	PG-TASAKI2020-0447	PDF p. 447; print p. 436; §11.4.3; equation (11.4.67)	assertion	equation	ĥ_eff = −s′∑_{p,q∈E_o, σ=↑,↓} ĉ†_{p,σ}ĉ_{q,σ}. (11.4.67)	PENDING	NONE	NONE	false	NONE	NONE	NONE
CL-TASAKI2020-2374	TASAKI2020	000447.0010	PG-TASAKI2020-0447	PDF p. 447; print p. 436; §11.4.3; equation (11.4.68)	assertion	equation	−s⟨Φ|∑_{σ=↑,↓}â†_{o,σ}â_{o,σ}|Φ⟩ = ⟨Φ̃|ĥ_eff|Φ̃⟩. (11.4.68)	PENDING	NONE	NONE	false	NONE	NONE	NONE
CL-TASAKI2020-2375	TASAKI2020	000448.0001	PG-TASAKI2020-0448	PDF p. 448; print p. 437; §11.4.3; equation (11.4.69)	assertion	equation	|Φ̃⟩ = ∑_{A_↑,A_↓⊂E_o; A_↑∩A_↓=∅; |A_↑|=n_↑; |A_↓|=n_↓}α(A_↑,A_↓)(∏_{p∈A_↑}ĉ†_{p,↑})(∏_{p∈A_↓}ĉ†_{p,↓})|Φ_vac⟩. (11.4.69)	PENDING	NONE	NONE	false	NONE	NONE	NONE
CL-TASAKI2020-2376	TASAKI2020	000448.0002	PG-TASAKI2020-0448	PDF p. 448; print p. 437; §11.4.3; equation (11.4.70)	assertion	equation	⟨Φ|ĥ_o|Φ⟩ ≥ (1+2ν²)s − 2sν⁴/(1+ν²). (11.4.70)	PENDING	NONE	NONE	false	NONE	NONE	NONE
CL-TASAKI2020-2377	TASAKI2020	000448.0003	PG-TASAKI2020-0448	PDF p. 448; print p. 437; §11.4.3; equation (11.4.71)	assertion	equation	− P̂0 ĉ†p,σ ĉq,σ P̂0 = ĉq,σ P̂0 ĉ†p,σ , (11.4.71)	PENDING	NONE	NONE	false	NONE	NONE	NONE
CL-TASAKI2020-2378	TASAKI2020	000448.0004	PG-TASAKI2020-0448	PDF p. 448; print p. 437; §11.4.3; equation (11.4.72)	assertion	equation	P̂_0(1−∑_{τ=↑,↓}ĉ†_{p,τ}ĉ_{p,τ})P̂_0 = ĉ_{p,σ}P̂_0ĉ†_{p,σ}. (11.4.72)	PENDING	NONE	NONE	false	NONE	NONE	NONE
CL-TASAKI2020-2379	TASAKI2020	000448.0005	PG-TASAKI2020-0448	PDF p. 448; print p. 437; §11.4.3; equation (11.4.73)	assertion	equation	P̂_0ĥ_effP̂_0 = s′∑_{σ=↑,↓}(∑_{p∈E_o}ĉ_{p,σ})P̂_0(∑_{p∈E_o}ĉ†_{p,σ})−2s′|E_o|P̂_0+s′P̂_0(∑_{p∈E_o, σ=↑,↓}n̂_{p,σ})P̂_0. (11.4.73)	PENDING	NONE	NONE	false	NONE	NONE	NONE
CL-TASAKI2020-3195	TASAKI2020	000448.0006	PG-TASAKI2020-0448	PDF p. 448; print p. 437; §11.4.3; paragraph 6; audit split atom 1/2	assertion	subclaim	The operator P̂₀ĥ_effP̂₀ satisfies the identity (11.4.73).	PENDING	NONE	NONE	false	NONE	NONE	NONE
CL-TASAKI2020-3196	TASAKI2020	000448.0007	PG-TASAKI2020-0448	PDF p. 448; print p. 437; §11.4.3; paragraph 6; audit split atom 2/2	assertion	subclaim	The first term on the right of (11.4.73) is nonnegative, and on the sector with more than one electron this gives the lower bound (11.4.74).	PENDING	NONE	NONE	false	NONE	NONE	NONE
CL-TASAKI2020-2381	TASAKI2020	000448.0008	PG-TASAKI2020-0448	PDF p. 448; print p. 437; §11.4.3; equation (11.4.74)	assertion	equation	P̂₀ĥ_effP̂₀≥−2s′·2d+2s′. (11.4.74)	PENDING	NONE	NONE	false	NONE	NONE	NONE
CL-TASAKI2020-2382	TASAKI2020	000449.0001	PG-TASAKI2020-0449	PDF p. 449; print p. 438; §11.4.3; equation (11.4.75)	assertion	equation	⟨Φ|ĥ_o|Φ⟩≥(1+2dν²)s+{sν⁴/(1+ν²)}(2−4d). (11.4.75)	PENDING	NONE	NONE	false	NONE	NONE	NONE
CL-TASAKI2020-3231	TASAKI2020	000450.0001	PG-TASAKI2020-0450	PDF p. 450; print p. 439; §11.5.1; opening heuristic paragraph	conjecture	conjecture	The nearly-flat-band models of Sect. 11.4 with electron number N<L^d are candidates for metallic ferromagnetism.	PENDING	NONE	NONE	false	NONE	NONE	NONE
CL-TASAKI2020-3232	TASAKI2020	000450.0002	PG-TASAKI2020-0450	PDF p. 450; print p. 439; §11.5.1; opening heuristic paragraph	assertion	unnumbered_obligation	When N/L^d is close to one, holes remain in the â†-state representation.	PENDING	NONE	NONE	false	NONE	NONE	NONE
CL-TASAKI2020-3380	TASAKI2020	000450.0003	PG-TASAKI2020-0450	PDF p. 450; print p. 439; §11.5.1; opening heuristic paragraph	conjecture	conjecture	The exchange interaction is expected to persist when N/L^d is close to one.	PENDING	NONE	NONE	false	NONE	NONE	NONE
CL-TASAKI2020-3381	TASAKI2020	000450.0004	PG-TASAKI2020-0450	PDF p. 450; print p. 439; §11.5.1; opening heuristic paragraph	assertion	remark	Dispersive-band electrons are never at rest.	PENDING	NONE	NONE	false	NONE	NONE	NONE
CL-TASAKI2020-3382	TASAKI2020	000450.0005	PG-TASAKI2020-0450	PDF p. 450; print p. 439; §11.5.1; opening heuristic paragraph	conjecture	conjecture	The system is expected to reach maximum total spin.	PENDING	NONE	NONE	false	NONE	NONE	NONE
CL-TASAKI2020-3233	TASAKI2020	000450.0006	PG-TASAKI2020-0450	PDF p. 450; print p. 439; §11.5.1; opening heuristic paragraph	conjecture	conjecture	The resulting effective spinless-fermion ground states are Slater determinants.	PENDING	NONE	NONE	false	NONE	NONE	NONE
CL-TASAKI2020-3383	TASAKI2020	000450.0007	PG-TASAKI2020-0450	PDF p. 450; print p. 439; §11.5.1; opening heuristic paragraph	conjecture	conjecture	Partial filling of the lowest band makes the effective spinless-fermion ground states metallic.	PENDING	NONE	NONE	false	NONE	NONE	NONE
CL-TASAKI2020-3197	TASAKI2020	000451.0001	PG-TASAKI2020-0451	PDF p. 451; print p. 440; §11.5.1; opening continuation paragraph	assertion	remark	The metallic-ferromagnetism picture is partially supported by Wannier-state perturbation theory.	PENDING	NONE	NONE	false	NONE	NONE	NONE
CL-TASAKI2020-3198	TASAKI2020	000451.0002	PG-TASAKI2020-0451	PDF p. 451; print p. 440; §11.5.1; opening continuation paragraph	conjecture	conjecture	In a related one-dimensional model, theoretical and numerical evidence indicates metallic ferromagnetism for 0 < ν < 1/4.	PENDING	NONE	NONE	false	NONE	NONE	NONE
CL-TASAKI2020-3199	TASAKI2020	000451.0003	PG-TASAKI2020-0451	PDF p. 451; print p. 440; §11.5.1; Wannier state perturbation theory; opening paragraph	assertion	unnumbered_obligation	The low-energy effective theory of the nearly-flat-band Hubbard model is the ferromagnetic t-J model.	PENDING	NONE	NONE	false	NONE	NONE	NONE
CL-TASAKI2020-3200	TASAKI2020	000451.0004	PG-TASAKI2020-0451	PDF p. 451; print p. 440; §11.5.1; model-setup paragraph	domain	domain	Consider the one-dimensional model of Sect. 11.4.1 with electron number N < L = |E|.	PENDING	NONE	NONE	false	NONE	NONE	NONE
CL-TASAKI2020-3201	TASAKI2020	000451.0005	PG-TASAKI2020-0451	PDF p. 451; print p. 440; §11.5.1; model-setup paragraph	assertion	unnumbered_obligation	With fewer than L electrons, some Wannier states are unoccupied and act as holes.	PENDING	NONE	NONE	false	NONE	NONE	NONE
CL-TASAKI2020-3202	TASAKI2020	000451.0006	PG-TASAKI2020-0451	PDF p. 451; print p. 440; §11.5.1; model-setup paragraph before (11.5.1)	assertion	unnumbered_obligation	The unperturbed ground states are given by (11.5.1).	PENDING	NONE	NONE	false	NONE	NONE	NONE
CL-TASAKI2020-2385	TASAKI2020	000451.0007	PG-TASAKI2020-0451	PDF p. 451; print p. 440; §11.5.1; equation (11.5.1)	assertion	equation	|Ω_{A_↑,A_↓}⟩ = (∏_{p∈A_↑}d̂†_{p,↑})(∏_{p∈A_↓}d̂†_{p,↓})|Φ_vac⟩. (11.5.1)	PENDING	NONE	NONE	false	NONE	NONE	NONE
CL-TASAKI2020-2386	TASAKI2020	000451.0008	PG-TASAKI2020-0451	PDF p. 451; print p. 440; §11.5.1; paragraph 3, atom 1	notation	notation	We denote by H˜N the effective low energy Hilbert space spanned by the states (11.5.1).	PENDING	NONE	NONE	false	NONE	NONE	NONE
CL-TASAKI2020-2387	TASAKI2020	000451.0009	PG-TASAKI2020-0451	PDF p. 451; print p. 440; §11.5.1; paragraph 3, atom 2	assertion	remark	When neighboring sites p and p+1 in E are both occupied, the model has the ferromagnetic exchange interaction (11.4.17).	PENDING	NONE	NONE	false	NONE	NONE	NONE
CL-TASAKI2020-3203	TASAKI2020	000451.0010	PG-TASAKI2020-0451	PDF p. 451; print p. 440; §11.5.1; Footnote 47	assertion	remark	A noninteracting fermion system with a partially filled band is metallic.	PENDING	NONE	NONE	false	NONE	NONE	NONE
CL-TASAKI2020-3370	TASAKI2020	000451.0011	PG-TASAKI2020-0451	PDF p. 451; print p. 440; §11.5.1; Footnote 47	assertion	remark	Within the S_tot=N/2 sector, the present strongly interacting system behaves as a noninteracting system.	PENDING	NONE	NONE	false	NONE	NONE	NONE
CL-TASAKI2020-3371	TASAKI2020	000451.0012	PG-TASAKI2020-0451	PDF p. 451; print p. 440; §11.5.1; Footnote 47	assertion	remark	The present system therefore conducts in the ferromagnetic sector.	PENDING	NONE	NONE	false	NONE	NONE	NONE
CL-TASAKI2020-3204	TASAKI2020	000451.0013	PG-TASAKI2020-0451	PDF p. 451; print p. 440; §11.5.1; Footnote 48	assertion	remark	Vacant sites generate an additional three-site second-order contribution, which is neglected because τ²/U is assumed negligible.	PENDING	NONE	NONE	false	NONE	NONE	NONE
CL-TASAKI2020-3234	TASAKI2020	000451.0014	PG-TASAKI2020-0451	PDF p. 451; print p. 440; §11.5.1; small-τ assumption paragraph	assertion	unnumbered_obligation	The term of order τ²/U is negligible under the stated assumption.	PENDING	NONE	NONE	false	NONE	NONE	NONE
CL-TASAKI2020-3235	TASAKI2020	000451.0015	PG-TASAKI2020-0451	PDF p. 451; print p. 440; §11.5.1; Footnote 49	assertion	unnumbered_obligation	A trivial term 2τ∑_{p=1}^L ñ̂_p has been subtracted from the effective Hamiltonian.	PENDING	NONE	NONE	false	NONE	NONE	NONE
CL-TASAKI2020-2390	TASAKI2020	000452.0001	PG-TASAKI2020-0452	PDF p. 452; print p. 441; §11.5.1; equation (11.5.2)	assertion	equation	Ĥ_eff = τP̃̂_0∑_{p∈{1,…,L},σ=↑,↓}(d̂†_{p,σ}d̂_{p+1,σ}+h.c.) + J∑_{p=1}^L(ñ̂_p ñ̂_{p+1}/4−S̃̂_p·S̃̂_{p+1}). (11.5.2)	PENDING	NONE	NONE	false	NONE	NONE	NONE
CL-TASAKI2020-2391	TASAKI2020	000452.0002	PG-TASAKI2020-0452	PDF p. 452; print p. 441; §11.5.1; paragraph 3	notation	notation	In (11.5.2), “h.c.” denotes the Hermitian conjugate and ñ̂_p=∑_{σ=↑,↓}d̂†_{p,σ}d̂_{p,σ} is the number operator for the Wannier state ω_p.	PENDING	NONE	NONE	false	NONE	NONE	NONE
CL-TASAKI2020-2392	TASAKI2020	000452.0003	PG-TASAKI2020-0452	PDF p. 452; print p. 441; §11.5.1; equation (11.5.3)	assertion	equation	Ĥ_eff = τP̃̂_0∑_{p,q∈E; |p−q|=1; σ=↑,↓}d̂†_{p,σ}d̂_{q,σ} + (J/2)∑_{p,q∈E; |p−q|=1}(ñ̂_p ñ̂_q/4−S̃̂_p·S̃̂_q). (11.5.3)	PENDING	NONE	NONE	false	NONE	NONE	NONE
CL-TASAKI2020-2393	TASAKI2020	000453.0001	PG-TASAKI2020-0453	PDF p. 453; print p. 442; §11.5.2; paragraph 2, atom 1	domain	domain	Let us still denote by E the d-dimensional L × · · · × L hypercubic lattice with periodic boundary conditions, which is Λ L in (3.1.2).	PENDING	NONE	NONE	false	NONE	NONE	NONE
CL-TASAKI2020-2394	TASAKI2020	000453.0002	PG-TASAKI2020-0453	PDF p. 453; print p. 442; §11.5.2; paragraph 2, atom 2	assertion	unnumbered_obligation	More precisely H Nhc is spanned by the basis states (9.2.35) which satisfy xi ≠ x j whenever i ≠ j.	PENDING	NONE	NONE	false	NONE	NONE	NONE
CL-TASAKI2020-2395	TASAKI2020	000453.0003	PG-TASAKI2020-0453	PDF p. 453; print p. 442; §11.5.2; paragraph 2, atom 3	notation	notation	We denote by P̂hc the projection operator onto H Nhc .	PENDING	NONE	NONE	false	NONE	NONE	NONE
CL-TASAKI2020-2396	TASAKI2020	000453.0004	PG-TASAKI2020-0453	PDF p. 453; print p. 442; §11.5.2; equation (11.5.4)	assertion	equation	Ĥ_tJ = −τP̂_hc∑_{x,y∈E: |x−y|=1, σ=↑,↓}ĉ†_{x,σ}ĉ_{y,σ}+J∑_{x,y∈E: |x−y|=1}(n̂_xn̂_y/4−Ŝ_x·Ŝ_y). (11.5.4)	PENDING	NONE	NONE	false	NONE	NONE	NONE
CL-TASAKI2020-2397	TASAKI2020	000453.0005	PG-TASAKI2020-0453	PDF p. 453; print p. 442; §11.5.2; paragraph 4, atom 1	domain	domain	Let us first focus on the ferromagnetic sector, i.e., the space of states which have maximum total spin Stot = N /2.	PENDING	NONE	NONE	false	NONE	NONE	NONE
CL-TASAKI2020-2398	TASAKI2020	000453.0006	PG-TASAKI2020-0453	PDF p. 453; print p. 442; §11.5.2; equation (11.5.5)	assertion	equation	|Φ_{Γ,M}⟩ := (Ŝ_tot^−)^((N/2)−M)(∏_{k∈Γ} Ĉ_↑†(η^(k)))|Φ_vac⟩. (11.5.5)	PENDING	NONE	NONE	false	NONE	NONE	NONE
CL-TASAKI2020-2399	TASAKI2020	000453.0007	PG-TASAKI2020-0453	PDF p. 453; print p. 442; §11.5.2; paragraph 4, atom 2	definition	definition	For each k=(k1,…,kd)∈KL, define the plane-wave state η^(k)=(L^(−d/2)e^(ik·x))x∈E, where x=(x1,…,xd) and k·x=∑_{j=1}^d kjxj.	PENDING	NONE	NONE	false	NONE	NONE	NONE
CL-TASAKI2020-2400	TASAKI2020	000453.0008	PG-TASAKI2020-0453	PDF p. 453; print p. 442; §11.5.2; paragraph 4, atom 3	domain	domain	For Γ⊂K_L with |Γ|=N and M=−N/2,…,N/2, define |Φ_{Γ,M}⟩ by (11.5.5).	PENDING	NONE	NONE	false	NONE	NONE	NONE
CL-TASAKI2020-2401	TASAKI2020	000453.0009	PG-TASAKI2020-0453	PDF p. 453; print p. 442; §11.5.2; equation (11.5.6)	assertion	equation	Ĥ_tJ|Φ_{Γ,M}⟩ = (∑_{k∈Γ}ε(k))|Φ_{Γ,M}⟩. (11.5.6)	PENDING	NONE	NONE	false	NONE	NONE	NONE
CL-TASAKI2020-2402	TASAKI2020	000454.0001	PG-TASAKI2020-0454	PDF p. 454; print p. 443; §11.5.2; Proposition 11.24	assertion	proposition	Proposition 11.24 (Ferromagnetism in the d = 1 ferromagnetic t-J model) Assume that the dimension is d = 1 and the electron number N satisfies N < L = |E | and is odd. Then the ground states of the t-J model with the Hamiltonian (11.5.4) have total spin Stot = N /2, and are non-degenerate apart from the trivial 2Stot + 1 = N + 1-fold degeneracy.	PENDING	NONE	NONE	false	NONE	NONE	NONE
CL-TASAKI2020-2403	TASAKI2020	000454.0002	PG-TASAKI2020-0454	PDF p. 454; print p. 443; §11.5.2; paragraph 5	assertion	remark	For the hopping term, this is obvious since there is no exchange in electron ordering and one does not have to worry about fermion signs. For the exchange term, the nonpositivity is easily verified using Ŝ_x·Ŝ_{x+1}=(Ŝ_x^+Ŝ_{x+1}^−+Ŝ_x^−Ŝ_{x+1}^+)/2+Ŝ_x^(3)Ŝ_{x+1}^(3).	PENDING	NONE	NONE	false	NONE	NONE	NONE
CL-TASAKI2020-2404	TASAKI2020	000455.0001	PG-TASAKI2020-0455	PDF p. 455; print p. 444; §11.5.2; paragraph 2, atom 1	assertion	unnumbered_obligation	The state is identical to the ferromagnetic state (2.4.11), after a suitable identification of sites, and therefore has S_tot = N/2.	PENDING	NONE	NONE	false	NONE	NONE	NONE
CL-TASAKI2020-3279	TASAKI2020	000455.0002	PG-TASAKI2020-0455	PDF p. 455; print p. 444; §11.5.2; paragraph 2, atom 2; v7 split atom 1/2	conjecture	conjecture	We believe that it is not very difficult to extend Theorem 11.4 in p.376 to the t-J model to prove that the ground states never exhibit saturated ferromagnetism for any J>0 provided that d>2 and the density is sufficiently low.	PENDING	NONE	NONE	false	NONE	NONE	NONE
CL-TASAKI2020-3280	TASAKI2020	000455.0003	PG-TASAKI2020-0455	PDF p. 455; print p. 444; §11.5.2; paragraph 2, atom 2; v7 split atom 2/2	conjecture	conjecture	We of course believe that the ferromagnetic t-J model in higher dimensions also exhibits ferromagnetism when the ferromagnetic coupling J/|t| is sufficiently large and the density N/L^d is sufficiently close to one.	PENDING	NONE	NONE	false	NONE	NONE	NONE
CL-TASAKI2020-2406	TASAKI2020	000455.0004	PG-TASAKI2020-0455	PDF p. 455; print p. 444; §11.5.2; paragraph 2, atom 3	assertion	unnumbered_obligation	But nothing has been rigorously shown as far as we know, and we have no idea at all about how such a result can be proved, even in the singular limit J ↑ ∞.	PENDING	NONE	NONE	false	NONE	NONE	NONE
CL-TASAKI2020-2407	TASAKI2020	000455.0005	PG-TASAKI2020-0455	PDF p. 455; print p. 444; §11.5.2; paragraph 2, atom 4	hypothesis	hypothesis	By using the equivalence we can establish the emergence of ferromagnetism in the ground state, provided that we restrict ourselves to the one-dimensional model.	PENDING	NONE	NONE	false	NONE	NONE	NONE
CL-TASAKI2020-2408	TASAKI2020	000455.0006	PG-TASAKI2020-0455	PDF p. 455; print p. 444; §11.5.2; paragraph 2, atom 5	notation	notation	Exactly as in Sect. 11.3.1, we denote by E the d-dimensional L × L hypercubic lattice, and by I the set of sites taken at the middle of bonds in E .	PENDING	NONE	NONE	false	NONE	NONE	NONE
CL-TASAKI2020-2409	TASAKI2020	000456.0001	PG-TASAKI2020-0456	PDF p. 456; print p. 445; §11.5.2; paragraph 4	domain	domain	Fig. 11.24 The decorated hypercubic lattice used to define the model studied in the present section.	PENDING	NONE	NONE	false	NONE	NONE	NONE
CL-TASAKI2020-2410	TASAKI2020	000456.0002	PG-TASAKI2020-0456	PDF p. 456; print p. 445; §11.5.2; paragraph 5, atom 1	notation	notation	We denote sites in E again as p, q, . . ., and sites in I × {1, 2} as (u, 1) and (u, 2) with u ∈ I .	PENDING	NONE	NONE	false	NONE	NONE	NONE
CL-TASAKI2020-2411	TASAKI2020	000456.0003	PG-TASAKI2020-0456	PDF p. 456; print p. 445; §11.5.2; paragraph 5, atom 2	notation	notation	For j=1,…,d, let b_j=(0,…,0,1/2,0,…,0), with 1/2 in the jth coordinate.	PENDING	NONE	NONE	false	NONE	NONE	NONE
CL-TASAKI2020-2412	TASAKI2020	000456.0004	PG-TASAKI2020-0456	PDF p. 456; print p. 445; §11.5.2; paragraph 5, atom 3	definition	definition	For p∈E, define α_p=(α_p(x))_{x∈Λ} by (11.5.7).	PENDING	NONE	NONE	false	NONE	NONE	NONE
CL-TASAKI2020-2413	TASAKI2020	000456.0005	PG-TASAKI2020-0456	PDF p. 456; print p. 445; §11.5.2; equation (11.5.7)	assertion	equation	αp(x)={1 if x=p; ν if x=(p+bj,1); −ν if x=(p+bj,2) or x=(p−bj,ζ); 0 otherwise}, where j=1,…,d and ζ=1,2. (11.5.7)	PENDING	NONE	NONE	false	NONE	NONE	NONE
CL-TASAKI2020-2414	TASAKI2020	000456.0006	PG-TASAKI2020-0456	PDF p. 456; print p. 445; §11.5.2; equation (11.5.8)	assertion	equation	β_(u,1)(x)={1 if x=u; ν if x=u+bj; −ν if x=u−bj; 0 otherwise}. (11.5.8)	PENDING	NONE	NONE	false	NONE	NONE	NONE
CL-TASAKI2020-2415	TASAKI2020	000456.0007	PG-TASAKI2020-0456	PDF p. 456; print p. 445; §11.5.2; paragraph 6	definition	definition	For u∈I and ζ=1,2, define β_(u,ζ)=(β_(u,ζ)(x))_{x∈Λ} by (11.5.8) and (11.5.9).	PENDING	NONE	NONE	false	NONE	NONE	NONE
CL-TASAKI2020-2416	TASAKI2020	000457.0001	PG-TASAKI2020-0457	PDF p. 457; print p. 446; §11.5.2; equation (11.5.9)	assertion	equation	β_{(u,2)}(x)={1 if x=u; ν if x=u±b_j; 0 otherwise}. (11.5.9)	PENDING	NONE	NONE	false	NONE	NONE	NONE
CL-TASAKI2020-2417	TASAKI2020	000457.0002	PG-TASAKI2020-0457	PDF p. 457; print p. 446; §11.5.2; paragraph 4	definition	definition	We define the fermion operators corresponding to these localized states by (11.5.10).	PENDING	NONE	NONE	false	NONE	NONE	NONE
CL-TASAKI2020-2418	TASAKI2020	000457.0003	PG-TASAKI2020-0457	PDF p. 457; print p. 446; §11.5.2; equation (11.5.10)	assertion	equation	â_{p,σ}:=Ĉ_σ(α_p),  b̂_{(u,ζ),σ}:=Ĉ_σ(β_(u,ζ)). (11.5.10)	PENDING	NONE	NONE	false	NONE	NONE	NONE
CL-TASAKI2020-2419	TASAKI2020	000457.0004	PG-TASAKI2020-0457	PDF p. 457; print p. 446; §11.5.2; paragraph 6; atom 1	definition	definition	For p∈E, u∈I, ζ=1,2, and σ=↑,↓, define the operators by (11.5.10).	PENDING	NONE	NONE	false	NONE	NONE	NONE
CL-TASAKI2020-3425	TASAKI2020	000457.0005	PG-TASAKI2020-0457	PDF p. 457; print p. 446; §11.5.2; paragraph 6; atom 2	assertion	unnumbered_obligation	The â operators satisfy the anticommutation relations (11.5.11).	PENDING	NONE	NONE	false	NONE	NONE	NONE
CL-TASAKI2020-2420	TASAKI2020	000457.0006	PG-TASAKI2020-0457	PDF p. 457; print p. 446; §11.5.2; equation (11.5.11)	assertion	equation	{â_{p,σ},â†_{q,τ}}=(1+4dν²)δ_{p,q}δ_{σ,τ}. (11.5.11)	PENDING	NONE	NONE	false	NONE	NONE	NONE
CL-TASAKI2020-2421	TASAKI2020	000457.0007	PG-TASAKI2020-0457	PDF p. 457; print p. 446; §11.5.2; equation (11.5.12)	assertion	equation	{b̂_{(u,ζ),σ},â†_{p,τ}}=0. (11.5.12)	PENDING	NONE	NONE	false	NONE	NONE	NONE
CL-TASAKI2020-2422	TASAKI2020	000457.0008	PG-TASAKI2020-0457	PDF p. 457; print p. 446; §11.5.2; equation (11.5.13)	assertion	equation	Ĥ_int = U∑_{x∈Λ}n̂_{x,↑}n̂_{x,↓}. (11.5.13)	PENDING	NONE	NONE	false	NONE	NONE	NONE
CL-TASAKI2020-2423	TASAKI2020	000458.0001	PG-TASAKI2020-0458	PDF p. 458; print p. 447; §11.5.2; equation (11.5.14)	assertion	equation	Ĥ_hop=t∑_{u∈I,ζ=1,2,σ=↑,↓}b̂†_{(u,ζ),σ}b̂_{(u,ζ),σ}−s∑_{p,q∈E; |p−q|=1; σ=↑,↓}â†_{p,σ}â_{q,σ}. (11.5.14)	PENDING	NONE	NONE	false	NONE	NONE	NONE
CL-TASAKI2020-2424	TASAKI2020	000458.0002	PG-TASAKI2020-0458	PDF p. 458; print p. 447; §11.5.2; equation (11.5.16)	assertion	equation	ĉ_{x,↓}ĉ_{x,↑}|Φ⟩=0. (11.5.16)	PENDING	NONE	NONE	false	NONE	NONE	NONE
CL-TASAKI2020-2425	TASAKI2020	000458.0003	PG-TASAKI2020-0458	PDF p. 458; print p. 447; §11.5.2; paragraph 5, atom 1	assertion	subclaim	Because the α- and β-states span the single-electron Hilbert space h, every many-electron state can be expressed using â† and b̂† operators as in (11.3.13).	PENDING	NONE	NONE	false	NONE	NONE	NONE
CL-TASAKI2020-2426	TASAKI2020	000458.0004	PG-TASAKI2020-0458	PDF p. 458; print p. 447; §11.5.2; equation (11.5.15)	assertion	equation	b̂_(u,ζ),σ|Φ⟩=0 for every u∈I, ζ=1,2, σ=↑,↓. (11.5.15)	PENDING	NONE	NONE	false	NONE	NONE	NONE
CL-TASAKI2020-2428	TASAKI2020	000459.0001	PG-TASAKI2020-0459	PDF p. 459; print p. 448; §11.5.2; paragraph 2	assertion	unnumbered_obligation	Every finite-energy state |Φ⟩ admits the expansion (11.5.17).	PENDING	NONE	NONE	false	NONE	NONE	NONE
CL-TASAKI2020-2429	TASAKI2020	000459.0002	PG-TASAKI2020-0459	PDF p. 459; print p. 448; §11.5.2; equation (11.5.17)	assertion	equation	|Φ⟩ = ∑_{A↑,A↓⊂E; A↑∩A↓=∅, |A↑|+|A↓|=N} c(A↑,A↓)(∏_{p∈A↑}âp,↑†)(∏_{p∈A↓}âp,↓†)|Φvac⟩. (11.5.17)	PENDING	NONE	NONE	false	NONE	NONE	NONE
CL-TASAKI2020-2430	TASAKI2020	000459.0003	PG-TASAKI2020-0459	PDF p. 459; print p. 448; §11.5.2; equation (11.5.18)	assertion	equation	Ĥ_eff = P̂_0ĤP̂_0 = −s∑_{p,q∈E: |p−q|=1, σ=↑,↓}P̂_0â†_{p,σ}â_{q,σ}P̂_0. (11.5.18)	PENDING	NONE	NONE	false	NONE	NONE	NONE
CL-TASAKI2020-3205	TASAKI2020	000459.0004	PG-TASAKI2020-0459	PDF p. 459; print p. 448; §11.5.2; hopping-term paragraph	assertion	subclaim	The hopping term obtained from (11.5.16) on E is the nearest-neighbor hopping Hamiltonian on E.	PENDING	NONE	NONE	false	NONE	NONE	NONE
CL-TASAKI2020-3206	TASAKI2020	000459.0005	PG-TASAKI2020-0459	PDF p. 459; print p. 448; §11.5.2; ferromagnetic-exchange paragraph	assertion	subclaim	The conditions (11.5.16) on I × {1,2} generate ferromagnetic exchange between electrons in neighboring â† states.	PENDING	NONE	NONE	false	NONE	NONE	NONE
CL-TASAKI2020-3207	TASAKI2020	000459.0006	PG-TASAKI2020-0459	PDF p. 459; print p. 448; §11.5.2; ferromagnetic-exchange paragraph	assertion	subclaim	All spins in each connected component of A_↑∪A_↓ must couple to maximum total spin.	PENDING	NONE	NONE	false	NONE	NONE	NONE
CL-TASAKI2020-3372	TASAKI2020	000459.0007	PG-TASAKI2020-0459	PDF p. 459; print p. 448; §11.5.2; ferromagnetic-exchange paragraph	assertion	remark	Maximum total spin in each connected component alone does not imply global ferromagnetism.	PENDING	NONE	NONE	false	NONE	NONE	NONE
CL-TASAKI2020-3208	TASAKI2020	000459.0008	PG-TASAKI2020-0459	PDF p. 459; print p. 448; §11.5.2; equivalence paragraph before Lemma 11.25	assertion	subclaim	The finite-energy conditions are exactly those of the J → ∞ t-J model (11.5.4) on E with the same N, proving the claimed equivalence.	PENDING	NONE	NONE	false	NONE	NONE	NONE
CL-TASAKI2020-2432	TASAKI2020	000459.0009	PG-TASAKI2020-0459	PDF p. 459; print p. 448; §11.5.2; Lemma 11.25	assertion	lemma	Lemma 11.25 The limit t, U ↑ ∞ of the above Hubbard model with electron number N ≤ L d is equivalent to the J ↑ ∞ limit of the t-J model (11.5.4) with the same electron number N and the hopping amplitude τ = (1 + 4dν 2 )s.	PENDING	NONE	NONE	false	NONE	NONE	NONE
CL-TASAKI2020-2433	TASAKI2020	000459.0010	PG-TASAKI2020-0459	PDF p. 459; print p. 448; §11.5.2; Theorem 11.26	assertion	theorem	Theorem 11.26 (Metallic ferromagnetism in the d = 1 Hubbard model) Consider the above Hubbard model in one-dimension, and let the electron number N be odd and satisfy N ≤ L. Then in the limit t, U ↑ ∞, the ground states of the model have total spin Stot = N /2, and are non-degenerate apart from the trivial 2Stot + 1 = N + 1-fold degeneracy.	PENDING	NONE	NONE	false	NONE	NONE	NONE
CL-TASAKI2020-2434	TASAKI2020	000460.0001	PG-TASAKI2020-0460	PDF p. 460; print p. 449; §11.5.2; paragraph 3	definition	definition	The two lowest dispersive bands are called the a-band and the b-band; the remaining bands are higher bands.	PENDING	NONE	NONE	false	NONE	NONE	NONE
CL-TASAKI2020-2435	TASAKI2020	000461.0001	PG-TASAKI2020-0461	PDF p. 461; print p. 450; §11.5.2; paragraph 9, atom 1	notation	notation	We again denote by E the d-dimensional L × L hypercubic lattice, and by I the corresponding lattice consisting of sites in the middle of bonds in E .	PENDING	NONE	NONE	false	NONE	NONE	NONE
CL-TASAKI2020-2436	TASAKI2020	000461.0002	PG-TASAKI2020-0461	PDF p. 461; print p. 450; §11.5.2; paragraph 9, atom 2	notation	notation	We denote lattice sites as ( p, 1), ( p, 2), ( p, 3), (u, 1), and (u, 2) with p ∈ E and u ∈ I .	PENDING	NONE	NONE	false	NONE	NONE	NONE
CL-TASAKI2020-2437	TASAKI2020	000461.0003	PG-TASAKI2020-0461	PDF p. 461; print p. 450; §11.5.2; paragraph 9, atom 3	definition	definition	For p ∈ E, ζ = 1, 2, 3, and σ = ↑, ↓, define â_{p,σ}, b̂_{p,σ}, and d̂_{p,σ} by (11.5.19), (11.5.20), and (11.5.21).	PENDING	NONE	NONE	false	NONE	NONE	NONE
CL-TASAKI2020-2438	TASAKI2020	000461.0004	PG-TASAKI2020-0461	PDF p. 461; print p. 450; §11.5.2; equation (11.5.19)	assertion	equation	â_{p,σ} = [1/√(3+4dν²)]{∑_{ζ=1}^3ĉ_{(p,ζ),σ}+ν∑_{j=1,…,d; ζ=1,2}[ĉ_{(p+b_j,ζ),σ}+(−1)^ζĉ_{(p−b_j,ζ),σ}]}. (11.5.19)	PENDING	NONE	NONE	false	NONE	NONE	NONE
CL-TASAKI2020-2439	TASAKI2020	000461.0005	PG-TASAKI2020-0461	PDF p. 461; print p. 450; §11.5.2; equation (11.5.20)	assertion	equation	b̂_{p,σ} = (1/√2){ĉ_{(p,1),σ}−ĉ_{(p,2),σ}}. (11.5.20)	PENDING	NONE	NONE	false	NONE	NONE	NONE
CL-TASAKI2020-2440	TASAKI2020	000461.0006	PG-TASAKI2020-0461	PDF p. 461; print p. 450; §11.5.2; equation (11.5.21)	assertion	equation	d̂_{p,σ}=ĉ_{(p,1),σ}+ĉ_{(p,2),σ}−2ĉ_{(p,3),σ}. (11.5.21)	PENDING	NONE	NONE	false	NONE	NONE	NONE
CL-TASAKI2020-2441	TASAKI2020	000461.0007	PG-TASAKI2020-0461	PDF p. 461; print p. 450; §11.5.2; paragraph 12	definition	definition	For u ∈ I, ζ = 1, 2, and σ = ↑, ↓, define d̂_{(u,ζ),σ} by (11.5.22).	PENDING	NONE	NONE	false	NONE	NONE	NONE
CL-TASAKI2020-2442	TASAKI2020	000462.0001	PG-TASAKI2020-0462	PDF p. 462; print p. 451; §11.5.2; equation (11.5.22)	assertion	equation	d̂_{(u,ζ),σ}=ĉ_{(u,ζ),σ}−ν{ĉ_{(u−b_j,3),σ}+(−1)^ζĉ_{(u+b_j,3),σ}}. (11.5.22)	PENDING	NONE	NONE	false	NONE	NONE	NONE
CL-TASAKI2020-3209	TASAKI2020	000462.0002	PG-TASAKI2020-0462	PDF p. 462; print p. 451; §11.5.2; paragraph 2; atom 1	notation	notation	In (11.5.22), j denotes the unique index satisfying u±b_j∈E.	PENDING	NONE	NONE	false	NONE	NONE	NONE
CL-TASAKI2020-3373	TASAKI2020	000462.0003	PG-TASAKI2020-0462	PDF p. 462; print p. 451; §11.5.2; paragraph 2; atom 2	hypothesis	hypothesis	The model parameter ν is positive.	PENDING	NONE	NONE	false	NONE	NONE	NONE
CL-TASAKI2020-3210	TASAKI2020	000462.0004	PG-TASAKI2020-0462	PDF p. 462; print p. 451; §11.5.2; paragraph 2; audit split atom 2/3	assertion	unnumbered_obligation	Every state can be represented using â†, b̂†, and d̂† operators.	PENDING	NONE	NONE	false	NONE	NONE	NONE
CL-TASAKI2020-3211	TASAKI2020	000462.0005	PG-TASAKI2020-0462	PDF p. 462; print p. 451; §11.5.2; paragraph 2; audit split atom 3/3	assertion	unnumbered_obligation	The â and b̂ operators satisfy the standard anticommutation relations (11.5.23).	PENDING	NONE	NONE	false	NONE	NONE	NONE
CL-TASAKI2020-2444	TASAKI2020	000462.0006	PG-TASAKI2020-0462	PDF p. 462; print p. 451; §11.5.2; equation (11.5.23)	assertion	equation	{â p,σ , âq,τ † } = δ p,q δσ,τ , {b̂ p,σ , b̂q,τ † } = δ p,q δσ,τ , (11.5.23)	PENDING	NONE	NONE	false	NONE	NONE	NONE
CL-TASAKI2020-2445	TASAKI2020	000462.0007	PG-TASAKI2020-0462	PDF p. 462; print p. 451; §11.5.2; equation (11.5.24)	assertion	equation	Ĥ_hop=∑_(p,q∈𝓔; |p−q|=1; σ=↑,↓){−s â†_(p,σ)â_(q,σ)−t b̂†_(p,σ)b̂_(q,σ)}+u₁∑_(p∈𝓔;σ=↑,↓)b̂†_(p,σ)b̂_(p,σ)+u₂{∑_(p∈𝓔;σ=↑,↓)d̂†_(p,σ)d̂_(p,σ)+∑_(u∈𝓘;ζ=1,2;σ=↑,↓)d̂†_((u,ζ),σ)d̂_((u,ζ),σ)}. (11.5.24)	PENDING	NONE	NONE	false	NONE	NONE	NONE
CL-TASAKI2020-2446	TASAKI2020	000462.0008	PG-TASAKI2020-0462	PDF p. 462; print p. 451; §11.5.2; paragraph 5	assertion	unnumbered_obligation	The â- and b̂-states form separate bands with dispersion relations εa(k)=−2s∑_{j=1}^d cos(kj) and εb(k)=u1−2t∑_{j=1}^d cos(kj).	PENDING	NONE	NONE	false	NONE	NONE	NONE
CL-TASAKI2020-2447	TASAKI2020	000462.0009	PG-TASAKI2020-0462	PDF p. 462; print p. 451; §11.5.2; Theorem 11.27	assertion	theorem	Theorem 11.27 Let the dimension d = 1, 2, 3, . . . be arbitrary and suppose that the electron number N satisfies L d ≤ N ≤ 2L d , and u 1 > 2d(|s| + 2|t|). Then, in the limit u 2 , U ↑ ∞, the ground states of the above model exhibit ferromagnetism in the sense that they have the maximum possible total spin Stot = N /2.	PENDING	NONE	NONE	false	NONE	NONE	NONE
CL-TASAKI2020-2448	TASAKI2020	000467.0001	PG-TASAKI2020-0467	PDF p. 467; print p. 457; §A.1; paragraph 3, atom 1	domain	domain	Let us summarize the Dirac notation for quantum mechanics, which is standard in the physics literature, and used throughout the present book.	PENDING	NONE	NONE	false	NONE	NONE	NONE
CL-TASAKI2020-2449	TASAKI2020	000467.0002	PG-TASAKI2020-0467	PDF p. 467; print p. 457; §A.1; paragraph 3, atom 2	assertion	unnumbered_obligation	For any |Φ⟩, |Ψ ⟩ ∈ H and α, β ∈ C, one has α|Φ⟩ + β|Ψ ⟩ ∈ H .	PENDING	NONE	NONE	false	NONE	NONE	NONE
CL-TASAKI2020-2450	TASAKI2020	000467.0003	PG-TASAKI2020-0467	PDF p. 467; print p. 457; §A.1; equation (A.1.1)	assertion	equation	|Φ⟩ = (ϕ_1,ϕ_2,…,ϕ_D)^t. (A.1.1)	PENDING	NONE	NONE	false	NONE	NONE	NONE
CL-TASAKI2020-2451	TASAKI2020	000467.0004	PG-TASAKI2020-0467	PDF p. 467; print p. 457; §A.1; paragraph 4	notation	notation	For |Φ⟩, |Ψ⟩ ∈ H, denote their inner product by (A.1.2).	PENDING	NONE	NONE	false	NONE	NONE	NONE
CL-TASAKI2020-2452	TASAKI2020	000467.0005	PG-TASAKI2020-0467	PDF p. 467; print p. 457; §A.1; equation (A.1.2)	assertion	equation	⟨Φ|Ψ⟩ := ∑_{j=1}^D(ϕ_j)*ψ_j. (A.1.2)	PENDING	NONE	NONE	false	NONE	NONE	NONE
CL-TASAKI2020-2453	TASAKI2020	000467.0006	PG-TASAKI2020-0467	PDF p. 467; print p. 457; §A.1; paragraph 6	assertion	unnumbered_obligation	Writing |Ψ⟩ = (ψ₁,…,ψ_D)^t, the inner product satisfies (A.1.3).	PENDING	NONE	NONE	false	NONE	NONE	NONE
CL-TASAKI2020-2454	TASAKI2020	000467.0007	PG-TASAKI2020-0467	PDF p. 467; print p. 457; §A.1; equation (A.1.3)	assertion	equation	⟨Φ|Ψ ⟩ = ⟨Ψ |Φ⟩∗ , (A.1.3)	PENDING	NONE	NONE	false	NONE	NONE	NONE
CL-TASAKI2020-2455	TASAKI2020	000468.0001	PG-TASAKI2020-0468	PDF p. 468; print p. 458; §A.1; equation (A.1.4)	assertion	equation	⟨Φ| α|Ψ ⟩ + β|Ξ ⟩ = α⟨Φ|Ψ ⟩ + β⟨Φ|Ξ ⟩, (A.1.4)	PENDING	NONE	NONE	false	NONE	NONE	NONE
CL-TASAKI2020-2456	TASAKI2020	000468.0002	PG-TASAKI2020-0468	PDF p. 468; print p. 458; §A.1; paragraph 3	definition	definition	The norm of |Φ⟩ ∈ H, written ‖Φ‖ or ‖|Φ⟩‖, is defined by (A.1.5).	PENDING	NONE	NONE	false	NONE	NONE	NONE
CL-TASAKI2020-2457	TASAKI2020	000468.0003	PG-TASAKI2020-0468	PDF p. 468; print p. 458; §A.1; equation (A.1.5)	assertion	equation	∥Φ∥:=√⟨Φ|Φ⟩. (A.1.5)	PENDING	NONE	NONE	false	NONE	NONE	NONE
CL-TASAKI2020-2458	TASAKI2020	000468.0004	PG-TASAKI2020-0468	PDF p. 468; print p. 458; §A.1; equation (A.1.6)	assertion	equation	⟨Φ| = (|Φ⟩)† = (ϕ1∗ , ϕ2∗ , . . . , ϕ ∗D ). (A.1.6)	PENDING	NONE	NONE	false	NONE	NONE	NONE
CL-TASAKI2020-2459	TASAKI2020	000468.0005	PG-TASAKI2020-0468	PDF p. 468; print p. 458; §A.1; equation (A.1.7)	assertion	equation	(α|Φ⟩+β|Ψ⟩)†=α*⟨Φ|+β*⟨Ψ|. (A.1.7)	PENDING	NONE	NONE	false	NONE	NONE	NONE
CL-TASAKI2020-2460	TASAKI2020	000468.0006	PG-TASAKI2020-0468	PDF p. 468; print p. 458; §A.1; paragraph 8, atom 1	notation	notation	We denote by 1̂ the identity operator.	PENDING	NONE	NONE	false	NONE	NONE	NONE
CL-TASAKI2020-2461	TASAKI2020	000468.0007	PG-TASAKI2020-0468	PDF p. 468; print p. 458; §A.1; paragraph 8, atom 2	assertion	unnumbered_obligation	For operators Â, B̂ and α, β ∈ ℂ, the linear combination αÂ + βB̂ is an operator and satisfies (A.1.8).	PENDING	NONE	NONE	false	NONE	NONE	NONE
CL-TASAKI2020-2462	TASAKI2020	000468.0008	PG-TASAKI2020-0468	PDF p. 468; print p. 458; §A.1; equation (A.1.8)	assertion	equation	(α Â + β B̂)|Φ⟩ = α Â|Φ⟩ + β B̂|Φ⟩, (A.1.8)	PENDING	NONE	NONE	false	NONE	NONE	NONE
CL-TASAKI2020-2463	TASAKI2020	000468.0009	PG-TASAKI2020-0468	PDF p. 468; print p. 458; §A.1; paragraph 10	assertion	unnumbered_obligation	The adjoint Â† of an operator Â is the unique operator satisfying (A.1.9).	PENDING	NONE	NONE	false	NONE	NONE	NONE
CL-TASAKI2020-2464	TASAKI2020	000468.0010	PG-TASAKI2020-0468	PDF p. 468; print p. 458; §A.1; equation (A.1.9)	assertion	equation	⟨Φ| Â|Ψ ⟩ = ⟨Ψ | Â† |Φ⟩∗ , (A.1.9)	PENDING	NONE	NONE	false	NONE	NONE	NONE
CL-TASAKI2020-2465	TASAKI2020	000468.0011	PG-TASAKI2020-0468	PDF p. 468; print p. 458; §A.1; paragraph 12, atom 1	domain	domain	Let |Ξ ⟩ = Â|Ψ ⟩.	PENDING	NONE	NONE	false	NONE	NONE	NONE
CL-TASAKI2020-2466	TASAKI2020	000468.0012	PG-TASAKI2020-0468	PDF p. 468; print p. 458; §A.1; paragraph 12, atom 2	assertion	unnumbered_obligation	Then (A.1.3) implies ⟨Φ| Â|Ψ ⟩ = ⟨Φ|Ξ ⟩ = ⟨Ξ |Φ⟩∗ .	PENDING	NONE	NONE	false	NONE	NONE	NONE
CL-TASAKI2020-2467	TASAKI2020	000468.0013	PG-TASAKI2020-0468	PDF p. 468; print p. 458; §A.1; equation (A.1.10)	assertion	equation	( Â|Ψ ⟩)† = ⟨Ψ | Â† , (A.1.10)	PENDING	NONE	NONE	false	NONE	NONE	NONE
CL-TASAKI2020-2468	TASAKI2020	000469.0001	PG-TASAKI2020-0469	PDF p. 469; print p. 459; §A.1; equation (A.1.11)	assertion	equation	( Â† )† = Â, (α Â + β B̂)† = α ∗ Â† + β ∗ B̂ † , ( Â B̂)† = B̂ † Â† . (A.1.11)	PENDING	NONE	NONE	false	NONE	NONE	NONE
CL-TASAKI2020-2469	TASAKI2020	000469.0002	PG-TASAKI2020-0469	PDF p. 469; print p. 459; §A.1; equation (A.1.12)	assertion	equation	∥ Â|Φ⟩∥2 = ⟨Φ| Â† Â|Φ⟩, (A.1.12)	PENDING	NONE	NONE	false	NONE	NONE	NONE
CL-TASAKI2020-2470	TASAKI2020	000469.0003	PG-TASAKI2020-0469	PDF p. 469; print p. 459; §A.1; paragraph 6	notation	notation	For any |Φ⟩, |Ψ ⟩ ∈ H , we denote by |Φ⟩⟨Ψ | the operator which maps an arbitrary state |Ξ ⟩ to ⟨Ψ |Ξ ⟩ |Φ⟩, which means the state |Φ⟩ multiplied by a complex number ⟨Ψ |Ξ ⟩.	PENDING	NONE	NONE	false	NONE	NONE	NONE
CL-TASAKI2020-2471	TASAKI2020	000469.0004	PG-TASAKI2020-0469	PDF p. 469; print p. 459; §A.1; equation (A.1.13)	assertion	equation	|Φ⟩⟨Ψ | |Ξ ⟩ = |Φ⟩⟨Ψ |Ξ ⟩. (A.1.13)	PENDING	NONE	NONE	false	NONE	NONE	NONE
CL-TASAKI2020-2472	TASAKI2020	000469.0005	PG-TASAKI2020-0469	PDF p. 469; print p. 459; §A.1; equation (A.1.14)	assertion	equation	∑_{j=1}^D|Ψ_j⟩⟨Ψ_j| = 1̂. (A.1.14)	PENDING	NONE	NONE	false	NONE	NONE	NONE
CL-TASAKI2020-2473	TASAKI2020	000469.0006	PG-TASAKI2020-0469	PDF p. 469; print p. 459; §A.1; paragraph 10, atom 1	definition	definition	An operator Â that satisfies Â = Â† is said to be self-adjoint (or Hermitian), and an operator Û that satisfies Û † Û = Û Û † = 1̂ is said to be unitary.	PENDING	NONE	NONE	false	NONE	NONE	NONE
CL-TASAKI2020-2474	TASAKI2020	000469.0007	PG-TASAKI2020-0469	PDF p. 469; print p. 459; §A.1; paragraph 10, atom 2	assertion	unnumbered_obligation	For any self-adjoint operator Â, there exists an orthonormal basis {|Ψ j ⟩} j=1,...,D such that Â|Ψ j ⟩ = a j |Ψ j ⟩ for all j = 1, . . . , D, where a j ∈ R is an eigenvalue of Â.	PENDING	NONE	NONE	false	NONE	NONE	NONE
CL-TASAKI2020-2475	TASAKI2020	000469.0008	PG-TASAKI2020-0469	PDF p. 469; print p. 459; §A.1; paragraph 10, atom 3	assertion	unnumbered_obligation	Likewise, for any unitary operator Û , there exists an orthonormal basis {|Ψ j ⟩} j=1,...,D such that Û |Ψ j ⟩ = u j |Ψ j ⟩ for all j = 1, . . . , D, where u j ∈ C with |u j | = 1 is an eigenvalue of Û .	PENDING	NONE	NONE	false	NONE	NONE	NONE
CL-TASAKI2020-2476	TASAKI2020	000469.0009	PG-TASAKI2020-0469	PDF p. 469; print p. 459; §A.1; paragraph 10, atom 4	domain	domain	Let {|Ψ j ⟩} j=1,...,D be an arbitrary orthonormal basis.	PENDING	NONE	NONE	false	NONE	NONE	NONE
CL-TASAKI2020-2478	TASAKI2020	000469.0010	PG-TASAKI2020-0469	PDF p. 469; print p. 459; §A.1; equation (A.1.15)	assertion	equation	Tr[Â] = ∑_{j=1}^D ⟨Ψ_j|Â|Ψ_j⟩. (A.1.15)	PENDING	NONE	NONE	false	NONE	NONE	NONE
CL-TASAKI2020-2479	TASAKI2020	000470.0001	PG-TASAKI2020-0470	PDF p. 470; print p. 460; §A.1; paragraph 2	hypothesis	hypothesis	Let Û be a unitary operator, and suppose that every state |Φ⟩ ∈ H is transformed to Û |Φ⟩.	PENDING	NONE	NONE	false	NONE	NONE	NONE
CL-TASAKI2020-2480	TASAKI2020	000470.0002	PG-TASAKI2020-0470	PDF p. 470; print p. 460; §A.1; equation (A.1.16)	assertion	equation	Â→Û†ÂÛ. (A.1.16)	PENDING	NONE	NONE	false	NONE	NONE	NONE
CL-TASAKI2020-2481	TASAKI2020	000470.0003	PG-TASAKI2020-0470	PDF p. 470; print p. 460; §A.1; paragraph 3, atom 1	hypothesis	hypothesis	To see another convention, suppose that a self-adjoint operator Â (such as a Hamiltonian) and a state |Φ⟩ satisfy the eigenvalue equation Â|Φ⟩ = a|Φ⟩.	PENDING	NONE	NONE	false	NONE	NONE	NONE
CL-TASAKI2020-2482	TASAKI2020	000470.0004	PG-TASAKI2020-0470	PDF p. 470; print p. 460; §A.1; paragraph 3, atom 2	assertion	unnumbered_obligation	Thus we have the same eigenvalue equation Â′ |Φ ′ ⟩ = a|Φ ′ ⟩ with |Φ ′ ⟩ = Û |Φ⟩ and Â′ = Û ÂÛ † .	PENDING	NONE	NONE	false	NONE	NONE	NONE
CL-TASAKI2020-2483	TASAKI2020	000470.0005	PG-TASAKI2020-0470	PDF p. 470; print p. 460; §A.1; equation (A.1.17)	assertion	equation	Â → Û ÂÛ † . (A.1.17)	PENDING	NONE	NONE	false	NONE	NONE	NONE
CL-TASAKI2020-2484	TASAKI2020	000470.0006	PG-TASAKI2020-0470	PDF p. 470; print p. 460; §A.1; paragraph 5, atom 1	hypothesis	hypothesis	Multiple systems Suppose that there are two quantum mechanical systems with Hilbert spaces H1 and H2 , whose dimensions are D1 and D2 , respectively.	PENDING	NONE	NONE	false	NONE	NONE	NONE
CL-TASAKI2020-2485	TASAKI2020	000470.0007	PG-TASAKI2020-0470	PDF p. 470; print p. 460; §A.1; paragraph 5, atom 2	assertion	unnumbered_obligation	Therefore, if {|Φ j ⟩1 } j=1,...,D1 and {|Ψk ⟩2 }k=1,...,D2 are orthonormal bases for H1 and H2 , respectively, then an orthonormal basis of H1 ⊗ H2 is given by {|Φ j ⟩1 ⊗ |Ψk ⟩2 } j=1,...,D1 , k=1,...,D2 .	PENDING	NONE	NONE	false	NONE	NONE	NONE
CL-TASAKI2020-2486	TASAKI2020	000470.0008	PG-TASAKI2020-0470	PDF p. 470; print p. 460; §A.1; equation (A.1.18)	assertion	equation	( Â ⊗ B̂)|Φ⟩1 ⊗ |Ψ ⟩2 = ( Â|Φ⟩1 ) ⊗ ( B̂|Ψ ⟩2 ), (A.1.18)	PENDING	NONE	NONE	false	NONE	NONE	NONE
CL-TASAKI2020-2487	TASAKI2020	000471.0001	PG-TASAKI2020-0471	PDF p. 471; print p. 461; §A.1; paragraph 2	domain	domain	Let |Ξ⟩ ∈ H be normalized. Its two reduced density matrices are obtained by taking the partial traces over H₂ and H₁, respectively.	PENDING	NONE	NONE	false	NONE	NONE	NONE
CL-TASAKI2020-2488	TASAKI2020	000471.0002	PG-TASAKI2020-0471	PDF p. 471; print p. 461; §A.1; equation (A.1.19)	assertion	equation	ρ̂₁:=Tr₂[|Ξ⟩⟨Ξ|], ρ̂₂:=Tr₁[|Ξ⟩⟨Ξ|]. (A.1.19)	PENDING	NONE	NONE	false	NONE	NONE	NONE
CL-TASAKI2020-2489	TASAKI2020	000471.0003	PG-TASAKI2020-0471	PDF p. 471; print p. 461; §A.1; equation (A.1.20)	assertion	equation	S_{1|2} := −Tr[ρ̂_1 log ρ̂_1] = −Tr[ρ̂_2 log ρ̂_2]. (A.1.20)	PENDING	NONE	NONE	false	NONE	NONE	NONE
CL-TASAKI2020-2490	TASAKI2020	000471.0004	PG-TASAKI2020-0471	PDF p. 471; print p. 461; §A.1; equation (A.1.21)	assertion	equation	|Ξ⟩ = ∑_{j=1}^d qj |Φ̃j⟩1 ⊗ |Ψ̃j⟩2. (A.1.21)	PENDING	NONE	NONE	false	NONE	NONE	NONE
CL-TASAKI2020-2491	TASAKI2020	000471.0005	PG-TASAKI2020-0471	PDF p. 471; print p. 461; §A.1; paragraph 6	assertion	remark	Here {|Φ̃1⟩1,…,|Φ̃d⟩1} and {|Ψ̃1⟩2,…,|Ψ̃d⟩2} are orthonormal sets, qj>0, and ∑_{j=1}^d(qj)²=1.	PENDING	NONE	NONE	false	NONE	NONE	NONE
CL-TASAKI2020-2492	TASAKI2020	000471.0006	PG-TASAKI2020-0471	PDF p. 471; print p. 461; §A.1; equation (A.1.22)	assertion	equation	ρ̂1 = ∑_{j=1}^d(qj)²|Φ̃j⟩1 1⟨Φ̃j|, ρ̂2 = ∑_{j=1}^d(qj)²|Ψ̃j⟩2 2⟨Ψ̃j|. (A.1.22)	PENDING	NONE	NONE	false	NONE	NONE	NONE
CL-TASAKI2020-2493	TASAKI2020	000471.0007	PG-TASAKI2020-0471	PDF p. 471; print p. 461; §A.1; equation (A.1.23)	assertion	equation	S_{1|2} = −∑_{j=1}^d (q_j)^2 log (q_j)^2. (A.1.23)	PENDING	NONE	NONE	false	NONE	NONE	NONE
CL-TASAKI2020-2494	TASAKI2020	000471.0008	PG-TASAKI2020-0471	PDF p. 471; print p. 461; §A.1; paragraph 9	hypothesis	hypothesis	Suppose that D1 = D2 .	PENDING	NONE	NONE	false	NONE	NONE	NONE
CL-TASAKI2020-2495	TASAKI2020	000471.0009	PG-TASAKI2020-0471	PDF p. 471; print p. 461; §A.1; equation (A.1.24)	assertion	equation	|Ξ⟩ = ∑_{j=1}^{D_1}∑_{k=1}^{D_2}A_{j,k}|Φ_j⟩_1⊗|Ψ_k⟩_2. (A.1.24)	PENDING	NONE	NONE	false	NONE	NONE	NONE
CL-TASAKI2020-2496	TASAKI2020	000472.0001	PG-TASAKI2020-0472	PDF p. 472; print p. 462; §A.1; paragraph 2	assertion	unnumbered_obligation	Applying the singular-value decomposition to A=(A_{j,k}) gives unitary matrices U,V and nonnegative q₁,…,q_{D₁} such that (A.1.25) holds.	PENDING	NONE	NONE	false	NONE	NONE	NONE
CL-TASAKI2020-2497	TASAKI2020	000472.0002	PG-TASAKI2020-0472	PDF p. 472; print p. 462; §A.1; equation (A.1.25)	assertion	equation	A = U [[q_1,0,…,0],[0,q_2,…,0],[⋮,⋮,⋱,⋮],[0,0,…,q_{D_1}]] V†. (A.1.25)	PENDING	NONE	NONE	false	NONE	NONE	NONE
CL-TASAKI2020-2498	TASAKI2020	000472.0003	PG-TASAKI2020-0472	PDF p. 472; print p. 462; §A.1; equation (A.1.26)	assertion	equation	A_{j,k} = ∑_{ℓ=1}^{D_1}U_{j,ℓ}q_ℓ(V_{k,ℓ})*. (A.1.26)	PENDING	NONE	NONE	false	NONE	NONE	NONE
CL-TASAKI2020-2499	TASAKI2020	000472.0004	PG-TASAKI2020-0472	PDF p. 472; print p. 462; §A.1; equation (A.1.27)	assertion	equation	|Ξ⟩ = ∑_{ℓ=1}^{D_1}q_ℓ(∑_{j=1}^{D_1}U_{j,ℓ}|Φ_j⟩_1)⊗(∑_{k=1}^{D_1}(V_{k,ℓ})*|Ψ_k⟩_2) = ∑_{ℓ=1}^{D_1}q_ℓ|Φ̃_ℓ⟩_1⊗|Ψ̃_ℓ⟩_2. (A.1.27)	PENDING	NONE	NONE	false	NONE	NONE	NONE
CL-TASAKI2020-2500	TASAKI2020	000473.0001	PG-TASAKI2020-0473	PDF p. 473; print p. 463; §A.2.1; equation (A.2.1)	assertion	equation	[ Â, B̂] := Â B̂ − B̂ Â. (A.2.1)	PENDING	NONE	NONE	false	NONE	NONE	NONE
CL-TASAKI2020-2501	TASAKI2020	000473.0002	PG-TASAKI2020-0473	PDF p. 473; print p. 463; §A.2.1; equation (A.2.2)	assertion	equation	[Â,B̂_1⋯B̂_n] = ∑_{j=1}^n B̂_1⋯B̂_{j−1}[Â,B̂_j]B̂_{j+1}⋯B̂_n. (A.2.2)	PENDING	NONE	NONE	false	NONE	NONE	NONE
CL-TASAKI2020-2502	TASAKI2020	000473.0003	PG-TASAKI2020-0473	PDF p. 473; print p. 463; §A.2.1; paragraph 4	definition	definition	The operator norm of Â is defined by (A.2.3).	PENDING	NONE	NONE	false	NONE	NONE	NONE
CL-TASAKI2020-2503	TASAKI2020	000473.0004	PG-TASAKI2020-0473	PDF p. 473; print p. 463; §A.2.1; equation (A.2.3)	assertion	equation	∥Â∥ := max_{|Φ⟩∈H, |Φ⟩≠0} ∥Â|Φ⟩∥/∥Φ∥ = max_{|Φ⟩∈H, ∥Φ∥=1} ∥Â|Φ⟩∥. (A.2.3)	PENDING	NONE	NONE	false	NONE	NONE	NONE
CL-TASAKI2020-2504	TASAKI2020	000473.0005	PG-TASAKI2020-0473	PDF p. 473; print p. 463; §A.2.1; equation (A.2.4)	assertion	equation	‖ÛÂV̂‖=‖Â‖. (A.2.4)	PENDING	NONE	NONE	false	NONE	NONE	NONE
CL-TASAKI2020-2505	TASAKI2020	000473.0006	PG-TASAKI2020-0473	PDF p. 473; print p. 463; §A.2.1; equation (A.2.5)	assertion	equation	∥ Â + B̂∥ ≤ ∥ Â∥ + ∥ B̂∥, (A.2.5)	PENDING	NONE	NONE	false	NONE	NONE	NONE
CL-TASAKI2020-2506	TASAKI2020	000473.0007	PG-TASAKI2020-0473	PDF p. 473; print p. 463; §A.2.1; equation (A.2.6)	assertion	equation	‖ÂB̂‖≤‖Â‖‖B̂‖. (A.2.6)	PENDING	NONE	NONE	false	NONE	NONE	NONE
CL-TASAKI2020-2507	TASAKI2020	000473.0008	PG-TASAKI2020-0473	PDF p. 473; print p. 463; §A.2.1; equation (A.2.7)	assertion	equation	∥Â+B̂∥=max_{∥Φ∥=1}∥(Â+B̂)|Φ⟩∥≤max_{∥Φ∥=1}{∥Â|Φ⟩∥+∥B̂|Φ⟩∥}≤max_{∥Φ∥=1}∥Â|Φ⟩∥+max_{∥Φ∥=1}∥B̂|Φ⟩∥=∥Â∥+∥B̂∥. (A.2.7)	PENDING	NONE	NONE	false	NONE	NONE	NONE
CL-TASAKI2020-2508	TASAKI2020	000473.0009	PG-TASAKI2020-0473	PDF p. 473; print p. 463; §A.2.1; equation (A.2.8)	assertion	equation	∥ÂB̂|Φ⟩∥/∥|Φ⟩∥ = {∥ÂB̂|Φ⟩∥/∥B̂|Φ⟩∥}{∥B̂|Φ⟩∥/∥|Φ⟩∥} ≤ ∥Â∥∥B̂∥. (A.2.8)	PENDING	NONE	NONE	false	NONE	NONE	NONE
CL-TASAKI2020-2509	TASAKI2020	000474.0001	PG-TASAKI2020-0474	PDF p. 474; print p. 464; §A.2.1; equation (A.2.9)	assertion	equation	∥Â∥ = max_{|Φ⟩,|Ψ⟩∈H; ∥Φ∥=∥Ψ∥=1}|⟨Ψ|Â|Φ⟩|. (A.2.9)	PENDING	NONE	NONE	false	NONE	NONE	NONE
CL-TASAKI2020-2510	TASAKI2020	000474.0002	PG-TASAKI2020-0474	PDF p. 474; print p. 464; §A.2.1; equation (A.2.10)	assertion	equation	‖Â|Φ⟩‖=max_(|Ψ⟩∈ℋ; ‖Ψ‖=1)|⟨Ψ|Â|Φ⟩|. (A.2.10)	PENDING	NONE	NONE	false	NONE	NONE	NONE
CL-TASAKI2020-2511	TASAKI2020	000474.0003	PG-TASAKI2020-0474	PDF p. 474; print p. 464; §A.2.1; paragraph 4	assertion	unnumbered_obligation	The identity ⟨Ψ|Â†|Φ⟩=(⟨Φ|Â|Ψ⟩)* and (A.2.9) imply (A.2.11).	PENDING	NONE	NONE	false	NONE	NONE	NONE
CL-TASAKI2020-2512	TASAKI2020	000474.0004	PG-TASAKI2020-0474	PDF p. 474; print p. 464; §A.2.1; equation (A.2.11)	assertion	equation	∥ Â† ∥ = ∥ Â∥. (A.2.11)	PENDING	NONE	NONE	false	NONE	NONE	NONE
CL-TASAKI2020-2513	TASAKI2020	000474.0005	PG-TASAKI2020-0474	PDF p. 474; print p. 464; §A.2.1; equation (A.2.12)	assertion	equation	|⟨Φ|Â|Φ⟩|≤‖Â‖⟨Φ|Φ⟩. (A.2.12)	PENDING	NONE	NONE	false	NONE	NONE	NONE
CL-TASAKI2020-2514	TASAKI2020	000474.0006	PG-TASAKI2020-0474	PDF p. 474; print p. 464; §A.2.1; equation (A.2.13)	assertion	equation	|Tr[X̂†ÂX̂]|≤‖Â‖Tr[X̂†X̂]. (A.2.13)	PENDING	NONE	NONE	false	NONE	NONE	NONE
CL-TASAKI2020-2515	TASAKI2020	000474.0007	PG-TASAKI2020-0474	PDF p. 474; print p. 464; §A.2.1; equation (A.2.14)	assertion	equation	|Tr[X̂†ÂX̂]| ≤ ∑_{j=1}^D|⟨Ψ_j|X̂†ÂX̂|Ψ_j⟩| ≤ ∑_{j=1}^D∥Â∥⟨Ψ_j|X̂†X̂|Ψ_j⟩ = ∥Â∥Tr[X̂†X̂]. (A.2.14)	PENDING	NONE	NONE	false	NONE	NONE	NONE
CL-TASAKI2020-2516	TASAKI2020	000474.0008	PG-TASAKI2020-0474	PDF p. 474; print p. 464; §A.2.1; paragraph 9	assertion	unnumbered_obligation	The proof of (A.2.14) uses (A.2.12) and ⟨Ψ_j|X̂†X̂|Ψ_j⟩=∥X̂|Ψ_j⟩∥²≥0; for self-adjoint Â, (A.2.3) also gives (A.2.15).	PENDING	NONE	NONE	false	NONE	NONE	NONE
CL-TASAKI2020-2517	TASAKI2020	000474.0009	PG-TASAKI2020-0474	PDF p. 474; print p. 464; §A.2.1; equation (A.2.15)	assertion	equation	∥ Â∥ = max{|λ1 |, . . . , |λ D |}. (A.2.15)	PENDING	NONE	NONE	false	NONE	NONE	NONE
CL-TASAKI2020-2518	TASAKI2020	000474.0010	PG-TASAKI2020-0474	PDF p. 474; print p. 464; §A.2.2; paragraph 12	definition	definition	The exponential of an operator Â is defined by the power series (A.2.16).	PENDING	NONE	NONE	false	NONE	NONE	NONE
CL-TASAKI2020-2519	TASAKI2020	000474.0011	PG-TASAKI2020-0474	PDF p. 474; print p. 464; §A.2.2; paragraph 13	assertion	unnumbered_obligation	Proof Equation (A.2.9) implies |⟨Ψ|Â|Ψ⟩| ≤ ‖Â‖ for every normalized |Ψ⟩. Setting |Ψ⟩ = |Φ⟩/‖Φ‖ gives (A.2.12).	PENDING	NONE	NONE	false	NONE	NONE	NONE
CL-TASAKI2020-2520	TASAKI2020	000475.0001	PG-TASAKI2020-0475	PDF p. 475; print p. 465; §A.2.2; equation (A.2.16)	assertion	equation	e^Â := ∑_{n=0}^∞ Â^n/n!. (A.2.16)	PENDING	NONE	NONE	false	NONE	NONE	NONE
CL-TASAKI2020-2521	TASAKI2020	000475.0002	PG-TASAKI2020-0475	PDF p. 475; print p. 465; §A.2.2; paragraph 3, atom 1	assertion	unnumbered_obligation	Note that one has [e Â , B̂] = 0 if [ Â, B̂] = 0.	PENDING	NONE	NONE	false	NONE	NONE	NONE
CL-TASAKI2020-2522	TASAKI2020	000475.0003	PG-TASAKI2020-0475	PDF p. 475; print p. 465; §A.2.2; paragraph 3, atom 2	assertion	remark	If P is invertible, Pe^ÂP^(−1) = ∑_{n=0}^∞ PÂ^nP^(−1)/n! = ∑_{n=0}^∞(PÂP^(−1))^n/n! = e^(PÂP^(−1)). (A.2.17)	PENDING	NONE	NONE	false	NONE	NONE	NONE
CL-TASAKI2020-2523	TASAKI2020	000475.0004	PG-TASAKI2020-0475	PDF p. 475; print p. 465; §A.2.2; equation (A.2.17)	assertion	equation	Pe^ÂP^(−1) = ∑_{n=0}^∞(1/n!)PÂ^nP^(−1) = ∑_{n=0}^∞(1/n!)(PÂP^(−1))^n = e^(PÂP^(−1)). (A.2.17)	PENDING	NONE	NONE	false	NONE	NONE	NONE
CL-TASAKI2020-2524	TASAKI2020	000475.0005	PG-TASAKI2020-0475	PDF p. 475; print p. 465; §A.2.2; equation (A.2.18)	assertion	equation	d(e^(tÂ))/dt=Âe^(tÂ)=e^(tÂ)Â. (A.2.18)	PENDING	NONE	NONE	false	NONE	NONE	NONE
CL-TASAKI2020-2525	TASAKI2020	000475.0006	PG-TASAKI2020-0475	PDF p. 475; print p. 465; §A.2.2; equation (A.2.19)	assertion	equation	d/dt(e^(tÂ)B̂e^(−tÂ))=Âe^(tÂ)B̂e^(−tÂ)−e^(tÂ)B̂e^(−tÂ)Â=[Â,e^(tÂ)B̂e^(−tÂ)]. (A.2.19)	PENDING	NONE	NONE	false	NONE	NONE	NONE
CL-TASAKI2020-3281	TASAKI2020	000475.0007	PG-TASAKI2020-0475	PDF p. 475; print p. 465; §A.2.2; paragraph 5; atom 1	assertion	remark	The identity e^(Â+B̂)=e^Âe^B̂ is not valid in general.	PENDING	NONE	NONE	false	NONE	NONE	NONE
CL-TASAKI2020-3392	TASAKI2020	000475.0008	PG-TASAKI2020-0475	PDF p. 475; print p. 465; §A.2.2; paragraph 5; atom 2	assertion	unnumbered_obligation	If [Â,B̂]=0, then e^(Â+B̂)=e^Âe^B̂.	PENDING	NONE	NONE	false	NONE	NONE	NONE
CL-TASAKI2020-3282	TASAKI2020	000475.0009	PG-TASAKI2020-0475	PDF p. 475; print p. 465; §A.2.2; paragraph 5; v7 split atom 2/2	assertion	remark	The proof is essentially the same as that for the standard exponential function, and hence omitted.	PENDING	NONE	NONE	false	NONE	NONE	NONE
CL-TASAKI2020-2527	TASAKI2020	000475.0010	PG-TASAKI2020-0475	PDF p. 475; print p. 465; §A.2.2; equation (A.2.20)	assertion	equation	e^((x+y)Â)=e^(xÂ)e^(yÂ). (A.2.20)	PENDING	NONE	NONE	false	NONE	NONE	NONE
CL-TASAKI2020-3212	TASAKI2020	000475.0011	PG-TASAKI2020-0475	PDF p. 475; print p. 465; §A.2.2; paragraph 6; audit split atom 1/2	assertion	unnumbered_obligation	Equation (A.2.20) implies that e^(iÂ) is unitary when Â is self-adjoint.	PENDING	NONE	NONE	false	NONE	NONE	NONE
CL-TASAKI2020-2529	TASAKI2020	000475.0012	PG-TASAKI2020-0475	PDF p. 475; print p. 465; §A.2.2; Theorem A.1	assertion	theorem	Theorem A.1 (Lie product formula) For arbitrary operators Â and B̂, e^(Â+B̂)=lim_{N↑∞}(e^(Â/N)e^(B̂/N))^N. (A.2.21)	PENDING	NONE	NONE	false	NONE	NONE	NONE
CL-TASAKI2020-2530	TASAKI2020	000475.0013	PG-TASAKI2020-0475	PDF p. 475; print p. 465; §A.2.2; equation (A.2.21)	assertion	equation	e^(Â+B̂) = lim_{N↑∞}(e^(Â/N)e^(B̂/N))^N. (A.2.21)	PENDING	NONE	NONE	false	NONE	NONE	NONE
CL-TASAKI2020-2531	TASAKI2020	000475.0014	PG-TASAKI2020-0475	PDF p. 475; print p. 465; §A.2.2; paragraph 10	assertion	remark	The Trotter formula also holds, in the appropriate sense, for certain unbounded operators.	PENDING	NONE	NONE	false	NONE	NONE	NONE
CL-TASAKI2020-2532	TASAKI2020	000476.0001	PG-TASAKI2020-0476	PDF p. 476; print p. 466; §A.2.2; equation (A.2.22)	assertion	equation	e^(Â_1+⋯+Â_n) = lim_{N↑∞}(e^(Â_1/N)⋯e^(Â_n/N))^N. (A.2.22)	PENDING	NONE	NONE	false	NONE	NONE	NONE
CL-TASAKI2020-2533	TASAKI2020	000476.0002	PG-TASAKI2020-0476	PDF p. 476; print p. 466; §A.2.2; equation (A.2.23)	assertion	equation	e^((Â+B̂)/N)=1̂+(Â+B̂)/N+O(1/N²)=(1̂+Â/N)(1̂+B̂/N)+O(1/N²)=e^(Â/N)e^(B̂/N)+O(1/N²). (A.2.23)	PENDING	NONE	NONE	false	NONE	NONE	NONE
CL-TASAKI2020-3283	TASAKI2020	000476.0003	PG-TASAKI2020-0476	PDF p. 476; print p. 466; §A.2.2; paragraph 6, atom 1; v7 split atom 1/2	assertion	unnumbered_obligation	This means e^(Â+B̂)=(e^(Â/N)e^(B̂/N))^N+O(1/N), which implies (A.2.21).	PENDING	NONE	NONE	false	NONE	NONE	NONE
CL-TASAKI2020-3284	TASAKI2020	000476.0004	PG-TASAKI2020-0476	PDF p. 476; print p. 466; §A.2.2; paragraph 6, atom 1; v7 split atom 2/2	assertion	remark	The proof of (A.2.22) is essentially the same.	PENDING	NONE	NONE	false	NONE	NONE	NONE
CL-TASAKI2020-2535	TASAKI2020	000476.0005	PG-TASAKI2020-0476	PDF p. 476; print p. 466; §A.2.2; Lemma A.2	assertion	lemma	Lemma A.2 For an arbitrary operator Â and self-adjoint operators V̂ and Ŵ, |Tr[Âe^(V̂+iŴ)]|≤‖Â‖Tr[e^V̂]. (A.2.24)	PENDING	NONE	NONE	false	NONE	NONE	NONE
CL-TASAKI2020-2536	TASAKI2020	000476.0006	PG-TASAKI2020-0476	PDF p. 476; print p. 466; §A.2.2; equation (A.2.24)	assertion	equation	|Tr[Âe^(V̂+iŴ)]|≤‖Â‖Tr[e^V̂]. (A.2.24)	PENDING	NONE	NONE	false	NONE	NONE	NONE
CL-TASAKI2020-2537	TASAKI2020	000476.0007	PG-TASAKI2020-0476	PDF p. 476; print p. 466; §A.2.2; equation (A.2.25)	assertion	equation	|Tr[Âe^(V̂+iŴ)]|=|Tr[Âe^((V̂+iŴ)/2)e^((V̂+iŴ)/2)]|≤√{Tr[e^((V̂−iŴ)/2)Â†Âe^((V̂+iŴ)/2)]Tr[e^((V̂−iŴ)/2)e^((V̂+iŴ)/2)]}≤‖Â‖Tr[e^((V̂−iŴ)/2)e^((V̂+iŴ)/2)]. (A.2.25)	PENDING	NONE	NONE	false	NONE	NONE	NONE
CL-TASAKI2020-2538	TASAKI2020	000476.0008	PG-TASAKI2020-0476	PDF p. 476; print p. 466; §A.2.2; equation (A.2.26)	assertion	equation	Tr[e^{(V̂−iŴ)/2}e^{(V̂+iŴ)/2}] = lim_{n→∞} Tr[(X̂_n)^n(X̂_n†)^n]. (A.2.26)	PENDING	NONE	NONE	false	NONE	NONE	NONE
CL-TASAKI2020-2539	TASAKI2020	000476.0009	PG-TASAKI2020-0476	PDF p. 476; print p. 466; §A.2.2; equation (A.2.27)	assertion	equation	Tr[(X̂_n)^n(X̂_n†)^n]≤Tr[(X̂_nX̂_n†)^n]=Tr[e^V̂]. (A.2.27)	PENDING	NONE	NONE	false	NONE	NONE	NONE
CL-TASAKI2020-2540	TASAKI2020	000477.0001	PG-TASAKI2020-0477	PDF p. 477; print p. 467; §A.2.2; equation (A.2.28)	assertion	equation	Tr[X̂^n(X̂†)^n]≤Tr[(X̂X̂†)^n]. (A.2.28)	PENDING	NONE	NONE	false	NONE	NONE	NONE
CL-TASAKI2020-2541	TASAKI2020	000477.0002	PG-TASAKI2020-0477	PDF p. 477; print p. 467; §A.2.2; paragraph 3, atom 1	notation	notation	We also denote by m(σ ) the number of j such that σ j = σ j+1 in the sequence σ , where we identify σ2n+1 with σ1 .	PENDING	NONE	NONE	false	NONE	NONE	NONE
CL-TASAKI2020-2542	TASAKI2020	000477.0003	PG-TASAKI2020-0477	PDF p. 477; print p. 467; §A.2.2; paragraph 3, atom 2	hypothesis	hypothesis	Suppose that f (σ ) = f max for some σ with m(σ ) > 0, i.e., there is a j such that σ j = σ j+1 .	PENDING	NONE	NONE	false	NONE	NONE	NONE
CL-TASAKI2020-2543	TASAKI2020	000477.0004	PG-TASAKI2020-0477	PDF p. 477; print p. 467; §A.2.2; paragraph 3, atom 3	hypothesis	hypothesis	By cyclicity of the trace, we can assume that σ1=σ2n.	PENDING	NONE	NONE	false	NONE	NONE	NONE
CL-TASAKI2020-2544	TASAKI2020	000477.0005	PG-TASAKI2020-0477	PDF p. 477; print p. 467; §A.2.2; paragraph 3, atom 4	assertion	unnumbered_obligation	From the Schwarz inequality for trace, we have f (σ ) ≤ f (σ ′ ) f (σ ′′ ), where σ ′ = (σ1 , σ2 , . . . , σn , −σn , . . . , −σ2 , −σ1 ) and σ ′′ = (−σ2n , −σ2n−1 , . . . , −σn+1 , σn+1 , . . . , σ2n−1 , σ2n ).	PENDING	NONE	NONE	false	NONE	NONE	NONE
CL-TASAKI2020-2545	TASAKI2020	000477.0006	PG-TASAKI2020-0477	PDF p. 477; print p. 467; §A.2.2; paragraph 3, atom 5	assertion	unnumbered_obligation	The assumption f (σ ) = f max implies f (σ ′ ) = f (σ ′′ ) = f max .	PENDING	NONE	NONE	false	NONE	NONE	NONE
CL-TASAKI2020-2546	TASAKI2020	000477.0007	PG-TASAKI2020-0477	PDF p. 477; print p. 467; §A.2.3; paragraph 5, atom 1	definition	definition	We define the notion of inequality between self-adjoint operators (Hermitian matrices), and summarize basic facts.	PENDING	NONE	NONE	false	NONE	NONE	NONE
CL-TASAKI2020-2547	TASAKI2020	000477.0008	PG-TASAKI2020-0477	PDF p. 477; print p. 467; §A.2.2; Definition A.3, atom 1	definition	definition	Definition A.3 An operator Â is nonnegative (positive semidefinite), written Â≥0, when it is self-adjoint and ⟨Φ|Â|Φ⟩≥0 for every |Φ⟩∈H.	PENDING	NONE	NONE	false	NONE	NONE	NONE
CL-TASAKI2020-2548	TASAKI2020	000477.0009	PG-TASAKI2020-0477	PDF p. 477; print p. 467; §A.2.3; paragraph 5, atom 3	notation	notation	For two self-adjoint operators Â and B̂, we write Â ≤ B̂ if B̂ − Â ≥ 0.	PENDING	NONE	NONE	false	NONE	NONE	NONE
CL-TASAKI2020-2549	TASAKI2020	000477.0010	PG-TASAKI2020-0477	PDF p. 477; print p. 467; §A.2.3; paragraph 5, atom 4	notation	notation	We write Â ≤ b when we have Â ≤ b1̂ for a self-adjoint operator Â and b ∈ R.	PENDING	NONE	NONE	false	NONE	NONE	NONE
CL-TASAKI2020-2550	TASAKI2020	000477.0011	PG-TASAKI2020-0477	PDF p. 477; print p. 467; §A.2.3; paragraph 5, atom 5	assertion	unnumbered_obligation	Note that (A.2.12) implies that Â ≤ ∥ Â∥ for any self-adjoint Â.	PENDING	NONE	NONE	false	NONE	NONE	NONE
CL-TASAKI2020-2551	TASAKI2020	000477.0012	PG-TASAKI2020-0477	PDF p. 477; print p. 467; §A.2.3; Lemma A.4	assertion	lemma	Lemma A.4 A self-adjoint operator Â is nonnegative if and only if all the eigenvalues of Â are nonnegative.	PENDING	NONE	NONE	false	NONE	NONE	NONE
CL-TASAKI2020-2552	TASAKI2020	000478.0001	PG-TASAKI2020-0478	PDF p. 478; print p. 468; §A.2.3; Lemma A.5	assertion	lemma	Lemma A.5 If Â ≥ 0 and B̂ ≥ 0, we have Â + B̂ ≥ 0.	PENDING	NONE	NONE	false	NONE	NONE	NONE
CL-TASAKI2020-2553	TASAKI2020	000478.0002	PG-TASAKI2020-0478	PDF p. 478; print p. 468; §A.2.3; Lemma A.6	assertion	lemma	Lemma A.6 For arbitrary B̂, B̂†B̂≥0. Conversely, for Â≥0 there is a unique Ĉ≥0 such that Â=Ĉ². One often writes Ĉ=√Â.	PENDING	NONE	NONE	false	NONE	NONE	NONE
CL-TASAKI2020-2554	TASAKI2020	000478.0003	PG-TASAKI2020-0478	PDF p. 478; print p. 468; §A.2.3; Theorem A.7	assertion	theorem	Theorem A.7 Let Â and B̂ be self-adjoint operators such that Â ≤ B̂. We denote by a1 , . . . , a D and b1 , . . . , b D the eigenvalues of Â and B̂, respectively, ordered so that a j ≤ a j+1 and b j ≤ b j+1 . Then it holds that a j ≤ b j for any j = 1, . . . , D.	PENDING	NONE	NONE	false	NONE	NONE	NONE
CL-TASAKI2020-2555	TASAKI2020	000478.0004	PG-TASAKI2020-0478	PDF p. 478; print p. 468; §A.2.3; equation (A.2.29)	assertion	equation	λ_ℳ(Â)=max_(|Φ⟩∈ℳ; ‖Φ‖=1)⟨Φ|Â|Φ⟩. (A.2.29)	PENDING	NONE	NONE	false	NONE	NONE	NONE
CL-TASAKI2020-2556	TASAKI2020	000478.0005	PG-TASAKI2020-0478	PDF p. 478; print p. 468; §A.2.3; equation (A.2.30)	assertion	equation	a_j=min_(ℳ; dimℳ=j)λ_ℳ(Â)=min_(ℳ; dimℳ=j)max_(|Φ⟩∈ℳ; ‖Φ‖=1)⟨Φ|Â|Φ⟩. (A.2.30)	PENDING	NONE	NONE	false	NONE	NONE	NONE
CL-TASAKI2020-2557	TASAKI2020	000478.0006	PG-TASAKI2020-0478	PDF p. 478; print p. 468; §A.2.3; paragraph 5, atom 1	assertion	unnumbered_obligation	Since ⟨Φ| Â|Φ⟩ ≤ ⟨Φ| B̂|Φ⟩ for any |Φ⟩ by assumption, (A.2.30) implies a j ≤ b j .	PENDING	NONE	NONE	false	NONE	NONE	NONE
CL-TASAKI2020-2558	TASAKI2020	000478.0007	PG-TASAKI2020-0478	PDF p. 478; print p. 468; §A.2.3; Corollary A.8	assertion	corollary	Corollary A.8 For self-adjoint operators Â and B̂ such that Â≤B̂, Tr[e^Â]≤Tr[e^B̂], (A.2.31) or, more generally, Tr[f(Â)]≤Tr[f(B̂)] (A.2.32) for any non-decreasing function f:ℝ→ℝ.	PENDING	NONE	NONE	false	NONE	NONE	NONE
CL-TASAKI2020-2559	TASAKI2020	000478.0008	PG-TASAKI2020-0478	PDF p. 478; print p. 468; §A.2.3; equation (A.2.31)	assertion	equation	Tr[e^Â]≤Tr[e^B̂]. (A.2.31)	PENDING	NONE	NONE	false	NONE	NONE	NONE
CL-TASAKI2020-2560	TASAKI2020	000478.0009	PG-TASAKI2020-0478	PDF p. 478; print p. 468; §A.2.3; equation (A.2.32)	assertion	equation	Tr[f(Â)]≤Tr[f(B̂)]. (A.2.32)	PENDING	NONE	NONE	false	NONE	NONE	NONE
CL-TASAKI2020-2561	TASAKI2020	000479.0001	PG-TASAKI2020-0479	PDF p. 479; print p. 469; §A.2.3; paragraph 2	assertion	unnumbered_obligation	Proof. a_j≤b_j implies ∑_{j=1}^D f(a_j)≤∑_{j=1}^D f(b_j), which is (A.2.32).	PENDING	NONE	NONE	false	NONE	NONE	NONE
CL-TASAKI2020-2562	TASAKI2020	000479.0002	PG-TASAKI2020-0479	PDF p. 479; print p. 469; §A.2.3; Lemma A.9	assertion	lemma	Lemma A.9 (Frustration-free Hamiltonian 1) Let Ĥ=∑_{j=1}^N ĥj with ĥj≥εj. If a state |Φ⟩ satisfies ĥj|Φ⟩=εj|Φ⟩ for all j, then |Φ⟩ is a ground state of Ĥ and EGS=∑_{j=1}^N εj.	PENDING	NONE	NONE	false	NONE	NONE	NONE
CL-TASAKI2020-2563	TASAKI2020	000479.0003	PG-TASAKI2020-0479	PDF p. 479; print p. 469; §A.2.3; paragraph 3	assertion	unnumbered_obligation	If there is a state |Φ⟩ such that ĥ_j|Φ⟩=ε_j|Φ⟩ for every j=1,…,N, then |Φ⟩ is a ground state of Ĥ, and E_GS=∑_{j=1}^N ε_j.	PENDING	NONE	NONE	false	NONE	NONE	NONE
CL-TASAKI2020-2564	TASAKI2020	000479.0004	PG-TASAKI2020-0479	PDF p. 479; print p. 469; §A.2.3; paragraph 4	assertion	unnumbered_obligation	Then Ĥ|Φ⟩=(∑_{j=1}^N ε_j)|Φ⟩ implies that |Φ⟩ is a ground state.	PENDING	NONE	NONE	false	NONE	NONE	NONE
CL-TASAKI2020-3326	TASAKI2020	000479.0005	PG-TASAKI2020-0479	PDF p. 479; print p. 469; §A.2.3; Lemma A.10; v8 source-atomic partition	domain	domain	Let Ĥ=∑_{j=1}^N ĥ_j with ĥ_j≥ε_j for every j.	PENDING	NONE	NONE	false	NONE	NONE	NONE
CL-TASAKI2020-2566	TASAKI2020	000479.0006	PG-TASAKI2020-0479	PDF p. 479; print p. 469; §A.2.3; paragraph 5, atom 1	hypothesis	hypothesis	Suppose that the ground-state energy is ∑_{j=1}^N ε_j, i.e., there is a state |Φ⟩ such that Ĥ|Φ⟩=(∑_{j=1}^N ε_j)|Φ⟩.	PENDING	NONE	NONE	false	NONE	NONE	NONE
CL-TASAKI2020-2567	TASAKI2020	000479.0007	PG-TASAKI2020-0479	PDF p. 479; print p. 469; §A.2.3; paragraph 5, atom 2	assertion	unnumbered_obligation	Then the ground state |Φ⟩ satisfies ĥ j |Φ⟩ = ε j |Φ⟩ for each j = 1, . . . , N .	PENDING	NONE	NONE	false	NONE	NONE	NONE
CL-TASAKI2020-2568	TASAKI2020	000479.0008	PG-TASAKI2020-0479	PDF p. 479; print p. 469; §A.2.3; paragraph 6, atom 1	hypothesis	hypothesis	Proof We can assume that |Φ⟩ is normalized.	PENDING	NONE	NONE	false	NONE	NONE	NONE
CL-TASAKI2020-2569	TASAKI2020	000479.0009	PG-TASAKI2020-0479	PDF p. 479; print p. 469; §A.2.3; paragraph 6, atom 2	assertion	unnumbered_obligation	Then ⟨Φ|Ĥ|Φ⟩=∑_{j=1}^N⟨Φ|ĥ_j|Φ⟩=∑_{j=1}^Nε_j, together with ⟨Φ|ĥ_j|Φ⟩≥ε_j, implies ⟨Φ|ĥ_j|Φ⟩=ε_j for j=1,…,N.	PENDING	NONE	NONE	false	NONE	NONE	NONE
CL-TASAKI2020-2570	TASAKI2020	000479.0010	PG-TASAKI2020-0479	PDF p. 479; print p. 469; §A.2.3; paragraph 6, atom 3	assertion	unnumbered_obligation	Since ε j is the lowest eigenvalue, the variational principle implies ĥ j |Φ⟩ = ε j |Φ⟩.	PENDING	NONE	NONE	false	NONE	NONE	NONE
CL-TASAKI2020-2572	TASAKI2020	000479.0011	PG-TASAKI2020-0479	PDF p. 479; print p. 469; §A.2.3; paragraph 7, atom 1	assertion	unnumbered_obligation	Lemma A.11 If Â ≥ 0, the condition ⟨Φ| Â|Φ⟩ = 0 implies Â|Φ⟩ = 0.	PENDING	NONE	NONE	false	NONE	NONE	NONE
CL-TASAKI2020-3327	TASAKI2020	000479.0012	PG-TASAKI2020-0479	PDF p. 479; print p. 469; §A.2.3; Lemma A.11; v8 source-atomic partition	assertion	unnumbered_obligation	If Â=B̂†B̂, then ⟨Φ|Â|Φ⟩=0 (or Â|Φ⟩=0) implies B̂|Φ⟩=0.	PENDING	NONE	NONE	false	NONE	NONE	NONE
CL-TASAKI2020-2573	TASAKI2020	000479.0013	PG-TASAKI2020-0479	PDF p. 479; print p. 469; §A.2.3; paragraph 8, atom 1	hypothesis	hypothesis	Proof. By Lemma A.6, we may write Â=B̂†B̂ (taking B̂=√Â).	PENDING	NONE	NONE	false	NONE	NONE	NONE
CL-TASAKI2020-2574	TASAKI2020	000479.0014	PG-TASAKI2020-0479	PDF p. 479; print p. 469; §A.2.3; paragraph 8, atom 2	assertion	unnumbered_obligation	Then ∥ B̂|Φ⟩∥2 = ⟨Φ| B̂ † B̂|Φ⟩ = ⟨Φ| Â|Φ⟩ = 0 implies B̂|Φ⟩ = 0.	PENDING	NONE	NONE	false	NONE	NONE	NONE
CL-TASAKI2020-2575	TASAKI2020	000479.0015	PG-TASAKI2020-0479	PDF p. 479; print p. 469; §A.2.3; paragraph 9, atom 1	hypothesis	hypothesis	Let Ĵ²=(Ĵ^(1))²+(Ĵ^(2))²+(Ĵ^(3))² with self-adjoint Ĵ^(1), Ĵ^(2), and Ĵ^(3), and assume that Ĵ²|Φ⟩=0.	PENDING	NONE	NONE	false	NONE	NONE	NONE
CL-TASAKI2020-2576	TASAKI2020	000479.0016	PG-TASAKI2020-0479	PDF p. 479; print p. 469; §A.2.3; paragraph 9, atom 2	assertion	unnumbered_obligation	Then ⟨Φ|{(Ĵ^(1))²+(Ĵ^(2))²+(Ĵ^(3))²}|Φ⟩=0 obviously implies ⟨Φ|(Ĵ^(α))²|Φ⟩=0 and hence Ĵ^(α)|Φ⟩=0 for α=1,2,3.	PENDING	NONE	NONE	false	NONE	NONE	NONE
CL-TASAKI2020-2577	TASAKI2020	000480.0001	PG-TASAKI2020-0480	PDF p. 480; print p. 470; §A.2.3; paragraph 2, atom 1	domain	domain	Let H0 be the subspace that consists of |Φ⟩ such that V̂ |Φ⟩ = 0.	PENDING	NONE	NONE	false	NONE	NONE	NONE
CL-TASAKI2020-2578	TASAKI2020	000480.0002	PG-TASAKI2020-0480	PDF p. 480; print p. 470; §A.2.3; paragraph 2, atom 2	hypothesis	hypothesis	We assume that H0 is not empty.	PENDING	NONE	NONE	false	NONE	NONE	NONE
CL-TASAKI2020-2579	TASAKI2020	000480.0003	PG-TASAKI2020-0480	PDF p. 480; print p. 470; §A.2.3; paragraph 2, atom 3	domain	domain	Let us denote by P̂0 the orthogonal projection onto H0 , and by D0 the dimension of H0 .	PENDING	NONE	NONE	false	NONE	NONE	NONE
CL-TASAKI2020-2580	TASAKI2020	000480.0004	PG-TASAKI2020-0480	PDF p. 480; print p. 470; §A.2.3; Theorem A.12	assertion	theorem	Theorem A.12 The eigenstates and the eigenvalues in the second class (in the limit v ↑ ∞) can be obtained from the effective Schrödinger equation P̂0 Ĥ0 |Φ⟩ = E|Φ⟩ with |Φ⟩ ∈ H0 .	PENDING	NONE	NONE	false	NONE	NONE	NONE
CL-TASAKI2020-2581	TASAKI2020	000480.0005	PG-TASAKI2020-0480	PDF p. 480; print p. 470; §A.2.3; paragraph 3, atom 1	domain	domain	Proof Take |Φv ⟩ and E v that depend continuously on v ≥ 0 and satisfy Ĥv |Φv ⟩ = E v |Φv ⟩ and ∥Φv ∥ = 1 for all v.	PENDING	NONE	NONE	false	NONE	NONE	NONE
CL-TASAKI2020-2582	TASAKI2020	000480.0006	PG-TASAKI2020-0480	PDF p. 480; print p. 470; §A.2.3; paragraph 3, atom 2	hypothesis	hypothesis	We assume that they belong to the second class, i.e., limv↑∞ E v < ∞.	PENDING	NONE	NONE	false	NONE	NONE	NONE
CL-TASAKI2020-2583	TASAKI2020	000480.0007	PG-TASAKI2020-0480	PDF p. 480; print p. 470; §A.2.3; paragraph 3, atom 3	assertion	unnumbered_obligation	This means that lim_{v↑∞}⟨Φ_v|V̂|Φ_v⟩=0, and hence the limiting state |Φ_∞⟩=lim_{v↑∞}|Φ_v⟩ satisfies ⟨Φ_∞|V̂|Φ_∞⟩=0.	PENDING	NONE	NONE	false	NONE	NONE	NONE
CL-TASAKI2020-2584	TASAKI2020	000480.0008	PG-TASAKI2020-0480	PDF p. 480; print p. 470; §A.2.3; paragraph 3, atom 4	assertion	unnumbered_obligation	We then see from Lemma A.11 that V̂ |Φ∞ ⟩ = 0, and hence |Φ∞ ⟩ ∈ H0 .	PENDING	NONE	NONE	false	NONE	NONE	NONE
CL-TASAKI2020-2585	TASAKI2020	000480.0009	PG-TASAKI2020-0480	PDF p. 480; print p. 470; §A.2.3; paragraph 3, atom 5	assertion	unnumbered_obligation	Since P̂0 V̂ = 0, the Schrödinger equation Ĥv |Φv ⟩ = E v |Φv ⟩ implies P̂0 Ĥ0 |Φv ⟩ = E v P̂0 |Φv ⟩ for any v ≥ 0.	PENDING	NONE	NONE	false	NONE	NONE	NONE
CL-TASAKI2020-2586	TASAKI2020	000481.0001	PG-TASAKI2020-0481	PDF p. 481; print p. 471; §A.3.1; equation (A.3.1)	assertion	equation	[Ĵ^(α),Ĵ^(β)] = i∑_{γ=1}^3 εαβγ Ĵ^(γ). (A.3.1)	PENDING	NONE	NONE	false	NONE	NONE	NONE
CL-TASAKI2020-2587	TASAKI2020	000481.0002	PG-TASAKI2020-0481	PDF p. 481; print p. 471; §A.3.1; paragraph 3	definition	definition	The Levi-Civita symbol εαβγ is defined as ε123 = ε231 = ε312 = 1, ε321 = ε213 = ε132 = −1, and εαβγ = 0 for other components.	PENDING	NONE	NONE	false	NONE	NONE	NONE
CL-TASAKI2020-2588	TASAKI2020	000481.0003	PG-TASAKI2020-0481	PDF p. 481; print p. 471; §A.3.1; equation (A.3.2)	assertion	equation	Ĵ² = (Ĵ^(1))² + (Ĵ^(2))² + (Ĵ^(3))². (A.3.2)	PENDING	NONE	NONE	false	NONE	NONE	NONE
CL-TASAKI2020-2589	TASAKI2020	000481.0004	PG-TASAKI2020-0481	PDF p. 481; print p. 471; §A.3.1; equation (A.3.3)	assertion	equation	Jˆ± := Jˆ(1) ± i Jˆ(2) , (A.3.3)	PENDING	NONE	NONE	false	NONE	NONE	NONE
CL-TASAKI2020-2590	TASAKI2020	000481.0005	PG-TASAKI2020-0481	PDF p. 481; print p. 471; §A.3.1; paragraph 5	assertion	unnumbered_obligation	The ladder operators satisfy (Ĵ±)† = Ĵ∓.	PENDING	NONE	NONE	false	NONE	NONE	NONE
CL-TASAKI2020-2591	TASAKI2020	000481.0006	PG-TASAKI2020-0481	PDF p. 481; print p. 471; §A.3.1; equation (A.3.4)	assertion	equation	[Ĵ²,Ĵ^(α)] = 0 for α=1,2,3. (A.3.4)	PENDING	NONE	NONE	false	NONE	NONE	NONE
CL-TASAKI2020-2592	TASAKI2020	000481.0007	PG-TASAKI2020-0481	PDF p. 481; print p. 471; §A.3.1; equation (A.3.5)	assertion	equation	[Ĵ²,Ĵ±] = 0. (A.3.5)	PENDING	NONE	NONE	false	NONE	NONE	NONE
CL-TASAKI2020-2593	TASAKI2020	000481.0008	PG-TASAKI2020-0481	PDF p. 481; print p. 471; §A.3.1; equation (A.3.6)	assertion	equation	[ Jˆ(3) , Jˆ± ] = ± Jˆ± (A.3.6)	PENDING	NONE	NONE	false	NONE	NONE	NONE
CL-TASAKI2020-2594	TASAKI2020	000481.0009	PG-TASAKI2020-0481	PDF p. 481; print p. 471; §A.3.1; equation (A.3.7)	assertion	equation	Ĵ−Ĵ+ = Ĵ² − Ĵ^(3)(Ĵ^(3)+1). (A.3.7)	PENDING	NONE	NONE	false	NONE	NONE	NONE
CL-TASAKI2020-2595	TASAKI2020	000481.0010	PG-TASAKI2020-0481	PDF p. 481; print p. 471; §A.3.1; equation (A.3.8)	assertion	equation	Ĵ+Ĵ− = Ĵ² − Ĵ^(3)(Ĵ^(3)−1). (A.3.8)	PENDING	NONE	NONE	false	NONE	NONE	NONE
CL-TASAKI2020-2596	TASAKI2020	000481.0011	PG-TASAKI2020-0481	PDF p. 481; print p. 471; §A.3.1; paragraph 6	assertion	unnumbered_obligation	Since Ĵ and Jˆ(3) commute, one can decompose the whole Hilbert space according to the eigenvalues as H = ⊕ J,M H J,M , where one has Ĵ |Φ⟩ = J (J + 1)|Φ⟩ and Jˆ(3) |Φ⟩ = M|Φ⟩ for any |Φ⟩ ∈ H J,M .	PENDING	NONE	NONE	false	NONE	NONE	NONE
CL-TASAKI2020-2597	TASAKI2020	000481.0012	PG-TASAKI2020-0481	PDF p. 481; print p. 471; §A.3.1; Theorem A.13	assertion	theorem	Theorem A.13 The value of J is restricted to n/2, where n is a nonnegative integer. For a given J , the other eigenvalue M takes 2J + 1 values −J, −J + 1, . . . , J − 1, J .	PENDING	NONE	NONE	false	NONE	NONE	NONE
CL-TASAKI2020-2598	TASAKI2020	000481.0013	PG-TASAKI2020-0481	PDF p. 481; print p. 471; §A.3.1; paragraph 8, atom 1	hypothesis	hypothesis	For the moment we only assume that J and M may take any values with J ≥ 0 and M ∈ R.	PENDING	NONE	NONE	false	NONE	NONE	NONE
CL-TASAKI2020-2599	TASAKI2020	000481.0014	PG-TASAKI2020-0481	PDF p. 481; print p. 471; §A.3.1; Lemma A.14	assertion	lemma	Lemma A.14. If 0≠|Φ⟩∈H_{J,M} and M<J, then Ĵ⁺|Φ⟩≠0 and Ĵ⁺|Φ⟩∈H_{J,M+1}. If M>−J, then Ĵ⁻|Φ⟩≠0 and Ĵ⁻|Φ⟩∈H_{J,M−1}.	PENDING	NONE	NONE	false	NONE	NONE	NONE
CL-TASAKI2020-2600	TASAKI2020	000481.0015	PG-TASAKI2020-0481	PDF p. 481; print p. 471; §A.3.1; Note unnumbered line 15	assertion	remark	The total angular-momentum-square operator Ĵ² is nonnegative.	PENDING	NONE	NONE	false	NONE	NONE	NONE
CL-TASAKI2020-2601	TASAKI2020	000482.0001	PG-TASAKI2020-0482	PDF p. 482; print p. 472; §A.3.1; equation (A.3.9)	assertion	equation	∥Ĵ±|Φ⟩∥² = ⟨Φ|Ĵ∓Ĵ±|Φ⟩ = ⟨Φ|{Ĵ²−Ĵ^(3)(Ĵ^(3)±1)}|Φ⟩ = {J(J+1)−M(M±1)}∥Φ∥². (A.3.9)	PENDING	NONE	NONE	false	NONE	NONE	NONE
CL-TASAKI2020-2602	TASAKI2020	000482.0002	PG-TASAKI2020-0482	PDF p. 482; print p. 472; §A.3.1; equation (A.3.10)	assertion	equation	Ĵ²Ĵ±|Φ⟩ = Ĵ±Ĵ²|Φ⟩ = J(J+1)Ĵ±|Φ⟩. (A.3.10)	PENDING	NONE	NONE	false	NONE	NONE	NONE
CL-TASAKI2020-2603	TASAKI2020	000482.0003	PG-TASAKI2020-0482	PDF p. 482; print p. 472; §A.3.1; equation (A.3.11)	assertion	equation	Ĵ^(3)Ĵ±|Φ⟩ = Ĵ±Ĵ^(3)|Φ⟩ ± Ĵ±|Φ⟩ = (M±1)Ĵ±|Φ⟩. (A.3.11)	PENDING	NONE	NONE	false	NONE	NONE	NONE
CL-TASAKI2020-2604	TASAKI2020	000482.0004	PG-TASAKI2020-0482	PDF p. 482; print p. 472; §A.3.1; Lemma A.15	assertion	lemma	Lemma A.15 Both J − M and J + M must be nonnegative integers.	PENDING	NONE	NONE	false	NONE	NONE	NONE
CL-TASAKI2020-2605	TASAKI2020	000482.0005	PG-TASAKI2020-0482	PDF p. 482; print p. 472; §A.3.1; paragraph 6, atom 1	hypothesis	hypothesis	Proof Let M > J , and suppose that there is a nonzero state |Φ⟩ ∈ H J,M .	PENDING	NONE	NONE	false	NONE	NONE	NONE
CL-TASAKI2020-2606	TASAKI2020	000482.0006	PG-TASAKI2020-0482	PDF p. 482; print p. 472; §A.3.1; paragraph 6, atom 2	assertion	unnumbered_obligation	Then (A.3.9) implies that ∥ Jˆ+ |Φ⟩∥2 = {J (J + 1) − M(M + 1)} ∥Φ∥2 < 0, which is a contradiction.	PENDING	NONE	NONE	false	NONE	NONE	NONE
CL-TASAKI2020-2607	TASAKI2020	000482.0007	PG-TASAKI2020-0482	PDF p. 482; print p. 472; §A.3.1; paragraph 6, atom 3	hypothesis	hypothesis	Take J , M such that J − M is not an integer, and suppose that there is nonzero |Φ⟩ ∈ H J,M .	PENDING	NONE	NONE	false	NONE	NONE	NONE
CL-TASAKI2020-2608	TASAKI2020	000482.0008	PG-TASAKI2020-0482	PDF p. 482; print p. 472; §A.3.1; paragraph 6, atom 4	assertion	unnumbered_obligation	Then Lemma A.14 implies that (Ĵ+)^n|Φ⟩ ≠ 0 and (Ĵ+)^n|Φ⟩ ∈ HJ,M+n, which is a contradiction.	PENDING	NONE	NONE	false	NONE	NONE	NONE
CL-TASAKI2020-2609	TASAKI2020	000482.0009	PG-TASAKI2020-0482	PDF p. 482; print p. 472; §A.3.1; paragraph 8	domain	domain	Let J = n/2 with a nonnegative integer n.	PENDING	NONE	NONE	false	NONE	NONE	NONE
CL-TASAKI2020-2610	TASAKI2020	000482.0010	PG-TASAKI2020-0482	PDF p. 482; print p. 472; §A.3.1; equation (A.3.12)	assertion	equation	Jˆ(3) |Ψ M ⟩ = M|Ψ M ⟩, (A.3.12)	PENDING	NONE	NONE	false	NONE	NONE	NONE
CL-TASAKI2020-2611	TASAKI2020	000482.0011	PG-TASAKI2020-0482	PDF p. 482; print p. 472; §A.3.1; equation (A.3.13)	assertion	equation	Ĵ±|ΨM⟩ = √{J(J+1)−M(M±1)} |ΨM±1⟩. (A.3.13)	PENDING	NONE	NONE	false	NONE	NONE	NONE
CL-TASAKI2020-2612	TASAKI2020	000483.0001	PG-TASAKI2020-0483	PDF p. 483; print p. 473; §A.3.2; paragraph 2, atom 1	hypothesis	hypothesis	We assume that [Ĥ,Ĵ^(α)] = 0 for α=1,2,3.	PENDING	NONE	NONE	false	NONE	NONE	NONE
CL-TASAKI2020-2614	TASAKI2020	000483.0002	PG-TASAKI2020-0483	PDF p. 483; print p. 473; §A.3.2; paragraph 2, atom 2	hypothesis	hypothesis	Theorem A.16 Suppose that there is a nonzero state |Φ⟩ ∈ H J,M0 such that Ĥ |Φ⟩ = E|Φ⟩.	PENDING	NONE	NONE	false	NONE	NONE	NONE
CL-TASAKI2020-2615	TASAKI2020	000483.0003	PG-TASAKI2020-0483	PDF p. 483; print p. 473; §A.3.2; paragraph 2, atom 3	assertion	unnumbered_obligation	Then for each M = −J, −J + 1, . . . , J − 1, J , there is a nonzero state |Φ M ⟩ ∈ H J,M such that Ĥ |Φ M ⟩ = E|Φ M ⟩.	PENDING	NONE	NONE	false	NONE	NONE	NONE
CL-TASAKI2020-3328	TASAKI2020	000483.0004	PG-TASAKI2020-0483	PDF p. 483; print p. 473; §A.3.2; Theorem A.16; v8 source-atomic partition	assertion	unnumbered_obligation	The eigenvalue E is at least (2J+1)-fold degenerate.	PENDING	NONE	NONE	false	NONE	NONE	NONE
CL-TASAKI2020-2616	TASAKI2020	000483.0005	PG-TASAKI2020-0483	PDF p. 483; print p. 473; §A.3.2; equation (A.3.14)	assertion	equation	|Φ_M⟩=c_M(Ĵ^−)^(J−M)|Φ_J⟩. (A.3.14)	PENDING	NONE	NONE	false	NONE	NONE	NONE
CL-TASAKI2020-3329	TASAKI2020	000483.0006	PG-TASAKI2020-0483	PDF p. 483; print p. 473; §A.3.2; Theorem A.16; v8 source-atomic partition	domain	domain	Equation (A.3.14) holds for M=−J,…,J with c_M∈ℂ.	PENDING	NONE	NONE	false	NONE	NONE	NONE
CL-TASAKI2020-2617	TASAKI2020	000483.0007	PG-TASAKI2020-0483	PDF p. 483; print p. 473; §A.3.2; paragraph 3, atom 1	assertion	unnumbered_obligation	Because [ Ĥ , Jˆ+ ] = 0, we have Ĥ |Φ J ⟩ = E|Φ J ⟩.	PENDING	NONE	NONE	false	NONE	NONE	NONE
CL-TASAKI2020-3330	TASAKI2020	000483.0008	PG-TASAKI2020-0483	PDF p. 483; print p. 473; §A.3.2; Theorem A.17; v8 source-atomic partition	domain	domain	Let E be an eigenvalue of Ĥ.	PENDING	NONE	NONE	false	NONE	NONE	NONE
CL-TASAKI2020-2619	TASAKI2020	000483.0009	PG-TASAKI2020-0483	PDF p. 483; print p. 473; §A.3.2; paragraph 3, atom 2	assertion	unnumbered_obligation	Then there exists a corresponding eigenstate |Φ⟩ that satisfies either Jˆ(3) |Φ⟩ = 0 or Jˆ(3) |Φ⟩ = (1/2)|Φ⟩.	PENDING	NONE	NONE	false	NONE	NONE	NONE
CL-TASAKI2020-2620	TASAKI2020	000483.0010	PG-TASAKI2020-0483	PDF p. 483; print p. 473; §A.3.3; paragraph 5, atom 1	notation	notation	We consider a system of two spins with spin quantum number S = 1/2, which we call the spin 1 and spin 2.	PENDING	NONE	NONE	false	NONE	NONE	NONE
CL-TASAKI2020-2621	TASAKI2020	000483.0011	PG-TASAKI2020-0483	PDF p. 483; print p. 473; §A.3.3; paragraph 5, atom 2	notation	notation	For x=1,2, we denote by h_x≃ℂ² the Hilbert space and by {|↑⟩_x,|↓⟩_x} the corresponding standard basis of spin x.	PENDING	NONE	NONE	false	NONE	NONE	NONE
CL-TASAKI2020-2622	TASAKI2020	000483.0012	PG-TASAKI2020-0483	PDF p. 483; print p. 473; §A.3.3; paragraph 5, atom 3	domain	domain	Let Ŝx be the spin operator for the spin x as in (2.2.4) or (2.2.5), and define the total spin operator by Ŝtot = Ŝ1 + Ŝ2 .	PENDING	NONE	NONE	false	NONE	NONE	NONE
CL-TASAKI2020-2623	TASAKI2020	000483.0013	PG-TASAKI2020-0483	PDF p. 483; print p. 473; §A.3.3; paragraph 5, atom 4	assertion	unnumbered_obligation	Then from the commutation relations (2.2.6), we see that [Ŝ_tot^(α),Ŝ_tot^(β)]=i∑_{γ=1,2,3}ε_{α,β,γ}Ŝ_tot^(γ), and hence Ŝ_tot is also a quantum mechanical angular momentum.	PENDING	NONE	NONE	false	NONE	NONE	NONE
CL-TASAKI2020-2624	TASAKI2020	000483.0014	PG-TASAKI2020-0483	PDF p. 483; print p. 473; §A.3.3; paragraph 5, atom 5	notation	notation	We denote the eigenvalues of (Ŝ_tot)² and Ŝ_tot^(3) as S_tot(S_tot+1) and S_tot^(3), respectively.	PENDING	NONE	NONE	false	NONE	NONE	NONE
CL-TASAKI2020-2625	TASAKI2020	000484.0001	PG-TASAKI2020-0484	PDF p. 484; print p. 474; §A.3.3; equation (A.3.15)	assertion	equation	(Ŝ_tot)²|Φ_{S_tot,S_tot^(3)}⟩=S_tot(S_tot+1)|Φ_{S_tot,S_tot^(3)}⟩. (A.3.15)	PENDING	NONE	NONE	false	NONE	NONE	NONE
CL-TASAKI2020-2626	TASAKI2020	000484.0002	PG-TASAKI2020-0484	PDF p. 484; print p. 474; §A.3.3; equation (A.3.16)	assertion	equation	Ŝ_tot^(3)|Φ_{S_tot,S_tot^(3)}⟩=S_tot^(3)|Φ_{S_tot,S_tot^(3)}⟩. (A.3.16)	PENDING	NONE	NONE	false	NONE	NONE	NONE
CL-TASAKI2020-2627	TASAKI2020	000484.0003	PG-TASAKI2020-0484	PDF p. 484; print p. 474; §A.3.3; equation (A.3.17)	assertion	equation	(Ŝ_tot)²=(Ŝ₁)²+(Ŝ₂)²+2Ŝ₁·Ŝ₂=Ŝ₁^+Ŝ₂^−+Ŝ₁^−Ŝ₂^++2Ŝ₁^(3)Ŝ₂^(3)+3/2. (A.3.17)	PENDING	NONE	NONE	false	NONE	NONE	NONE
CL-TASAKI2020-2628	TASAKI2020	000484.0004	PG-TASAKI2020-0484	PDF p. 484; print p. 474; §A.3.3; equation (A.3.18)	assertion	equation	(Ŝ_tot)²|↑⟩₁|↑⟩₂=2|↑⟩₁|↑⟩₂, Ŝ_tot^(3)|↑⟩₁|↑⟩₂=|↑⟩₁|↑⟩₂. (A.3.18)	PENDING	NONE	NONE	false	NONE	NONE	NONE
CL-TASAKI2020-2629	TASAKI2020	000484.0005	PG-TASAKI2020-0484	PDF p. 484; print p. 474; §A.3.3; equation (A.3.19)	assertion	equation	(Ŝ_tot)²|↓⟩₁|↓⟩₂=2|↓⟩₁|↓⟩₂, Ŝ_tot^(3)|↓⟩₁|↓⟩₂=−|↓⟩₁|↓⟩₂. (A.3.19)	PENDING	NONE	NONE	false	NONE	NONE	NONE
CL-TASAKI2020-3214	TASAKI2020	000484.0006	PG-TASAKI2020-0484	PDF p. 484; print p. 474; §A.3.3; paragraph 5; audit split atom 1/2	assertion	subclaim	Equations (A.3.18) and (A.3.19) show that |↑⟩₁|↑⟩₂ and |↓⟩₁|↓⟩₂ are simultaneous eigenstates.	PENDING	NONE	NONE	false	NONE	NONE	NONE
CL-TASAKI2020-3215	TASAKI2020	000484.0007	PG-TASAKI2020-0484	PDF p. 484; print p. 474; §A.3.3; paragraph 5; audit split atom 2/2	assertion	subclaim	Equations (A.3.20) and (A.3.21) show that (|↑⟩₁|↓⟩₂ ± |↓⟩₁|↑⟩₂)/√2 are simultaneous eigenstates.	PENDING	NONE	NONE	false	NONE	NONE	NONE
CL-TASAKI2020-2631	TASAKI2020	000484.0008	PG-TASAKI2020-0484	PDF p. 484; print p. 474; §A.3.3; equation (A.3.20)	assertion	equation	(Ŝ_tot)²|↑⟩₁|↓⟩₂=|↑⟩₁|↓⟩₂+|↓⟩₁|↑⟩₂, Ŝ_tot^(3)|↑⟩₁|↓⟩₂=0. (A.3.20)	PENDING	NONE	NONE	false	NONE	NONE	NONE
CL-TASAKI2020-2632	TASAKI2020	000484.0009	PG-TASAKI2020-0484	PDF p. 484; print p. 474; §A.3.3; equation (A.3.21)	assertion	equation	(Ŝ_tot)²|↓⟩₁|↑⟩₂=|↑⟩₁|↓⟩₂+|↓⟩₁|↑⟩₂,  Ŝ_tot^(3)|↓⟩₁|↑⟩₂=0. (A.3.21)	PENDING	NONE	NONE	false	NONE	NONE	NONE
CL-TASAKI2020-2633	TASAKI2020	000484.0010	PG-TASAKI2020-0484	PDF p. 484; print p. 474; §A.3.3; equation (A.3.22)	assertion	equation	|Φ_{1,1}⟩=|↑⟩_1|↑⟩_2,  |Φ_{1,0}⟩=(1/√2)(|↑⟩_1|↓⟩_2+|↓⟩_1|↑⟩_2),  |Φ_{1,−1}⟩=|↓⟩_1|↓⟩_2. (A.3.22)	PENDING	NONE	NONE	false	NONE	NONE	NONE
CL-TASAKI2020-2634	TASAKI2020	000484.0011	PG-TASAKI2020-0484	PDF p. 484; print p. 474; §A.3.3; equation (A.3.23)	assertion	equation	|Φ_{0,0}⟩ = (1/√2)(|↑⟩_1|↓⟩_2 − |↓⟩_1|↑⟩_2). (A.3.23)	PENDING	NONE	NONE	false	NONE	NONE	NONE
CL-TASAKI2020-2635	TASAKI2020	000484.0012	PG-TASAKI2020-0484	PDF p. 484; print p. 474; §A.3.3; paragraph 8	assertion	unnumbered_obligation	As noted on p.469 after Lemma A.11, the singlet state satisfies Ŝ_tot^(α)|Φ_{0,0}⟩=0 for α=1,2,3, as in (A.3.24).	PENDING	NONE	NONE	false	NONE	NONE	NONE
CL-TASAKI2020-2636	TASAKI2020	000484.0013	PG-TASAKI2020-0484	PDF p. 484; print p. 474; §A.3.3; equation (A.3.24)	assertion	equation	Ŝ_tot^(α)|Φ_{0,0}⟩=0. (A.3.24)	PENDING	NONE	NONE	false	NONE	NONE	NONE
CL-TASAKI2020-2637	TASAKI2020	000485.0001	PG-TASAKI2020-0485	PDF p. 485; print p. 475; §A.3.3; paragraph 2, atom 1	notation	notation	Suppose that there are angular momenta for these systems, which we denote as Ĵ 1 and Ĵ 2 .	PENDING	NONE	NONE	false	NONE	NONE	NONE
CL-TASAKI2020-2638	TASAKI2020	000485.0002	PG-TASAKI2020-0485	PDF p. 485; print p. 475; §A.3.3; paragraph 2, atom 2	hypothesis	hypothesis	For simplicity we assume that Ĵ 1 and Ĵ 2 have constant magnitudes, i.e., there are constants J1 and J2 such that ( Ĵ 1 )2 |Φ⟩ = J1 (J1 + 1)|Φ⟩ for any |Φ⟩ ∈ H1 , and ( Ĵ 2 )2 |Ψ ⟩ = J2 (J2 + 1)|Ψ ⟩ for any |Ψ ⟩ ∈ H2 .	PENDING	NONE	NONE	false	NONE	NONE	NONE
CL-TASAKI2020-2639	TASAKI2020	000485.0003	PG-TASAKI2020-0485	PDF p. 485; print p. 475; §A.3.3; paragraph 2, atom 3; atom 1	definition	definition	Define the total angular momentum by Ĵ=Ĵ₁⊗1̂₂+1̂₁⊗Ĵ₂.	PENDING	NONE	NONE	false	NONE	NONE	NONE
CL-TASAKI2020-3426	TASAKI2020	000485.0004	PG-TASAKI2020-0485	PDF p. 485; print p. 475; §A.3.3; paragraph 2, atom 3; atom 2	assertion	unnumbered_obligation	The total angular momentum satisfies the commutation relations (A.3.1).	PENDING	NONE	NONE	false	NONE	NONE	NONE
CL-TASAKI2020-2640	TASAKI2020	000485.0005	PG-TASAKI2020-0485	PDF p. 485; print p. 475; §A.3.3; paragraph 2, atom 4	notation	notation	We denote the eigenvalue of Ĵ as J (J + 1).	PENDING	NONE	NONE	false	NONE	NONE	NONE
CL-TASAKI2020-3331	TASAKI2020	000485.0006	PG-TASAKI2020-0485	PDF p. 485; print p. 475; §A.4.1; Theorem A.18; v8 source-atomic partition	domain	domain	Let M=(m_{i,j})_{i,j=1,…,N} be a real symmetric N×N matrix.	PENDING	NONE	NONE	false	NONE	NONE	NONE
CL-TASAKI2020-3332	TASAKI2020	000485.0007	PG-TASAKI2020-0485	PDF p. 485; print p. 475; §A.4.1; Theorem A.18; v8 source-atomic partition	hypothesis	hypothesis	Assume m_{i,j}≤0 for every i≠j.	PENDING	NONE	NONE	false	NONE	NONE	NONE
CL-TASAKI2020-3333	TASAKI2020	000485.0008	PG-TASAKI2020-0485	PDF p. 485; print p. 475; §A.4.1; Theorem A.18; v8 source-atomic partition	hypothesis	hypothesis	For every i≠j there is a sequence i₁,…,i_K with i₁=i, i_K=j, and m_{i_k,i_{k+1}}≠0 for k=1,…,K−1.	PENDING	NONE	NONE	false	NONE	NONE	NONE
CL-TASAKI2020-2642	TASAKI2020	000485.0009	PG-TASAKI2020-0485	PDF p. 485; print p. 475; §A.4.1; paragraph 7	assertion	unnumbered_obligation	Then the lowest eigenvalue of M is nondegenerate and the corresponding eigenvector v = (vi )i=1,...,N can be taken to satisfy vi > 0 for all i.	PENDING	NONE	NONE	false	NONE	NONE	NONE
CL-TASAKI2020-2643	TASAKI2020	000485.0010	PG-TASAKI2020-0485	PDF p. 485; print p. 475; §A.4.1; paragraph 8; atom 1	hypothesis	hypothesis	Without loss of generality, assume that all vector components are real.	PENDING	NONE	NONE	false	NONE	NONE	NONE
CL-TASAKI2020-3427	TASAKI2020	000485.0011	PG-TASAKI2020-0485	PDF p. 485; print p. 475; §A.4.1; paragraph 8; atom 2	assertion	subclaim	If an eigenvector u=(u_i) of M satisfies u_i≥0 for every i, then u_i>0 for every i.	PENDING	NONE	NONE	false	NONE	NONE	NONE
CL-TASAKI2020-2644	TASAKI2020	000486.0001	PG-TASAKI2020-0486	PDF p. 486; print p. 476; §A.4.1; paragraph 2, atom 1	hypothesis	hypothesis	By taking α large enough, we can assume that all the eigenvalues of M̃ are positive, and (M̃)_{i,i}>0 for every i. We also have (M̃)_{i,j}≥0 for every i,j from (i). By also using (ii), we see that there is n such that (M̃^n)_{i,j}>0 for every i,j. Note that u is an eigenvector of M̃^n with a positive eigenvalue, say β.	PENDING	NONE	NONE	false	NONE	NONE	NONE
CL-TASAKI2020-3259	TASAKI2020	000486.0002	PG-TASAKI2020-0486	PDF p. 486; print p. 476; §A.4.1; paragraph 2, atom 2; v6 final-gate split atom 1/2	assertion	subclaim	Then βu_i=∑_j(M̃^n)_{i,j}u_j, which implies u_i>0 under the assumptions that u_j≥0 and u≠0.	PENDING	NONE	NONE	false	NONE	NONE	NONE
CL-TASAKI2020-3260	TASAKI2020	000486.0003	PG-TASAKI2020-0486	PDF p. 486; print p. 476; §A.4.1; paragraph 2, atom 2; v6 final-gate split atom 2/2	domain	domain	(2) Let v=(v_i)_{i=1,…,N} be a normalized eigenvector corresponding to the lowest eigenvalue μ₀.	PENDING	NONE	NONE	false	NONE	NONE	NONE
CL-TASAKI2020-2646	TASAKI2020	000486.0004	PG-TASAKI2020-0486	PDF p. 486; print p. 476; §A.4.1; equation (A.4.1)	assertion	equation	μ_0 = v^tMv = ∑_{i,j=1}^N v_i m_{i,j}v_j ≥ ∑_{i,j=1}^N u_i m_{i,j}u_j = u^tMu. (A.4.1)	PENDING	NONE	NONE	false	NONE	NONE	NONE
CL-TASAKI2020-2647	TASAKI2020	000486.0005	PG-TASAKI2020-0486	PDF p. 486; print p. 476; §A.4.1; paragraph 4, atom 1	assertion	unnumbered_obligation	Then (1) implies u_i>0 (and hence v_i≠0) for every i.	PENDING	NONE	NONE	false	NONE	NONE	NONE
CL-TASAKI2020-2648	TASAKI2020	000486.0006	PG-TASAKI2020-0486	PDF p. 486; print p. 476; §A.4.1; paragraph 4, atom 2	assertion	unnumbered_obligation	Since u^tMu=μ₀, we have ∑_{i,j}v_i m_{i,j}v_j=∑_{i,j}u_i m_{i,j}u_j. Since v_i²=u_i², this means ∑_{i≠j}v_i m_{i,j}v_j=∑_{i≠j}u_i m_{i,j}u_j (where the sums are over i,j such that i≠j). Since u_i m_{i,j}u_j≤0 for i≠j, equality implies v_i m_{i,j}v_j=u_i m_{i,j}u_j for every i≠j. Thus v_i v_j=u_i u_j>0 whenever m_{i,j}≠0.	PENDING	NONE	NONE	false	NONE	NONE	NONE
CL-TASAKI2020-3261	TASAKI2020	000486.0007	PG-TASAKI2020-0486	PDF p. 486; print p. 476; §A.4.1; paragraph 5, atom 1; v6 final-gate split atom 1/2	assertion	subclaim	From (ii), we see that all v_i have the same sign.	PENDING	NONE	NONE	false	NONE	NONE	NONE
CL-TASAKI2020-3262	TASAKI2020	000486.0008	PG-TASAKI2020-0486	PDF p. 486; print p. 476; §A.4.1; paragraph 5, atom 1; atom 1	hypothesis	hypothesis	Suppose that the lowest eigenvalue of M is degenerate.	PENDING	NONE	NONE	false	NONE	NONE	NONE
CL-TASAKI2020-3390	TASAKI2020	000486.0009	PG-TASAKI2020-0486	PDF p. 486; print p. 476; §A.4.1; paragraph 5, atom 1; atom 2	assertion	subclaim	There exist two mutually orthogonal eigenvectors v and v′ for the lowest eigenvalue of M.	PENDING	NONE	NONE	false	NONE	NONE	NONE
CL-TASAKI2020-2650	TASAKI2020	000486.0010	PG-TASAKI2020-0486	PDF p. 486; print p. 476; §A.4.1; paragraph 5, atom 2	assertion	unnumbered_obligation	But (2) implies that both have components with a fixed sign, which means v·v′≠0. This is a contradiction.	PENDING	NONE	NONE	false	NONE	NONE	NONE
CL-TASAKI2020-2651	TASAKI2020	000486.0011	PG-TASAKI2020-0486	PDF p. 486; print p. 476; §A.4.2; Theorem A.19	assertion	theorem	Theorem A.19 (Polar decomposition theorem) Any N × N matrix A is written as A = WC, (A.4.2) where W is unitary and C is nonnegative. If A is real, W can be taken orthogonal.	PENDING	NONE	NONE	false	NONE	NONE	NONE
CL-TASAKI2020-2652	TASAKI2020	000486.0012	PG-TASAKI2020-0486	PDF p. 486; print p. 476; §A.4.2; equation (A.4.2)	assertion	equation	A = WC. (A.4.2)	PENDING	NONE	NONE	false	NONE	NONE	NONE
CL-TASAKI2020-2653	TASAKI2020	000487.0001	PG-TASAKI2020-0487	PDF p. 487; print p. 477; §A.4.2; Theorem A.20	assertion	theorem	Theorem A.20 (Singular value decomposition theorem) Any N × N matrix A is written as A = UDV†, (A.4.3) where U and V are unitary matrices, and D is a diagonal matrix with nonnegative entries. When A is real (in the sense that all the entries are real), U and V can be chosen to be orthogonal matrices.	PENDING	NONE	NONE	false	NONE	NONE	NONE
CL-TASAKI2020-2654	TASAKI2020	000487.0002	PG-TASAKI2020-0487	PDF p. 487; print p. 477; §A.4.2; equation (A.4.3)	assertion	equation	A=UDV†. (A.4.3)	PENDING	NONE	NONE	false	NONE	NONE	NONE
CL-TASAKI2020-2655	TASAKI2020	000487.0003	PG-TASAKI2020-0487	PDF p. 487; print p. 477; §A.4.2; equation (A.4.4)	assertion	equation	D = diag(√λ_1,√λ_2,…,√λ_N). (A.4.4)	PENDING	NONE	NONE	false	NONE	NONE	NONE
CL-TASAKI2020-2656	TASAKI2020	000487.0004	PG-TASAKI2020-0487	PDF p. 487; print p. 477; §A.4.2; equation (A.4.5)	assertion	equation	U = (u1 , u2 , . . . , u N ), V = (v1 , v2 , . . . , v N ), (A.4.5)	PENDING	NONE	NONE	false	NONE	NONE	NONE
CL-TASAKI2020-2657	TASAKI2020	000487.0005	PG-TASAKI2020-0487	PDF p. 487; print p. 477; §A.4.2; equation (A.4.6)	assertion	equation	A A† u j = λ j u j , A† A v j = λ j v j . (A.4.6)	PENDING	NONE	NONE	false	NONE	NONE	NONE
CL-TASAKI2020-2658	TASAKI2020	000487.0006	PG-TASAKI2020-0487	PDF p. 487; print p. 477; §A.4.2; paragraph 8, atom 1	notation	notation	In our notation, u=(u₁,…,u_N)^t and v=(v₁,…,v_N)^t are column vectors, while u† and v† are row vectors. u†v=∑_{j=1}^N(u_j)*v_j is a scalar, and uv† is a matrix whose (j,k) entry is u_j(v_k)*.	PENDING	NONE	NONE	false	NONE	NONE	NONE
CL-TASAKI2020-2659	TASAKI2020	000487.0007	PG-TASAKI2020-0487	PDF p. 487; print p. 477; §A.4.2; paragraph 8, atom 2	assertion	unnumbered_obligation	Any orthonormal basis {w_j}_{j=1,…,N} satisfies w_j†w_k=δ_{j,k} and ∑_{j=1}^Nw_jw_j†=I.	PENDING	NONE	NONE	false	NONE	NONE	NONE
CL-TASAKI2020-2660	TASAKI2020	000487.0008	PG-TASAKI2020-0487	PDF p. 487; print p. 477; §A.4.2; paragraph 9, atom 1	assertion	unnumbered_obligation	Proof of Theorems A.19 and A.20. The matrix A†A is nonnegative by Lemma A.6.	PENDING	NONE	NONE	false	NONE	NONE	NONE
CL-TASAKI2020-2661	TASAKI2020	000487.0009	PG-TASAKI2020-0487	PDF p. 487; print p. 477; §A.4.2; paragraph 9, atom 2	domain	domain	Let {v j } j=1,...,N be the orthonormal basis formed by eigenvectors of A† A.	PENDING	NONE	NONE	false	NONE	NONE	NONE
CL-TASAKI2020-2662	TASAKI2020	000487.0010	PG-TASAKI2020-0487	PDF p. 487; print p. 477; §A.4.2; paragraph 9, atom 3	hypothesis	hypothesis	We assume that the corresponding eigenvalues λ1 , . . . , λ N are ordered so that λ j > 0 for j = 1, . . . , M, and λ j = 0 for j = M + 1, . . . , N . (Of course it is possible that M = N .) For j = 1, . . . , M, we let u j = (λ j )−1/2 Av j .	PENDING	NONE	NONE	false	NONE	NONE	NONE
CL-TASAKI2020-2663	TASAKI2020	000487.0011	PG-TASAKI2020-0487	PDF p. 487; print p. 477; §A.4.2; paragraph 9, atom 4	definition	definition	Define W=∑_{j=1}^N u_jv_j†, which is unitary, and C=∑_{k=1}^M√λ_k v_kv_k†, which is nonnegative.	PENDING	NONE	NONE	false	NONE	NONE	NONE
CL-TASAKI2020-2664	TASAKI2020	000488.0001	PG-TASAKI2020-0488	PDF p. 488; print p. 478; §A.4.2; equation (A.4.7)	assertion	equation	WC = ∑_{k=1}^M u_k√λ_k v_k† = ∑_{k=1}^M Av_kv_k† = ∑_{j=1}^N Av_jv_j† = A. (A.4.7)	PENDING	NONE	NONE	false	NONE	NONE	NONE
CL-TASAKI2020-2665	TASAKI2020	000488.0002	PG-TASAKI2020-0488	PDF p. 488; print p. 478; §A.4.2; paragraph 3	assertion	unnumbered_obligation	Here we added terms with j = M + 1, . . . , N by noting that λ j = 0 implies A† Av j = 0 and hence Av j = 0 because of Lemma A.11.	PENDING	NONE	NONE	false	NONE	NONE	NONE
CL-TASAKI2020-2666	TASAKI2020	000488.0003	PG-TASAKI2020-0488	PDF p. 488; print p. 478; §A.4.2; equation (A.4.8)	assertion	equation	A = WC = WVDV† = UDV† , (A.4.8)	PENDING	NONE	NONE	false	NONE	NONE	NONE
CL-TASAKI2020-3216	TASAKI2020	000488.0004	PG-TASAKI2020-0488	PDF p. 488; print p. 478; §A.4.2; paragraph 5; audit split atom 1/3	assertion	subclaim	With U = WV unitary, (A.4.8) is the desired singular-value decomposition (A.4.3).	PENDING	NONE	NONE	false	NONE	NONE	NONE
CL-TASAKI2020-3217	TASAKI2020	000488.0005	PG-TASAKI2020-0488	PDF p. 488; print p. 478; §A.4.2; paragraph 5; audit split atom 2/3	assertion	subclaim	Because Wv_j = u_j, U has the form in the first relation of (A.4.5).	PENDING	NONE	NONE	false	NONE	NONE	NONE
CL-TASAKI2020-3218	TASAKI2020	000488.0006	PG-TASAKI2020-0488	PDF p. 488; print p. 478; §A.4.2; paragraph 5; audit split atom 3/3	assertion	subclaim	The singular-value decomposition implies (A.4.9).	PENDING	NONE	NONE	false	NONE	NONE	NONE
CL-TASAKI2020-2668	TASAKI2020	000488.0007	PG-TASAKI2020-0488	PDF p. 488; print p. 478; §A.4.2; equation (A.4.9)	assertion	equation	A A† U = UDV† VDU† U = UD2 = (λ1 u1 , . . . , λ N u N ). (A.4.9)	PENDING	NONE	NONE	false	NONE	NONE	NONE
CL-TASAKI2020-2669	TASAKI2020	000488.0008	PG-TASAKI2020-0488	PDF p. 488; print p. 478; §A.4.2; paragraph 7	assertion	unnumbered_obligation	We have thus confirmed that A† A and A A† have the same eigenvalues.	PENDING	NONE	NONE	false	NONE	NONE	NONE
CL-TASAKI2020-2670	TASAKI2020	000488.0009	PG-TASAKI2020-0488	PDF p. 488; print p. 478; §A.4.3; paragraph 9, atom 1	domain	domain	Let V≃ℂ^D be the space of D-dimensional complex vectors.	PENDING	NONE	NONE	false	NONE	NONE	NONE
CL-TASAKI2020-2671	TASAKI2020	000488.0010	PG-TASAKI2020-0488	PDF p. 488; print p. 478; §A.4.3; paragraph 9, atom 2	assertion	unnumbered_obligation	For v=(v1,…,vD)^t∈V, the inner product is ⟨u,v⟩ = ∑_{j=1}^D(uj)*vj.	PENDING	NONE	NONE	false	NONE	NONE	NONE
CL-TASAKI2020-2672	TASAKI2020	000488.0011	PG-TASAKI2020-0488	PDF p. 488; print p. 478; §A.4.3; equation (A.4.10)	assertion	equation	X(αu + βv) = α ∗ Xu + β ∗ Xv, (A.4.10)	PENDING	NONE	NONE	false	NONE	NONE	NONE
CL-TASAKI2020-2673	TASAKI2020	000488.0012	PG-TASAKI2020-0488	PDF p. 488; print p. 478; §A.4.3; equation (A.4.11)	assertion	equation	K(v_1,v_2,…,v_D)^t = ((v_1)*,(v_2)*,…,(v_D)*)^t. (A.4.11)	PENDING	NONE	NONE	false	NONE	NONE	NONE
CL-TASAKI2020-2674	TASAKI2020	000489.0001	PG-TASAKI2020-0489	PDF p. 489; print p. 479; §A.4.3; equation (A.4.12)	assertion	equation	⟨u,Xv⟩=⟨X†u,v⟩*. (A.4.12)	PENDING	NONE	NONE	false	NONE	NONE	NONE
CL-TASAKI2020-3219	TASAKI2020	000489.0002	PG-TASAKI2020-0489	PDF p. 489; print p. 479; §A.4.3; paragraph 3; audit split atom 1/3	definition	definition	The adjoint X† of an antilinear operator X is characterized by (A.4.12) for all u, v ∈ V.	PENDING	NONE	NONE	false	NONE	NONE	NONE
CL-TASAKI2020-3220	TASAKI2020	000489.0003	PG-TASAKI2020-0489	PDF p. 489; print p. 479; §A.4.3; paragraph 3; atom 1	assertion	unnumbered_obligation	One has (X†)†=X.	PENDING	NONE	NONE	false	NONE	NONE	NONE
CL-TASAKI2020-3374	TASAKI2020	000489.0004	PG-TASAKI2020-0489	PDF p. 489; print p. 479; §A.4.3; paragraph 3; atom 2	assertion	unnumbered_obligation	One has K†=K.	PENDING	NONE	NONE	false	NONE	NONE	NONE
CL-TASAKI2020-3221	TASAKI2020	000489.0005	PG-TASAKI2020-0489	PDF p. 489; print p. 479; §A.4.3; paragraph 3; audit split atom 3/3	assertion	unnumbered_obligation	For antilinear X and Y, equation (A.4.13) implies (XY)† = Y†X†.	PENDING	NONE	NONE	false	NONE	NONE	NONE
CL-TASAKI2020-2676	TASAKI2020	000489.0006	PG-TASAKI2020-0489	PDF p. 489; print p. 479; §A.4.3; equation (A.4.13)	assertion	equation	⟨u,XYv⟩=⟨X†u,Yv⟩*=⟨Y†X†u,v⟩. (A.4.13)	PENDING	NONE	NONE	false	NONE	NONE	NONE
CL-TASAKI2020-2677	TASAKI2020	000489.0007	PG-TASAKI2020-0489	PDF p. 489; print p. 479; §A.4.3; equation (A.4.14)	assertion	equation	(XY)†=Y†X†. (A.4.14)	PENDING	NONE	NONE	false	NONE	NONE	NONE
CL-TASAKI2020-2678	TASAKI2020	000489.0008	PG-TASAKI2020-0489	PDF p. 489; print p. 479; §A.4.3; equation (A.4.15)	assertion	equation	(AX)† = X† A† , (XA)† = A† X† . (A.4.15)	PENDING	NONE	NONE	false	NONE	NONE	NONE
CL-TASAKI2020-2679	TASAKI2020	000489.0009	PG-TASAKI2020-0489	PDF p. 489; print p. 479; §A.4.3; paragraph 8	domain	domain	Let u = Xv with some antilinear X.	PENDING	NONE	NONE	false	NONE	NONE	NONE
CL-TASAKI2020-2680	TASAKI2020	000489.0010	PG-TASAKI2020-0489	PDF p. 489; print p. 479; §A.4.3; equation (A.4.16)	assertion	equation	⟨v,X†AXv⟩=⟨u,Au⟩*=⟨u,A†u⟩. (A.4.16)	PENDING	NONE	NONE	false	NONE	NONE	NONE
CL-TASAKI2020-2681	TASAKI2020	000489.0011	PG-TASAKI2020-0489	PDF p. 489; print p. 479; §A.4.3; equation (A.4.17)	assertion	equation	⟨Vu, Vv⟩ = ⟨u, v⟩∗ (A.4.17)	PENDING	NONE	NONE	false	NONE	NONE	NONE
CL-TASAKI2020-2682	TASAKI2020	000489.0012	PG-TASAKI2020-0489	PDF p. 489; print p. 479; §A.4.3; paragraph 12	assertion	unnumbered_obligation	If V is antiunitary, then KV and VK preserve inner products as shown in (A.4.18) and (A.4.19), and hence are unitary.	PENDING	NONE	NONE	false	NONE	NONE	NONE
CL-TASAKI2020-2683	TASAKI2020	000489.0013	PG-TASAKI2020-0489	PDF p. 489; print p. 479; §A.4.3; equation (A.4.18)	assertion	equation	⟨KVu,KVv⟩=⟨Vu,Vv⟩*=⟨u,v⟩. (A.4.18)	PENDING	NONE	NONE	false	NONE	NONE	NONE
CL-TASAKI2020-2684	TASAKI2020	000489.0014	PG-TASAKI2020-0489	PDF p. 489; print p. 479; §A.4.3; equation (A.4.19)	assertion	equation	⟨VKu,VKv⟩=⟨Ku,Kv⟩*=⟨u,v⟩. (A.4.19)	PENDING	NONE	NONE	false	NONE	NONE	NONE
CL-TASAKI2020-2685	TASAKI2020	000489.0015	PG-TASAKI2020-0489	PDF p. 489; print p. 479; §A.4.3; paragraph 15	assertion	unnumbered_obligation	This in particular implies that VV† = V† V = I, which is also evident from (A.4.17).	PENDING	NONE	NONE	false	NONE	NONE	NONE
CL-TASAKI2020-2686	TASAKI2020	000489.0016	PG-TASAKI2020-0489	PDF p. 489; print p. 479; §A.5; paragraph 18	assertion	unnumbered_obligation	Needless to say, the conjugate of a linear operator satisfies ⟨u,Av⟩ = ⟨A†u,v⟩.	PENDING	NONE	NONE	false	NONE	NONE	NONE
CL-TASAKI2020-2687	TASAKI2020	000490.0001	PG-TASAKI2020-0490	PDF p. 490; print p. 480; §A.5; paragraph 2, atom 1	hypothesis	hypothesis	Definition and basic examples Let G be a set, and suppose that there is a multiplication rule which assigns a unique “product” ab ∈ G to any two elements a, b ∈ G.	PENDING	NONE	NONE	false	NONE	NONE	NONE
CL-TASAKI2020-2688	TASAKI2020	000490.0002	PG-TASAKI2020-0490	PDF p. 490; print p. 480; §A.5; paragraph 2, atom 2	definition	definition	We say that G (along with the multiplication rule) is a group when (i) the multiplication is associative, i.e., (ab)c = a(bc) for any a, b, c ∈ G, (ii) there is an element e ∈ G, which is called the identity, such that ae = ea = a for any a ∈ G, and (iii) for every a ∈ G there is an element a −1 ∈ G such that aa −1 = a −1 a = e.	PENDING	NONE	NONE	false	NONE	NONE	NONE
CL-TASAKI2020-2689	TASAKI2020	000490.0003	PG-TASAKI2020-0490	PDF p. 490; print p. 480; §A.5; paragraph 2, atom 3	assertion	unnumbered_obligation	It easily follows that a group has a unique identity, and for each a ∈ G its inverse a −1 is unique.	PENDING	NONE	NONE	false	NONE	NONE	NONE
CL-TASAKI2020-2690	TASAKI2020	000490.0004	PG-TASAKI2020-0490	PDF p. 490; print p. 480; §A.5; equation (A.5.1)	assertion	equation	O_θ=[[cosθ,−sinθ],[sinθ,cosθ]]. (A.5.1)	PENDING	NONE	NONE	false	NONE	NONE	NONE
CL-TASAKI2020-2691	TASAKI2020	000490.0005	PG-TASAKI2020-0490	PDF p. 490; print p. 480; §A.5; paragraph 3	domain	domain	Let U be an element of SU(2), i.e., a unitary matrix of degree 2 with determinant 1, and write it as U = exp[−iA], (A.5.2)	PENDING	NONE	NONE	false	NONE	NONE	NONE
CL-TASAKI2020-2692	TASAKI2020	000490.0006	PG-TASAKI2020-0490	PDF p. 490; print p. 480; §A.5; equation (A.5.2)	assertion	equation	U=exp[−iA]. (A.5.2)	PENDING	NONE	NONE	false	NONE	NONE	NONE
CL-TASAKI2020-2693	TASAKI2020	000491.0001	PG-TASAKI2020-0491	PDF p. 491; print p. 481; §A.5; equation (A.5.3)	assertion	equation	A = θ1 S(1) + θ2 S(2) + θ3 S(3) , (A.5.3)	PENDING	NONE	NONE	false	NONE	NONE	NONE
CL-TASAKI2020-2694	TASAKI2020	000491.0002	PG-TASAKI2020-0491	PDF p. 491; print p. 481; §A.5; equation (A.5.4)	assertion	equation	S^(1)=(1/2)[[0,1],[1,0]], S^(2)=(1/2)[[0,−i],[i,0]], S^(3)=(1/2)[[1,0],[0,−1]]. (A.5.4)	PENDING	NONE	NONE	false	NONE	NONE	NONE
CL-TASAKI2020-3285	TASAKI2020	000491.0003	PG-TASAKI2020-0491	PDF p. 491; print p. 481; §A.5; paragraph 4; atom 1	assertion	remark	The group SU(2) is an example of a Lie group.	PENDING	NONE	NONE	false	NONE	NONE	NONE
CL-TASAKI2020-3393	TASAKI2020	000491.0004	PG-TASAKI2020-0491	PDF p. 491; print p. 481; §A.5; paragraph 4; atom 2	assertion	remark	Each of O(n), SO(n), U(n), and SU(n) is a Lie group.	PENDING	NONE	NONE	false	NONE	NONE	NONE
CL-TASAKI2020-3286	TASAKI2020	000491.0005	PG-TASAKI2020-0491	PDF p. 491; print p. 481; §A.5; paragraph 4; v7 split atom 2/3	definition	definition	The set of matrices (A.5.3) is the corresponding Lie algebra, which is written as su(2).	PENDING	NONE	NONE	false	NONE	NONE	NONE
CL-TASAKI2020-3287	TASAKI2020	000491.0006	PG-TASAKI2020-0491	PDF p. 491; print p. 481; §A.5; paragraph 4; v7 split atom 3/3	definition	definition	A representation, or, more precisely, a linear representation, of a group G is a map ρ from G to the set of square matrices with a fixed degree that satisfies ρ(e)=I and ρ(a)ρ(b)=ρ(ab) for any a,b∈G.	PENDING	NONE	NONE	false	NONE	NONE	NONE
CL-TASAKI2020-2696	TASAKI2020	000491.0007	PG-TASAKI2020-0491	PDF p. 491; print p. 481; §A.5; equation (A.5.5)	assertion	equation	ρ(e)=[[1,0],[0,1]], ρ(a)=[[0,1],[1,0]]. (A.5.5)	PENDING	NONE	NONE	false	NONE	NONE	NONE
CL-TASAKI2020-2697	TASAKI2020	000491.0008	PG-TASAKI2020-0491	PDF p. 491; print p. 481; §A.5; paragraph 7	assertion	unnumbered_obligation	A projective representation of a group G is a map ρ from G to the set of square matrices with a fixed degree that satisfies ρ(e) = I and ρ(a)ρ(b) = eiφ(a,b) ρ(ab) for any a, b ∈ G, where φ(a, b) ∈ R is a phase factor that satisfies the condition (8.3.26).	PENDING	NONE	NONE	false	NONE	NONE	NONE
CL-TASAKI2020-2698	TASAKI2020	000492.0001	PG-TASAKI2020-0492	PDF p. 492; print p. 482; §A.5; paragraph 2	assertion	unnumbered_obligation	Because x′,y′,z′ depend linearly on x,y,z, there is a real 3×3 matrix ρ(U) satisfying (A.5.6).	PENDING	NONE	NONE	false	NONE	NONE	NONE
CL-TASAKI2020-2699	TASAKI2020	000492.0002	PG-TASAKI2020-0492	PDF p. 492; print p. 482; §A.5; equation (A.5.6)	assertion	equation	(x′,y′,z′)^t = ρ(U)(x,y,z)^t. (A.5.6)	PENDING	NONE	NONE	false	NONE	NONE	NONE
CL-TASAKI2020-2700	TASAKI2020	000492.0003	PG-TASAKI2020-0492	PDF p. 492; print p. 482; §A.5; paragraph 3	assertion	unnumbered_obligation	It then follows that (X′ )2 = U† X2 U = {(x 2 + y 2 + z 2 )/4}I, and hence (x ′ )2 + (y ′ )2 + (z ′ )2 = x 2 + y 2 + z 2 .	PENDING	NONE	NONE	false	NONE	NONE	NONE
CL-TASAKI2020-2701	TASAKI2020	000492.0004	PG-TASAKI2020-0492	PDF p. 492; print p. 482; §A.6.1; paragraph 7, atom 1	domain	domain	Let H be a D dimensional Hilbert space, and denote by M(H ) the set of all (linear) operators on H .	PENDING	NONE	NONE	false	NONE	NONE	NONE
CL-TASAKI2020-2702	TASAKI2020	000492.0005	PG-TASAKI2020-0492	PDF p. 492; print p. 482; §A.6.1; paragraph 7, atom 2	domain	domain	Consider a map Γ:M(H)→M(H) satisfying (A1) injectivity, (A2) Γ(ÂB̂)=Γ(Â)Γ(B̂), (A3) Γ(Â†)=Γ(Â)†, and either (A4) complex linearity or (A4′) conjugate linearity.	PENDING	NONE	NONE	false	NONE	NONE	NONE
CL-TASAKI2020-3222	TASAKI2020	000493.0001	PG-TASAKI2020-0493	PDF p. 493; print p. 483; §A.6.1; paragraph 2; audit split atom 1/3	definition	definition	Condition (A4) says that Γ is linear: Γ(αÂ + βB̂) = αΓ(Â) + βΓ(B̂) for Â, B̂ ∈ M(H) and α, β ∈ ℂ.	PENDING	NONE	NONE	false	NONE	NONE	NONE
CL-TASAKI2020-3223	TASAKI2020	000493.0002	PG-TASAKI2020-0493	PDF p. 493; print p. 483; §A.6.1; paragraph 2; audit split atom 2/3	definition	definition	Condition (A4′) says that Γ is antilinear: Γ(αÂ + βB̂) = α*Γ(Â) + β*Γ(B̂) for Â, B̂ ∈ M(H) and α, β ∈ ℂ.	PENDING	NONE	NONE	false	NONE	NONE	NONE
CL-TASAKI2020-3224	TASAKI2020	000493.0003	PG-TASAKI2020-0493	PDF p. 493; print p. 483; §A.6.1; paragraph 2; atom 1	definition	definition	A map satisfying (A1)–(A4) is called a linear ∗-automorphism of M(H).	PENDING	NONE	NONE	false	NONE	NONE	NONE
CL-TASAKI2020-3375	TASAKI2020	000493.0004	PG-TASAKI2020-0493	PDF p. 493; print p. 483; §A.6.1; paragraph 2; atom 2	definition	definition	A map satisfying (A1), (A2), (A3), and (A4′) is called an antilinear ∗-automorphism of M(H).	PENDING	NONE	NONE	false	NONE	NONE	NONE
CL-TASAKI2020-2704	TASAKI2020	000493.0005	PG-TASAKI2020-0493	PDF p. 493; print p. 483; §A.6.1; Theorem A.21	assertion	theorem	Theorem A.21 (A variant of Wigner’s theorem for automorphisms) If Γ satisfies (A1), (A2), (A3), and (A4), then there exists a unitary operator Û such that Γ ( Â) = Û † ÂÛ for any Â ∈ M(H ). (A.6.1)	PENDING	NONE	NONE	false	NONE	NONE	NONE
CL-TASAKI2020-2705	TASAKI2020	000493.0006	PG-TASAKI2020-0493	PDF p. 493; print p. 483; §A.6.1; equation (A.6.1)	assertion	equation	Γ ( Â) = Û † ÂÛ for any Â ∈ M(H ). (A.6.1)	PENDING	NONE	NONE	false	NONE	NONE	NONE
CL-TASAKI2020-2706	TASAKI2020	000493.0007	PG-TASAKI2020-0493	PDF p. 493; print p. 483; §A.6.1; equation (A.6.2)	assertion	equation	Γ ( Â) = V̂ −1 Â V̂ for any Â ∈ M(H ). (A.6.2)	PENDING	NONE	NONE	false	NONE	NONE	NONE
CL-TASAKI2020-2707	TASAKI2020	000493.0008	PG-TASAKI2020-0493	PDF p. 493; print p. 483; §A.6.1; paragraph 7	assertion	subclaim	Proof We shall show that the properties (A1), (A2), and (A3), with (A4) or (A4’) imply that there are two orthonormal bases {|Φ j ⟩} j=1,...,D and {|Φ ′j ⟩} j=1,...,D such that Γ (|Φ j ⟩⟨Φk |) = |Φ ′j ⟩⟨Φk′ | for any j, k = 1, . . . , D. (A.6.3)	PENDING	NONE	NONE	false	NONE	NONE	NONE
CL-TASAKI2020-2708	TASAKI2020	000493.0009	PG-TASAKI2020-0493	PDF p. 493; print p. 483; §A.6.1; equation (A.6.3)	assertion	equation	Γ(|Φ_j⟩⟨Φ_k|)=|Φ′_j⟩⟨Φ′_k| for any j,k=1,…,D. (A.6.3)	PENDING	NONE	NONE	false	NONE	NONE	NONE
CL-TASAKI2020-2709	TASAKI2020	000493.0010	PG-TASAKI2020-0493	PDF p. 493; print p. 483; §A.6.1; paragraph 8, atom 1; atom 1	definition	definition	Define Û=∑_{j=1}^D|Φ_j⟩⟨Φ′_j|.	PENDING	NONE	NONE	false	NONE	NONE	NONE
CL-TASAKI2020-3428	TASAKI2020	000493.0011	PG-TASAKI2020-0493	PDF p. 493; print p. 483; §A.6.1; paragraph 8, atom 1; atom 2	assertion	subclaim	The operator Û is unitary.	PENDING	NONE	NONE	false	NONE	NONE	NONE
CL-TASAKI2020-3429	TASAKI2020	000493.0012	PG-TASAKI2020-0493	PDF p. 493; print p. 483; §A.6.1; paragraph 8, atom 1; atom 3	assertion	subclaim	One has Û†|Φ_j⟩⟨Φ_k|Û=|Φ′_j⟩⟨Φ′_k|.	PENDING	NONE	NONE	false	NONE	NONE	NONE
CL-TASAKI2020-2710	TASAKI2020	000493.0013	PG-TASAKI2020-0493	PDF p. 493; print p. 483; §A.6.1; paragraph 8, atom 2	hypothesis	hypothesis	To see the uniqueness of Û , suppose that there is Û ′ which also satisfies Γ ( Â) = (Û ′ )† ÂÛ ′ for any Â ∈ M(H ).	PENDING	NONE	NONE	false	NONE	NONE	NONE
CL-TASAKI2020-2712	TASAKI2020	000494.0001	PG-TASAKI2020-0494	PDF p. 494; print p. 484; §A.6.1; paragraph 2, atom 1	assertion	unnumbered_obligation	If Û′ also implements Γ, then Â=Û(Û′)†ÂÛ′Û† for every Â∈M(H), and therefore Û′Û†=e^(iθ)1̂.	PENDING	NONE	NONE	false	NONE	NONE	NONE
CL-TASAKI2020-2713	TASAKI2020	000494.0002	PG-TASAKI2020-0494	PDF p. 494; print p. 484; §A.6.1; paragraph 2, atom 2	definition	definition	When Γ satisfies (A4′), set V̂=ÛK̂ and V̂^(−1)=K̂Û†, where K̂ is defined by (A.6.4).	PENDING	NONE	NONE	false	NONE	NONE	NONE
CL-TASAKI2020-2714	TASAKI2020	000494.0003	PG-TASAKI2020-0494	PDF p. 494; print p. 484; §A.6.1; equation (A.6.4)	assertion	equation	K̂(∑_{j=1}^Dα_j|Φ′_j⟩) = ∑_{j=1}^D(α_j)*|Φ′_j⟩. (A.6.4)	PENDING	NONE	NONE	false	NONE	NONE	NONE
CL-TASAKI2020-2715	TASAKI2020	000494.0004	PG-TASAKI2020-0494	PDF p. 494; print p. 484; §A.6.1; paragraph 4, atom 1	domain	domain	Fix an arbitrary orthonormal basis {|Φ j ⟩} j=1,...,D , and let P̂ j = Γ (|Φ j ⟩⟨Φ j |).	PENDING	NONE	NONE	false	NONE	NONE	NONE
CL-TASAKI2020-2716	TASAKI2020	000494.0005	PG-TASAKI2020-0494	PDF p. 494; print p. 484; §A.6.1; paragraph 4, atom 2	assertion	unnumbered_obligation	Since P̂_j≠0 by (A1), (P̂_j)²=Γ(|Φ_j⟩⟨Φ_j|Φ_j⟩⟨Φ_j|)=Γ(|Φ_j⟩⟨Φ_j|)=P̂_j by (A2), and P̂_j†=P̂_j by (A3), we find that P̂_j is an orthogonal projection operator.	PENDING	NONE	NONE	false	NONE	NONE	NONE
CL-TASAKI2020-2717	TASAKI2020	000494.0006	PG-TASAKI2020-0494	PDF p. 494; print p. 484; §A.6.1; paragraph 4, atom 3	assertion	unnumbered_obligation	Thus there exists an orthonormal basis {|Φ̃j⟩}j=1,…,D such that P̂j=Γ(|Φj⟩⟨Φj|)=|Φ̃j⟩⟨Φ̃j|.	PENDING	NONE	NONE	false	NONE	NONE	NONE
CL-TASAKI2020-2718	TASAKI2020	000494.0007	PG-TASAKI2020-0494	PDF p. 494; print p. 484; §A.6.1; paragraph 4, atom 4	domain	domain	Let us note here that Γ (|Φ⟩⟨Φ|) is a one-dimensional projection for any |Φ⟩ such that ∥Φ∥ = 1.	PENDING	NONE	NONE	false	NONE	NONE	NONE
CL-TASAKI2020-2719	TASAKI2020	000494.0008	PG-TASAKI2020-0494	PDF p. 494; print p. 484; §A.6.1; paragraph 4, atom 5	assertion	unnumbered_obligation	For ℓ=2,…,D, let |Ξℓ⟩=(|Φ1⟩+|Φℓ⟩)/√2. Then there is |Ξ̃ℓ⟩ with ∥Ξ̃ℓ∥=1 and Γ(|Ξℓ⟩⟨Ξℓ|)=|Ξ̃ℓ⟩⟨Ξ̃ℓ|.	PENDING	NONE	NONE	false	NONE	NONE	NONE
CL-TASAKI2020-2720	TASAKI2020	000494.0009	PG-TASAKI2020-0494	PDF p. 494; print p. 484; §A.6.1; equation (A.6.5)	assertion	equation	|Φ₁⟩⟨Φ₁|Ξ_ℓ⟩⟨Ξ_ℓ|Φ₁⟩⟨Φ₁|=(1/2)|Φ₁⟩⟨Φ₁|. (A.6.5)	PENDING	NONE	NONE	false	NONE	NONE	NONE
CL-TASAKI2020-2721	TASAKI2020	000494.0010	PG-TASAKI2020-0494	PDF p. 494; print p. 484; §A.6.1; equation (A.6.6)	assertion	equation	Γ(|Φ1⟩⟨Φ1|Ξℓ⟩⟨Ξℓ|Φ1⟩⟨Φ1|) = Γ(|Φ1⟩⟨Φ1|)Γ(|Ξℓ⟩⟨Ξℓ|)Γ(|Φ1⟩⟨Φ1|) = |Φ1′⟩⟨Φ1′|Ξ̃ℓ⟩⟨Ξ̃ℓ|Φ1′⟩⟨Φ1′| = |⟨Ξ̃ℓ|Φ1′⟩|²|Φ1′⟩⟨Φ1′|. (A.6.6)	PENDING	NONE	NONE	false	NONE	NONE	NONE
CL-TASAKI2020-2722	TASAKI2020	000494.0011	PG-TASAKI2020-0494	PDF p. 494; print p. 484; §A.6.1; paragraph 7, atom 1	assertion	unnumbered_obligation	The last expression in (A.6.6) equals |Φ₁′⟩⟨Φ₁′|/2 by (A4) or (A4′).	PENDING	NONE	NONE	false	NONE	NONE	NONE
CL-TASAKI2020-2723	TASAKI2020	000494.0012	PG-TASAKI2020-0494	PDF p. 494; print p. 484; §A.6.1; paragraph 7, atom 2	assertion	unnumbered_obligation	Setting |Ξℓ′⟩=e^(iθℓ)|Ξ̃ℓ⟩ with suitable θℓ∈R, we have Γ(|Ξℓ⟩⟨Ξℓ|)=|Ξℓ′⟩⟨Ξℓ′| and ⟨Ξℓ′|Φ1′⟩=1/√2 for ℓ=2,…,D.	PENDING	NONE	NONE	false	NONE	NONE	NONE
CL-TASAKI2020-2724	TASAKI2020	000494.0013	PG-TASAKI2020-0494	PDF p. 494; print p. 484; §A.6.1; equation (A.6.7)	assertion	equation	|Φ_ℓ⟩⟨Φ_ℓ|Ξ_ℓ⟩⟨Ξ_ℓ|Φ_ℓ⟩⟨Φ_ℓ|=(1/2)|Φ_ℓ⟩⟨Φ_ℓ|. (A.6.7)	PENDING	NONE	NONE	false	NONE	NONE	NONE
CL-TASAKI2020-2725	TASAKI2020	000495.0001	PG-TASAKI2020-0495	PDF p. 495; print p. 485; §A.6.1; equation (A.6.8)	assertion	equation	Γ (|Φ1 ⟩⟨Φ |) = 2 Γ (|Φ1 ⟩⟨Φ1 |Ξ ⟩⟨Ξ |Φ ⟩⟨Φ |) = 2 |Φ1′ ⟩⟨Φ1′ |Ξ ′ ⟩⟨Ξ ′ |Φ ′ ⟩⟨Φ ′ | = |Φ1′ ⟩⟨Φ ′ |, (A.6.8)	PENDING	NONE	NONE	false	NONE	NONE	NONE
CL-TASAKI2020-2726	TASAKI2020	000495.0002	PG-TASAKI2020-0495	PDF p. 495; print p. 485; §A.6.1; equation (A.6.9)	assertion	equation	Γ (|Φ j ⟩⟨Φk |) = Γ (|Φ j ⟩⟨Φ1 |Φ1 ⟩⟨Φk |) = |Φ ′j ⟩⟨Φ1′ |Φ1′ ⟩⟨Φk′ | = |Φ ′j ⟩⟨Φk′ |, (A.6.9)	PENDING	NONE	NONE	false	NONE	NONE	NONE
CL-TASAKI2020-2727	TASAKI2020	000495.0003	PG-TASAKI2020-0495	PDF p. 495; print p. 485; §A.6.1; paragraph 7	assertion	unnumbered_obligation	Also note that, for P̂ = |Φ⟩⟨Φ| ∈ P1 and P̂ ′ = |Φ ′ ⟩⟨Φ ′ | ∈ P1 , we have Tr[ P̂ P̂ ′ ] = |⟨Φ|Φ ′ ⟩|2 .	PENDING	NONE	NONE	false	NONE	NONE	NONE
CL-TASAKI2020-2728	TASAKI2020	000495.0004	PG-TASAKI2020-0495	PDF p. 495; print p. 485; §A.6.1; Theorem A.22	assertion	theorem	Theorem A.22 (Wigner’s theorem) Suppose that there is a map Γ̃ : P1 → P1 such that Tr[ P̂ P̂ ′ ] = Tr[Γ̃( P̂) Γ̃( P̂ ′ )] for any P̂, P̂ ′ ∈ P1 . Then there exists an operator V̂ , which is either unitary or antiunitary, such that Γ̃( P̂) = V̂ P̂ V̂ −1 for any P̂ ∈ P1 . (A.6.10)	PENDING	NONE	NONE	false	NONE	NONE	NONE
CL-TASAKI2020-2729	TASAKI2020	000495.0005	PG-TASAKI2020-0495	PDF p. 495; print p. 485; §A.6.1; equation (A.6.10)	assertion	equation	Γ̃( P̂) = V̂ P̂ V̂ −1 for any P̂ ∈ P1 . (A.6.10)	PENDING	NONE	NONE	false	NONE	NONE	NONE
CL-TASAKI2020-2730	TASAKI2020	000496.0001	PG-TASAKI2020-0496	PDF p. 496; print p. 486; §A.6.2; paragraph 2, atom 1	definition	definition	As a simple example, define the linear ∗-automorphism Γ1 by Γ1 ( Ŝx(1) ) = Ŝx(1) , Γ1 ( Ŝx(2) ) = − Ŝx(2) , and , Γ1 ( Ŝx(3) ) = − Ŝx(3) .	PENDING	NONE	NONE	false	NONE	NONE	NONE
CL-TASAKI2020-2731	TASAKI2020	000496.0002	PG-TASAKI2020-0496	PDF p. 496; print p. 486; §A.6.2; paragraph 2, atom 2	hypothesis	hypothesis	Now it is clear that this rule is consistent with the commutation relations only when we assume Γtr is an antilinear ∗-automorphism.	PENDING	NONE	NONE	false	NONE	NONE	NONE
CL-TASAKI2020-2732	TASAKI2020	000496.0003	PG-TASAKI2020-0496	PDF p. 496; print p. 486; §A.6.2; paragraph 2, atom 3	assertion	unnumbered_obligation	This approach is illuminating since the definition of Θ̂ in Sect. 2.3 looks rather ad hoc; given only the definition, one hardly understands the basic principle which guarantees the existence of the operator.	PENDING	NONE	NONE	false	NONE	NONE	NONE
CL-TASAKI2020-2733	TASAKI2020	000497.0001	PG-TASAKI2020-0497	PDF p. 497; print p. 487; §A.7; paragraph 2, atom 1	notation	notation	We again denote by Ŝx(α) for x ∈ Zd and α = 1, 2, 3 the α-component of the spin operator at site x.	PENDING	NONE	NONE	false	NONE	NONE	NONE
CL-TASAKI2020-2734	TASAKI2020	000497.0002	PG-TASAKI2020-0497	PDF p. 497; print p. 487; §A.7; paragraph 2, atom 2	domain	domain	Let Aloc be the algebra of local operators, i.e., the set of all polynomials (with complex coefficients) of the spin operators Ŝx(α) with x ∈ Zd and α = 1, 2, 3.	PENDING	NONE	NONE	false	NONE	NONE	NONE
CL-TASAKI2020-2735	TASAKI2020	000497.0003	PG-TASAKI2020-0497	PDF p. 497; print p. 487; §A.7; paragraph 2, atom 3	assertion	unnumbered_obligation	By definition, each Â ∈ Aloc is an operator which depends only on a finite number of spins, but there is no limit for this finite number.	PENDING	NONE	NONE	false	NONE	NONE	NONE
CL-TASAKI2020-2736	TASAKI2020	000497.0004	PG-TASAKI2020-0497	PDF p. 497; print p. 487; §A.7; paragraph 2, atom 4	definition	definition	For Â∈Aloc, define ∥Â∥ by identifying Â with the corresponding operator on the finite-dimensional Hilbert space ⊗_{x∈supp Â} hx and using (A.2.3).	PENDING	NONE	NONE	false	NONE	NONE	NONE
CL-TASAKI2020-2737	TASAKI2020	000497.0005	PG-TASAKI2020-0497	PDF p. 497; print p. 487; §A.7; equation (A.7.1)	assertion	equation	𝔄:=overline{𝔄_loc}. (A.7.1)	PENDING	NONE	NONE	false	NONE	NONE	NONE
CL-TASAKI2020-2738	TASAKI2020	000497.0006	PG-TASAKI2020-0497	PDF p. 497; print p. 487; §A.7; Definition A.23	definition	definition	Definition A.23 A state ρ on a quantum spin system is a linear map from A to ℂ satisfying ρ(1̂)=1 and ρ(Â†Â)≥0 for every Â∈A.	PENDING	NONE	NONE	false	NONE	NONE	NONE
CL-TASAKI2020-2739	TASAKI2020	000497.0007	PG-TASAKI2020-0497	PDF p. 497; print p. 487; §A.7; paragraph 3, atom 2	domain	domain	Take an arbitrary monomial ∏_{x∈S}(Ŝx^(αx))^nx of spin operators and define the state by (A.7.2).	PENDING	NONE	NONE	false	NONE	NONE	NONE
CL-TASAKI2020-2740	TASAKI2020	000497.0008	PG-TASAKI2020-0497	PDF p. 497; print p. 487; §A.7; equation (A.7.2)	assertion	equation	ρ(∏_{x∈S}(Ŝ_x^(α_x))^{n_x}) = ⟨Φ|∏_{x∈S∩Λ}(Ŝ_x^(α_x))^{n_x}|Φ⟩ ∏_{x∈S\Λ}{Tr_x[(Ŝ_x^(α_x))^{n_x}]/Tr_x[1̂]}. (A.7.2)	PENDING	NONE	NONE	false	NONE	NONE	NONE
CL-TASAKI2020-2741	TASAKI2020	000498.0001	PG-TASAKI2020-0498	PDF p. 498; print p. 488; §A.7; Theorem A.24	assertion	theorem	Theorem A.24 (Banach–Alaoglu theorem) The set of all states on A is compact with respect to the weak-∗ topology.	PENDING	NONE	NONE	false	NONE	NONE	NONE
CL-TASAKI2020-2742	TASAKI2020	000498.0002	PG-TASAKI2020-0498	PDF p. 498; print p. 488; §A.7; paragraph 2	domain	domain	Let ρ j (·) with j = 1, 2, . . . be an arbitrary infinite sequence of states on A.	PENDING	NONE	NONE	false	NONE	NONE	NONE
CL-TASAKI2020-2743	TASAKI2020	000498.0003	PG-TASAKI2020-0498	PDF p. 498; print p. 488; §A.7; equation (A.7.3)	assertion	equation	lim_{i↑∞}ρ_{j(i)}(Â) = ρ_∞(Â). (A.7.3)	PENDING	NONE	NONE	false	NONE	NONE	NONE
CL-TASAKI2020-2744	TASAKI2020	000498.0004	PG-TASAKI2020-0498	PDF p. 498; print p. 488; §A.7; paragraph 4, atom 1	assertion	unnumbered_obligation	Ground states In order to define the notion of ground states, we need to introduce the Hamiltonian of the system.	PENDING	NONE	NONE	false	NONE	NONE	NONE
CL-TASAKI2020-2745	TASAKI2020	000498.0005	PG-TASAKI2020-0498	PDF p. 498; print p. 488; §A.7; paragraph 4, atom 2	hypothesis	hypothesis	We assume, for any x ∈ Zd , that supp ĥ x ⊂ {y ∈ Zd | |y − x| ≤ R} for a fixed constant R, and ∥ĥ x ∥ ≤ h 0 for another fixed constant h 0 .	PENDING	NONE	NONE	false	NONE	NONE	NONE
CL-TASAKI2020-2746	TASAKI2020	000498.0006	PG-TASAKI2020-0498	PDF p. 498; print p. 488; §A.7; paragraph 4, atom 3	definition	definition	More importantly, the commutator between the Hamiltonian and an arbitrary local operator Â ∈ A_loc is defined by (A.7.4).	PENDING	NONE	NONE	false	NONE	NONE	NONE
CL-TASAKI2020-2747	TASAKI2020	000498.0007	PG-TASAKI2020-0498	PDF p. 498; print p. 488; §A.7; equation (A.7.4)	assertion	equation	[Ĥ,Â]:=[∑_(x∈Λ_L)ĥ_x,Â]∈𝔄_loc. (A.7.4)	PENDING	NONE	NONE	false	NONE	NONE	NONE
CL-TASAKI2020-2748	TASAKI2020	000498.0008	PG-TASAKI2020-0498	PDF p. 498; print p. 488; §A.7; paragraph 7, atom 1	assertion	unnumbered_obligation	Then the following is the standard definition of a ground state.	PENDING	NONE	NONE	false	NONE	NONE	NONE
CL-TASAKI2020-2749	TASAKI2020	000498.0009	PG-TASAKI2020-0498	PDF p. 498; print p. 488; §A.7; Definition A.25	definition	definition	Definition A.25 A state ω is a ground state of a quantum spin system on ℤ^d with Hamiltonian Ĥ exactly when ω(Â†[Ĥ,Â])≥0 for every Â∈A_loc.	PENDING	NONE	NONE	false	NONE	NONE	NONE
CL-TASAKI2020-2750	TASAKI2020	000498.0010	PG-TASAKI2020-0498	PDF p. 498; print p. 488; §A.7; equation (A.7.5)	assertion	equation	⟨Ψ|Ĥ|Ψ⟩≥E_GS. (A.7.5)	PENDING	NONE	NONE	false	NONE	NONE	NONE
CL-TASAKI2020-2751	TASAKI2020	000499.0001	PG-TASAKI2020-0499	PDF p. 499; print p. 489; §A.7; equation (A.7.6)	assertion	equation	Ĥ_L := ∑_{x∈Λ_L}ĥ_x. (A.7.6)	PENDING	NONE	NONE	false	NONE	NONE	NONE
CL-TASAKI2020-3236	TASAKI2020	000499.0002	PG-TASAKI2020-0499	PDF p. 499; print p. 489; §A.7; paragraph 3; v5 repair split atom 1/2	definition	definition	Define Λ̄_L={x∈ℤ^d | |x−y|≤R for some y∈Λ_L}; this enlargement includes every ĥ_x whose support may overlap Λ_L.	PENDING	NONE	NONE	false	NONE	NONE	NONE
CL-TASAKI2020-3237	TASAKI2020	000499.0003	PG-TASAKI2020-0499	PDF p. 499; print p. 489; §A.7; paragraph 3; v5 repair split atom 2/2	definition	definition	Define C_L^ω as the set of states ω′ that agree with ω outside Λ_L: ω(Â)=ω′(Â) whenever Â∈A_loc and supp Â∩Λ_L=∅.	PENDING	NONE	NONE	false	NONE	NONE	NONE
CL-TASAKI2020-2753	TASAKI2020	000499.0004	PG-TASAKI2020-0499	PDF p. 499; print p. 489; §A.7; Theorem A.26	assertion	theorem	Theorem A.26 A state ω(·) is a ground state of a quantum spin system on ℤ^d with the Hamiltonian Ĥ if and only if ω(Ĥ_L) = inf_{ω′∈C_L^ω} ω′(Ĥ_L) (A.7.7) for any L.	PENDING	NONE	NONE	false	NONE	NONE	NONE
CL-TASAKI2020-2754	TASAKI2020	000499.0005	PG-TASAKI2020-0499	PDF p. 499; print p. 489; §A.7; equation (A.7.7)	assertion	equation	ω(Ĥ_L)=inf_(ω′∈𝒞_L)ω′(Ĥ_L). (A.7.7)	PENDING	NONE	NONE	false	NONE	NONE	NONE
CL-TASAKI2020-2755	TASAKI2020	000499.0006	PG-TASAKI2020-0499	PDF p. 499; print p. 489; §A.7; Definition A.27	definition	definition	Definition A.27 A unique ground state ω has a nonzero energy gap exactly when there is γ>0 such that ω(Â†[Ĥ,Â])≥γ ω(Â†Â) for every Â∈A_loc with ω(Â)=0.	PENDING	NONE	NONE	false	NONE	NONE	NONE
CL-TASAKI2020-2756	TASAKI2020	000499.0007	PG-TASAKI2020-0499	PDF p. 499; print p. 489; §A.7; paragraph 5, atom 2	domain	domain	Gelfand–Naimark–Segal (GNS) construction Let H be a Hilbert space, and denote by B(H ) the set of all bounded operators on H .	PENDING	NONE	NONE	false	NONE	NONE	NONE
CL-TASAKI2020-2757	TASAKI2020	000500.0001	PG-TASAKI2020-0500	PDF p. 500; print p. 490; §A.7; equation (A.7.8)	assertion	equation	π(αÂ+βB̂)=απ(Â)+βπ(B̂). (A.7.8)	PENDING	NONE	NONE	false	NONE	NONE	NONE
CL-TASAKI2020-2758	TASAKI2020	000500.0002	PG-TASAKI2020-0500	PDF p. 500; print p. 490; §A.7; equation (A.7.9)	assertion	equation	π(ÂB̂)=π(Â)π(B̂). (A.7.9)	PENDING	NONE	NONE	false	NONE	NONE	NONE
CL-TASAKI2020-2759	TASAKI2020	000500.0003	PG-TASAKI2020-0500	PDF p. 500; print p. 490; §A.7; equation (A.7.10)	assertion	equation	π(Â†)=π(Â)†. (A.7.10)	PENDING	NONE	NONE	false	NONE	NONE	NONE
CL-TASAKI2020-2760	TASAKI2020	000500.0004	PG-TASAKI2020-0500	PDF p. 500; print p. 490; §A.7; equation (A.7.11)	assertion	equation	ρ( Â) = ⟨Ωρ , πρ ( Â) Ωρ ⟩, (A.7.11)	PENDING	NONE	NONE	false	NONE	NONE	NONE
CL-TASAKI2020-2761	TASAKI2020	000500.0005	PG-TASAKI2020-0500	PDF p. 500; print p. 490; §A.7; equation (A.7.12)	assertion	equation	⟨ Â, B̂⟩ := ρ( Â† B̂). (A.7.12)	PENDING	NONE	NONE	false	NONE	NONE	NONE
CL-TASAKI2020-2762	TASAKI2020	000500.0006	PG-TASAKI2020-0500	PDF p. 500; print p. 490; §A.7; equation (A.7.13)	assertion	equation	Â ∼ B̂ ⇐⇒ ⟨( Â − B̂), ( Â − B̂)⟩ = 0. (A.7.13)	PENDING	NONE	NONE	false	NONE	NONE	NONE
CL-TASAKI2020-2763	TASAKI2020	000500.0007	PG-TASAKI2020-0500	PDF p. 500; print p. 490; §A.7; Theorem A.28	assertion	theorem	Theorem A.28 (GNS construction) Let ρ(·) be a state on A. Then there exist a separable Hilbert space H_ρ, a map π_ρ : A → B(H_ρ), and a vector Ω_ρ such that (H_ρ, π_ρ) is a representation of A, and ρ(Â) = ⟨Ω_ρ, π_ρ(Â)Ω_ρ⟩, (A.7.11) for any Â ∈ A. Here ⟨·,·⟩ denotes the inner product of H_ρ. The set of vectors {π_ρ(Â)Ω_ρ | Â ∈ A} is dense in the Hilbert space H_ρ.	PENDING	NONE	NONE	false	NONE	NONE	NONE
CL-TASAKI2020-2765	TASAKI2020	000500.0008	PG-TASAKI2020-0500	PDF p. 500; print p. 490; §A.7; paragraph 10	definition	definition	We can naturally define the representation π_ρ by π_ρ(Â)ψ_B̂ = ψ_{ÂB̂} for any Â, B̂ ∈ A.	PENDING	NONE	NONE	false	NONE	NONE	NONE
CL-TASAKI2020-2766	TASAKI2020	000501.0001	PG-TASAKI2020-0501	PDF p. 501; print p. 491; §A.7; equation (A.7.14)	assertion	equation	⟨Ωρ , πρ ( Â)Ωρ ⟩ = ⟨ψ1̂ , ψ Â ⟩ = ⟨1̂, Â⟩ = ρ( Â), (A.7.14)	PENDING	NONE	NONE	false	NONE	NONE	NONE
CL-TASAKI2020-2767	TASAKI2020	000502.0001	PG-TASAKI2020-0502	PDF p. 502; print p. 493; NONE; equation (S.1)	assertion	equation	|ψ^σ⟩⟨ψ^σ| = ∏_{τ=−S, τ≠σ}^S ((Ŝ^(3)−τ1̂)/(σ−τ)). (S.1)	PENDING	NONE	NONE	false	NONE	NONE	NONE
CL-TASAKI2020-2769	TASAKI2020	000502.0002	PG-TASAKI2020-0502	PDF p. 502; print p. 493; NONE; equation (S.2)	assertion	equation	e^(−iθŜ^(α)) = ∑_{n=0}^∞ (−iθ/2)^n(2Ŝ^(α))^n/n! = ∑_{n even}(−iθ/2)^n1̂/n! + ∑_{n odd}(−iθ/2)^n2Ŝ^(α)/n! = cos(θ/2)1̂ − 2i sin(θ/2)Ŝ^(α). (S.2)	PENDING	NONE	NONE	false	NONE	NONE	NONE
CL-TASAKI2020-2770	TASAKI2020	000502.0003	PG-TASAKI2020-0502	PDF p. 502; print p. 493; NONE; paragraph 4, atom 2	assertion	unnumbered_obligation	The relation (Ŝ^(α))³ = Ŝ^(α) implies e^(−iθŜ^(α)) = a(θ)1̂ + b(θ)Ŝ^(α) + c(θ)(Ŝ^(α))², with a(0) = 1 and b(0) = c(0) = 0.	PENDING	NONE	NONE	false	NONE	NONE	NONE
CL-TASAKI2020-2771	TASAKI2020	000502.0004	PG-TASAKI2020-0502	PDF p. 502; print p. 493; NONE; paragraph 4, atom 3	assertion	unnumbered_obligation	The coefficients satisfy a′(θ) = 0, b′(θ) = −i{a(θ) + c(θ)}, and c′(θ) = −ib(θ), with unique solution a(θ) = 1, b(θ) = −i sin θ, and c(θ) = cos θ − 1.	PENDING	NONE	NONE	false	NONE	NONE	NONE
CL-TASAKI2020-2772	TASAKI2020	000503.0001	PG-TASAKI2020-0503	PDF p. 503; print p. 494; NONE; equation (S.3)	assertion	equation	Ûθ(α) = 1̂ − i(sin θ ) Ŝ (α) + (cos θ − 1)( Ŝ (α) )2 . (S.3)	PENDING	NONE	NONE	false	NONE	NONE	NONE
CL-TASAKI2020-2773	TASAKI2020	000503.0002	PG-TASAKI2020-0503	PDF p. 503; print p. 494; NONE; paragraph 3	domain	domain	Equation (2.1.9) gives (S.3) for α=3; the identical algebra of the three spin components gives it for α=1,2 as well.	PENDING	NONE	NONE	false	NONE	NONE	NONE
CL-TASAKI2020-2775	TASAKI2020	000503.0003	PG-TASAKI2020-0503	PDF p. 503; print p. 494; NONE; equation (S.4)	assertion	equation	Û_θ^(1)=[[cos(θ/2),−i sin(θ/2)],[−i sin(θ/2),cos(θ/2)]], Û_θ^(2)=[[cos(θ/2),−sin(θ/2)],[sin(θ/2),cos(θ/2)]], Û_θ^(3)=[[e^(−iθ/2),0],[0,e^(iθ/2)]]. (S.4)	PENDING	NONE	NONE	false	NONE	NONE	NONE
CL-TASAKI2020-2776	TASAKI2020	000503.0004	PG-TASAKI2020-0503	PDF p. 503; print p. 494; NONE; equation (S.5)	assertion	equation	|ψ_{θ,ϕ}⟩ = diag(e^{−iϕ/2}, e^{iϕ/2}) ((cos(θ/2), −sin(θ/2)); (sin(θ/2), cos(θ/2))) (1;0) = (e^{−iϕ/2}cos(θ/2); e^{iϕ/2}sin(θ/2)). (S.5)	PENDING	NONE	NONE	false	NONE	NONE	NONE
CL-TASAKI2020-2777	TASAKI2020	000503.0005	PG-TASAKI2020-0503	PDF p. 503; print p. 494; NONE; equation (S.6)	assertion	equation	Ŝ·n(θ,φ)=(1/2)[[cosθ,e^(−iφ)sinθ],[e^(iφ)sinθ,−cosθ]]. (S.6)	PENDING	NONE	NONE	false	NONE	NONE	NONE
CL-TASAKI2020-2778	TASAKI2020	000503.0006	PG-TASAKI2020-0503	PDF p. 503; print p. 494; NONE; paragraph 6, atom 1	assertion	unnumbered_obligation	Another (more illuminating) way to confirm the relation is to first note that (2.1.20) implies Û Ŝ (3) Û † = Ŝ · n(θ, ϕ) where Û = Ûϕ(3) Ûθ(2) .	PENDING	NONE	NONE	false	NONE	NONE	NONE
CL-TASAKI2020-2779	TASAKI2020	000503.0007	PG-TASAKI2020-0503	PDF p. 503; print p. 494; NONE; equation (S.7)	assertion	equation	{Ŝ·n(θ,φ)}|ψ_(θ,φ)⟩=ÛŜ^(3)Û†Û|ψ^↑⟩=(1/2)Û|ψ^↑⟩=(1/2)|ψ_(θ,φ)⟩. (S.7)	PENDING	NONE	NONE	false	NONE	NONE	NONE
CL-TASAKI2020-2780	TASAKI2020	000503.0008	PG-TASAKI2020-0503	PDF p. 503; print p. 494; NONE; equation (S.8)	assertion	equation	|ψ′_(0,1,0)⟩ = Û_(−π/2)^(1)|ψ^↑⟩ = (1/√2)[[1,i],[i,1]](1,0)^t = (1/√2)(1,i)^t. (S.8)	PENDING	NONE	NONE	false	NONE	NONE	NONE
CL-TASAKI2020-2781	TASAKI2020	000503.0009	PG-TASAKI2020-0503	PDF p. 503; print p. 494; NONE; paragraph 6, atom 3	assertion	unnumbered_obligation	|ψ′_(0,1,0)⟩ = e^(iπ/4)|ψ_(0,1,0)⟩.	PENDING	NONE	NONE	false	NONE	NONE	NONE
CL-TASAKI2020-2782	TASAKI2020	000504.0001	PG-TASAKI2020-0504	PDF p. 504; print p. 495; NONE; equation (S.9)	assertion	equation	Û_{−π/2}^(1) = (1/2)[[1,√2i,−1],[√2i,0,√2i],[−1,√2i,1]],  Û_{π/2}^(2) = (1/2)[[1,−√2,1],[√2,0,−√2],[1,√2,1]],  Û_{π/2}^(3) = (1/√2)[[−i,0,0],[0,1,0],[0,0,i]]. (S.9)	PENDING	NONE	NONE	false	NONE	NONE	NONE
CL-TASAKI2020-2783	TASAKI2020	000504.0002	PG-TASAKI2020-0504	PDF p. 504; print p. 495; NONE; equation (S.10)	assertion	equation	|ψ_{(0,1,0)}⟩ = Û_{π/2}^(3)Û_{π/2}^(2)|ψ_1⟩ = (1/2)(−i,√2,i)^t. (S.10)	PENDING	NONE	NONE	false	NONE	NONE	NONE
CL-TASAKI2020-2784	TASAKI2020	000504.0003	PG-TASAKI2020-0504	PDF p. 504; print p. 495; NONE; equation (S.11)	assertion	equation	|ψ′_(0,1,0)⟩=Û_(−π/2)^(1)|ψ^1⟩=(1/2)(1,√2i,−1)^t. (S.11)	PENDING	NONE	NONE	false	NONE	NONE	NONE
CL-TASAKI2020-3238	TASAKI2020	000504.0004	PG-TASAKI2020-0504	PDF p. 504; print p. 495; NONE; paragraph 3; v5 repair split atom 1/3	assertion	unnumbered_obligation	The two constructions of the spin-one state pointing in the positive 2-direction differ by the phase i; the same relation follows by representing spin one as two spin-one-half degrees of freedom.	PENDING	NONE	NONE	false	NONE	NONE	NONE
CL-TASAKI2020-3239	TASAKI2020	000504.0005	PG-TASAKI2020-0504	PDF p. 504; print p. 495; NONE; paragraph 3; v5 repair split atom 2/3	assertion	unnumbered_obligation	A 180° rotation about the y-axis followed by a 180° rotation about the x-axis equals a 180° rotation about the z-axis.	PENDING	NONE	NONE	false	NONE	NONE	NONE
CL-TASAKI2020-3240	TASAKI2020	000504.0006	PG-TASAKI2020-0504	PDF p. 504; print p. 495; NONE; paragraph 3; atom 1	assertion	unnumbered_obligation	For spin S, the basis state |ψ^σ⟩ is the normalized symmetric sum of 2S spin-one-half basis states with S+σ up spins and S−σ down spins, as in (S.12).	PENDING	NONE	NONE	false	NONE	NONE	NONE
CL-TASAKI2020-3384	TASAKI2020	000504.0007	PG-TASAKI2020-0504	PDF p. 504; print p. 495; NONE; paragraph 3; atom 2	assertion	unnumbered_obligation	The representation (S.12) yields (2.1.34).	PENDING	NONE	NONE	false	NONE	NONE	NONE
CL-TASAKI2020-2786	TASAKI2020	000504.0008	PG-TASAKI2020-0504	PDF p. 504; print p. 495; NONE; equation (S.12)	assertion	equation	|ψ^σ⟩ = binom(2S,n_↑)^(−1/2)∑_{σ_1,…,σ_{2S}=±1/2; ∑_jσ_j=σ}|ψ_1^{σ_1}⟩⊗⋯⊗|ψ_{2S}^{σ_{2S}}⟩. (S.12)	PENDING	NONE	NONE	false	NONE	NONE	NONE
CL-TASAKI2020-2787	TASAKI2020	000504.0009	PG-TASAKI2020-0504	PDF p. 504; print p. 495; NONE; paragraph 4	assertion	unnumbered_obligation	There are n ↑ = S + σ spins with σ j = 1/2, and n ↓ = S − σ spins with σ j = −1/2 in each term of (S.12).	PENDING	NONE	NONE	false	NONE	NONE	NONE
CL-TASAKI2020-2788	TASAKI2020	000504.0010	PG-TASAKI2020-0504	PDF p. 504; print p. 495; NONE; equation (S.13)	assertion	equation	e^(−iπŜ^(α)) = ∏_{j=1}^{2S}(−2iŜ_j^(α)) = {(−i)^(2S)∏_{j=1}^{2S}(Ŝ_j^+ + Ŝ_j^−) if α=1; ∏_{j=1}^{2S}(−Ŝ_j^+ + Ŝ_j^−) if α=2}. (S.13)	PENDING	NONE	NONE	false	NONE	NONE	NONE
CL-TASAKI2020-2789	TASAKI2020	000505.0001	PG-TASAKI2020-0505	PDF p. 505; print p. 496; NONE; paragraph 1, atom 1	hypothesis	hypothesis	To show the orthogonality, suppose that Ûπ(α) |Φ⟩ = c|Φ⟩.	PENDING	NONE	NONE	false	NONE	NONE	NONE
CL-TASAKI2020-2790	TASAKI2020	000505.0002	PG-TASAKI2020-0505	PDF p. 505; print p. 496; NONE; paragraph 1, atom 2	assertion	unnumbered_obligation	Note that we have |c| = 1.	PENDING	NONE	NONE	false	NONE	NONE	NONE
CL-TASAKI2020-2791	TASAKI2020	000505.0003	PG-TASAKI2020-0505	PDF p. 505; print p. 496; NONE; equation (S.14)	assertion	equation	Û_φ^(3)Û_θ^(2)|↑⟩₁|↓⟩₂=(e^(−iφ/2)cos(θ/2)|↑⟩₁+e^(iφ/2)sin(θ/2)|↓⟩₁)⊗(−e^(−iφ/2)sin(θ/2)|↑⟩₂+e^(iφ/2)cos(θ/2)|↓⟩₂)=−e^(−iφ)cos(θ/2)sin(θ/2)|↑⟩₁|↑⟩₂+e^(iφ)cos(θ/2)sin(θ/2)|↓⟩₁|↓⟩₂+cos²(θ/2)|↑⟩₁|↓⟩₂−sin²(θ/2)|↓⟩₁|↑⟩₂. (S.14)	PENDING	NONE	NONE	false	NONE	NONE	NONE
CL-TASAKI2020-2792	TASAKI2020	000505.0004	PG-TASAKI2020-0505	PDF p. 505; print p. 496; NONE; equation (S.15)	assertion	equation	Û_φ^(3)Û_θ^(2)|↑⟩₁|↑⟩₂=(e^(−iφ/2)cos(θ/2)|↑⟩₁+e^(iφ/2)sin(θ/2)|↓⟩₁)⊗(e^(−iφ/2)cos(θ/2)|↑⟩₂+e^(iφ/2)sin(θ/2)|↓⟩₂)=−e^(−iφ)cos²(θ/2)|↑⟩₁|↑⟩₂+e^(iφ)sin²(θ/2)|↓⟩₁|↓⟩₂+cos(θ/2)sin(θ/2)(|↑⟩₁|↓⟩₂+|↓⟩₁|↑⟩₂). (S.15)	PENDING	NONE	NONE	false	NONE	NONE	NONE
CL-TASAKI2020-2793	TASAKI2020	000505.0005	PG-TASAKI2020-0505	PDF p. 505; print p. 496; NONE; equation (S.16)	assertion	equation	Û|↑⟩_1|↓⟩_2 = √2(1/2+ÛŜ_1^(3)Û†)(1/2−ÛŜ_2^(3)Û†)|Φ_{0,0}⟩ = √2(1/2+Ŝ_1·n)(1/2−Ŝ_2·n)|Φ_{0,0}⟩. (S.16)	PENDING	NONE	NONE	false	NONE	NONE	NONE
CL-TASAKI2020-3225	TASAKI2020	000505.0006	PG-TASAKI2020-0505	PDF p. 505; print p. 496; NONE; paragraph 6, atom 1; audit split atom 1/2	assertion	subclaim	The final expression in (S.16) depends only on n.	PENDING	NONE	NONE	false	NONE	NONE	NONE
CL-TASAKI2020-3226	TASAKI2020	000505.0007	PG-TASAKI2020-0505	PDF p. 505; print p. 496; NONE; paragraph 6, atom 1; audit split atom 2/2	assertion	subclaim	If V is antiunitary, then ⟨Vu,Vv⟩ = ⟨v,u⟩ for all u and v.	PENDING	NONE	NONE	false	NONE	NONE	NONE
CL-TASAKI2020-3227	TASAKI2020	000505.0008	PG-TASAKI2020-0505	PDF p. 505; print p. 496; NONE; paragraph 6, atom 2; audit split atom 1/2	assertion	subclaim	Setting u = Vv gives ⟨v,Vv⟩ = ⟨V²v,Vv⟩ = −⟨v,Vv⟩, hence ⟨v,Vv⟩ = 0.	PENDING	NONE	NONE	false	NONE	NONE	NONE
CL-TASAKI2020-3228	TASAKI2020	000505.0009	PG-TASAKI2020-0505	PDF p. 505; print p. 496; NONE; paragraph 6, atom 2; audit split atom 2/2	assertion	subclaim	In each subspace H_M there is at least one ground state |Φ_M⟩.	PENDING	NONE	NONE	false	NONE	NONE	NONE
CL-TASAKI2020-2796	TASAKI2020	000505.0010	PG-TASAKI2020-0505	PDF p. 505; print p. 496; NONE; paragraph 6, atom 3	domain	domain	Fix |Λ|S θ ∈ (0, π) and write Ûθ(2) |Φ ↑ ⟩ = M=−|Λ|S c M |Φ M ⟩.	PENDING	NONE	NONE	false	NONE	NONE	NONE
CL-TASAKI2020-2797	TASAKI2020	000506.0001	PG-TASAKI2020-0506	PDF p. 506; print p. 497; NONE; equation (S.17)	assertion	equation	∫_0^(2π) dϕ e^(iMϕ)|Ξθ,ϕ⟩ = ∫_0^(2π) dϕ ∑_{M′=−|Λ|S}^{|Λ|S} cM′ e^(i(M−M′)ϕ)|ΦM′⟩ = 2πcM|ΦM⟩. (S.17)	PENDING	NONE	NONE	false	NONE	NONE	NONE
CL-TASAKI2020-2798	TASAKI2020	000506.0002	PG-TASAKI2020-0506	PDF p. 506; print p. 497; NONE; equation (S.18)	assertion	equation	|Ξ_{θ,ϕ}⟩ = ⊗_{x∈Λ}|ψ_{θ,ϕ}⟩_x = ⊗_{x∈Λ}{e^(−iϕ/2)cos(θ/2)|ψ_x^↑⟩+e^(iϕ/2)sin(θ/2)|ψ_x^↓⟩}. (S.18)	PENDING	NONE	NONE	false	NONE	NONE	NONE
CL-TASAKI2020-2799	TASAKI2020	000506.0003	PG-TASAKI2020-0506	PDF p. 506; print p. 497; NONE; equation (S.19)	assertion	equation	|Ξθ,ϕ⟩ = ∑_{M=−Smax}^{Smax} √{(2Smax)!/[(Smax+M)!(Smax−M)!]} e^(−iMϕ/2)(cos(θ/2))^(Smax+M)(sin(θ/2))^(Smax−M)|ΦM⟩. (S.19)	PENDING	NONE	NONE	false	NONE	NONE	NONE
CL-TASAKI2020-2800	TASAKI2020	000506.0004	PG-TASAKI2020-0506	PDF p. 506; print p. 497; NONE; equation (S.20)	assertion	equation	(RHS) = ∑_{{x,y}∈B}{−|g_x|²−|g_y|²+(g_x)*g_y+g_x(g_y)*} = −∑_{x∈Λ}|N(x)||g_x|²+∑_{x,y∈Λ; {x,y}∈B}(g_x)*g_y. (S.20)	PENDING	NONE	NONE	false	NONE	NONE	NONE
CL-TASAKI2020-2801	TASAKI2020	000506.0005	PG-TASAKI2020-0506	PDF p. 506; print p. 497; NONE; equation (S.21)	assertion	equation	1/2 {|J−S|(|J−S|+1) − S(S+1) − J(J+1)} = −JS − min{J,S}. (S.21)	PENDING	NONE	NONE	false	NONE	NONE	NONE
CL-TASAKI2020-3241	TASAKI2020	000507.0001	PG-TASAKI2020-0507	PDF p. 507; print p. 498; NONE; paragraph 1, atom 1; v5 repair split atom 1/2	assertion	unnumbered_obligation	For the d-dimensional hypercubic lattice, |N(x)|=2d and |Λ|=L^d, so E_GS≥−L^dS(1+2dS)/2.	PENDING	NONE	NONE	false	NONE	NONE	NONE
CL-TASAKI2020-3242	TASAKI2020	000507.0002	PG-TASAKI2020-0507	PDF p. 507; print p. 498; NONE; paragraph 1, atom 1; v5 repair split atom 2/2	assertion	unnumbered_obligation	Ground-state uniqueness and SU(2) invariance imply ⟨Φ_GS|(Ŝ_x^(1))²|Φ_GS⟩=⟨Φ_GS|(Ŝ_x^(2))²|Φ_GS⟩=⟨Φ_GS|(Ŝ_x^(3))²|Φ_GS⟩ for every x.	PENDING	NONE	NONE	false	NONE	NONE	NONE
CL-TASAKI2020-3243	TASAKI2020	000507.0003	PG-TASAKI2020-0507	PDF p. 507; print p. 498; NONE; paragraph 1, atom 2; v5 repair split atom 1/2	assertion	unnumbered_obligation	Since (Ŝ_x^(1))²+(Ŝ_x^(2))²+(Ŝ_x^(3))²=S(S+1), equality of the three expectations gives (2.5.6).	PENDING	NONE	NONE	false	NONE	NONE	NONE
CL-TASAKI2020-3244	TASAKI2020	000507.0004	PG-TASAKI2020-0507	PDF p. 507; print p. 498; NONE; paragraph 1, atom 2; v5 repair split atom 2/2	assertion	unnumbered_obligation	SU(2) invariance implies the correlation identity (S.22).	PENDING	NONE	NONE	false	NONE	NONE	NONE
CL-TASAKI2020-2804	TASAKI2020	000507.0005	PG-TASAKI2020-0507	PDF p. 507; print p. 498; NONE; equation (S.22)	assertion	equation	⟨Φ_GS|Ŝ_x·Ŝ_y|Φ_GS⟩=(3/2)⟨Φ_GS|(Ŝ_x^(1)Ŝ_y^(1)+Ŝ_x^(2)Ŝ_y^(2))|Φ_GS⟩=(3/4)⟨Φ_GS|(Ŝ_x^+Ŝ_y^−+Ŝ_x^−Ŝ_y^+)|Φ_GS⟩. (S.22)	PENDING	NONE	NONE	false	NONE	NONE	NONE
CL-TASAKI2020-2805	TASAKI2020	000507.0006	PG-TASAKI2020-0507	PDF p. 507; print p. 498; NONE; paragraph 3	assertion	unnumbered_obligation	Since Û²=1̂, we have Û|Φ_GS⟩=∑_{σ:σ̄=0}c_σ|Ψ^σ⟩.	PENDING	NONE	NONE	false	NONE	NONE	NONE
CL-TASAKI2020-2806	TASAKI2020	000507.0007	PG-TASAKI2020-0507	PDF p. 507; print p. 498; NONE; equation (S.23)	assertion	equation	(−1)^x(−1)^y⟨Φ_GS|Ŝ_x^+Ŝ_y^−|Φ_GS⟩ = ⟨Φ_GS|ÛŜ_x^+Ŝ_y^−Û|Φ_GS⟩ = ∑_{σ,τ; σ̄=τ̄=0}c_σc_τ⟨Ψ^σ|Ŝ_x^+Ŝ_y^−|Ψ^τ⟩. (S.23)	PENDING	NONE	NONE	false	NONE	NONE	NONE
CL-TASAKI2020-2807	TASAKI2020	000507.0008	PG-TASAKI2020-0507	PDF p. 507; print p. 498; NONE; equation (S.24)	assertion	equation	⟨Φ^↑|Ĥ|Φ^↑⟩=⟨Φ^↓|Ĥ|Φ^↓⟩=E_GS^(0)=−(L−1)/4. (S.24)	PENDING	NONE	NONE	false	NONE	NONE	NONE
CL-TASAKI2020-2808	TASAKI2020	000507.0009	PG-TASAKI2020-0507	PDF p. 507; print p. 498; NONE; equation (S.25)	assertion	equation	⟨Φ_j^(↑↓)|Ĥ|Φ_j^(↑↓)⟩=⟨Φ_j^(↓↑)|Ĥ|Φ_j^(↓↑)⟩=E_GS^(0)+1/2. (S.25)	PENDING	NONE	NONE	false	NONE	NONE	NONE
CL-TASAKI2020-2809	TASAKI2020	000507.0010	PG-TASAKI2020-0507	PDF p. 507; print p. 498; NONE; equation (S.26)	assertion	equation	⟨Φ_j^(↑↓)|Ĥ|Φ_(j+1)^(↑↓)⟩=⟨Φ_j^(↓↑)|Ĥ|Φ_(j+1)^(↓↑)⟩=−λ/2. (S.26)	PENDING	NONE	NONE	false	NONE	NONE	NONE
CL-TASAKI2020-2810	TASAKI2020	000507.0011	PG-TASAKI2020-0507	PDF p. 507; print p. 498; Solutions; proof claim line 18	assertion	subclaim	In the solution of Problem 2.5.d, it suffices to prove that ⟨Φ_GS|Ŝ_x^+Ŝ_y^-|Φ_GS⟩ is nonzero and has the sign specified in (2.5.7).	PENDING	NONE	NONE	false	NONE	NONE	NONE
CL-TASAKI2020-2811	TASAKI2020	000507.0012	PG-TASAKI2020-0507	PDF p. 507; print p. 498; Solutions; proof claim line 18, atom 2	assertion	subclaim	For the unitary operator U in the hint to Problem 2.5.d, U S_x^± U = (−1)^x S_x^±.	PENDING	NONE	NONE	false	NONE	NONE	NONE
CL-TASAKI2020-2812	TASAKI2020	000508.0001	PG-TASAKI2020-0508	PDF p. 508; print p. 499; NONE; equation (S.27)	assertion	equation	⟨Φ^↑|Ĥ|Φ_1^(↓↑)⟩=⟨Φ^↑|Ĥ|Φ_(L−1)^(↑↓)⟩=⟨Φ^↓|Ĥ|Φ_1^(↑↓)⟩=⟨Φ^↓|Ĥ|Φ_(L−1)^(↓↑)⟩=−λ/2. (S.27)	PENDING	NONE	NONE	false	NONE	NONE	NONE
CL-TASAKI2020-2813	TASAKI2020	000508.0002	PG-TASAKI2020-0508	PDF p. 508; print p. 499; NONE; equation (S.28)	assertion	equation	|Φ⟩ = ϕ_0|Φ_↓⟩+∑_{j=1}^{L−1}ϕ_j|Φ_j^{↑↓}⟩+ϕ_L|Φ_↑⟩+∑_{j=1}^{L−1}ϕ_{j+L}|Φ_j^{↓↑}⟩. (S.28)	PENDING	NONE	NONE	false	NONE	NONE	NONE
CL-TASAKI2020-2814	TASAKI2020	000508.0003	PG-TASAKI2020-0508	PDF p. 508; print p. 499; NONE; equation (S.29)	assertion	equation	Ĥ|Φ⟩=(E_GS^(0)+ε)|Φ⟩. (S.29)	PENDING	NONE	NONE	false	NONE	NONE	NONE
CL-TASAKI2020-2815	TASAKI2020	000508.0004	PG-TASAKI2020-0508	PDF p. 508; print p. 499; NONE; equation (S.30)	assertion	equation	εϕ_j=−(λ/2)(ϕ_{j−1}+ϕ_{j+1})+v_jϕ_j. (S.30)	PENDING	NONE	NONE	false	NONE	NONE	NONE
CL-TASAKI2020-2816	TASAKI2020	000508.0005	PG-TASAKI2020-0508	PDF p. 508; print p. 499; NONE; equation (S.31)	assertion	equation	ε=−(λ/2)(e^κ+e^(−κ))+1/2. (S.31)	PENDING	NONE	NONE	false	NONE	NONE	NONE
CL-TASAKI2020-2817	TASAKI2020	000508.0006	PG-TASAKI2020-0508	PDF p. 508; print p. 499; Solutions; Note unnumbered line 50	assertion	remark	Equation (S.30) is the tight-binding Schrödinger equation on a periodic chain with two potential wells at j=0 and j=L.	PENDING	NONE	NONE	false	NONE	NONE	NONE
CL-TASAKI2020-2818	TASAKI2020	000509.0001	PG-TASAKI2020-0509	PDF p. 509; print p. 500; NONE; paragraph 1	assertion	unnumbered_obligation	From the symmetry we see that there are two independent low energy eigenstates in which the “particle” is bound at j = 0 and L.	PENDING	NONE	NONE	false	NONE	NONE	NONE
CL-TASAKI2020-2819	TASAKI2020	000509.0002	PG-TASAKI2020-0509	PDF p. 509; print p. 500; NONE; equation (S.32)	assertion	equation	ϕ_j={e^(−κj)±e^(−κ(L−j)) for j=0,…,L; ±e^(−κ(j−L))+e^(−κ(2L−j)) for j=L,…,2L}. (S.32)	PENDING	NONE	NONE	false	NONE	NONE	NONE
CL-TASAKI2020-2820	TASAKI2020	000509.0003	PG-TASAKI2020-0509	PDF p. 509; print p. 500; NONE; equation (S.33)	assertion	equation	ε(1±e^(−κL))=−λ(e^(−κ)±e^(−κ(L−1))). (S.33)	PENDING	NONE	NONE	false	NONE	NONE	NONE
CL-TASAKI2020-2821	TASAKI2020	000509.0004	PG-TASAKI2020-0509	PDF p. 509; print p. 500; NONE; equation (S.34)	assertion	equation	e^κ−e^(−κ)=λ^(−1){(1±e^(−κL))/(1∓e^(−κL))}. (S.34)	PENDING	NONE	NONE	false	NONE	NONE	NONE
CL-TASAKI2020-2822	TASAKI2020	000509.0005	PG-TASAKI2020-0509	PDF p. 509; print p. 500; NONE; equation (S.35)	assertion	equation	e^(κ_∞)−e^(−κ_∞)=λ^(−1). (S.35)	PENDING	NONE	NONE	false	NONE	NONE	NONE
CL-TASAKI2020-2823	TASAKI2020	000509.0006	PG-TASAKI2020-0509	PDF p. 509; print p. 500; NONE; paragraph 8, atom 1	assertion	unnumbered_obligation	Because 0 < λ ≪ 1, we have eκ∞ ≃ λ−1 , or κ∞ ≃ − log λ.	PENDING	NONE	NONE	false	NONE	NONE	NONE
CL-TASAKI2020-2824	TASAKI2020	000509.0007	PG-TASAKI2020-0509	PDF p. 509; print p. 500; NONE; paragraph 8, atom 2	assertion	unnumbered_obligation	To find the lowest-order correction to κ satisfying (S.34) for 0<λ≪1 and L≫1, write κ=κ_∞+δ and use (S.36).	PENDING	NONE	NONE	false	NONE	NONE	NONE
CL-TASAKI2020-2825	TASAKI2020	000509.0008	PG-TASAKI2020-0509	PDF p. 509; print p. 500; NONE; equation (S.36)	assertion	equation	e^(κ_∞+δ)−e^(−κ_∞−δ)≃λ^(−1)(1±2e^(−κ_∞L)). (S.36)	PENDING	NONE	NONE	false	NONE	NONE	NONE
CL-TASAKI2020-2826	TASAKI2020	000509.0009	PG-TASAKI2020-0509	PDF p. 509; print p. 500; NONE; equation (S.37)	assertion	equation	δ≃±λ^(−1){2e^(−κ_∞L)/(e^(κ_∞)+e^(−κ_∞))}. (S.37)	PENDING	NONE	NONE	false	NONE	NONE	NONE
CL-TASAKI2020-2827	TASAKI2020	000509.0010	PG-TASAKI2020-0509	PDF p. 509; print p. 500; NONE; equation (S.38)	assertion	equation	ε=−(λ/2)(e^(κ_∞+δ)+e^(−κ_∞−δ))+1/2≃ε_∞−(λ/2)(e^(κ_∞)−e^(−κ_∞))δ. (S.38)	PENDING	NONE	NONE	false	NONE	NONE	NONE
CL-TASAKI2020-2828	TASAKI2020	000510.0001	PG-TASAKI2020-0510	PDF p. 510; print p. 501; NONE; equation (S.39)	assertion	equation	ε∞ = −(λ/2)(e^κ∞+e^(−κ∞)) + 1/2 = −√{1+4λ²}/2 + 1/2 ≃ −λ². (S.39)	PENDING	NONE	NONE	false	NONE	NONE	NONE
CL-TASAKI2020-2829	TASAKI2020	000510.0002	PG-TASAKI2020-0510	PDF p. 510; print p. 501; NONE; equation (S.40)	assertion	equation	ε_±≃ε_∞∓{(e^(κ_∞)−e^(−κ_∞))/(e^(κ_∞)+e^(−κ_∞))}e^(−κ_∞L). (S.40)	PENDING	NONE	NONE	false	NONE	NONE	NONE
CL-TASAKI2020-2830	TASAKI2020	000510.0003	PG-TASAKI2020-0510	PDF p. 510; print p. 501; NONE; equation (S.41)	assertion	equation	E_1st−E_GS=ε_−−ε_+≃2{(e^(κ_∞)−e^(−κ_∞))/(e^(κ_∞)+e^(−κ_∞))}e^(−κ_∞L)≃2λ^L. (S.41)	PENDING	NONE	NONE	false	NONE	NONE	NONE
CL-TASAKI2020-2831	TASAKI2020	000510.0004	PG-TASAKI2020-0510	PDF p. 510; print p. 501; NONE; paragraph 5	assertion	unnumbered_obligation	Since there are L d choices of x, we get the desired (3.4.13) by recalling that ∥[ôz , [ĥ x , ô y ]]∥ ≤ 4h 0 (o0 )2 .	PENDING	NONE	NONE	false	NONE	NONE	NONE
CL-TASAKI2020-2832	TASAKI2020	000510.0005	PG-TASAKI2020-0510	PDF p. 510; print p. 501; NONE; equation (S.42)	assertion	equation	⟨Ξ+|(ÔL)²|Ξ+⟩ = 1/2 {(⟨ΦGS| + ⟨ΦGS|ÔL/∥ÔL|ΦGS⟩∥)(ÔL)²(|ΦGS⟩ + ÔL|ΦGS⟩/∥ÔL|ΦGS⟩∥)} = 1/2 {⟨ΦGS|(ÔL)²|ΦGS⟩ + ⟨ΦGS|(ÔL)⁴|ΦGS⟩/⟨ΦGS|(ÔL)²|ΦGS⟩}. (S.42)	PENDING	NONE	NONE	false	NONE	NONE	NONE
CL-TASAKI2020-2833	TASAKI2020	000510.0006	PG-TASAKI2020-0510	PDF p. 510; print p. 501; NONE; equation (S.43)	assertion	equation	⟨Ξ+|(ÔL/L^d)²|Ξ+⟩ − {⟨Ξ+|ÔL/L^d|Ξ+⟩}² = 1/2 {⟨ΦGS|(ÔL/L^d)²|ΦGS⟩}^(−1) (⟨ΦGS|(ÔL/L^d)⁴|ΦGS⟩ − {⟨ΦGS|(ÔL/L^d)²|ΦGS⟩}²). (S.43)	PENDING	NONE	NONE	false	NONE	NONE	NONE
CL-TASAKI2020-2834	TASAKI2020	000511.0001	PG-TASAKI2020-0511	PDF p. 511; print p. 502; NONE; paragraph 2	notation	notation	We denote the eigenvalues of (Ŝ_tot)², (Ŝ_A)², and (Ŝ_B)² as S_tot(S_tot+1), S_A(S_A+1), and S_B(S_B+1), respectively.	PENDING	NONE	NONE	false	NONE	NONE	NONE
CL-TASAKI2020-2835	TASAKI2020	000511.0002	PG-TASAKI2020-0511	PDF p. 511; print p. 502; NONE; equation (S.44)	assertion	equation	Ek,ℓ,m = 1/(2|Λ|) { (||A|−|B||S−k+ℓ|+m)(||A|−|B||S−k+ℓ|+m+1) − (|A|S−k)(|A|S−k+1) − (|B|S−ℓ)(|B|S−ℓ+1) }. (S.44)	PENDING	NONE	NONE	false	NONE	NONE	NONE
CL-TASAKI2020-2836	TASAKI2020	000511.0003	PG-TASAKI2020-0511	PDF p. 511; print p. 502; NONE; paragraph 5, atom 1	domain	domain	Let us write ΔE k, ,m = E k, ,m − E 0,0,0 .	PENDING	NONE	NONE	false	NONE	NONE	NONE
CL-TASAKI2020-2837	TASAKI2020	000511.0004	PG-TASAKI2020-0511	PDF p. 511; print p. 502; NONE; paragraph 5, atom 2	assertion	unnumbered_obligation	To confirm that there is a gap it suffices to check that ΔE 1,0,0 = |B|S/|Λ|, ΔE 0,1,0 = | A|S/|Λ| + |Λ|−1 , and ΔE 0,0,1 = (|A| − |B|)S/|Λ| + |Λ|−1 = aS + |Λ|−1 .	PENDING	NONE	NONE	false	NONE	NONE	NONE
CL-TASAKI2020-2838	TASAKI2020	000511.0005	PG-TASAKI2020-0511	PDF p. 511; print p. 502; NONE; equation (S.45)	assertion	equation	ΔE_(0,0,m)=aSm+m(m+1)/(2|A|). (S.45)	PENDING	NONE	NONE	false	NONE	NONE	NONE
CL-TASAKI2020-2839	TASAKI2020	000511.0006	PG-TASAKI2020-0511	PDF p. 511; print p. 502; NONE; equation (S.46)	assertion	equation	ϕx={2μ(ℓ−|x|) if |x|≤ℓ; 0 if |x|≥ℓ}. (S.46)	PENDING	NONE	NONE	false	NONE	NONE	NONE
CL-TASAKI2020-2840	TASAKI2020	000511.0007	PG-TASAKI2020-0511	PDF p. 511; print p. 502; NONE; equation (S.47)	assertion	equation	|⟨Ŝ_o^+Ŝ_z^−⟩_(β,0)^L|≤4S²exp[−2μℓ+2βS²×2ℓ{cosh(2μ)−1}]. (S.47)	PENDING	NONE	NONE	false	NONE	NONE	NONE
CL-TASAKI2020-2841	TASAKI2020	000511.0008	PG-TASAKI2020-0511	PDF p. 511; print p. 502; NONE; paragraph 10	domain	domain	Let μ(β)>0 solve μ=4βS²{cosh(2μ)−1}; for β≫1, μ(β)≃(8S²β)^(−1).	PENDING	NONE	NONE	false	NONE	NONE	NONE
CL-TASAKI2020-2842	TASAKI2020	000511.0009	PG-TASAKI2020-0511	PDF p. 511; print p. 502; NONE; equation (S.48)	assertion	equation	|⟨Ŝ_o^+ Ŝ_z^−⟩^L_{β,0}| ≤ 4S² e^(−μ(β)|z|). (S.48)	PENDING	NONE	NONE	false	NONE	NONE	NONE
CL-TASAKI2020-2843	TASAKI2020	000512.0001	PG-TASAKI2020-0512	PDF p. 512; print p. 503; NONE; equation (S.49)	assertion	equation	|⟨Ŝ_o^+⟩^L_{β,h}| ≤ 2S exp[−μ(β)ℓ+hG(β,ℓ)]. (S.49)	PENDING	NONE	NONE	false	NONE	NONE	NONE
CL-TASAKI2020-2844	TASAKI2020	000512.0002	PG-TASAKI2020-0512	PDF p. 512; print p. 503; NONE; equation (S.50)	assertion	equation	G(β,ℓ) = 2βS∑_{x=−ℓ}^ℓ cosh[2μ(β)(ℓ−|x|)]. (S.50)	PENDING	NONE	NONE	false	NONE	NONE	NONE
CL-TASAKI2020-2845	TASAKI2020	000512.0003	PG-TASAKI2020-0512	PDF p. 512; print p. 503; NONE; equation (S.51)	assertion	equation	εϕ_x = −∑_{y∈Λ_L, {x,y}∈B_L} ϕ_y. (S.51)	PENDING	NONE	NONE	false	NONE	NONE	NONE
CL-TASAKI2020-2846	TASAKI2020	000512.0004	PG-TASAKI2020-0512	PDF p. 512; print p. 503; NONE; equation (S.52)	assertion	equation	|Φ_GS⟩ = (1/√N!)(b̂†)^N|Φ_vac⟩. (S.52)	PENDING	NONE	NONE	false	NONE	NONE	NONE
CL-TASAKI2020-2847	TASAKI2020	000512.0005	PG-TASAKI2020-0512	PDF p. 512; print p. 503; NONE; paragraph 9	assertion	unnumbered_obligation	From the commutation relation (5.1.1), we find that [âx , b̂† ] = |Λ L |−1/2 .	PENDING	NONE	NONE	false	NONE	NONE	NONE
CL-TASAKI2020-2848	TASAKI2020	000512.0006	PG-TASAKI2020-0512	PDF p. 512; print p. 503; NONE; equation (S.53)	assertion	equation	â_x|Φ_GS⟩ = (1/√N!)â_x(b̂†)^N|Φ_vac⟩ = [N/(√N!√|Λ_L|)](b̂†)^(N−1)|Φ_vac⟩. (S.53)	PENDING	NONE	NONE	false	NONE	NONE	NONE
CL-TASAKI2020-2849	TASAKI2020	000512.0007	PG-TASAKI2020-0512	PDF p. 512; print p. 503; NONE; equation (S.54)	assertion	equation	⟨ΦGS|â†x ây|ΦGS⟩={1/(N!|ΛL|)}⟨Φvac|b̂^(N−1)(b̂†)^(N−1)|Φvac⟩=N/|ΛL|. (S.54)	PENDING	NONE	NONE	false	NONE	NONE	NONE
CL-TASAKI2020-2850	TASAKI2020	000512.0008	PG-TASAKI2020-0512	PDF p. 512; print p. 503; NONE; paragraph 13	definition	definition	Recalling (5.3.5), define |Φ_tot⟩ by (S.55).	PENDING	NONE	NONE	false	NONE	NONE	NONE
CL-TASAKI2020-2851	TASAKI2020	000513.0001	PG-TASAKI2020-0513	PDF p. 513; print p. 504; NONE; equation (S.55)	assertion	equation	|Φtot⟩ = 1/√{2Mmax(L)+1} ∑_{M=−Mmax(L)}^{Mmax(L)} |ΓM⟩ ⊗ |ℰM⟩. (S.55)	PENDING	NONE	NONE	false	NONE	NONE	NONE
CL-TASAKI2020-2852	TASAKI2020	000513.0002	PG-TASAKI2020-0513	PDF p. 513; print p. 504; NONE; equation (S.56)	assertion	equation	⟨Φtot|(Â⊗1̂)|Φtot⟩ = 1/{2Mmax(L)+1} ∑_{M=−Mmax(L)}^{Mmax(L)} ⟨ΓM|Â|ΓM⟩. (S.56)	PENDING	NONE	NONE	false	NONE	NONE	NONE
CL-TASAKI2020-2853	TASAKI2020	000513.0003	PG-TASAKI2020-0513	PDF p. 513; print p. 504; NONE; equation (S.57)	assertion	equation	⟨Φ_GS|(Ô_L′)²|Φ_GS⟩ = ∑_{x,y∈Λ_L, |x|,|y|≤BL/2} ⟨Φ_GS|ô_xô_y|Φ_GS⟩ ≥ C′L^(d+κ). (S.57)	PENDING	NONE	NONE	false	NONE	NONE	NONE
CL-TASAKI2020-2854	TASAKI2020	000513.0004	PG-TASAKI2020-0513	PDF p. 513; print p. 504; NONE; paragraph 6	assertion	unnumbered_obligation	The assumption (6.1.4) implies ⟨ΦGS|(ÔL′)²|ΦGS⟩ = ∑_{x,y∈ΛL: |x|,|y|≤BL/2} ⟨ΦGS|ôxôy|ΦGS⟩ ≥ C′L^(d+κ). (S.57)	PENDING	NONE	NONE	false	NONE	NONE	NONE
CL-TASAKI2020-2855	TASAKI2020	000513.0005	PG-TASAKI2020-0513	PDF p. 513; print p. 504; NONE; paragraph 7	assertion	unnumbered_obligation	The estimate from Problem 3.4.a gives ∥[Ô′_L,[Ĥ,Ô′_L]]∥≤C″L^d.	PENDING	NONE	NONE	false	NONE	NONE	NONE
CL-TASAKI2020-2856	TASAKI2020	000513.0006	PG-TASAKI2020-0513	PDF p. 513; print p. 504; NONE; equation (S.58)	assertion	equation	⟨Γ|Ĥ|Γ⟩ − EGS = ⟨ΦGS|[ÔL′,[Ĥ,ÔL′]]|ΦGS⟩/{2⟨ΦGS|(ÔL′)²|ΦGS⟩} ≤ C″L^d/{2C′L^{d+κ}} = CL^{−κ}. (S.58)	PENDING	NONE	NONE	false	NONE	NONE	NONE
CL-TASAKI2020-2857	TASAKI2020	000513.0007	PG-TASAKI2020-0513	PDF p. 513; print p. 504; NONE; equation (S.59)	assertion	equation	|Φ_pre-VBS⟩=(1/2)(|↑⟩_(1,R)|↓⟩_(2,L)−|↓⟩_(1,R)|↑⟩_(2,L))(|↑⟩_(2,R)|↓⟩_(1,L)−|↓⟩_(2,R)|↑⟩_(1,L))=(1/2)(|↓⟩_(1,L)|↑⟩_(1,R)|↓⟩_(2,L)|↑⟩_(2,R)−|↓⟩_(1,L)|↓⟩_(1,R)|↑⟩_(2,L)|↑⟩_(2,R)−|↑⟩_(1,L)|↑⟩_(1,R)|↓⟩_(2,L)|↓⟩_(2,R)+|↑⟩_(1,L)|↓⟩_(1,R)|↑⟩_(2,L)|↓⟩_(2,R)). (S.59)	PENDING	NONE	NONE	false	NONE	NONE	NONE
CL-TASAKI2020-2858	TASAKI2020	000514.0001	PG-TASAKI2020-0514	PDF p. 514; print p. 505; NONE; equation (S.60)	assertion	equation	|Φ_VBS⟩=(1/2)(|0⟩₁|0⟩₂−|+⟩₁|−⟩₂−|−⟩₁|+⟩₂). (S.60)	PENDING	NONE	NONE	false	NONE	NONE	NONE
CL-TASAKI2020-2859	TASAKI2020	000514.0002	PG-TASAKI2020-0514	PDF p. 514; print p. 505; NONE; equation (S.61)	assertion	equation	(Ŝ₁+Ŝ₂)²|Φ_VBS⟩=0. (S.61)	PENDING	NONE	NONE	false	NONE	NONE	NONE
CL-TASAKI2020-2860	TASAKI2020	000514.0003	PG-TASAKI2020-0514	PDF p. 514; print p. 505; NONE; equation (S.62)	assertion	equation	2√2|Φ_pre-VBS⟩=(|↑⟩_(1,R)|↓⟩_(2,L)−|↓⟩_(1,R)|↑⟩_(2,L))(|↑⟩_(2,R)|↓⟩_(3,L)−|↓⟩_(2,R)|↑⟩_(3,L))(|↑⟩_(3,R)|↓⟩_(1,L)−|↓⟩_(3,R)|↑⟩_(1,L))=|↓⟩_(1,L)|↑⟩_(1,R)|↓⟩_(2,L)|↑⟩_(2,R)|↓⟩_(3,L)|↑⟩_(3,R)−|↑⟩_(1,L)|↑⟩_(1,R)|↓⟩_(2,L)|↑⟩_(2,R)|↓⟩_(3,L)|↓⟩_(3,R)−|↓⟩_(1,L)|↑⟩_(1,R)|↓⟩_(2,L)|↓⟩_(2,R)|↑⟩_(3,L)|↑⟩_(3,R)+|↑⟩_(1,L)|↑⟩_(1,R)|↓⟩_(2,L)|↓⟩_(2,R)|↑⟩_(3,L)|↓⟩_(3,R)−|↓⟩_(1,L)|↓⟩_(1,R)|↑⟩_(2,L)|↑⟩_(2,R)|↓⟩_(3,L)|↑⟩_(3,R)+|↑⟩_(1,L)|↓⟩_(1,R)|↑⟩_(2,L)|↑⟩_(2,R)|↓⟩_(3,L)|↓⟩_(3,R)+|↓⟩_(1,L)|↓⟩_(1,R)|↑⟩_(2,L)|↓⟩_(2,R)|↑⟩_(3,L)|↑⟩_(3,R)−|↑⟩_(1,L)|↓⟩_(1,R)|↑⟩_(2,L)|↓⟩_(2,R)|↑⟩_(3,L)|↓⟩_(3,R). (S.62)	PENDING	NONE	NONE	false	NONE	NONE	NONE
CL-TASAKI2020-2861	TASAKI2020	000514.0004	PG-TASAKI2020-0514	PDF p. 514; print p. 505; NONE; equation (S.63)	assertion	equation	|Φ_VBS⟩=(1/4)(−|+⟩₁|0⟩₂|−⟩₃−|0⟩₁|−⟩₂|+⟩₃+|+⟩₁|−⟩₂|0⟩₃−|−⟩₁|+⟩₂|0⟩₃+|0⟩₁|+⟩₂|−⟩₃+|−⟩₁|0⟩₂|+⟩₃)=(1/4)(|+⟩₁|−⟩₂|0⟩₃+|0⟩₁|+⟩₂|−⟩₃+|−⟩₁|0⟩₂|+⟩₃−|−⟩₁|+⟩₂|0⟩₃−|0⟩₁|−⟩₂|+⟩₃−|+⟩₁|0⟩₂|−⟩₃). (S.63)	PENDING	NONE	NONE	false	NONE	NONE	NONE
CL-TASAKI2020-2862	TASAKI2020	000514.0005	PG-TASAKI2020-0514	PDF p. 514; print p. 505; NONE; equation (S.64)	assertion	equation	|Φ_VBS⟩=(1/4)({|+⟩₁|−⟩₂−|−⟩₁|+⟩₂}|0⟩₃+{|−⟩₁|0⟩₂−|0⟩₁|−⟩₂}|+⟩₃+{|0⟩₁|+⟩₂−|+⟩₁|0⟩₂}|−⟩₃). (S.64)	PENDING	NONE	NONE	false	NONE	NONE	NONE
CL-TASAKI2020-2863	TASAKI2020	000515.0001	PG-TASAKI2020-0515	PDF p. 515; print p. 506; NONE; equation (S.65)	assertion	equation	|+⟩_1|+⟩_2,  (|+⟩_1|0⟩_2+|0⟩_1|+⟩_2)/√2,  (|+⟩_1|−⟩_2+2|0⟩_1|0⟩_2+|−⟩_1|+⟩_2)/√6,  (|0⟩_1|−⟩_2+|−⟩_1|0⟩_2)/√2,  |−⟩_1|−⟩_2. (S.65)	PENDING	NONE	NONE	false	NONE	NONE	NONE
CL-TASAKI2020-3245	TASAKI2020	000515.0002	PG-TASAKI2020-0515	PDF p. 515; print p. 506; NONE; paragraph 3; v5 repair split atom 1/2	assertion	unnumbered_obligation	The VBS state has no component with S_tot=2 and is orthogonal to every state in (S.65).	PENDING	NONE	NONE	false	NONE	NONE	NONE
CL-TASAKI2020-3246	TASAKI2020	000515.0003	PG-TASAKI2020-0515	PDF p. 515; print p. 506; NONE; paragraph 3; v5 repair split atom 2/2	assertion	unnumbered_obligation	For x=1,…,L−1, the LSM twist acts on the nearest-neighbor singlet as in (S.66).	PENDING	NONE	NONE	false	NONE	NONE	NONE
CL-TASAKI2020-2865	TASAKI2020	000515.0004	PG-TASAKI2020-0515	PDF p. 515; print p. 506; NONE; equation (S.66)	assertion	equation	Û_LSM(|ψ_x^↑⟩|ψ_(x+1)^↓⟩−|ψ_x^↓⟩|ψ_(x+1)^↑⟩)=e^(iΔθ/2)|ψ_x^↑⟩|ψ_(x+1)^↓⟩−e^(−iΔθ/2)|ψ_x^↓⟩|ψ_(x+1)^↑⟩. (S.66)	PENDING	NONE	NONE	false	NONE	NONE	NONE
CL-TASAKI2020-2866	TASAKI2020	000515.0005	PG-TASAKI2020-0515	PDF p. 515; print p. 506; NONE; equation (S.67)	assertion	equation	|Φ′⟩ = ⊗_{y=1}^{L/2} 1/√2 (e^(iΔθ/2)|ψ2y−1↑⟩|ψ2y↓⟩ − e^(−iΔθ/2)|ψ2y−1↓⟩|ψ2y↑⟩). (S.67)	PENDING	NONE	NONE	false	NONE	NONE	NONE
CL-TASAKI2020-2867	TASAKI2020	000515.0006	PG-TASAKI2020-0515	PDF p. 515; print p. 506; NONE; equation (S.68)	assertion	equation	⟨Φ_dimer^odd|Φ′⟩=(cos(Δθ/2))^(L/2)≃(1−2π²/L²)^(L/2)→1. (S.68)	PENDING	NONE	NONE	false	NONE	NONE	NONE
CL-TASAKI2020-2868	TASAKI2020	000515.0007	PG-TASAKI2020-0515	PDF p. 515; print p. 506; NONE; equation (S.69)	assertion	equation	Û_LSM(|ψ_L^↑⟩|ψ_1^↓⟩−|ψ_L^↓⟩|ψ_1^↑⟩)=e^(−i(θ_L−θ_1)/2)|ψ_L^↑⟩|ψ_1^↓⟩−e^(i(θ_L−θ_1)/2)|ψ_L^↓⟩|ψ_1^↑⟩=−(e^(iΔθ/2)|ψ_L^↑⟩|ψ_1^↓⟩−e^(−iΔθ/2)|ψ_L^↓⟩|ψ_1^↑⟩). (S.69)	PENDING	NONE	NONE	false	NONE	NONE	NONE
CL-TASAKI2020-2869	TASAKI2020	000515.0008	PG-TASAKI2020-0515	PDF p. 515; print p. 506; NONE; equation (S.70)	assertion	equation	Û_LSM |Φ_dimer^even⟩ = −∏_{y=1}^{L/2} (1/√2)(e^{iΔθ/2}|ψ_{2y}^↑⟩|ψ_{2y+1}^↓⟩ − e^{−iΔθ/2}|ψ_{2y}^↓⟩|ψ_{2y+1}^↑⟩) ≃ −|Φ_dimer^even⟩. (S.70)	PENDING	NONE	NONE	false	NONE	NONE	NONE
CL-TASAKI2020-2870	TASAKI2020	000515.0009	PG-TASAKI2020-0515	PDF p. 515; print p. 506; NONE; paragraph 10	assertion	unnumbered_obligation	Equation (S.70) implies |Φ″⟩≃|Φ_dimer^odd⟩−|Φ_dimer^even⟩.	PENDING	NONE	NONE	false	NONE	NONE	NONE
CL-TASAKI2020-2871	TASAKI2020	000516.0001	PG-TASAKI2020-0516	PDF p. 516; print p. 507; NONE; equation (S.71)	assertion	equation	|Φ_VBS⟩ = ∑_γ Tr[B^(γ_1)B^(γ_2)⋯B^(γ_L)]|P^γ⟩. (S.71)	PENDING	NONE	NONE	false	NONE	NONE	NONE
CL-TASAKI2020-2872	TASAKI2020	000516.0002	PG-TASAKI2020-0516	PDF p. 516; print p. 507; NONE; equation (S.72)	assertion	equation	B^(1)=(1/2)[[0,1],[1,0]], B^(2)=(1/2)[[0,−i],[i,0]], B^(3)=(1/2)[[1,0],[0,−1]]. (S.72)	PENDING	NONE	NONE	false	NONE	NONE	NONE
CL-TASAKI2020-2873	TASAKI2020	000516.0003	PG-TASAKI2020-0516	PDF p. 516; print p. 507; NONE; equation (S.73)	assertion	equation	(C̃)_{α,β;α′,β′} = ∑_{σ=−1,0,1}(1−σ²)A^σ_{α,α′}A^σ_{β,β′}. (S.73)	PENDING	NONE	NONE	false	NONE	NONE	NONE
CL-TASAKI2020-2874	TASAKI2020	000516.0004	PG-TASAKI2020-0516	PDF p. 516; print p. 507; NONE; equation (S.74)	assertion	equation	C̃ = [[1/4,0,0,0],[0,1/4,0,0],[0,0,−1/4,0],[0,0,0,−1/4]], with row and column order (1,1),(2,2),(1,2),(2,1). (S.74)	PENDING	NONE	NONE	false	NONE	NONE	NONE
CL-TASAKI2020-2875	TASAKI2020	000516.0005	PG-TASAKI2020-0516	PDF p. 516; print p. 507; NONE; equation (S.75)	assertion	equation	⟨ΦVBS|P̂x1^0···P̂xn^0|ΦVBS⟩ = Tr[C̃^n Ã^(L−n)] = (1/4)^n{(3/4)^(L−n)+(−1/4)^(L−n)} + 2(−1/4)^L. (S.75)	PENDING	NONE	NONE	false	NONE	NONE	NONE
CL-TASAKI2020-2876	TASAKI2020	000517.0001	PG-TASAKI2020-0517	PDF p. 517; print p. 508; NONE; equation (S.76)	assertion	equation	lim_{L↑∞}⟨ΦVBS|P̂x1^0P̂x2^0⋯P̂xn^0|ΦVBS⟩/⟨ΦVBS|ΦVBS⟩=(1/3)^n. (S.76)	PENDING	NONE	NONE	false	NONE	NONE	NONE
CL-TASAKI2020-3247	TASAKI2020	000517.0002	PG-TASAKI2020-0517	PDF p. 517; print p. 508; NONE; paragraph 2, atom 1; v5 repair split atom 1/4	assertion	unnumbered_obligation	Complete hidden antiferromagnetic order gives lim_{L↑∞}S_{x,y}^(3)(Φ_VBS)=4/9 and hence (7.2.8).	PENDING	NONE	NONE	false	NONE	NONE	NONE
CL-TASAKI2020-3248	TASAKI2020	000517.0003	PG-TASAKI2020-0517	PDF p. 517; print p. 508; NONE; paragraph 2, atom 1; v5 repair split atom 2/4	assertion	unnumbered_obligation	For Problem 7.2.2.e, one may take A^↑=[[1,0],[0,0]] and A^↓=[[0,0],[0,1]].	PENDING	NONE	NONE	false	NONE	NONE	NONE
CL-TASAKI2020-3249	TASAKI2020	000517.0004	PG-TASAKI2020-0517	PDF p. 517; print p. 508; NONE; paragraph 2, atom 1; v5 repair split atom 3/4	assertion	unnumbered_obligation	For Problem 7.2.2.f, one may take A^↑=[[0,1],[0,0]] and A^↓=[[0,0],[1,0]].	PENDING	NONE	NONE	false	NONE	NONE	NONE
CL-TASAKI2020-3250	TASAKI2020	000517.0005	PG-TASAKI2020-0517	PDF p. 517; print p. 508; NONE; paragraph 2, atom 1; atom 1	assertion	unnumbered_obligation	The eigenvalues of Ŝ_tot^(3) distinguish |Φ_VBS^(↑,↑)⟩ and |Φ_VBS^(↓,↓)⟩.	PENDING	NONE	NONE	false	NONE	NONE	NONE
CL-TASAKI2020-3385	TASAKI2020	000517.0006	PG-TASAKI2020-0517	PDF p. 517; print p. 508; NONE; paragraph 2, atom 1; atom 2	assertion	unnumbered_obligation	The remaining two edge-spin states are linearly independent because their leftmost nonzero spins have opposite signs.	PENDING	NONE	NONE	false	NONE	NONE	NONE
CL-TASAKI2020-2878	TASAKI2020	000517.0007	PG-TASAKI2020-0517	PDF p. 517; print p. 508; NONE; paragraph 2, atom 2	assertion	remark	Then by the same logic as before, we find that the corresponding polynomial satisfies (7.1.24) for x = 1, . . . , L − 1.	PENDING	NONE	NONE	false	NONE	NONE	NONE
CL-TASAKI2020-2879	TASAKI2020	000517.0008	PG-TASAKI2020-0517	PDF p. 517; print p. 508; NONE; equation (S.77)	assertion	equation	Φ(u,v) = (c_1u_1u_L+c_2u_1v_L+c_3v_1u_L+c_4v_1v_L)∏_{x=1}^L(u_xv_{x+1}−v_xu_{x+1}). (S.77)	PENDING	NONE	NONE	false	NONE	NONE	NONE
CL-TASAKI2020-2880	TASAKI2020	000517.0009	PG-TASAKI2020-0517	PDF p. 517; print p. 508; NONE; equation (S.78)	assertion	equation	ℓ̃ = (1, 1/2, 0, 0), m̃ = (1, 0, 0, 0), r̃ = (1/4, 1/2, 0, 0)^t. (S.78)	PENDING	NONE	NONE	false	NONE	NONE	NONE
CL-TASAKI2020-2881	TASAKI2020	000518.0001	PG-TASAKI2020-0518	PDF p. 518; print p. 509; NONE; equation (S.80)	assertion	equation	⟨Φ_VBS^(↑,↑)|Ŝ_1^(3)|Φ_VBS^(↑,↑)⟩ = m̃Ã^(L−2)r̃ = (1,0)[[1/4,1/2],[1/2,1/4]]^(L−2)(1/4,1/2)^t ≃ (3/8)(3/4)^(L−2). (S.80)	PENDING	NONE	NONE	false	NONE	NONE	NONE
CL-TASAKI2020-2882	TASAKI2020	000518.0002	PG-TASAKI2020-0518	PDF p. 518; print p. 509; NONE; equation (S.81)	assertion	equation	⟨Φ_VBS^(↑,↑)|Ŝ_x^(3)|Φ_VBS^(↑,↑)⟩ = ℓ̃Ã^(x−2)B̃Ã^(L−x−1)r̃ = (1,1/2)[[1/4,1/2],[1/2,1/4]]^(x−2)[[0,−1/2],[1/2,0]][[1/4,1/2],[1/2,1/4]]^(L−x−1)(1/4,1/2)^t ≃ −(3/32)(−1/4)^(x−2)(3/4)^(L−x−1). (S.81)	PENDING	NONE	NONE	false	NONE	NONE	NONE
CL-TASAKI2020-2883	TASAKI2020	000518.0003	PG-TASAKI2020-0518	PDF p. 518; print p. 509; NONE; paragraph 8	notation	notation	In the solution of Problem 7.3.1.a, write Ŝ_x, Ŝ_{x+1}, and P̂_J[Ŝ_x+Ŝ_{x+1}] as Ŝ, Ŝ′, and P̂_J, respectively.	PENDING	NONE	NONE	false	NONE	NONE	NONE
CL-TASAKI2020-2884	TASAKI2020	000518.0004	PG-TASAKI2020-0518	PDF p. 518; print p. 509; NONE; equation (S.82)	assertion	equation	Ŝ·Ŝ′=(1/2)(Ŝ+Ŝ′)²−6=(1/2){4×5P̂₄+3×4P̂₃+2×3P̂₂+2P̂₁}−6=4P̂₄−3P̂₂−5P̂₁−6P̂₀. (S.82)	PENDING	NONE	NONE	false	NONE	NONE	NONE
CL-TASAKI2020-2885	TASAKI2020	000518.0005	PG-TASAKI2020-0518	PDF p. 518; print p. 509; NONE; equation (S.83)	assertion	equation	(Ŝ·Ŝ′)²=16P̂₄+9P̂₂+25P̂₁+36P̂₀. (S.83)	PENDING	NONE	NONE	false	NONE	NONE	NONE
CL-TASAKI2020-2886	TASAKI2020	000518.0006	PG-TASAKI2020-0518	PDF p. 518; print p. 509; NONE; equation (S.84)	assertion	equation	(Ŝ·Ŝ′)³=64P̂₄−27P̂₂−125P̂₁−216P̂₀. (S.84)	PENDING	NONE	NONE	false	NONE	NONE	NONE
CL-TASAKI2020-2887	TASAKI2020	000518.0007	PG-TASAKI2020-0518	PDF p. 518; print p. 509; NONE; equation (S.79)	assertion	equation	⟨Φ_VBS^(↑,↑)|Φ_VBS^(↑,↑)⟩=ℓ̃Ã^(L−2)r̃=(1,1/2)[[1/4,1/2],[1/2,1/4]]^(L−2)(1/4,1/2)^t=(1,1/2)O diag((3/4)^(L−2),(−1/4)^(L−2))O(1/4,1/2)^t ≃ (9/16)(3/4)^(L−2). (S.79)	PENDING	NONE	NONE	false	NONE	NONE	NONE
CL-TASAKI2020-2888	TASAKI2020	000519.0001	PG-TASAKI2020-0519	PDF p. 519; print p. 510; NONE; equation (S.85)	assertion	equation	S[|↑⟩|↑⟩|↑⟩|↑⟩]=|ψ^2⟩,  S[|↑⟩|↑⟩|↑⟩|↓⟩]=(1/2)|ψ^1⟩,  S[|↑⟩|↑⟩|↓⟩|↓⟩]=(1/√6)|ψ^0⟩,  S[|↑⟩|↓⟩|↓⟩|↓⟩]=(1/2)|ψ^(−1)⟩,  S[|↓⟩|↓⟩|↓⟩|↓⟩]=|ψ^(−2)⟩. (S.85)	PENDING	NONE	NONE	false	NONE	NONE	NONE
CL-TASAKI2020-2889	TASAKI2020	000519.0002	PG-TASAKI2020-0519	PDF p. 519; print p. 510; NONE; equation (S.86)	assertion	equation	A^2_{1122}=1/2;  A^1_{1112}=A^1_{1121}=1/4,  A^1_{2122}=A^1_{1222}=−1/4;  A^0_{2222}=A^0_{1111}=1/(2√6),  A^0_{1212}=A^0_{1221}=A^0_{2112}=A^0_{2121}=−1/(2√6);  A^(−1)_{2221}=A^(−1)_{2212}=1/4,  A^(−1)_{1211}=A^(−1)_{2111}=−1/4;  A^(−2)_{2211}=1/2. (S.86)	PENDING	NONE	NONE	false	NONE	NONE	NONE
CL-TASAKI2020-3251	TASAKI2020	000519.0003	PG-TASAKI2020-0519	PDF p. 519; print p. 510; NONE; paragraph 2; v5 repair split atom 1/2	assertion	unnumbered_obligation	Equation (7.3.28) gives Ĉ_{x−1,x}Ĉ_{x,x+1}σ̂_x^(1)=σ̂_{x−1}^(3)σ̂_x^(1)σ̂_{x+1}^(3)Ĉ_{x−1,x}Ĉ_{x,x+1}, which proves (7.3.18).	PENDING	NONE	NONE	false	NONE	NONE	NONE
CL-TASAKI2020-3252	TASAKI2020	000519.0004	PG-TASAKI2020-0519	PDF p. 519; print p. 510; NONE; paragraph 2; v5 repair split atom 2/2	assertion	unnumbered_obligation	For Problem 7.3.3.b, define Û_A=∏_{c∈C_A}Ĉ_c and Û_B=∏_{c∈C_B}Ĉ_c.	PENDING	NONE	NONE	false	NONE	NONE	NONE
CL-TASAKI2020-2891	TASAKI2020	000519.0005	PG-TASAKI2020-0519	PDF p. 519; print p. 510; NONE; equation (S.87)	assertion	equation	⟨Φ_𝒞|ÂB̂|Φ_𝒞⟩=⟨Φ_→|(Û_Â ÂÛ_Â)(Û_B̂ B̂Û_B̂)|Φ_→⟩=⟨Φ_→|Û_Â ÂÛ_Â|Φ_→⟩⟨Φ_→|Û_B̂ B̂Û_B̂|Φ_→⟩=⟨Φ_𝒞|Â|Φ_𝒞⟩⟨Φ_𝒞|B̂|Φ_𝒞⟩. (S.87)	PENDING	NONE	NONE	false	NONE	NONE	NONE
CL-TASAKI2020-2892	TASAKI2020	000520.0001	PG-TASAKI2020-0520	PDF p. 520; print p. 511; NONE; paragraph 3, atom 1	assertion	unnumbered_obligation	This is equivalent to showing that, for any configuration σ1 , . . . , σ6 =↑, ↓, the sign factor s(σ1 , σ2 )s(σ2 , σ3 ) . . . s(σ5 , σ6 )s(σ6 , σ1 ) is invariant under the simultaneous spin flip σ2 → −σ2 , σ4 → −σ4 , and σ6 → −σ6 .	PENDING	NONE	NONE	false	NONE	NONE	NONE
CL-TASAKI2020-2893	TASAKI2020	000520.0002	PG-TASAKI2020-0520	PDF p. 520; print p. 511; NONE; paragraph 3, atom 2	assertion	unnumbered_obligation	By inspection one finds that, under the spin flip σ′→−σ′, the sign factor s(σ,σ′)s(σ′,σ′′) is invariant if σ=σ′′, and changes sign if σ≠σ′′.	PENDING	NONE	NONE	false	NONE	NONE	NONE
CL-TASAKI2020-2894	TASAKI2020	000520.0003	PG-TASAKI2020-0520	PDF p. 520; print p. 511; NONE; paragraph 4, atom 1	hypothesis	hypothesis	For Problem 8.3.3.a, assume that the ground state is Z₂×Z₂ invariant, so Û_π^(α)ρ̂_R(Û_π^(α))†=ρ̂_R for α=1,2,3.	PENDING	NONE	NONE	false	NONE	NONE	NONE
CL-TASAKI2020-2895	TASAKI2020	000520.0004	PG-TASAKI2020-0520	PDF p. 520; print p. 511; NONE; paragraph 4, atom 2	hypothesis	hypothesis	This in particular means [Ûπ(3) , ρ̂R ] = 0, and hence we can assume that each |Ψ j ⟩R is an eigenstate of Ûπ(3) .	PENDING	NONE	NONE	false	NONE	NONE	NONE
CL-TASAKI2020-2896	TASAKI2020	000520.0005	PG-TASAKI2020-0520	PDF p. 520; print p. 511; NONE; paragraph 4, atom 3	hypothesis	hypothesis	Now, suppose that |Ψ j ⟩R can be regarded as states with half-odd-integer spins.	PENDING	NONE	NONE	false	NONE	NONE	NONE
CL-TASAKI2020-2897	TASAKI2020	000520.0006	PG-TASAKI2020-0520	PDF p. 520; print p. 511; NONE; paragraph 4, atom 4	assertion	unnumbered_obligation	We see that ρ̃(·) gives an equivalent projective representation with the property that ρ̃(g)ρ̃(g) = ρ̃(e) (and hence φ̃(g, g) = 0) for all g ∈ Z2 × Z2 .	PENDING	NONE	NONE	false	NONE	NONE	NONE
CL-TASAKI2020-2898	TASAKI2020	000520.0007	PG-TASAKI2020-0520	PDF p. 520; print p. 511; NONE; paragraph 6	assertion	unnumbered_obligation	We then have ρ̃(g)ρ̃(g) = ρ̃(e) (and hence φ̃(g, g) = 0) for all g ∈ Z2 × Z2 .	PENDING	NONE	NONE	false	NONE	NONE	NONE
CL-TASAKI2020-2899	TASAKI2020	000521.0001	PG-TASAKI2020-0521	PDF p. 521; print p. 512; NONE; paragraph 1, atom 1	assertion	unnumbered_obligation	By setting (g1 , g2 , g3 ) = (b, c, a), we also see φ̃(b, c) = φ̃(c, a), and hence that φ̃(a, b) = φ̃(b, c) = φ̃(c, a) =: ξ with some ξ ∈ R.	PENDING	NONE	NONE	false	NONE	NONE	NONE
CL-TASAKI2020-2900	TASAKI2020	000521.0002	PG-TASAKI2020-0521	PDF p. 521; print p. 512; NONE; paragraph 1, atom 2	assertion	unnumbered_obligation	Similarly we have φ̃(a, c) = φ̃(c, b) = φ̃(b, a) =: ξ ′ with some ξ ′ ∈ R.	PENDING	NONE	NONE	false	NONE	NONE	NONE
CL-TASAKI2020-2901	TASAKI2020	000521.0003	PG-TASAKI2020-0521	PDF p. 521; print p. 512; NONE; paragraph 1, atom 3	assertion	unnumbered_obligation	We next use (8.3.26) with (g1 , g2 , g3 ) = (a, b, b) to find φ̃(a, b) + φ̃(c, b) = 0, which implies ξ + ξ ′ = 0.	PENDING	NONE	NONE	false	NONE	NONE	NONE
CL-TASAKI2020-2902	TASAKI2020	000521.0004	PG-TASAKI2020-0521	PDF p. 521; print p. 512; NONE; paragraph 1, atom 4	assertion	unnumbered_obligation	It is easily found that we only need to consider the cases with ξ = 0 and with ξ = π/2. (Other cases are equivalent to one of the two.) When ξ = ξ ′ = 0, we readily see that ρ̃(·) is a genuine representation, and hence the original projective representation ρ(·) is trivial.	PENDING	NONE	NONE	false	NONE	NONE	NONE
CL-TASAKI2020-2903	TASAKI2020	000521.0005	PG-TASAKI2020-0521	PDF p. 521; print p. 512; NONE; paragraph 1, atom 5	assertion	unnumbered_obligation	When ξ=π/2 and ξ′=−π/2, we have ρ̃(a)ρ̃(b)=e^(iπ/2)ρ̃(c) and ρ̃(b)ρ̃(a)=e^(−iπ/2)ρ̃(c), etc.	PENDING	NONE	NONE	false	NONE	NONE	NONE
CL-TASAKI2020-2904	TASAKI2020	000521.0006	PG-TASAKI2020-0521	PDF p. 521; print p. 512; NONE; paragraph 1, atom 6	assertion	unnumbered_obligation	By setting ρ̃(e)=ρ(e)=I and ρ̃(g)=e^(−iπ/2)ρ(g) for g∈{a,b,c}, we get an equivalent projective representation ρ̃(·), which satisfies ρ̃(g)ρ̃(g)=−ρ̃(e) for g∈{a,b,c}, and ρ̃(a)ρ̃(b)=−ρ̃(b)ρ̃(a)=ρ̃(c), etc.	PENDING	NONE	NONE	false	NONE	NONE	NONE
CL-TASAKI2020-2905	TASAKI2020	000521.0007	PG-TASAKI2020-0521	PDF p. 521; print p. 512; NONE; equation (S.88)	assertion	equation	Ã+ = A− , Ã0 = −A0 , Ã− = A+ . (S.88)	PENDING	NONE	NONE	false	NONE	NONE	NONE
CL-TASAKI2020-3288	TASAKI2020	000521.0008	PG-TASAKI2020-0521	PDF p. 521; print p. 512; NONE; paragraph 3, atom 1; v7 split atom 1/2	assertion	unnumbered_obligation	There is a difference in time-reversal transformation (8.3.33) since it involves complex conjugation.	PENDING	NONE	NONE	false	NONE	NONE	NONE
CL-TASAKI2020-3289	TASAKI2020	000521.0009	PG-TASAKI2020-0521	PDF p. 521; print p. 512; NONE; paragraph 3, atom 1; v7 split atom 2/2	assertion	unnumbered_obligation	One finds that (8.3.33) is recovered by (8.3.34) with ζ=π and U=[[0,1],[1,0]].	PENDING	NONE	NONE	false	NONE	NONE	NONE
CL-TASAKI2020-2907	TASAKI2020	000521.0010	PG-TASAKI2020-0521	PDF p. 521; print p. 512; NONE; paragraph 4	assertion	unnumbered_obligation	Multiplication by ρ̃(e) from the left and right gives φ̃(g,e)=0; similarly φ̃(e,g)=0, and therefore ρ̃(g)ρ̃(e)=ρ̃(e)ρ̃(g)=ρ̃(g) for every g∈Z₂×Z₂.	PENDING	NONE	NONE	false	NONE	NONE	NONE
CL-TASAKI2020-2908	TASAKI2020	000521.0011	PG-TASAKI2020-0521	PDF p. 521; print p. 512; NONE; paragraph 3, atom 2	assertion	unnumbered_obligation	We have UU∗ = U2 = I, which means that the associated phase is trivial, i.e, σtr = 1.	PENDING	NONE	NONE	false	NONE	NONE	NONE
CL-TASAKI2020-2909	TASAKI2020	000522.0001	PG-TASAKI2020-0522	PDF p. 522; print p. 513; NONE; equation (S.89)	assertion	equation	A_(θ-VBS)^±=A_VBS^±, A_(θ-VBS)^0=e^(iθ)A_VBS^0. (S.89)	PENDING	NONE	NONE	false	NONE	NONE	NONE
CL-TASAKI2020-2910	TASAKI2020	000522.0002	PG-TASAKI2020-0522	PDF p. 522; print p. 513; NONE; paragraph 3	assertion	unnumbered_obligation	Note also that ( B̂ p )2 = 1̂ means B̂ p (1̂ + B̂ p ) = 1̂ + B̂ p , which implies B̂ p |Φ0 ⟩ = |Φ0 ⟩.	PENDING	NONE	NONE	false	NONE	NONE	NONE
CL-TASAKI2020-2911	TASAKI2020	000522.0003	PG-TASAKI2020-0522	PDF p. 522; print p. 513; NONE; equation (S.90)	assertion	equation	⟨Ẑhor Ẑhor′⟩_{β,L}:=Tr[Ẑhor Ẑhor′e^(−βĤtc)]/Tr[e^(−βĤtc)]. (S.90)	PENDING	NONE	NONE	false	NONE	NONE	NONE
CL-TASAKI2020-2912	TASAKI2020	000522.0004	PG-TASAKI2020-0522	PDF p. 522; print p. 513; NONE; equation (S.91)	assertion	equation	e^(−βĤ_tc) = (cosh β)^(2L²)∏_{v∈𝒱}{1̂+(tanh β)Â_v}∏_{p∈𝒫}{1̂+(tanh β)B̂_p} = (cosh β)^(2L²)∑_{V⊂𝒱, P⊂𝒫}(tanh β)^(|V|+|P|)(∏_{v∈V}Â_v)(∏_{p∈P}B̂_p). (S.91)	PENDING	NONE	NONE	false	NONE	NONE	NONE
CL-TASAKI2020-2920	TASAKI2020	000523.0001	PG-TASAKI2020-0523	PDF p. 523; print p. 514; NONE; equation (S.92)	assertion	equation	Tr[∏_{x∈E}(σ̂x^(1))^(n_x^(1))(σ̂x^(3))^(n_x^(3))]={2^(2L^d) when every n_x^(1),n_x^(3) is even; 0 otherwise}. (S.92)	PENDING	NONE	NONE	false	NONE	NONE	NONE
CL-TASAKI2020-2913	TASAKI2020	000523.0002	PG-TASAKI2020-0523	PDF p. 523; print p. 514; NONE; equation (S.93)	assertion	equation	Tr[e^(−βĤ_tc)]=(2coshβ)^(2L²){1+2(tanhβ)^(L²)+(tanhβ)^(2L²)}. (S.93)	PENDING	NONE	NONE	false	NONE	NONE	NONE
CL-TASAKI2020-2914	TASAKI2020	000523.0003	PG-TASAKI2020-0523	PDF p. 523; print p. 514; NONE; equation (S.94)	assertion	equation	Tr[Ẑ_hor Ẑ′_hor e^(−βĤ_tc)]=(2coshβ)^(2L²){(tanhβ)^(ℓL)+(tanhβ)^((L−ℓ)L)}{1+(tanhβ)^(L²)}. (S.94)	PENDING	NONE	NONE	false	NONE	NONE	NONE
CL-TASAKI2020-2915	TASAKI2020	000523.0004	PG-TASAKI2020-0523	PDF p. 523; print p. 514; NONE; equation (S.95)	assertion	equation	⟨Ẑ_hor Ẑ′_hor⟩_{β,L} = {(tanh β)^{ℓL}+(tanh β)^{(L−ℓ)L}}/{1+(tanh β)^{L²}}. (S.95)	PENDING	NONE	NONE	false	NONE	NONE	NONE
CL-TASAKI2020-2916	TASAKI2020	000523.0005	PG-TASAKI2020-0523	PDF p. 523; print p. 514; NONE; equation (S.96)	assertion	equation	Ŝ_x^(1)=(1/2)(ĉ†_(x,↑)ĉ_(x,↓)+ĉ†_(x,↓)ĉ_(x,↑)), Ŝ_x^(2)=(1/(2i))(ĉ†_(x,↑)ĉ_(x,↓)−ĉ†_(x,↓)ĉ_(x,↑)), Ŝ_x^(3)=(1/2)(ĉ†_(x,↑)ĉ_(x,↑)−ĉ†_(x,↓)ĉ_(x,↓)). (S.96)	PENDING	NONE	NONE	false	NONE	NONE	NONE
CL-TASAKI2020-2917	TASAKI2020	000523.0006	PG-TASAKI2020-0523	PDF p. 523; print p. 514; NONE; equation (S.97)	assertion	equation	(Ŝ_x)²=(3/4)(n̂_{x,↑}+n̂_{x,↓}−2n̂_{x,↑}n̂_{x,↓})=(3/4)n̂_x(2−n̂_x). (S.97)	PENDING	NONE	NONE	false	NONE	NONE	NONE
CL-TASAKI2020-2918	TASAKI2020	000523.0007	PG-TASAKI2020-0523	PDF p. 523; print p. 514; NONE; paragraph 9, atom 1	assertion	unnumbered_obligation	If n̂_x|Φ⟩=|Φ⟩, then there is a spin S=1/2 at x.	PENDING	NONE	NONE	false	NONE	NONE	NONE
CL-TASAKI2020-3253	TASAKI2020	000523.0008	PG-TASAKI2020-0523	PDF p. 523; print p. 514; NONE; paragraph 9, atom 2; atom 1	assertion	unnumbered_obligation	If n̂_x|Φ⟩=0 or n̂_x|Φ⟩=2|Φ⟩, there is no spin at x.	PENDING	NONE	NONE	false	NONE	NONE	NONE
CL-TASAKI2020-3386	TASAKI2020	000523.0009	PG-TASAKI2020-0523	PDF p. 523; print p. 514; NONE; paragraph 9, atom 2; atom 2	assertion	unnumbered_obligation	If n̂_x|Φ⟩=2|Φ⟩, the two electrons at x form a spin singlet.	PENDING	NONE	NONE	false	NONE	NONE	NONE
CL-TASAKI2020-3254	TASAKI2020	000523.0010	PG-TASAKI2020-0523	PDF p. 523; print p. 514; NONE; paragraph 9, atom 2; v5 repair split atom 2/2	notation	notation	For Problem 9.2.3.b, use the notation of Sect. 9.2.1 and write u=(x,σ).	PENDING	NONE	NONE	false	NONE	NONE	NONE
CL-TASAKI2020-2921	TASAKI2020	000524.0001	PG-TASAKI2020-0524	PDF p. 524; print p. 515; NONE; equation (S.98)	assertion	equation	[B̂(A),B̂(B)] = ∑_{u,v,w,z}A_{u,v}B_{w,z}[ĉ†_uĉ_v,ĉ†_wĉ_z] = ∑_{u,z}(AB)_{u,z}ĉ†_uĉ_z−∑_{v,w}(BA)_{w,v}ĉ†_wĉ_v = B̂([A,B]). (S.98)	PENDING	NONE	NONE	false	NONE	NONE	NONE
CL-TASAKI2020-2922	TASAKI2020	000524.0002	PG-TASAKI2020-0524	PDF p. 524; print p. 515; NONE; equation (S.99)	assertion	equation	(Ŝ_tot)²|ξ⟩ = {(Ŝ_tot^+Ŝ_tot^−+Ŝ_tot^−Ŝ_tot^+)/2+(Ŝ_tot^(3))²}∑_{x,y∈Λ}ξ(x,y)ĉ†_{x,↑}ĉ†_{y,↓}|Φ_vac⟩ = ∑_{x,y∈Λ}ξ(x,y){ĉ†_{x,↑}ĉ†_{y,↓}+ĉ†_{x,↓}ĉ†_{y,↑}}|Φ_vac⟩ = ∑_{x,y∈Λ}{ξ(x,y)−ξ(y,x)}ĉ†_{x,↑}ĉ†_{y,↓}|Φ_vac⟩. (S.99)	PENDING	NONE	NONE	false	NONE	NONE	NONE
CL-TASAKI2020-2923	TASAKI2020	000524.0003	PG-TASAKI2020-0524	PDF p. 524; print p. 515; NONE; paragraph 7, atom 1	assertion	unnumbered_obligation	Equation (S.99) implies (Ŝ_tot)²|ξ⟩ = 0 when ξ(·,·) is symmetric, and (Ŝ_tot)²|ξ⟩ = 2|ξ⟩ when ξ(·,·) is antisymmetric.	PENDING	NONE	NONE	false	NONE	NONE	NONE
CL-TASAKI2020-2924	TASAKI2020	000524.0004	PG-TASAKI2020-0524	PDF p. 524; print p. 515; NONE; paragraph 7, atom 2	assertion	unnumbered_obligation	The definition of â_{j,σ} and the Schrödinger equation (9.3.3) give the calculation (S.100).	PENDING	NONE	NONE	false	NONE	NONE	NONE
CL-TASAKI2020-2925	TASAKI2020	000524.0005	PG-TASAKI2020-0524	PDF p. 524; print p. 515; NONE; equation (S.100)	assertion	equation	∑_j ε_jñ̂_{j,σ} = ∑_{j,x,y}ε_jψ_x^(j)(ψ_y^(j))*ĉ†_{x,σ}ĉ_{y,σ} = ∑_{j,x,y,z}t_{x,z}ψ_z^(j)(ψ_y^(j))*ĉ†_{x,σ}ĉ_{y,σ} = ∑_{x,y,z}t_{x,z}δ_{z,y}ĉ†_{x,σ}ĉ_{y,σ} = ∑_{x,y}t_{x,y}ĉ†_{x,σ}ĉ_{y,σ}. (S.100)	PENDING	NONE	NONE	false	NONE	NONE	NONE
CL-TASAKI2020-2926	TASAKI2020	000525.0001	PG-TASAKI2020-0525	PDF p. 525; print p. 516; NONE; paragraph 1	assertion	unnumbered_obligation	From (9.3.25) and (9.3.26), we find that [ñˆ j,σ , âk,τ † ] = δ j,k δσ,τ â †j,σ exactly as in (9.2.31).	PENDING	NONE	NONE	false	NONE	NONE	NONE
CL-TASAKI2020-2927	TASAKI2020	000525.0002	PG-TASAKI2020-0525	PDF p. 525; print p. 516; NONE; equation (S.101)	assertion	equation	[ĉ†_{x,↑}ĉ†_{x,↓},Ŝ_tot^+] = [ĉ†_{x,↑},Ŝ_tot^+]ĉ†_{x,↓}+ĉ†_{x,↑}[ĉ†_{x,↓},Ŝ_tot^+] = (ĉ†_{x,↓})²=0. (S.101)	PENDING	NONE	NONE	false	NONE	NONE	NONE
CL-TASAKI2020-2928	TASAKI2020	000525.0003	PG-TASAKI2020-0525	PDF p. 525; print p. 516; NONE; equation (S.102)	assertion	equation	[ĉ_(x,↑)ĉ_(x,↓),Ŝ_tot^−]=[ĉ_(x,↑),Ŝ_tot^−]ĉ_(x,↓)+ĉ_(x,↑)[ĉ_(x,↓),Ŝ_tot^−]=(ĉ_(x,↑))²=0. (S.102)	PENDING	NONE	NONE	false	NONE	NONE	NONE
CL-TASAKI2020-2929	TASAKI2020	000525.0004	PG-TASAKI2020-0525	PDF p. 525; print p. 516; NONE; equation (S.103)	assertion	equation	[ĉ_{x,↑}ĉ_{x,↓},Ŝ_tot^(3)]=(1/2)([ĉ_{x,↑}ĉ_{x,↓},n̂_{x,↑}]−[ĉ_{x,↑}ĉ_{x,↓},n̂_{x,↓}])=(1/2)(ĉ_{x,↑}ĉ_{x,↓}−ĉ_{x,↑}ĉ_{x,↓})=0. (S.103)	PENDING	NONE	NONE	false	NONE	NONE	NONE
CL-TASAKI2020-2930	TASAKI2020	000525.0005	PG-TASAKI2020-0525	PDF p. 525; print p. 516; NONE; paragraph 6, atom 1	assertion	unnumbered_obligation	We have thus shown that η̂x+ = (−1)x ĉx,↑ ĉx,↓ is SU(2) invariant.	PENDING	NONE	NONE	false	NONE	NONE	NONE
CL-TASAKI2020-2931	TASAKI2020	000525.0006	PG-TASAKI2020-0525	PDF p. 525; print p. 516; NONE; paragraph 6, atom 2	assertion	unnumbered_obligation	Finally η̂x(3) = (1 − n̂ x )/2 is SU(2) invariant since we have shown that n̂ x is SU(2) invariant. (α) ′ (α) We have already shown that [ Ĥhop , Ŝtot ] = 0 and [ Ĥint , Ŝtot ] = 0 for α = 1, 2, 3.	PENDING	NONE	NONE	false	NONE	NONE	NONE
CL-TASAKI2020-2932	TASAKI2020	000525.0007	PG-TASAKI2020-0525	PDF p. 525; print p. 516; NONE; equation (S.104)	assertion	equation	t(β+γ)=Eα,  2tα+Uβ=Eβ,  2tα+Uγ=Eγ. (S.104)	PENDING	NONE	NONE	false	NONE	NONE	NONE
CL-TASAKI2020-2933	TASAKI2020	000525.0008	PG-TASAKI2020-0525	PDF p. 525; print p. 516; NONE; paragraph 10	assertion	unnumbered_obligation	Then (S.104) reduces to 2tβ=Eα and 2tα+Uβ=Eβ, which implies E²−UE−4t²=0.	PENDING	NONE	NONE	false	NONE	NONE	NONE
CL-TASAKI2020-2934	TASAKI2020	000526.0001	PG-TASAKI2020-0526	PDF p. 526; print p. 517; NONE; paragraph 5	hypothesis	hypothesis	Such a state is well defined since we assume periodic boundary conditions.	PENDING	NONE	NONE	false	NONE	NONE	NONE
CL-TASAKI2020-2935	TASAKI2020	000527.0001	PG-TASAKI2020-0527	PDF p. 527; print p. 518; NONE; paragraph 2	notation	notation	Fig. A.4 The unit cell of the flat-band model with d = 2 in Fig. 11.11 consists of three sites, which we call 0, 1, and 2.	PENDING	NONE	NONE	false	NONE	NONE	NONE
CL-TASAKI2020-2936	TASAKI2020	000527.0002	PG-TASAKI2020-0527	PDF p. 527; print p. 518; NONE; equation (S.105)	assertion	equation	S^(k) = [[S^(k)_{0,0},S^(k)_{0,1},S^(k)_{0,2},…,S^(k)_{0,d}],[S^(k)_{1,0},t,0,…,0],[S^(k)_{2,0},0,t,…,0],[⋮,⋮,⋮,⋱,⋮],[S^(k)_{d,0},0,0,…,t]]. (S.105)	PENDING	NONE	NONE	false	NONE	NONE	NONE
CL-TASAKI2020-2937	TASAKI2020	000527.0003	PG-TASAKI2020-0527	PDF p. 527; print p. 518; NONE; equation (S.106)	assertion	equation	det[S^(k)−εI]=(S^(k)_{0,0}−ε)(t−ε)^d−∑_{j=1}^d|S^(k)_{0,j}|²(t−ε)^(d−1)=ε{ε−(t+S^(k)_{0,0})}(t−ε)^(d−1). (S.106)	PENDING	NONE	NONE	false	NONE	NONE	NONE
CL-TASAKI2020-2938	TASAKI2020	000527.0004	PG-TASAKI2020-0527	PDF p. 527; print p. 518; NONE; equation (S.107)	assertion	equation	Ĥ_hop∑_{u∈I}ϕ(u)b̂†_{u,σ}|Φ_vac⟩ = ε∑_{u∈I}ϕ(u)b̂†_{u,σ}|Φ_vac⟩. (S.107)	PENDING	NONE	NONE	false	NONE	NONE	NONE
CL-TASAKI2020-2939	TASAKI2020	000527.0005	PG-TASAKI2020-0527	PDF p. 527; print p. 518; NONE; equation (S.108)	assertion	equation	{b̂_{u,σ},b̂†_{v,τ}}={(1+2ν²)δ_{σ,τ} if u=v; ν²δ_{σ,τ} if there exists p∈E with |p−u|=|p−v|=1/2; 0 otherwise}. (S.108)	PENDING	NONE	NONE	false	NONE	NONE	NONE
CL-TASAKI2020-2940	TASAKI2020	000528.0001	PG-TASAKI2020-0528	PDF p. 528; print p. 519; NONE; equation (S.109)	assertion	equation	(1+2ν²)tϕ(u)+tν∑_{v∈I: {u,v}∈B}ϕ(v)=ε̃ϕ(u). (S.109)	PENDING	NONE	NONE	false	NONE	NONE	NONE
CL-TASAKI2020-2941	TASAKI2020	000528.0002	PG-TASAKI2020-0528	PDF p. 528; print p. 519; NONE; equation (S.110)	assertion	equation	2tϕ(u)+t∑_{v∈I: {u,v}∈B}ϕ(v)=εϕ(u). (S.110)	PENDING	NONE	NONE	false	NONE	NONE	NONE
CL-TASAKI2020-3255	TASAKI2020	000528.0003	PG-TASAKI2020-0528	PDF p. 528; print p. 519; NONE; paragraph 7; v5 repair split atom 1/2	assertion	unnumbered_obligation	For model (b), the â†-operator proof of Tasaki flat-band ferromagnetism applies and proves ferromagnetism.	PENDING	NONE	NONE	false	NONE	NONE	NONE
CL-TASAKI2020-3256	TASAKI2020	000528.0004	PG-TASAKI2020-0528	PDF p. 528; print p. 519; NONE; paragraph 7; v5 repair split atom 2/2	hypothesis	hypothesis	For Problem 11.4.1.a, assume ω_u(x)=O(ν³) whenever |x−u|>1.	PENDING	NONE	NONE	false	NONE	NONE	NONE
CL-TASAKI2020-2943	TASAKI2020	000529.0001	PG-TASAKI2020-0529	PDF p. 529; print p. 520; NONE; equation (S.111)	assertion	equation	ω_u(x) = (1+2ν²/(1+γ)²)^(−1/2)×{1+O(ν³) if x=u; ν/(1+γ)+O(ν³) if |x−u|=1/2; −(1/2)(ν/(1+γ))²+O(ν³) if |x−u|=1; O(ν³) otherwise}. (S.111)	PENDING	NONE	NONE	false	NONE	NONE	NONE
CL-TASAKI2020-2944	TASAKI2020	000529.0002	PG-TASAKI2020-0529	PDF p. 529; print p. 520; NONE; equation (S.112)	assertion	equation	Tωu=(1+γ)tωu+(ν²/(1+γ))t{2ωu+ω_{u−1}+ω_{u+1}}+O(ν³). (S.112)	PENDING	NONE	NONE	false	NONE	NONE	NONE
