item_id	position	claim_id
IT-TASAKI2020-0001	1	CL-TASAKI2020-0001
IT-TASAKI2020-0002	1	CL-TASAKI2020-0002
IT-TASAKI2020-0003	1	CL-TASAKI2020-0003
IT-TASAKI2020-0004	1	CL-TASAKI2020-0004
IT-TASAKI2020-0005	1	CL-TASAKI2020-0005
IT-TASAKI2020-0006	1	CL-TASAKI2020-0006
IT-TASAKI2020-0007	1	CL-TASAKI2020-0007
IT-TASAKI2020-0008	1	CL-TASAKI2020-0008
IT-TASAKI2020-0009	1	CL-TASAKI2020-0009
IT-TASAKI2020-0010	1	CL-TASAKI2020-0010
IT-TASAKI2020-0011	1	CL-TASAKI2020-0011
IT-TASAKI2020-0012	1	CL-TASAKI2020-0012
IT-TASAKI2020-0013	1	CL-TASAKI2020-0013
IT-TASAKI2020-0014	1	CL-TASAKI2020-0014
IT-TASAKI2020-0015	1	CL-TASAKI2020-0015
IT-TASAKI2020-0016	1	CL-TASAKI2020-0016
IT-TASAKI2020-0017	1	CL-TASAKI2020-0017
IT-TASAKI2020-0018	1	CL-TASAKI2020-0018
IT-TASAKI2020-0019	1	CL-TASAKI2020-0019
IT-TASAKI2020-0020	1	CL-TASAKI2020-0020
IT-TASAKI2020-0021	1	CL-TASAKI2020-0021
IT-TASAKI2020-0022	1	CL-TASAKI2020-0022
IT-TASAKI2020-0023	1	CL-TASAKI2020-0023
IT-TASAKI2020-0024	1	CL-TASAKI2020-0024
IT-TASAKI2020-0025	1	CL-TASAKI2020-0025
IT-TASAKI2020-0026	1	CL-TASAKI2020-0026
IT-TASAKI2020-0027	1	CL-TASAKI2020-0027
IT-TASAKI2020-0028	1	CL-TASAKI2020-0028
IT-TASAKI2020-0029	1	CL-TASAKI2020-0029
IT-TASAKI2020-0030	1	CL-TASAKI2020-2946
IT-TASAKI2020-0031	1	CL-TASAKI2020-2947
IT-TASAKI2020-0032	1	CL-TASAKI2020-2948
IT-TASAKI2020-0033	1	CL-TASAKI2020-0031
IT-TASAKI2020-0034	1	CL-TASAKI2020-0032
IT-TASAKI2020-0035	1	CL-TASAKI2020-0033
IT-TASAKI2020-0036	1	CL-TASAKI2020-2949
IT-TASAKI2020-0036	2	CL-TASAKI2020-2950
IT-TASAKI2020-0036	3	CL-TASAKI2020-3334
IT-TASAKI2020-0037	1	CL-TASAKI2020-2951
IT-TASAKI2020-0038	1	CL-TASAKI2020-2952
IT-TASAKI2020-0039	1	CL-TASAKI2020-0035
IT-TASAKI2020-0040	1	CL-TASAKI2020-2953
IT-TASAKI2020-0041	1	CL-TASAKI2020-2954
IT-TASAKI2020-0042	1	CL-TASAKI2020-3335
IT-TASAKI2020-0043	1	CL-TASAKI2020-3336
IT-TASAKI2020-0044	1	CL-TASAKI2020-2955
IT-TASAKI2020-0045	1	CL-TASAKI2020-2956
IT-TASAKI2020-0045	2	CL-TASAKI2020-3337
IT-TASAKI2020-0045	3	CL-TASAKI2020-2957
IT-TASAKI2020-0045	4	CL-TASAKI2020-3338
IT-TASAKI2020-0046	1	CL-TASAKI2020-2959
IT-TASAKI2020-0046	2	CL-TASAKI2020-3339
IT-TASAKI2020-0046	3	CL-TASAKI2020-2960
IT-TASAKI2020-0046	4	CL-TASAKI2020-2961
IT-TASAKI2020-0047	1	CL-TASAKI2020-2962
IT-TASAKI2020-0047	2	CL-TASAKI2020-2963
IT-TASAKI2020-0048	1	CL-TASAKI2020-2964
IT-TASAKI2020-0048	2	CL-TASAKI2020-3340
IT-TASAKI2020-0048	3	CL-TASAKI2020-2966
IT-TASAKI2020-0049	1	CL-TASAKI2020-2968
IT-TASAKI2020-0050	1	CL-TASAKI2020-2971
IT-TASAKI2020-0050	2	CL-TASAKI2020-3341
IT-TASAKI2020-0051	1	CL-TASAKI2020-0037
IT-TASAKI2020-0052	1	CL-TASAKI2020-0038
IT-TASAKI2020-0053	1	CL-TASAKI2020-0039
IT-TASAKI2020-0054	1	CL-TASAKI2020-0040
IT-TASAKI2020-0055	1	CL-TASAKI2020-0041
IT-TASAKI2020-0056	1	CL-TASAKI2020-0042
IT-TASAKI2020-0057	1	CL-TASAKI2020-0043
IT-TASAKI2020-0058	1	CL-TASAKI2020-0044
IT-TASAKI2020-0059	1	CL-TASAKI2020-0045
IT-TASAKI2020-0060	1	CL-TASAKI2020-0047
IT-TASAKI2020-0061	1	CL-TASAKI2020-0048
IT-TASAKI2020-0062	1	CL-TASAKI2020-0049
IT-TASAKI2020-0063	1	CL-TASAKI2020-0050
IT-TASAKI2020-0064	1	CL-TASAKI2020-0051
IT-TASAKI2020-0065	1	CL-TASAKI2020-0052
IT-TASAKI2020-0066	1	CL-TASAKI2020-0053
IT-TASAKI2020-0067	1	CL-TASAKI2020-0054
IT-TASAKI2020-0068	1	CL-TASAKI2020-0055
IT-TASAKI2020-0069	1	CL-TASAKI2020-0056
IT-TASAKI2020-0070	1	CL-TASAKI2020-0057
IT-TASAKI2020-0071	1	CL-TASAKI2020-0058
IT-TASAKI2020-0072	1	CL-TASAKI2020-0059
IT-TASAKI2020-0073	1	CL-TASAKI2020-0060
IT-TASAKI2020-0074	1	CL-TASAKI2020-0061
IT-TASAKI2020-0075	1	CL-TASAKI2020-0062
IT-TASAKI2020-0076	1	CL-TASAKI2020-0064
IT-TASAKI2020-0077	1	CL-TASAKI2020-0065
IT-TASAKI2020-0078	1	CL-TASAKI2020-0066
IT-TASAKI2020-0079	1	CL-TASAKI2020-0067
IT-TASAKI2020-0080	1	CL-TASAKI2020-0069
IT-TASAKI2020-0081	1	CL-TASAKI2020-0070
IT-TASAKI2020-0082	1	CL-TASAKI2020-0071
IT-TASAKI2020-0083	1	CL-TASAKI2020-0072
IT-TASAKI2020-0084	1	CL-TASAKI2020-0073
IT-TASAKI2020-0085	1	CL-TASAKI2020-0074
IT-TASAKI2020-0086	1	CL-TASAKI2020-0075
IT-TASAKI2020-0087	1	CL-TASAKI2020-0076
IT-TASAKI2020-0088	1	CL-TASAKI2020-0077
IT-TASAKI2020-0089	1	CL-TASAKI2020-0078
IT-TASAKI2020-0090	1	CL-TASAKI2020-0079
IT-TASAKI2020-0091	1	CL-TASAKI2020-0080
IT-TASAKI2020-0092	1	CL-TASAKI2020-0081
IT-TASAKI2020-0093	1	CL-TASAKI2020-0082
IT-TASAKI2020-0094	1	CL-TASAKI2020-0083
IT-TASAKI2020-0095	1	CL-TASAKI2020-0084
IT-TASAKI2020-0096	1	CL-TASAKI2020-0085
IT-TASAKI2020-0097	1	CL-TASAKI2020-0086
IT-TASAKI2020-0098	1	CL-TASAKI2020-0087
IT-TASAKI2020-0099	1	CL-TASAKI2020-0088
IT-TASAKI2020-0100	1	CL-TASAKI2020-0089
IT-TASAKI2020-0101	1	CL-TASAKI2020-0090
IT-TASAKI2020-0102	1	CL-TASAKI2020-0091
IT-TASAKI2020-0103	1	CL-TASAKI2020-0092
IT-TASAKI2020-0104	1	CL-TASAKI2020-0093
IT-TASAKI2020-0105	1	CL-TASAKI2020-0094
IT-TASAKI2020-0106	1	CL-TASAKI2020-0095
IT-TASAKI2020-0107	1	CL-TASAKI2020-0096
IT-TASAKI2020-0108	1	CL-TASAKI2020-0097
IT-TASAKI2020-0109	1	CL-TASAKI2020-0098
IT-TASAKI2020-0110	1	CL-TASAKI2020-0099
IT-TASAKI2020-0111	1	CL-TASAKI2020-0100
IT-TASAKI2020-0112	1	CL-TASAKI2020-0102
IT-TASAKI2020-0113	1	CL-TASAKI2020-0103
IT-TASAKI2020-0114	1	CL-TASAKI2020-0104
IT-TASAKI2020-0115	1	CL-TASAKI2020-0105
IT-TASAKI2020-0116	1	CL-TASAKI2020-0106
IT-TASAKI2020-0117	1	CL-TASAKI2020-0107
IT-TASAKI2020-0118	1	CL-TASAKI2020-0108
IT-TASAKI2020-0119	1	CL-TASAKI2020-0109
IT-TASAKI2020-0120	1	CL-TASAKI2020-0111
IT-TASAKI2020-0121	1	CL-TASAKI2020-0112
IT-TASAKI2020-0122	1	CL-TASAKI2020-0113
IT-TASAKI2020-0123	1	CL-TASAKI2020-0114
IT-TASAKI2020-0124	1	CL-TASAKI2020-0115
IT-TASAKI2020-0125	1	CL-TASAKI2020-0116
IT-TASAKI2020-0126	1	CL-TASAKI2020-0117
IT-TASAKI2020-0127	1	CL-TASAKI2020-0118
IT-TASAKI2020-0128	1	CL-TASAKI2020-0120
IT-TASAKI2020-0129	1	CL-TASAKI2020-0121
IT-TASAKI2020-0130	1	CL-TASAKI2020-0123
IT-TASAKI2020-0131	1	CL-TASAKI2020-0124
IT-TASAKI2020-0132	1	CL-TASAKI2020-0125
IT-TASAKI2020-0133	1	CL-TASAKI2020-0126
IT-TASAKI2020-0134	1	CL-TASAKI2020-0127
IT-TASAKI2020-0135	1	CL-TASAKI2020-0128
IT-TASAKI2020-0136	1	CL-TASAKI2020-0129
IT-TASAKI2020-0137	1	CL-TASAKI2020-0130
IT-TASAKI2020-0138	1	CL-TASAKI2020-0131
IT-TASAKI2020-0139	1	CL-TASAKI2020-0132
IT-TASAKI2020-0140	1	CL-TASAKI2020-0133
IT-TASAKI2020-0141	1	CL-TASAKI2020-0134
IT-TASAKI2020-0142	1	CL-TASAKI2020-0135
IT-TASAKI2020-0143	1	CL-TASAKI2020-0136
IT-TASAKI2020-0144	1	CL-TASAKI2020-0137
IT-TASAKI2020-0145	1	CL-TASAKI2020-0138
IT-TASAKI2020-0146	1	CL-TASAKI2020-0139
IT-TASAKI2020-0147	1	CL-TASAKI2020-0140
IT-TASAKI2020-0148	1	CL-TASAKI2020-0141
IT-TASAKI2020-0149	1	CL-TASAKI2020-0142
IT-TASAKI2020-0150	1	CL-TASAKI2020-0143
IT-TASAKI2020-0151	1	CL-TASAKI2020-0144
IT-TASAKI2020-0152	1	CL-TASAKI2020-0145
IT-TASAKI2020-0153	1	CL-TASAKI2020-0146
IT-TASAKI2020-0154	1	CL-TASAKI2020-0147
IT-TASAKI2020-0155	1	CL-TASAKI2020-0148
IT-TASAKI2020-0156	1	CL-TASAKI2020-0149
IT-TASAKI2020-0157	1	CL-TASAKI2020-0150
IT-TASAKI2020-0158	1	CL-TASAKI2020-0151
IT-TASAKI2020-0159	1	CL-TASAKI2020-0152
IT-TASAKI2020-0160	1	CL-TASAKI2020-0153
IT-TASAKI2020-0161	1	CL-TASAKI2020-0154
IT-TASAKI2020-0162	1	CL-TASAKI2020-0155
IT-TASAKI2020-0163	1	CL-TASAKI2020-0156
IT-TASAKI2020-0164	1	CL-TASAKI2020-0157
IT-TASAKI2020-0165	1	CL-TASAKI2020-0158
IT-TASAKI2020-0166	1	CL-TASAKI2020-0159
IT-TASAKI2020-0167	1	CL-TASAKI2020-0160
IT-TASAKI2020-0168	1	CL-TASAKI2020-0161
IT-TASAKI2020-0169	1	CL-TASAKI2020-0162
IT-TASAKI2020-0170	1	CL-TASAKI2020-0163
IT-TASAKI2020-0171	1	CL-TASAKI2020-0164
IT-TASAKI2020-0172	1	CL-TASAKI2020-0165
IT-TASAKI2020-0173	1	CL-TASAKI2020-0166
IT-TASAKI2020-0174	1	CL-TASAKI2020-0167
IT-TASAKI2020-0175	1	CL-TASAKI2020-0168
IT-TASAKI2020-0176	1	CL-TASAKI2020-0169
IT-TASAKI2020-0177	1	CL-TASAKI2020-0170
IT-TASAKI2020-0178	1	CL-TASAKI2020-0171
IT-TASAKI2020-0179	1	CL-TASAKI2020-0172
IT-TASAKI2020-0180	1	CL-TASAKI2020-0173
IT-TASAKI2020-0181	1	CL-TASAKI2020-0174
IT-TASAKI2020-0182	1	CL-TASAKI2020-0175
IT-TASAKI2020-0183	1	CL-TASAKI2020-0176
IT-TASAKI2020-0184	1	CL-TASAKI2020-0177
IT-TASAKI2020-0185	1	CL-TASAKI2020-0178
IT-TASAKI2020-0186	1	CL-TASAKI2020-0179
IT-TASAKI2020-0187	1	CL-TASAKI2020-0180
IT-TASAKI2020-0188	1	CL-TASAKI2020-0182
IT-TASAKI2020-0189	1	CL-TASAKI2020-0183
IT-TASAKI2020-0190	1	CL-TASAKI2020-0184
IT-TASAKI2020-0191	1	CL-TASAKI2020-0185
IT-TASAKI2020-0192	1	CL-TASAKI2020-0186
IT-TASAKI2020-0193	1	CL-TASAKI2020-0187
IT-TASAKI2020-0194	1	CL-TASAKI2020-0188
IT-TASAKI2020-0195	1	CL-TASAKI2020-0189
IT-TASAKI2020-0196	1	CL-TASAKI2020-0190
IT-TASAKI2020-0197	1	CL-TASAKI2020-0191
IT-TASAKI2020-0198	1	CL-TASAKI2020-0192
IT-TASAKI2020-0199	1	CL-TASAKI2020-0193
IT-TASAKI2020-0200	1	CL-TASAKI2020-0194
IT-TASAKI2020-0201	1	CL-TASAKI2020-0195
IT-TASAKI2020-0202	1	CL-TASAKI2020-0196
IT-TASAKI2020-0203	1	CL-TASAKI2020-0197
IT-TASAKI2020-0204	1	CL-TASAKI2020-0198
IT-TASAKI2020-0205	1	CL-TASAKI2020-0199
IT-TASAKI2020-0206	1	CL-TASAKI2020-0200
IT-TASAKI2020-0207	1	CL-TASAKI2020-0201
IT-TASAKI2020-0208	1	CL-TASAKI2020-0202
IT-TASAKI2020-0209	1	CL-TASAKI2020-0203
IT-TASAKI2020-0210	1	CL-TASAKI2020-0204
IT-TASAKI2020-0211	1	CL-TASAKI2020-0205
IT-TASAKI2020-0212	1	CL-TASAKI2020-0206
IT-TASAKI2020-0213	1	CL-TASAKI2020-0207
IT-TASAKI2020-0214	1	CL-TASAKI2020-0208
IT-TASAKI2020-0215	1	CL-TASAKI2020-0209
IT-TASAKI2020-0216	1	CL-TASAKI2020-0210
IT-TASAKI2020-0217	1	CL-TASAKI2020-0211
IT-TASAKI2020-0218	1	CL-TASAKI2020-0212
IT-TASAKI2020-0219	1	CL-TASAKI2020-0213
IT-TASAKI2020-0220	1	CL-TASAKI2020-0214
IT-TASAKI2020-0221	1	CL-TASAKI2020-0215
IT-TASAKI2020-0222	1	CL-TASAKI2020-0216
IT-TASAKI2020-0223	1	CL-TASAKI2020-0217
IT-TASAKI2020-0224	1	CL-TASAKI2020-0218
IT-TASAKI2020-0225	1	CL-TASAKI2020-0219
IT-TASAKI2020-0226	1	CL-TASAKI2020-0220
IT-TASAKI2020-0227	1	CL-TASAKI2020-0221
IT-TASAKI2020-0228	1	CL-TASAKI2020-0222
IT-TASAKI2020-0229	1	CL-TASAKI2020-0223
IT-TASAKI2020-0230	1	CL-TASAKI2020-0224
IT-TASAKI2020-0231	1	CL-TASAKI2020-0225
IT-TASAKI2020-0232	1	CL-TASAKI2020-0226
IT-TASAKI2020-0233	1	CL-TASAKI2020-0227
IT-TASAKI2020-0234	1	CL-TASAKI2020-0228
IT-TASAKI2020-0235	1	CL-TASAKI2020-0229
IT-TASAKI2020-0236	1	CL-TASAKI2020-0230
IT-TASAKI2020-0237	1	CL-TASAKI2020-0231
IT-TASAKI2020-0238	1	CL-TASAKI2020-0232
IT-TASAKI2020-0239	1	CL-TASAKI2020-3290
IT-TASAKI2020-0239	2	CL-TASAKI2020-3291
IT-TASAKI2020-0240	1	CL-TASAKI2020-0234
IT-TASAKI2020-0241	1	CL-TASAKI2020-0235
IT-TASAKI2020-0242	1	CL-TASAKI2020-0236
IT-TASAKI2020-0243	1	CL-TASAKI2020-3292
IT-TASAKI2020-0243	2	CL-TASAKI2020-3293
IT-TASAKI2020-0244	1	CL-TASAKI2020-0238
IT-TASAKI2020-0245	1	CL-TASAKI2020-0239
IT-TASAKI2020-0246	1	CL-TASAKI2020-0240
IT-TASAKI2020-0247	1	CL-TASAKI2020-0241
IT-TASAKI2020-0248	1	CL-TASAKI2020-0242
IT-TASAKI2020-0249	1	CL-TASAKI2020-2972
IT-TASAKI2020-0250	1	CL-TASAKI2020-2973
IT-TASAKI2020-0251	1	CL-TASAKI2020-0244
IT-TASAKI2020-0252	1	CL-TASAKI2020-0245
IT-TASAKI2020-0253	1	CL-TASAKI2020-0246
IT-TASAKI2020-0254	1	CL-TASAKI2020-0247
IT-TASAKI2020-0255	1	CL-TASAKI2020-0248
IT-TASAKI2020-0256	1	CL-TASAKI2020-2974
IT-TASAKI2020-0257	1	CL-TASAKI2020-2975
IT-TASAKI2020-0258	1	CL-TASAKI2020-0250
IT-TASAKI2020-0259	1	CL-TASAKI2020-0251
IT-TASAKI2020-0260	1	CL-TASAKI2020-0252
IT-TASAKI2020-0261	1	CL-TASAKI2020-0253
IT-TASAKI2020-0262	1	CL-TASAKI2020-0254
IT-TASAKI2020-0263	1	CL-TASAKI2020-0255
IT-TASAKI2020-0264	1	CL-TASAKI2020-0256
IT-TASAKI2020-0265	1	CL-TASAKI2020-0257
IT-TASAKI2020-0266	1	CL-TASAKI2020-0258
IT-TASAKI2020-0267	1	CL-TASAKI2020-0259
IT-TASAKI2020-0268	1	CL-TASAKI2020-0260
IT-TASAKI2020-0269	1	CL-TASAKI2020-0261
IT-TASAKI2020-0270	1	CL-TASAKI2020-0262
IT-TASAKI2020-0271	1	CL-TASAKI2020-0263
IT-TASAKI2020-0272	1	CL-TASAKI2020-0264
IT-TASAKI2020-0273	1	CL-TASAKI2020-0265
IT-TASAKI2020-0274	1	CL-TASAKI2020-0266
IT-TASAKI2020-0275	1	CL-TASAKI2020-0267
IT-TASAKI2020-0276	1	CL-TASAKI2020-0268
IT-TASAKI2020-0277	1	CL-TASAKI2020-0269
IT-TASAKI2020-0278	1	CL-TASAKI2020-0270
IT-TASAKI2020-0279	1	CL-TASAKI2020-0271
IT-TASAKI2020-0280	1	CL-TASAKI2020-0272
IT-TASAKI2020-0281	1	CL-TASAKI2020-0273
IT-TASAKI2020-0282	1	CL-TASAKI2020-0274
IT-TASAKI2020-0283	1	CL-TASAKI2020-0275
IT-TASAKI2020-0284	1	CL-TASAKI2020-3294
IT-TASAKI2020-0284	2	CL-TASAKI2020-3295
IT-TASAKI2020-0285	1	CL-TASAKI2020-0277
IT-TASAKI2020-0286	1	CL-TASAKI2020-0278
IT-TASAKI2020-0287	1	CL-TASAKI2020-0279
IT-TASAKI2020-0288	1	CL-TASAKI2020-0280
IT-TASAKI2020-0289	1	CL-TASAKI2020-0281
IT-TASAKI2020-0290	1	CL-TASAKI2020-0282
IT-TASAKI2020-0291	1	CL-TASAKI2020-0283
IT-TASAKI2020-0292	1	CL-TASAKI2020-0284
IT-TASAKI2020-0293	1	CL-TASAKI2020-0285
IT-TASAKI2020-0294	1	CL-TASAKI2020-0286
IT-TASAKI2020-0295	1	CL-TASAKI2020-0287
IT-TASAKI2020-0295	2	CL-TASAKI2020-3430
IT-TASAKI2020-0295	3	CL-TASAKI2020-3431
IT-TASAKI2020-0296	1	CL-TASAKI2020-0288
IT-TASAKI2020-0297	1	CL-TASAKI2020-0290
IT-TASAKI2020-0298	1	CL-TASAKI2020-0292
IT-TASAKI2020-0299	1	CL-TASAKI2020-0293
IT-TASAKI2020-0300	1	CL-TASAKI2020-0294
IT-TASAKI2020-0301	1	CL-TASAKI2020-0295
IT-TASAKI2020-0302	1	CL-TASAKI2020-0296
IT-TASAKI2020-0303	1	CL-TASAKI2020-0297
IT-TASAKI2020-0304	1	CL-TASAKI2020-0298
IT-TASAKI2020-0305	1	CL-TASAKI2020-0299
IT-TASAKI2020-0306	1	CL-TASAKI2020-0300
IT-TASAKI2020-0307	1	CL-TASAKI2020-0301
IT-TASAKI2020-0308	1	CL-TASAKI2020-0302
IT-TASAKI2020-0309	1	CL-TASAKI2020-0303
IT-TASAKI2020-0310	1	CL-TASAKI2020-0304
IT-TASAKI2020-0311	1	CL-TASAKI2020-0305
IT-TASAKI2020-0312	1	CL-TASAKI2020-0306
IT-TASAKI2020-0313	1	CL-TASAKI2020-0307
IT-TASAKI2020-0314	1	CL-TASAKI2020-0308
IT-TASAKI2020-0315	1	CL-TASAKI2020-0309
IT-TASAKI2020-0316	1	CL-TASAKI2020-0310
IT-TASAKI2020-0317	1	CL-TASAKI2020-0311
IT-TASAKI2020-0318	1	CL-TASAKI2020-0312
IT-TASAKI2020-0319	1	CL-TASAKI2020-0313
IT-TASAKI2020-0320	1	CL-TASAKI2020-0314
IT-TASAKI2020-0321	1	CL-TASAKI2020-0315
IT-TASAKI2020-0322	1	CL-TASAKI2020-0316
IT-TASAKI2020-0323	1	CL-TASAKI2020-0317
IT-TASAKI2020-0324	1	CL-TASAKI2020-0318
IT-TASAKI2020-0325	1	CL-TASAKI2020-0319
IT-TASAKI2020-0326	1	CL-TASAKI2020-0320
IT-TASAKI2020-0327	1	CL-TASAKI2020-0321
IT-TASAKI2020-0328	1	CL-TASAKI2020-0322
IT-TASAKI2020-0329	1	CL-TASAKI2020-0323
IT-TASAKI2020-0330	1	CL-TASAKI2020-0324
IT-TASAKI2020-0331	1	CL-TASAKI2020-0325
IT-TASAKI2020-0332	1	CL-TASAKI2020-0326
IT-TASAKI2020-0333	1	CL-TASAKI2020-0327
IT-TASAKI2020-0334	1	CL-TASAKI2020-0328
IT-TASAKI2020-0335	1	CL-TASAKI2020-0329
IT-TASAKI2020-0336	1	CL-TASAKI2020-0330
IT-TASAKI2020-0337	1	CL-TASAKI2020-0331
IT-TASAKI2020-0338	1	CL-TASAKI2020-0332
IT-TASAKI2020-0339	1	CL-TASAKI2020-0333
IT-TASAKI2020-0340	1	CL-TASAKI2020-0334
IT-TASAKI2020-0341	1	CL-TASAKI2020-0335
IT-TASAKI2020-0342	1	CL-TASAKI2020-0336
IT-TASAKI2020-0343	1	CL-TASAKI2020-0337
IT-TASAKI2020-0344	1	CL-TASAKI2020-0338
IT-TASAKI2020-0345	1	CL-TASAKI2020-0339
IT-TASAKI2020-0346	1	CL-TASAKI2020-0340
IT-TASAKI2020-0347	1	CL-TASAKI2020-0341
IT-TASAKI2020-0348	1	CL-TASAKI2020-0342
IT-TASAKI2020-0349	1	CL-TASAKI2020-0343
IT-TASAKI2020-0350	1	CL-TASAKI2020-0344
IT-TASAKI2020-0351	1	CL-TASAKI2020-0345
IT-TASAKI2020-0352	1	CL-TASAKI2020-0346
IT-TASAKI2020-0353	1	CL-TASAKI2020-0347
IT-TASAKI2020-0354	1	CL-TASAKI2020-0348
IT-TASAKI2020-0355	1	CL-TASAKI2020-0349
IT-TASAKI2020-0356	1	CL-TASAKI2020-0350
IT-TASAKI2020-0357	1	CL-TASAKI2020-0351
IT-TASAKI2020-0358	1	CL-TASAKI2020-0352
IT-TASAKI2020-0358	2	CL-TASAKI2020-3432
IT-TASAKI2020-0358	3	CL-TASAKI2020-3433
IT-TASAKI2020-0358	4	CL-TASAKI2020-3434
IT-TASAKI2020-0359	1	CL-TASAKI2020-0353
IT-TASAKI2020-0360	1	CL-TASAKI2020-0354
IT-TASAKI2020-0361	1	CL-TASAKI2020-0355
IT-TASAKI2020-0362	1	CL-TASAKI2020-0356
IT-TASAKI2020-0363	1	CL-TASAKI2020-0357
IT-TASAKI2020-0364	1	CL-TASAKI2020-0358
IT-TASAKI2020-0365	1	CL-TASAKI2020-0359
IT-TASAKI2020-0366	1	CL-TASAKI2020-0360
IT-TASAKI2020-0367	1	CL-TASAKI2020-0361
IT-TASAKI2020-0368	1	CL-TASAKI2020-0363
IT-TASAKI2020-0369	1	CL-TASAKI2020-0364
IT-TASAKI2020-0370	1	CL-TASAKI2020-0365
IT-TASAKI2020-0371	1	CL-TASAKI2020-0366
IT-TASAKI2020-0372	1	CL-TASAKI2020-0367
IT-TASAKI2020-0373	1	CL-TASAKI2020-0368
IT-TASAKI2020-0374	1	CL-TASAKI2020-0369
IT-TASAKI2020-0375	1	CL-TASAKI2020-0370
IT-TASAKI2020-0376	1	CL-TASAKI2020-0371
IT-TASAKI2020-0377	1	CL-TASAKI2020-0372
IT-TASAKI2020-0378	1	CL-TASAKI2020-0373
IT-TASAKI2020-0379	1	CL-TASAKI2020-0374
IT-TASAKI2020-0380	1	CL-TASAKI2020-0375
IT-TASAKI2020-0381	1	CL-TASAKI2020-0376
IT-TASAKI2020-0382	1	CL-TASAKI2020-0377
IT-TASAKI2020-0383	1	CL-TASAKI2020-3296
IT-TASAKI2020-0384	1	CL-TASAKI2020-0379
IT-TASAKI2020-0385	1	CL-TASAKI2020-0381
IT-TASAKI2020-0386	1	CL-TASAKI2020-0382
IT-TASAKI2020-0387	1	CL-TASAKI2020-0383
IT-TASAKI2020-0388	1	CL-TASAKI2020-0384
IT-TASAKI2020-0389	1	CL-TASAKI2020-0385
IT-TASAKI2020-0390	1	CL-TASAKI2020-0386
IT-TASAKI2020-0391	1	CL-TASAKI2020-0387
IT-TASAKI2020-0392	1	CL-TASAKI2020-0388
IT-TASAKI2020-0393	1	CL-TASAKI2020-0389
IT-TASAKI2020-0394	1	CL-TASAKI2020-0390
IT-TASAKI2020-0395	1	CL-TASAKI2020-0391
IT-TASAKI2020-0396	1	CL-TASAKI2020-0392
IT-TASAKI2020-0397	1	CL-TASAKI2020-0393
IT-TASAKI2020-0398	1	CL-TASAKI2020-0394
IT-TASAKI2020-0399	1	CL-TASAKI2020-0395
IT-TASAKI2020-0400	1	CL-TASAKI2020-0396
IT-TASAKI2020-0401	1	CL-TASAKI2020-0397
IT-TASAKI2020-0402	1	CL-TASAKI2020-0398
IT-TASAKI2020-0403	1	CL-TASAKI2020-0399
IT-TASAKI2020-0404	1	CL-TASAKI2020-0400
IT-TASAKI2020-0405	1	CL-TASAKI2020-0401
IT-TASAKI2020-0406	1	CL-TASAKI2020-0402
IT-TASAKI2020-0407	1	CL-TASAKI2020-0403
IT-TASAKI2020-0408	1	CL-TASAKI2020-0404
IT-TASAKI2020-0409	1	CL-TASAKI2020-0405
IT-TASAKI2020-0410	1	CL-TASAKI2020-0406
IT-TASAKI2020-0411	1	CL-TASAKI2020-0407
IT-TASAKI2020-0412	1	CL-TASAKI2020-0408
IT-TASAKI2020-0413	1	CL-TASAKI2020-0409
IT-TASAKI2020-0414	1	CL-TASAKI2020-0410
IT-TASAKI2020-0415	1	CL-TASAKI2020-0411
IT-TASAKI2020-0416	1	CL-TASAKI2020-0412
IT-TASAKI2020-0417	1	CL-TASAKI2020-0413
IT-TASAKI2020-0418	1	CL-TASAKI2020-0415
IT-TASAKI2020-0419	1	CL-TASAKI2020-0416
IT-TASAKI2020-0420	1	CL-TASAKI2020-0417
IT-TASAKI2020-0421	1	CL-TASAKI2020-0418
IT-TASAKI2020-0422	1	CL-TASAKI2020-0419
IT-TASAKI2020-0423	1	CL-TASAKI2020-0420
IT-TASAKI2020-0424	1	CL-TASAKI2020-0421
IT-TASAKI2020-0425	1	CL-TASAKI2020-0422
IT-TASAKI2020-0426	1	CL-TASAKI2020-0423
IT-TASAKI2020-0427	1	CL-TASAKI2020-0424
IT-TASAKI2020-0428	1	CL-TASAKI2020-0425
IT-TASAKI2020-0429	1	CL-TASAKI2020-0426
IT-TASAKI2020-0430	1	CL-TASAKI2020-0427
IT-TASAKI2020-0431	1	CL-TASAKI2020-0428
IT-TASAKI2020-0432	1	CL-TASAKI2020-0429
IT-TASAKI2020-0433	1	CL-TASAKI2020-0430
IT-TASAKI2020-0434	1	CL-TASAKI2020-0431
IT-TASAKI2020-0435	1	CL-TASAKI2020-0432
IT-TASAKI2020-0436	1	CL-TASAKI2020-0433
IT-TASAKI2020-0437	1	CL-TASAKI2020-0434
IT-TASAKI2020-0438	1	CL-TASAKI2020-0435
IT-TASAKI2020-0439	1	CL-TASAKI2020-0436
IT-TASAKI2020-0440	1	CL-TASAKI2020-0437
IT-TASAKI2020-0441	1	CL-TASAKI2020-2976
IT-TASAKI2020-0441	2	CL-TASAKI2020-2977
IT-TASAKI2020-0441	3	CL-TASAKI2020-3342
IT-TASAKI2020-0441	4	CL-TASAKI2020-2978
IT-TASAKI2020-0442	1	CL-TASAKI2020-2983
IT-TASAKI2020-0442	2	CL-TASAKI2020-2984
IT-TASAKI2020-0442	3	CL-TASAKI2020-2985
IT-TASAKI2020-0442	4	CL-TASAKI2020-3343
IT-TASAKI2020-0443	1	CL-TASAKI2020-2991
IT-TASAKI2020-0443	2	CL-TASAKI2020-2992
IT-TASAKI2020-0443	3	CL-TASAKI2020-2993
IT-TASAKI2020-0444	1	CL-TASAKI2020-2994
IT-TASAKI2020-0444	2	CL-TASAKI2020-2995
IT-TASAKI2020-0445	1	CL-TASAKI2020-0439
IT-TASAKI2020-0446	1	CL-TASAKI2020-0440
IT-TASAKI2020-0447	1	CL-TASAKI2020-0441
IT-TASAKI2020-0448	1	CL-TASAKI2020-0442
IT-TASAKI2020-0449	1	CL-TASAKI2020-0443
IT-TASAKI2020-0450	1	CL-TASAKI2020-0444
IT-TASAKI2020-0451	1	CL-TASAKI2020-0445
IT-TASAKI2020-0452	1	CL-TASAKI2020-0446
IT-TASAKI2020-0453	1	CL-TASAKI2020-0447
IT-TASAKI2020-0454	1	CL-TASAKI2020-0448
IT-TASAKI2020-0455	1	CL-TASAKI2020-2997
IT-TASAKI2020-0456	1	CL-TASAKI2020-3344
IT-TASAKI2020-0457	1	CL-TASAKI2020-2999
IT-TASAKI2020-0458	1	CL-TASAKI2020-0449
IT-TASAKI2020-0459	1	CL-TASAKI2020-0450
IT-TASAKI2020-0460	1	CL-TASAKI2020-0452
IT-TASAKI2020-0461	1	CL-TASAKI2020-0453
IT-TASAKI2020-0462	1	CL-TASAKI2020-0454
IT-TASAKI2020-0463	1	CL-TASAKI2020-0455
IT-TASAKI2020-0464	1	CL-TASAKI2020-0456
IT-TASAKI2020-0465	1	CL-TASAKI2020-0457
IT-TASAKI2020-0466	1	CL-TASAKI2020-0458
IT-TASAKI2020-0467	1	CL-TASAKI2020-0459
IT-TASAKI2020-0468	1	CL-TASAKI2020-0460
IT-TASAKI2020-0469	1	CL-TASAKI2020-0461
IT-TASAKI2020-0470	1	CL-TASAKI2020-0462
IT-TASAKI2020-0471	1	CL-TASAKI2020-0463
IT-TASAKI2020-0472	1	CL-TASAKI2020-0464
IT-TASAKI2020-0473	1	CL-TASAKI2020-0465
IT-TASAKI2020-0474	1	CL-TASAKI2020-0466
IT-TASAKI2020-0475	1	CL-TASAKI2020-0467
IT-TASAKI2020-0476	1	CL-TASAKI2020-0469
IT-TASAKI2020-0477	1	CL-TASAKI2020-0470
IT-TASAKI2020-0478	1	CL-TASAKI2020-0471
IT-TASAKI2020-0479	1	CL-TASAKI2020-0472
IT-TASAKI2020-0480	1	CL-TASAKI2020-0473
IT-TASAKI2020-0481	1	CL-TASAKI2020-0474
IT-TASAKI2020-0482	1	CL-TASAKI2020-0475
IT-TASAKI2020-0483	1	CL-TASAKI2020-0476
IT-TASAKI2020-0484	1	CL-TASAKI2020-0477
IT-TASAKI2020-0485	1	CL-TASAKI2020-0478
IT-TASAKI2020-0486	1	CL-TASAKI2020-0479
IT-TASAKI2020-0487	1	CL-TASAKI2020-0480
IT-TASAKI2020-0488	1	CL-TASAKI2020-0481
IT-TASAKI2020-0489	1	CL-TASAKI2020-0482
IT-TASAKI2020-0490	1	CL-TASAKI2020-0483
IT-TASAKI2020-0491	1	CL-TASAKI2020-0484
IT-TASAKI2020-0492	1	CL-TASAKI2020-0486
IT-TASAKI2020-0493	1	CL-TASAKI2020-0487
IT-TASAKI2020-0494	1	CL-TASAKI2020-0488
IT-TASAKI2020-0495	1	CL-TASAKI2020-0489
IT-TASAKI2020-0496	1	CL-TASAKI2020-0490
IT-TASAKI2020-0497	1	CL-TASAKI2020-0491
IT-TASAKI2020-0498	1	CL-TASAKI2020-0492
IT-TASAKI2020-0499	1	CL-TASAKI2020-0493
IT-TASAKI2020-0500	1	CL-TASAKI2020-0494
IT-TASAKI2020-0501	1	CL-TASAKI2020-0495
IT-TASAKI2020-0502	1	CL-TASAKI2020-0496
IT-TASAKI2020-0503	1	CL-TASAKI2020-0497
IT-TASAKI2020-0504	1	CL-TASAKI2020-0498
IT-TASAKI2020-0505	1	CL-TASAKI2020-0499
IT-TASAKI2020-0506	1	CL-TASAKI2020-0500
IT-TASAKI2020-0507	1	CL-TASAKI2020-0501
IT-TASAKI2020-0508	1	CL-TASAKI2020-0502
IT-TASAKI2020-0509	1	CL-TASAKI2020-0504
IT-TASAKI2020-0510	1	CL-TASAKI2020-0505
IT-TASAKI2020-0511	1	CL-TASAKI2020-0506
IT-TASAKI2020-0512	1	CL-TASAKI2020-0507
IT-TASAKI2020-0513	1	CL-TASAKI2020-0508
IT-TASAKI2020-0514	1	CL-TASAKI2020-0509
IT-TASAKI2020-0515	1	CL-TASAKI2020-0510
IT-TASAKI2020-0516	1	CL-TASAKI2020-0511
IT-TASAKI2020-0517	1	CL-TASAKI2020-0512
IT-TASAKI2020-0518	1	CL-TASAKI2020-0514
IT-TASAKI2020-0519	1	CL-TASAKI2020-0515
IT-TASAKI2020-0520	1	CL-TASAKI2020-0516
IT-TASAKI2020-0521	1	CL-TASAKI2020-0517
IT-TASAKI2020-0522	1	CL-TASAKI2020-0518
IT-TASAKI2020-0523	1	CL-TASAKI2020-0519
IT-TASAKI2020-0524	1	CL-TASAKI2020-0520
IT-TASAKI2020-0525	1	CL-TASAKI2020-0521
IT-TASAKI2020-0526	1	CL-TASAKI2020-0522
IT-TASAKI2020-0527	1	CL-TASAKI2020-0523
IT-TASAKI2020-0528	1	CL-TASAKI2020-0524
IT-TASAKI2020-0529	1	CL-TASAKI2020-0525
IT-TASAKI2020-0530	1	CL-TASAKI2020-0526
IT-TASAKI2020-0531	1	CL-TASAKI2020-0527
IT-TASAKI2020-0532	1	CL-TASAKI2020-0528
IT-TASAKI2020-0533	1	CL-TASAKI2020-0529
IT-TASAKI2020-0534	1	CL-TASAKI2020-0530
IT-TASAKI2020-0535	1	CL-TASAKI2020-0531
IT-TASAKI2020-0536	1	CL-TASAKI2020-0532
IT-TASAKI2020-0537	1	CL-TASAKI2020-0533
IT-TASAKI2020-0538	1	CL-TASAKI2020-0534
IT-TASAKI2020-0539	1	CL-TASAKI2020-0535
IT-TASAKI2020-0540	1	CL-TASAKI2020-0536
IT-TASAKI2020-0541	1	CL-TASAKI2020-0537
IT-TASAKI2020-0542	1	CL-TASAKI2020-0538
IT-TASAKI2020-0543	1	CL-TASAKI2020-0539
IT-TASAKI2020-0544	1	CL-TASAKI2020-0540
IT-TASAKI2020-0545	1	CL-TASAKI2020-0541
IT-TASAKI2020-0546	1	CL-TASAKI2020-0542
IT-TASAKI2020-0547	1	CL-TASAKI2020-0543
IT-TASAKI2020-0548	1	CL-TASAKI2020-0544
IT-TASAKI2020-0549	1	CL-TASAKI2020-0545
IT-TASAKI2020-0550	1	CL-TASAKI2020-0547
IT-TASAKI2020-0551	1	CL-TASAKI2020-0548
IT-TASAKI2020-0552	1	CL-TASAKI2020-0549
IT-TASAKI2020-0553	1	CL-TASAKI2020-0550
IT-TASAKI2020-0554	1	CL-TASAKI2020-0551
IT-TASAKI2020-0555	1	CL-TASAKI2020-0552
IT-TASAKI2020-0556	1	CL-TASAKI2020-0553
IT-TASAKI2020-0557	1	CL-TASAKI2020-0554
IT-TASAKI2020-0558	1	CL-TASAKI2020-0555
IT-TASAKI2020-0559	1	CL-TASAKI2020-0556
IT-TASAKI2020-0560	1	CL-TASAKI2020-0557
IT-TASAKI2020-0561	1	CL-TASAKI2020-0558
IT-TASAKI2020-0562	1	CL-TASAKI2020-0560
IT-TASAKI2020-0563	1	CL-TASAKI2020-3000
IT-TASAKI2020-0564	1	CL-TASAKI2020-3001
IT-TASAKI2020-0565	1	CL-TASAKI2020-0562
IT-TASAKI2020-0566	1	CL-TASAKI2020-0563
IT-TASAKI2020-0567	1	CL-TASAKI2020-0564
IT-TASAKI2020-0568	1	CL-TASAKI2020-0566
IT-TASAKI2020-0569	1	CL-TASAKI2020-0567
IT-TASAKI2020-0570	1	CL-TASAKI2020-0568
IT-TASAKI2020-0571	1	CL-TASAKI2020-0569
IT-TASAKI2020-0572	1	CL-TASAKI2020-0570
IT-TASAKI2020-0573	1	CL-TASAKI2020-0571
IT-TASAKI2020-0574	1	CL-TASAKI2020-0572
IT-TASAKI2020-0575	1	CL-TASAKI2020-0573
IT-TASAKI2020-0576	1	CL-TASAKI2020-0574
IT-TASAKI2020-0577	1	CL-TASAKI2020-0575
IT-TASAKI2020-0578	1	CL-TASAKI2020-0576
IT-TASAKI2020-0579	1	CL-TASAKI2020-3002
IT-TASAKI2020-0580	1	CL-TASAKI2020-3004
IT-TASAKI2020-0580	2	CL-TASAKI2020-3005
IT-TASAKI2020-0580	3	CL-TASAKI2020-3006
IT-TASAKI2020-0581	1	CL-TASAKI2020-3008
IT-TASAKI2020-0581	2	CL-TASAKI2020-3009
IT-TASAKI2020-0582	1	CL-TASAKI2020-0578
IT-TASAKI2020-0583	1	CL-TASAKI2020-3010
IT-TASAKI2020-0584	1	CL-TASAKI2020-3011
IT-TASAKI2020-0585	1	CL-TASAKI2020-0580
IT-TASAKI2020-0586	1	CL-TASAKI2020-0581
IT-TASAKI2020-0587	1	CL-TASAKI2020-0583
IT-TASAKI2020-0588	1	CL-TASAKI2020-0584
IT-TASAKI2020-0589	1	CL-TASAKI2020-0585
IT-TASAKI2020-0590	1	CL-TASAKI2020-3297
IT-TASAKI2020-0591	1	CL-TASAKI2020-0588
IT-TASAKI2020-0592	1	CL-TASAKI2020-0589
IT-TASAKI2020-0593	1	CL-TASAKI2020-0590
IT-TASAKI2020-0594	1	CL-TASAKI2020-0591
IT-TASAKI2020-0595	1	CL-TASAKI2020-0592
IT-TASAKI2020-0596	1	CL-TASAKI2020-0593
IT-TASAKI2020-0597	1	CL-TASAKI2020-0594
IT-TASAKI2020-0598	1	CL-TASAKI2020-0596
IT-TASAKI2020-0599	1	CL-TASAKI2020-0597
IT-TASAKI2020-0600	1	CL-TASAKI2020-0598
IT-TASAKI2020-0601	1	CL-TASAKI2020-0599
IT-TASAKI2020-0602	1	CL-TASAKI2020-0600
IT-TASAKI2020-0603	1	CL-TASAKI2020-0601
IT-TASAKI2020-0604	1	CL-TASAKI2020-0602
IT-TASAKI2020-0605	1	CL-TASAKI2020-0603
IT-TASAKI2020-0605	2	CL-TASAKI2020-0604
IT-TASAKI2020-0606	1	CL-TASAKI2020-0605
IT-TASAKI2020-0607	1	CL-TASAKI2020-0606
IT-TASAKI2020-0608	1	CL-TASAKI2020-0607
IT-TASAKI2020-0609	1	CL-TASAKI2020-0608
IT-TASAKI2020-0610	1	CL-TASAKI2020-0609
IT-TASAKI2020-0611	1	CL-TASAKI2020-0610
IT-TASAKI2020-0612	1	CL-TASAKI2020-0611
IT-TASAKI2020-0613	1	CL-TASAKI2020-0612
IT-TASAKI2020-0614	1	CL-TASAKI2020-0613
IT-TASAKI2020-0615	1	CL-TASAKI2020-0614
IT-TASAKI2020-0616	1	CL-TASAKI2020-0615
IT-TASAKI2020-0617	1	CL-TASAKI2020-0616
IT-TASAKI2020-0618	1	CL-TASAKI2020-0617
IT-TASAKI2020-0619	1	CL-TASAKI2020-0618
IT-TASAKI2020-0620	1	CL-TASAKI2020-0619
IT-TASAKI2020-0621	1	CL-TASAKI2020-0620
IT-TASAKI2020-0622	1	CL-TASAKI2020-0621
IT-TASAKI2020-0623	1	CL-TASAKI2020-0622
IT-TASAKI2020-0624	1	CL-TASAKI2020-0623
IT-TASAKI2020-0625	1	CL-TASAKI2020-0624
IT-TASAKI2020-0626	1	CL-TASAKI2020-0625
IT-TASAKI2020-0627	1	CL-TASAKI2020-0626
IT-TASAKI2020-0628	1	CL-TASAKI2020-0627
IT-TASAKI2020-0629	1	CL-TASAKI2020-0628
IT-TASAKI2020-0630	1	CL-TASAKI2020-0629
IT-TASAKI2020-0631	1	CL-TASAKI2020-0630
IT-TASAKI2020-0632	1	CL-TASAKI2020-3298
IT-TASAKI2020-0632	2	CL-TASAKI2020-0631
IT-TASAKI2020-0632	3	CL-TASAKI2020-3299
IT-TASAKI2020-0633	1	CL-TASAKI2020-0633
IT-TASAKI2020-0634	1	CL-TASAKI2020-0635
IT-TASAKI2020-0635	1	CL-TASAKI2020-0636
IT-TASAKI2020-0636	1	CL-TASAKI2020-0637
IT-TASAKI2020-0637	1	CL-TASAKI2020-0638
IT-TASAKI2020-0638	1	CL-TASAKI2020-0639
IT-TASAKI2020-0639	1	CL-TASAKI2020-0640
IT-TASAKI2020-0640	1	CL-TASAKI2020-0641
IT-TASAKI2020-0641	1	CL-TASAKI2020-0642
IT-TASAKI2020-0642	1	CL-TASAKI2020-0643
IT-TASAKI2020-0643	1	CL-TASAKI2020-0644
IT-TASAKI2020-0644	1	CL-TASAKI2020-0645
IT-TASAKI2020-0645	1	CL-TASAKI2020-0646
IT-TASAKI2020-0646	1	CL-TASAKI2020-0647
IT-TASAKI2020-0647	1	CL-TASAKI2020-0648
IT-TASAKI2020-0648	1	CL-TASAKI2020-0649
IT-TASAKI2020-0649	1	CL-TASAKI2020-0650
IT-TASAKI2020-0650	1	CL-TASAKI2020-0651
IT-TASAKI2020-0651	1	CL-TASAKI2020-0652
IT-TASAKI2020-0652	1	CL-TASAKI2020-0653
IT-TASAKI2020-0653	1	CL-TASAKI2020-0654
IT-TASAKI2020-0654	1	CL-TASAKI2020-0655
IT-TASAKI2020-0655	1	CL-TASAKI2020-0656
IT-TASAKI2020-0656	1	CL-TASAKI2020-0657
IT-TASAKI2020-0657	1	CL-TASAKI2020-0659
IT-TASAKI2020-0658	1	CL-TASAKI2020-0660
IT-TASAKI2020-0659	1	CL-TASAKI2020-0661
IT-TASAKI2020-0660	1	CL-TASAKI2020-0662
IT-TASAKI2020-0661	1	CL-TASAKI2020-0663
IT-TASAKI2020-0662	1	CL-TASAKI2020-0664
IT-TASAKI2020-0663	1	CL-TASAKI2020-0665
IT-TASAKI2020-0664	1	CL-TASAKI2020-0666
IT-TASAKI2020-0665	1	CL-TASAKI2020-0667
IT-TASAKI2020-0666	1	CL-TASAKI2020-0668
IT-TASAKI2020-0667	1	CL-TASAKI2020-0669
IT-TASAKI2020-0668	1	CL-TASAKI2020-0670
IT-TASAKI2020-0669	1	CL-TASAKI2020-0671
IT-TASAKI2020-0670	1	CL-TASAKI2020-0673
IT-TASAKI2020-0671	1	CL-TASAKI2020-0674
IT-TASAKI2020-0672	1	CL-TASAKI2020-0675
IT-TASAKI2020-0673	1	CL-TASAKI2020-0676
IT-TASAKI2020-0674	1	CL-TASAKI2020-0677
IT-TASAKI2020-0675	1	CL-TASAKI2020-0678
IT-TASAKI2020-0676	1	CL-TASAKI2020-0679
IT-TASAKI2020-0677	1	CL-TASAKI2020-0681
IT-TASAKI2020-0678	1	CL-TASAKI2020-0682
IT-TASAKI2020-0679	1	CL-TASAKI2020-0683
IT-TASAKI2020-0680	1	CL-TASAKI2020-0684
IT-TASAKI2020-0681	1	CL-TASAKI2020-0685
IT-TASAKI2020-0682	1	CL-TASAKI2020-0686
IT-TASAKI2020-0683	1	CL-TASAKI2020-0687
IT-TASAKI2020-0684	1	CL-TASAKI2020-0688
IT-TASAKI2020-0685	1	CL-TASAKI2020-0689
IT-TASAKI2020-0686	1	CL-TASAKI2020-0690
IT-TASAKI2020-0687	1	CL-TASAKI2020-0691
IT-TASAKI2020-0688	1	CL-TASAKI2020-0692
IT-TASAKI2020-0689	1	CL-TASAKI2020-0694
IT-TASAKI2020-0690	1	CL-TASAKI2020-0695
IT-TASAKI2020-0691	1	CL-TASAKI2020-3396
IT-TASAKI2020-0692	1	CL-TASAKI2020-0696
IT-TASAKI2020-0693	1	CL-TASAKI2020-0698
IT-TASAKI2020-0694	1	CL-TASAKI2020-0699
IT-TASAKI2020-0695	1	CL-TASAKI2020-0700
IT-TASAKI2020-0696	1	CL-TASAKI2020-0701
IT-TASAKI2020-0697	1	CL-TASAKI2020-3012
IT-TASAKI2020-0698	1	CL-TASAKI2020-3013
IT-TASAKI2020-0698	2	CL-TASAKI2020-3014
IT-TASAKI2020-0699	1	CL-TASAKI2020-3015
IT-TASAKI2020-0699	2	CL-TASAKI2020-3016
IT-TASAKI2020-0699	3	CL-TASAKI2020-3017
IT-TASAKI2020-0699	4	CL-TASAKI2020-3018
IT-TASAKI2020-0699	5	CL-TASAKI2020-3019
IT-TASAKI2020-0699	6	CL-TASAKI2020-3020
IT-TASAKI2020-0700	1	CL-TASAKI2020-3021
IT-TASAKI2020-0700	2	CL-TASAKI2020-3022
IT-TASAKI2020-0701	1	CL-TASAKI2020-0703
IT-TASAKI2020-0702	1	CL-TASAKI2020-0704
IT-TASAKI2020-0703	1	CL-TASAKI2020-0705
IT-TASAKI2020-0704	1	CL-TASAKI2020-0706
IT-TASAKI2020-0705	1	CL-TASAKI2020-0707
IT-TASAKI2020-0706	1	CL-TASAKI2020-0708
IT-TASAKI2020-0707	1	CL-TASAKI2020-0709
IT-TASAKI2020-0708	1	CL-TASAKI2020-0710
IT-TASAKI2020-0709	1	CL-TASAKI2020-0711
IT-TASAKI2020-0710	1	CL-TASAKI2020-0712
IT-TASAKI2020-0711	1	CL-TASAKI2020-0713
IT-TASAKI2020-0712	1	CL-TASAKI2020-0715
IT-TASAKI2020-0713	1	CL-TASAKI2020-0717
IT-TASAKI2020-0714	1	CL-TASAKI2020-0718
IT-TASAKI2020-0715	1	CL-TASAKI2020-0719
IT-TASAKI2020-0716	1	CL-TASAKI2020-0720
IT-TASAKI2020-0717	1	CL-TASAKI2020-0721
IT-TASAKI2020-0718	1	CL-TASAKI2020-0722
IT-TASAKI2020-0719	1	CL-TASAKI2020-0723
IT-TASAKI2020-0720	1	CL-TASAKI2020-0724
IT-TASAKI2020-0721	1	CL-TASAKI2020-0725
IT-TASAKI2020-0722	1	CL-TASAKI2020-0726
IT-TASAKI2020-0723	1	CL-TASAKI2020-0728
IT-TASAKI2020-0724	1	CL-TASAKI2020-0729
IT-TASAKI2020-0725	1	CL-TASAKI2020-0730
IT-TASAKI2020-0726	1	CL-TASAKI2020-0731
IT-TASAKI2020-0727	1	CL-TASAKI2020-0732
IT-TASAKI2020-0728	1	CL-TASAKI2020-0733
IT-TASAKI2020-0729	1	CL-TASAKI2020-0734
IT-TASAKI2020-0730	1	CL-TASAKI2020-0735
IT-TASAKI2020-0731	1	CL-TASAKI2020-0736
IT-TASAKI2020-0732	1	CL-TASAKI2020-0737
IT-TASAKI2020-0733	1	CL-TASAKI2020-0738
IT-TASAKI2020-0734	1	CL-TASAKI2020-0739
IT-TASAKI2020-0735	1	CL-TASAKI2020-0740
IT-TASAKI2020-0736	1	CL-TASAKI2020-0741
IT-TASAKI2020-0737	1	CL-TASAKI2020-0742
IT-TASAKI2020-0738	1	CL-TASAKI2020-0743
IT-TASAKI2020-0739	1	CL-TASAKI2020-0744
IT-TASAKI2020-0739	2	CL-TASAKI2020-3397
IT-TASAKI2020-0740	1	CL-TASAKI2020-0745
IT-TASAKI2020-0741	1	CL-TASAKI2020-0746
IT-TASAKI2020-0742	1	CL-TASAKI2020-0747
IT-TASAKI2020-0743	1	CL-TASAKI2020-0748
IT-TASAKI2020-0744	1	CL-TASAKI2020-0749
IT-TASAKI2020-0745	1	CL-TASAKI2020-0750
IT-TASAKI2020-0746	1	CL-TASAKI2020-0751
IT-TASAKI2020-0747	1	CL-TASAKI2020-0752
IT-TASAKI2020-0748	1	CL-TASAKI2020-0753
IT-TASAKI2020-0749	1	CL-TASAKI2020-0754
IT-TASAKI2020-0749	2	CL-TASAKI2020-0755
IT-TASAKI2020-0750	1	CL-TASAKI2020-0756
IT-TASAKI2020-0751	1	CL-TASAKI2020-0757
IT-TASAKI2020-0752	1	CL-TASAKI2020-0758
IT-TASAKI2020-0753	1	CL-TASAKI2020-0759
IT-TASAKI2020-0754	1	CL-TASAKI2020-0760
IT-TASAKI2020-0755	1	CL-TASAKI2020-0761
IT-TASAKI2020-0756	1	CL-TASAKI2020-0762
IT-TASAKI2020-0757	1	CL-TASAKI2020-0763
IT-TASAKI2020-0758	1	CL-TASAKI2020-0764
IT-TASAKI2020-0759	1	CL-TASAKI2020-0765
IT-TASAKI2020-0760	1	CL-TASAKI2020-0766
IT-TASAKI2020-0761	1	CL-TASAKI2020-0767
IT-TASAKI2020-0762	1	CL-TASAKI2020-0768
IT-TASAKI2020-0763	1	CL-TASAKI2020-0769
IT-TASAKI2020-0764	1	CL-TASAKI2020-0770
IT-TASAKI2020-0765	1	CL-TASAKI2020-0771
IT-TASAKI2020-0766	1	CL-TASAKI2020-0772
IT-TASAKI2020-0767	1	CL-TASAKI2020-0773
IT-TASAKI2020-0768	1	CL-TASAKI2020-0774
IT-TASAKI2020-0769	1	CL-TASAKI2020-0775
IT-TASAKI2020-0770	1	CL-TASAKI2020-0776
IT-TASAKI2020-0771	1	CL-TASAKI2020-0777
IT-TASAKI2020-0772	1	CL-TASAKI2020-0778
IT-TASAKI2020-0773	1	CL-TASAKI2020-0779
IT-TASAKI2020-0774	1	CL-TASAKI2020-0780
IT-TASAKI2020-0775	1	CL-TASAKI2020-0781
IT-TASAKI2020-0776	1	CL-TASAKI2020-0782
IT-TASAKI2020-0777	1	CL-TASAKI2020-0783
IT-TASAKI2020-0778	1	CL-TASAKI2020-0784
IT-TASAKI2020-0779	1	CL-TASAKI2020-0785
IT-TASAKI2020-0780	1	CL-TASAKI2020-0786
IT-TASAKI2020-0781	1	CL-TASAKI2020-0787
IT-TASAKI2020-0782	1	CL-TASAKI2020-0788
IT-TASAKI2020-0783	1	CL-TASAKI2020-0789
IT-TASAKI2020-0784	1	CL-TASAKI2020-0790
IT-TASAKI2020-0785	1	CL-TASAKI2020-0791
IT-TASAKI2020-0786	1	CL-TASAKI2020-0792
IT-TASAKI2020-0787	1	CL-TASAKI2020-0793
IT-TASAKI2020-0788	1	CL-TASAKI2020-0794
IT-TASAKI2020-0789	1	CL-TASAKI2020-0795
IT-TASAKI2020-0790	1	CL-TASAKI2020-0796
IT-TASAKI2020-0791	1	CL-TASAKI2020-0797
IT-TASAKI2020-0792	1	CL-TASAKI2020-0798
IT-TASAKI2020-0793	1	CL-TASAKI2020-0799
IT-TASAKI2020-0794	1	CL-TASAKI2020-3023
IT-TASAKI2020-0795	1	CL-TASAKI2020-3024
IT-TASAKI2020-0796	1	CL-TASAKI2020-3025
IT-TASAKI2020-0796	2	CL-TASAKI2020-3345
IT-TASAKI2020-0796	3	CL-TASAKI2020-3026
IT-TASAKI2020-0796	4	CL-TASAKI2020-3028
IT-TASAKI2020-0797	1	CL-TASAKI2020-0801
IT-TASAKI2020-0798	1	CL-TASAKI2020-0802
IT-TASAKI2020-0799	1	CL-TASAKI2020-0803
IT-TASAKI2020-0800	1	CL-TASAKI2020-0804
IT-TASAKI2020-0801	1	CL-TASAKI2020-0805
IT-TASAKI2020-0802	1	CL-TASAKI2020-0806
IT-TASAKI2020-0803	1	CL-TASAKI2020-0807
IT-TASAKI2020-0804	1	CL-TASAKI2020-0808
IT-TASAKI2020-0805	1	CL-TASAKI2020-0809
IT-TASAKI2020-0806	1	CL-TASAKI2020-3029
IT-TASAKI2020-0807	1	CL-TASAKI2020-3030
IT-TASAKI2020-0807	2	CL-TASAKI2020-3031
IT-TASAKI2020-0808	1	CL-TASAKI2020-3032
IT-TASAKI2020-0809	1	CL-TASAKI2020-3033
IT-TASAKI2020-0810	1	CL-TASAKI2020-0813
IT-TASAKI2020-0811	1	CL-TASAKI2020-0814
IT-TASAKI2020-0812	1	CL-TASAKI2020-0815
IT-TASAKI2020-0813	1	CL-TASAKI2020-0816
IT-TASAKI2020-0814	1	CL-TASAKI2020-0817
IT-TASAKI2020-0815	1	CL-TASAKI2020-0818
IT-TASAKI2020-0816	1	CL-TASAKI2020-0819
IT-TASAKI2020-0817	1	CL-TASAKI2020-0820
IT-TASAKI2020-0818	1	CL-TASAKI2020-0821
IT-TASAKI2020-0819	1	CL-TASAKI2020-0822
IT-TASAKI2020-0820	1	CL-TASAKI2020-0823
IT-TASAKI2020-0821	1	CL-TASAKI2020-0824
IT-TASAKI2020-0822	1	CL-TASAKI2020-0825
IT-TASAKI2020-0823	1	CL-TASAKI2020-0826
IT-TASAKI2020-0824	1	CL-TASAKI2020-0828
IT-TASAKI2020-0825	1	CL-TASAKI2020-0829
IT-TASAKI2020-0826	1	CL-TASAKI2020-0830
IT-TASAKI2020-0827	1	CL-TASAKI2020-0831
IT-TASAKI2020-0828	1	CL-TASAKI2020-0832
IT-TASAKI2020-0829	1	CL-TASAKI2020-0833
IT-TASAKI2020-0830	1	CL-TASAKI2020-0834
IT-TASAKI2020-0831	1	CL-TASAKI2020-0835
IT-TASAKI2020-0832	1	CL-TASAKI2020-0836
IT-TASAKI2020-0833	1	CL-TASAKI2020-0837
IT-TASAKI2020-0834	1	CL-TASAKI2020-0839
IT-TASAKI2020-0835	1	CL-TASAKI2020-0840
IT-TASAKI2020-0836	1	CL-TASAKI2020-0841
IT-TASAKI2020-0837	1	CL-TASAKI2020-0842
IT-TASAKI2020-0838	1	CL-TASAKI2020-0843
IT-TASAKI2020-0839	1	CL-TASAKI2020-0844
IT-TASAKI2020-0840	1	CL-TASAKI2020-0845
IT-TASAKI2020-0841	1	CL-TASAKI2020-0846
IT-TASAKI2020-0842	1	CL-TASAKI2020-0847
IT-TASAKI2020-0843	1	CL-TASAKI2020-0848
IT-TASAKI2020-0844	1	CL-TASAKI2020-0849
IT-TASAKI2020-0845	1	CL-TASAKI2020-0850
IT-TASAKI2020-0846	1	CL-TASAKI2020-0851
IT-TASAKI2020-0847	1	CL-TASAKI2020-3034
IT-TASAKI2020-0848	1	CL-TASAKI2020-3035
IT-TASAKI2020-0848	2	CL-TASAKI2020-3036
IT-TASAKI2020-0848	3	CL-TASAKI2020-3037
IT-TASAKI2020-0849	1	CL-TASAKI2020-0853
IT-TASAKI2020-0850	1	CL-TASAKI2020-0854
IT-TASAKI2020-0851	1	CL-TASAKI2020-0855
IT-TASAKI2020-0852	1	CL-TASAKI2020-0856
IT-TASAKI2020-0853	1	CL-TASAKI2020-0857
IT-TASAKI2020-0854	1	CL-TASAKI2020-0858
IT-TASAKI2020-0855	1	CL-TASAKI2020-0859
IT-TASAKI2020-0856	1	CL-TASAKI2020-0860
IT-TASAKI2020-0857	1	CL-TASAKI2020-0861
IT-TASAKI2020-0858	1	CL-TASAKI2020-0862
IT-TASAKI2020-0859	1	CL-TASAKI2020-0863
IT-TASAKI2020-0860	1	CL-TASAKI2020-0864
IT-TASAKI2020-0861	1	CL-TASAKI2020-0865
IT-TASAKI2020-0862	1	CL-TASAKI2020-0866
IT-TASAKI2020-0863	1	CL-TASAKI2020-0868
IT-TASAKI2020-0864	1	CL-TASAKI2020-0869
IT-TASAKI2020-0865	1	CL-TASAKI2020-0870
IT-TASAKI2020-0866	1	CL-TASAKI2020-0871
IT-TASAKI2020-0867	1	CL-TASAKI2020-0872
IT-TASAKI2020-0868	1	CL-TASAKI2020-0873
IT-TASAKI2020-0869	1	CL-TASAKI2020-0874
IT-TASAKI2020-0870	1	CL-TASAKI2020-0875
IT-TASAKI2020-0871	1	CL-TASAKI2020-0876
IT-TASAKI2020-0872	1	CL-TASAKI2020-0877
IT-TASAKI2020-0873	1	CL-TASAKI2020-0878
IT-TASAKI2020-0874	1	CL-TASAKI2020-0879
IT-TASAKI2020-0875	1	CL-TASAKI2020-0880
IT-TASAKI2020-0876	1	CL-TASAKI2020-0881
IT-TASAKI2020-0877	1	CL-TASAKI2020-0882
IT-TASAKI2020-0878	1	CL-TASAKI2020-0883
IT-TASAKI2020-0879	1	CL-TASAKI2020-0884
IT-TASAKI2020-0880	1	CL-TASAKI2020-0885
IT-TASAKI2020-0881	1	CL-TASAKI2020-0886
IT-TASAKI2020-0882	1	CL-TASAKI2020-0887
IT-TASAKI2020-0883	1	CL-TASAKI2020-0888
IT-TASAKI2020-0884	1	CL-TASAKI2020-0889
IT-TASAKI2020-0885	1	CL-TASAKI2020-0890
IT-TASAKI2020-0886	1	CL-TASAKI2020-0891
IT-TASAKI2020-0887	1	CL-TASAKI2020-0892
IT-TASAKI2020-0888	1	CL-TASAKI2020-0893
IT-TASAKI2020-0889	1	CL-TASAKI2020-0895
IT-TASAKI2020-0890	1	CL-TASAKI2020-0896
IT-TASAKI2020-0891	1	CL-TASAKI2020-0897
IT-TASAKI2020-0892	1	CL-TASAKI2020-0898
IT-TASAKI2020-0893	1	CL-TASAKI2020-0899
IT-TASAKI2020-0894	1	CL-TASAKI2020-0900
IT-TASAKI2020-0895	1	CL-TASAKI2020-0901
IT-TASAKI2020-0896	1	CL-TASAKI2020-0902
IT-TASAKI2020-0897	1	CL-TASAKI2020-0903
IT-TASAKI2020-0898	1	CL-TASAKI2020-0905
IT-TASAKI2020-0899	1	CL-TASAKI2020-0906
IT-TASAKI2020-0900	1	CL-TASAKI2020-0907
IT-TASAKI2020-0901	1	CL-TASAKI2020-0908
IT-TASAKI2020-0902	1	CL-TASAKI2020-0909
IT-TASAKI2020-0903	1	CL-TASAKI2020-0910
IT-TASAKI2020-0904	1	CL-TASAKI2020-0911
IT-TASAKI2020-0905	1	CL-TASAKI2020-0912
IT-TASAKI2020-0906	1	CL-TASAKI2020-0913
IT-TASAKI2020-0907	1	CL-TASAKI2020-0914
IT-TASAKI2020-0908	1	CL-TASAKI2020-0915
IT-TASAKI2020-0909	1	CL-TASAKI2020-0917
IT-TASAKI2020-0910	1	CL-TASAKI2020-0918
IT-TASAKI2020-0911	1	CL-TASAKI2020-0919
IT-TASAKI2020-0912	1	CL-TASAKI2020-0920
IT-TASAKI2020-0913	1	CL-TASAKI2020-0921
IT-TASAKI2020-0914	1	CL-TASAKI2020-0922
IT-TASAKI2020-0915	1	CL-TASAKI2020-0923
IT-TASAKI2020-0916	1	CL-TASAKI2020-0924
IT-TASAKI2020-0917	1	CL-TASAKI2020-0925
IT-TASAKI2020-0918	1	CL-TASAKI2020-0926
IT-TASAKI2020-0919	1	CL-TASAKI2020-0927
IT-TASAKI2020-0920	1	CL-TASAKI2020-0928
IT-TASAKI2020-0921	1	CL-TASAKI2020-0929
IT-TASAKI2020-0922	1	CL-TASAKI2020-0930
IT-TASAKI2020-0923	1	CL-TASAKI2020-0931
IT-TASAKI2020-0924	1	CL-TASAKI2020-0932
IT-TASAKI2020-0925	1	CL-TASAKI2020-0933
IT-TASAKI2020-0926	1	CL-TASAKI2020-0934
IT-TASAKI2020-0927	1	CL-TASAKI2020-0935
IT-TASAKI2020-0928	1	CL-TASAKI2020-0936
IT-TASAKI2020-0929	1	CL-TASAKI2020-0937
IT-TASAKI2020-0930	1	CL-TASAKI2020-0938
IT-TASAKI2020-0931	1	CL-TASAKI2020-0939
IT-TASAKI2020-0932	1	CL-TASAKI2020-0940
IT-TASAKI2020-0933	1	CL-TASAKI2020-0942
IT-TASAKI2020-0934	1	CL-TASAKI2020-0943
IT-TASAKI2020-0935	1	CL-TASAKI2020-0944
IT-TASAKI2020-0936	1	CL-TASAKI2020-0945
IT-TASAKI2020-0937	1	CL-TASAKI2020-0946
IT-TASAKI2020-0938	1	CL-TASAKI2020-0947
IT-TASAKI2020-0939	1	CL-TASAKI2020-0948
IT-TASAKI2020-0940	1	CL-TASAKI2020-0949
IT-TASAKI2020-0941	1	CL-TASAKI2020-0950
IT-TASAKI2020-0942	1	CL-TASAKI2020-0951
IT-TASAKI2020-0943	1	CL-TASAKI2020-0952
IT-TASAKI2020-0944	1	CL-TASAKI2020-0953
IT-TASAKI2020-0945	1	CL-TASAKI2020-0954
IT-TASAKI2020-0946	1	CL-TASAKI2020-0955
IT-TASAKI2020-0947	1	CL-TASAKI2020-0956
IT-TASAKI2020-0948	1	CL-TASAKI2020-0957
IT-TASAKI2020-0949	1	CL-TASAKI2020-0958
IT-TASAKI2020-0950	1	CL-TASAKI2020-0959
IT-TASAKI2020-0951	1	CL-TASAKI2020-0960
IT-TASAKI2020-0952	1	CL-TASAKI2020-0961
IT-TASAKI2020-0953	1	CL-TASAKI2020-0962
IT-TASAKI2020-0954	1	CL-TASAKI2020-0963
IT-TASAKI2020-0955	1	CL-TASAKI2020-0964
IT-TASAKI2020-0956	1	CL-TASAKI2020-0965
IT-TASAKI2020-0957	1	CL-TASAKI2020-0966
IT-TASAKI2020-0958	1	CL-TASAKI2020-0967
IT-TASAKI2020-0959	1	CL-TASAKI2020-0968
IT-TASAKI2020-0960	1	CL-TASAKI2020-0969
IT-TASAKI2020-0961	1	CL-TASAKI2020-0970
IT-TASAKI2020-0962	1	CL-TASAKI2020-0971
IT-TASAKI2020-0963	1	CL-TASAKI2020-0972
IT-TASAKI2020-0964	1	CL-TASAKI2020-0973
IT-TASAKI2020-0965	1	CL-TASAKI2020-0974
IT-TASAKI2020-0966	1	CL-TASAKI2020-0975
IT-TASAKI2020-0967	1	CL-TASAKI2020-0976
IT-TASAKI2020-0968	1	CL-TASAKI2020-0977
IT-TASAKI2020-0969	1	CL-TASAKI2020-0978
IT-TASAKI2020-0970	1	CL-TASAKI2020-0979
IT-TASAKI2020-0971	1	CL-TASAKI2020-0980
IT-TASAKI2020-0972	1	CL-TASAKI2020-0981
IT-TASAKI2020-0973	1	CL-TASAKI2020-0982
IT-TASAKI2020-0974	1	CL-TASAKI2020-0983
IT-TASAKI2020-0974	2	CL-TASAKI2020-3300
IT-TASAKI2020-0975	1	CL-TASAKI2020-0985
IT-TASAKI2020-0976	1	CL-TASAKI2020-0986
IT-TASAKI2020-0977	1	CL-TASAKI2020-0987
IT-TASAKI2020-0978	1	CL-TASAKI2020-0988
IT-TASAKI2020-0979	1	CL-TASAKI2020-0989
IT-TASAKI2020-0980	1	CL-TASAKI2020-0990
IT-TASAKI2020-0981	1	CL-TASAKI2020-0991
IT-TASAKI2020-0982	1	CL-TASAKI2020-0992
IT-TASAKI2020-0983	1	CL-TASAKI2020-0993
IT-TASAKI2020-0984	1	CL-TASAKI2020-0994
IT-TASAKI2020-0985	1	CL-TASAKI2020-0995
IT-TASAKI2020-0986	1	CL-TASAKI2020-0996
IT-TASAKI2020-0987	1	CL-TASAKI2020-0997
IT-TASAKI2020-0988	1	CL-TASAKI2020-0998
IT-TASAKI2020-0989	1	CL-TASAKI2020-0999
IT-TASAKI2020-0990	1	CL-TASAKI2020-1000
IT-TASAKI2020-0991	1	CL-TASAKI2020-1002
IT-TASAKI2020-0992	1	CL-TASAKI2020-1003
IT-TASAKI2020-0993	1	CL-TASAKI2020-1004
IT-TASAKI2020-0994	1	CL-TASAKI2020-1005
IT-TASAKI2020-0995	1	CL-TASAKI2020-1006
IT-TASAKI2020-0996	1	CL-TASAKI2020-1007
IT-TASAKI2020-0997	1	CL-TASAKI2020-1008
IT-TASAKI2020-0998	1	CL-TASAKI2020-1009
IT-TASAKI2020-0999	1	CL-TASAKI2020-1010
IT-TASAKI2020-1000	1	CL-TASAKI2020-1011
IT-TASAKI2020-1001	1	CL-TASAKI2020-1012
IT-TASAKI2020-1002	1	CL-TASAKI2020-1013
IT-TASAKI2020-1003	1	CL-TASAKI2020-1014
IT-TASAKI2020-1004	1	CL-TASAKI2020-1015
IT-TASAKI2020-1005	1	CL-TASAKI2020-1016
IT-TASAKI2020-1006	1	CL-TASAKI2020-1017
IT-TASAKI2020-1007	1	CL-TASAKI2020-1018
IT-TASAKI2020-1008	1	CL-TASAKI2020-1019
IT-TASAKI2020-1009	1	CL-TASAKI2020-3040
IT-TASAKI2020-1010	1	CL-TASAKI2020-3042
IT-TASAKI2020-1010	2	CL-TASAKI2020-3043
IT-TASAKI2020-1010	3	CL-TASAKI2020-3044
IT-TASAKI2020-1011	1	CL-TASAKI2020-3045
IT-TASAKI2020-1011	2	CL-TASAKI2020-3346
IT-TASAKI2020-1011	3	CL-TASAKI2020-3046
IT-TASAKI2020-1012	1	CL-TASAKI2020-1021
IT-TASAKI2020-1013	1	CL-TASAKI2020-1022
IT-TASAKI2020-1014	1	CL-TASAKI2020-1023
IT-TASAKI2020-1015	1	CL-TASAKI2020-1024
IT-TASAKI2020-1016	1	CL-TASAKI2020-1025
IT-TASAKI2020-1017	1	CL-TASAKI2020-1027
IT-TASAKI2020-1018	1	CL-TASAKI2020-1028
IT-TASAKI2020-1019	1	CL-TASAKI2020-3047
IT-TASAKI2020-1020	1	CL-TASAKI2020-3049
IT-TASAKI2020-1021	1	CL-TASAKI2020-3050
IT-TASAKI2020-1022	1	CL-TASAKI2020-1030
IT-TASAKI2020-1023	1	CL-TASAKI2020-3051
IT-TASAKI2020-1023	2	CL-TASAKI2020-3052
IT-TASAKI2020-1023	3	CL-TASAKI2020-3053
IT-TASAKI2020-1024	1	CL-TASAKI2020-1031
IT-TASAKI2020-1025	1	CL-TASAKI2020-1032
IT-TASAKI2020-1026	1	CL-TASAKI2020-1033
IT-TASAKI2020-1027	1	CL-TASAKI2020-1034
IT-TASAKI2020-1028	1	CL-TASAKI2020-1035
IT-TASAKI2020-1029	1	CL-TASAKI2020-1036
IT-TASAKI2020-1030	1	CL-TASAKI2020-1037
IT-TASAKI2020-1031	1	CL-TASAKI2020-1038
IT-TASAKI2020-1032	1	CL-TASAKI2020-1039
IT-TASAKI2020-1033	1	CL-TASAKI2020-1040
IT-TASAKI2020-1034	1	CL-TASAKI2020-1041
IT-TASAKI2020-1035	1	CL-TASAKI2020-1042
IT-TASAKI2020-1036	1	CL-TASAKI2020-1043
IT-TASAKI2020-1037	1	CL-TASAKI2020-1044
IT-TASAKI2020-1038	1	CL-TASAKI2020-1045
IT-TASAKI2020-1039	1	CL-TASAKI2020-1046
IT-TASAKI2020-1040	1	CL-TASAKI2020-1047
IT-TASAKI2020-1041	1	CL-TASAKI2020-1048
IT-TASAKI2020-1042	1	CL-TASAKI2020-1049
IT-TASAKI2020-1043	1	CL-TASAKI2020-1050
IT-TASAKI2020-1044	1	CL-TASAKI2020-1051
IT-TASAKI2020-1045	1	CL-TASAKI2020-1052
IT-TASAKI2020-1046	1	CL-TASAKI2020-1053
IT-TASAKI2020-1047	1	CL-TASAKI2020-1054
IT-TASAKI2020-1048	1	CL-TASAKI2020-1055
IT-TASAKI2020-1049	1	CL-TASAKI2020-1056
IT-TASAKI2020-1050	1	CL-TASAKI2020-1057
IT-TASAKI2020-1051	1	CL-TASAKI2020-1058
IT-TASAKI2020-1052	1	CL-TASAKI2020-1059
IT-TASAKI2020-1053	1	CL-TASAKI2020-1060
IT-TASAKI2020-1054	1	CL-TASAKI2020-1061
IT-TASAKI2020-1055	1	CL-TASAKI2020-1062
IT-TASAKI2020-1056	1	CL-TASAKI2020-1063
IT-TASAKI2020-1057	1	CL-TASAKI2020-1065
IT-TASAKI2020-1058	1	CL-TASAKI2020-1066
IT-TASAKI2020-1059	1	CL-TASAKI2020-1067
IT-TASAKI2020-1060	1	CL-TASAKI2020-3263
IT-TASAKI2020-1061	1	CL-TASAKI2020-3264
IT-TASAKI2020-1062	1	CL-TASAKI2020-1069
IT-TASAKI2020-1063	1	CL-TASAKI2020-3055
IT-TASAKI2020-1063	2	CL-TASAKI2020-3056
IT-TASAKI2020-1064	1	CL-TASAKI2020-3347
IT-TASAKI2020-1065	1	CL-TASAKI2020-3058
IT-TASAKI2020-1066	1	CL-TASAKI2020-3060
IT-TASAKI2020-1067	1	CL-TASAKI2020-1071
IT-TASAKI2020-1068	1	CL-TASAKI2020-1072
IT-TASAKI2020-1069	1	CL-TASAKI2020-1073
IT-TASAKI2020-1070	1	CL-TASAKI2020-1074
IT-TASAKI2020-1071	1	CL-TASAKI2020-1075
IT-TASAKI2020-1072	1	CL-TASAKI2020-1076
IT-TASAKI2020-1073	1	CL-TASAKI2020-1077
IT-TASAKI2020-1074	1	CL-TASAKI2020-1078
IT-TASAKI2020-1075	1	CL-TASAKI2020-1079
IT-TASAKI2020-1076	1	CL-TASAKI2020-1081
IT-TASAKI2020-1077	1	CL-TASAKI2020-1082
IT-TASAKI2020-1078	1	CL-TASAKI2020-3301
IT-TASAKI2020-1079	1	CL-TASAKI2020-1083
IT-TASAKI2020-1080	1	CL-TASAKI2020-1084
IT-TASAKI2020-1081	1	CL-TASAKI2020-1085
IT-TASAKI2020-1082	1	CL-TASAKI2020-1086
IT-TASAKI2020-1083	1	CL-TASAKI2020-1087
IT-TASAKI2020-1084	1	CL-TASAKI2020-1088
IT-TASAKI2020-1085	1	CL-TASAKI2020-1089
IT-TASAKI2020-1086	1	CL-TASAKI2020-1090
IT-TASAKI2020-1087	1	CL-TASAKI2020-1091
IT-TASAKI2020-1088	1	CL-TASAKI2020-1092
IT-TASAKI2020-1089	1	CL-TASAKI2020-1093
IT-TASAKI2020-1090	1	CL-TASAKI2020-1094
IT-TASAKI2020-1091	1	CL-TASAKI2020-1095
IT-TASAKI2020-1092	1	CL-TASAKI2020-1096
IT-TASAKI2020-1093	1	CL-TASAKI2020-1097
IT-TASAKI2020-1094	1	CL-TASAKI2020-1098
IT-TASAKI2020-1095	1	CL-TASAKI2020-1099
IT-TASAKI2020-1096	1	CL-TASAKI2020-1100
IT-TASAKI2020-1097	1	CL-TASAKI2020-1101
IT-TASAKI2020-1098	1	CL-TASAKI2020-3398
IT-TASAKI2020-1099	1	CL-TASAKI2020-3399
IT-TASAKI2020-1100	1	CL-TASAKI2020-1102
IT-TASAKI2020-1101	1	CL-TASAKI2020-1103
IT-TASAKI2020-1102	1	CL-TASAKI2020-1104
IT-TASAKI2020-1103	1	CL-TASAKI2020-1105
IT-TASAKI2020-1104	1	CL-TASAKI2020-1106
IT-TASAKI2020-1105	1	CL-TASAKI2020-1107
IT-TASAKI2020-1106	1	CL-TASAKI2020-1108
IT-TASAKI2020-1107	1	CL-TASAKI2020-1110
IT-TASAKI2020-1108	1	CL-TASAKI2020-1111
IT-TASAKI2020-1109	1	CL-TASAKI2020-1112
IT-TASAKI2020-1110	1	CL-TASAKI2020-1113
IT-TASAKI2020-1111	1	CL-TASAKI2020-1114
IT-TASAKI2020-1112	1	CL-TASAKI2020-1115
IT-TASAKI2020-1113	1	CL-TASAKI2020-1116
IT-TASAKI2020-1114	1	CL-TASAKI2020-1117
IT-TASAKI2020-1115	1	CL-TASAKI2020-1118
IT-TASAKI2020-1116	1	CL-TASAKI2020-1119
IT-TASAKI2020-1117	1	CL-TASAKI2020-1121
IT-TASAKI2020-1118	1	CL-TASAKI2020-1123
IT-TASAKI2020-1119	1	CL-TASAKI2020-1124
IT-TASAKI2020-1120	1	CL-TASAKI2020-1125
IT-TASAKI2020-1121	1	CL-TASAKI2020-1126
IT-TASAKI2020-1122	1	CL-TASAKI2020-1127
IT-TASAKI2020-1123	1	CL-TASAKI2020-1128
IT-TASAKI2020-1124	1	CL-TASAKI2020-1129
IT-TASAKI2020-1125	1	CL-TASAKI2020-1130
IT-TASAKI2020-1126	1	CL-TASAKI2020-1132
IT-TASAKI2020-1127	1	CL-TASAKI2020-1134
IT-TASAKI2020-1128	1	CL-TASAKI2020-1135
IT-TASAKI2020-1129	1	CL-TASAKI2020-1136
IT-TASAKI2020-1130	1	CL-TASAKI2020-1137
IT-TASAKI2020-1131	1	CL-TASAKI2020-1138
IT-TASAKI2020-1132	1	CL-TASAKI2020-1139
IT-TASAKI2020-1133	1	CL-TASAKI2020-1140
IT-TASAKI2020-1134	1	CL-TASAKI2020-1141
IT-TASAKI2020-1135	1	CL-TASAKI2020-1142
IT-TASAKI2020-1136	1	CL-TASAKI2020-1143
IT-TASAKI2020-1137	1	CL-TASAKI2020-1144
IT-TASAKI2020-1138	1	CL-TASAKI2020-3061
IT-TASAKI2020-1139	1	CL-TASAKI2020-3063
IT-TASAKI2020-1140	1	CL-TASAKI2020-3064
IT-TASAKI2020-1141	1	CL-TASAKI2020-3066
IT-TASAKI2020-1141	2	CL-TASAKI2020-3348
IT-TASAKI2020-1141	3	CL-TASAKI2020-3067
IT-TASAKI2020-1141	4	CL-TASAKI2020-3349
IT-TASAKI2020-1142	1	CL-TASAKI2020-1147
IT-TASAKI2020-1143	1	CL-TASAKI2020-1148
IT-TASAKI2020-1144	1	CL-TASAKI2020-1149
IT-TASAKI2020-1145	1	CL-TASAKI2020-1150
IT-TASAKI2020-1146	1	CL-TASAKI2020-1151
IT-TASAKI2020-1147	1	CL-TASAKI2020-1152
IT-TASAKI2020-1148	1	CL-TASAKI2020-1153
IT-TASAKI2020-1149	1	CL-TASAKI2020-1154
IT-TASAKI2020-1150	1	CL-TASAKI2020-1155
IT-TASAKI2020-1151	1	CL-TASAKI2020-1157
IT-TASAKI2020-1152	1	CL-TASAKI2020-1158
IT-TASAKI2020-1153	1	CL-TASAKI2020-1159
IT-TASAKI2020-1154	1	CL-TASAKI2020-1160
IT-TASAKI2020-1155	1	CL-TASAKI2020-1161
IT-TASAKI2020-1156	1	CL-TASAKI2020-1163
IT-TASAKI2020-1157	1	CL-TASAKI2020-3302
IT-TASAKI2020-1157	2	CL-TASAKI2020-3303
IT-TASAKI2020-1158	1	CL-TASAKI2020-1164
IT-TASAKI2020-1159	1	CL-TASAKI2020-1165
IT-TASAKI2020-1160	1	CL-TASAKI2020-1166
IT-TASAKI2020-1161	1	CL-TASAKI2020-1167
IT-TASAKI2020-1162	1	CL-TASAKI2020-3070
IT-TASAKI2020-1163	1	CL-TASAKI2020-3071
IT-TASAKI2020-1163	2	CL-TASAKI2020-3075
IT-TASAKI2020-1163	3	CL-TASAKI2020-3076
IT-TASAKI2020-1164	1	CL-TASAKI2020-3350
IT-TASAKI2020-1164	2	CL-TASAKI2020-3351
IT-TASAKI2020-1164	3	CL-TASAKI2020-3352
IT-TASAKI2020-1165	1	CL-TASAKI2020-3072
IT-TASAKI2020-1166	1	CL-TASAKI2020-3074
IT-TASAKI2020-1167	1	CL-TASAKI2020-3077
IT-TASAKI2020-1168	1	CL-TASAKI2020-3079
IT-TASAKI2020-1169	1	CL-TASAKI2020-3080
IT-TASAKI2020-1170	1	CL-TASAKI2020-3082
IT-TASAKI2020-1171	1	CL-TASAKI2020-1169
IT-TASAKI2020-1172	1	CL-TASAKI2020-1170
IT-TASAKI2020-1173	1	CL-TASAKI2020-1171
IT-TASAKI2020-1174	1	CL-TASAKI2020-1172
IT-TASAKI2020-1175	1	CL-TASAKI2020-1173
IT-TASAKI2020-1176	1	CL-TASAKI2020-1174
IT-TASAKI2020-1177	1	CL-TASAKI2020-1175
IT-TASAKI2020-1178	1	CL-TASAKI2020-1177
IT-TASAKI2020-1179	1	CL-TASAKI2020-1178
IT-TASAKI2020-1180	1	CL-TASAKI2020-1179
IT-TASAKI2020-1181	1	CL-TASAKI2020-1180
IT-TASAKI2020-1182	1	CL-TASAKI2020-1181
IT-TASAKI2020-1183	1	CL-TASAKI2020-1182
IT-TASAKI2020-1184	1	CL-TASAKI2020-1183
IT-TASAKI2020-1185	1	CL-TASAKI2020-1185
IT-TASAKI2020-1186	1	CL-TASAKI2020-1186
IT-TASAKI2020-1187	1	CL-TASAKI2020-1187
IT-TASAKI2020-1188	1	CL-TASAKI2020-1188
IT-TASAKI2020-1189	1	CL-TASAKI2020-1189
IT-TASAKI2020-1190	1	CL-TASAKI2020-1191
IT-TASAKI2020-1191	1	CL-TASAKI2020-1192
IT-TASAKI2020-1192	1	CL-TASAKI2020-1193
IT-TASAKI2020-1193	1	CL-TASAKI2020-1194
IT-TASAKI2020-1194	1	CL-TASAKI2020-1195
IT-TASAKI2020-1195	1	CL-TASAKI2020-1196
IT-TASAKI2020-1196	1	CL-TASAKI2020-1197
IT-TASAKI2020-1197	1	CL-TASAKI2020-1198
IT-TASAKI2020-1198	1	CL-TASAKI2020-1199
IT-TASAKI2020-1199	1	CL-TASAKI2020-1200
IT-TASAKI2020-1200	1	CL-TASAKI2020-1201
IT-TASAKI2020-1200	2	CL-TASAKI2020-1202
IT-TASAKI2020-1201	1	CL-TASAKI2020-1203
IT-TASAKI2020-1202	1	CL-TASAKI2020-1204
IT-TASAKI2020-1203	1	CL-TASAKI2020-1205
IT-TASAKI2020-1204	1	CL-TASAKI2020-1206
IT-TASAKI2020-1205	1	CL-TASAKI2020-1207
IT-TASAKI2020-1206	1	CL-TASAKI2020-1208
IT-TASAKI2020-1207	1	CL-TASAKI2020-1209
IT-TASAKI2020-1208	1	CL-TASAKI2020-1210
IT-TASAKI2020-1209	1	CL-TASAKI2020-1211
IT-TASAKI2020-1210	1	CL-TASAKI2020-1212
IT-TASAKI2020-1211	1	CL-TASAKI2020-1213
IT-TASAKI2020-1212	1	CL-TASAKI2020-1215
IT-TASAKI2020-1213	1	CL-TASAKI2020-1217
IT-TASAKI2020-1214	1	CL-TASAKI2020-1218
IT-TASAKI2020-1215	1	CL-TASAKI2020-1219
IT-TASAKI2020-1216	1	CL-TASAKI2020-1220
IT-TASAKI2020-1217	1	CL-TASAKI2020-1221
IT-TASAKI2020-1218	1	CL-TASAKI2020-1222
IT-TASAKI2020-1219	1	CL-TASAKI2020-1223
IT-TASAKI2020-1220	1	CL-TASAKI2020-1224
IT-TASAKI2020-1221	1	CL-TASAKI2020-1225
IT-TASAKI2020-1222	1	CL-TASAKI2020-3096
IT-TASAKI2020-1222	2	CL-TASAKI2020-3098
IT-TASAKI2020-1222	3	CL-TASAKI2020-3099
IT-TASAKI2020-1222	4	CL-TASAKI2020-3100
IT-TASAKI2020-1223	1	CL-TASAKI2020-1226
IT-TASAKI2020-1224	1	CL-TASAKI2020-3083
IT-TASAKI2020-1224	2	CL-TASAKI2020-3084
IT-TASAKI2020-1225	1	CL-TASAKI2020-3085
IT-TASAKI2020-1225	2	CL-TASAKI2020-3086
IT-TASAKI2020-1225	3	CL-TASAKI2020-3087
IT-TASAKI2020-1226	1	CL-TASAKI2020-3088
IT-TASAKI2020-1226	2	CL-TASAKI2020-3089
IT-TASAKI2020-1226	3	CL-TASAKI2020-3091
IT-TASAKI2020-1227	1	CL-TASAKI2020-3094
IT-TASAKI2020-1228	1	CL-TASAKI2020-1229
IT-TASAKI2020-1229	1	CL-TASAKI2020-1230
IT-TASAKI2020-1230	1	CL-TASAKI2020-1231
IT-TASAKI2020-1231	1	CL-TASAKI2020-1232
IT-TASAKI2020-1232	1	CL-TASAKI2020-1233
IT-TASAKI2020-1233	1	CL-TASAKI2020-1234
IT-TASAKI2020-1234	1	CL-TASAKI2020-1235
IT-TASAKI2020-1235	1	CL-TASAKI2020-1236
IT-TASAKI2020-1236	1	CL-TASAKI2020-1237
IT-TASAKI2020-1237	1	CL-TASAKI2020-1239
IT-TASAKI2020-1238	1	CL-TASAKI2020-1240
IT-TASAKI2020-1239	1	CL-TASAKI2020-1241
IT-TASAKI2020-1240	1	CL-TASAKI2020-3400
IT-TASAKI2020-1240	2	CL-TASAKI2020-3401
IT-TASAKI2020-1240	3	CL-TASAKI2020-3402
IT-TASAKI2020-1240	4	CL-TASAKI2020-3403
IT-TASAKI2020-1241	1	CL-TASAKI2020-3404
IT-TASAKI2020-1241	2	CL-TASAKI2020-3405
IT-TASAKI2020-1241	3	CL-TASAKI2020-3406
IT-TASAKI2020-1241	4	CL-TASAKI2020-3407
IT-TASAKI2020-1242	1	CL-TASAKI2020-3408
IT-TASAKI2020-1242	2	CL-TASAKI2020-3409
IT-TASAKI2020-1242	3	CL-TASAKI2020-3410
IT-TASAKI2020-1242	4	CL-TASAKI2020-3411
IT-TASAKI2020-1242	5	CL-TASAKI2020-3412
IT-TASAKI2020-1242	6	CL-TASAKI2020-3413
IT-TASAKI2020-1243	1	CL-TASAKI2020-1242
IT-TASAKI2020-1244	1	CL-TASAKI2020-1243
IT-TASAKI2020-1245	1	CL-TASAKI2020-1244
IT-TASAKI2020-1246	1	CL-TASAKI2020-1245
IT-TASAKI2020-1247	1	CL-TASAKI2020-1246
IT-TASAKI2020-1248	1	CL-TASAKI2020-1247
IT-TASAKI2020-1249	1	CL-TASAKI2020-1248
IT-TASAKI2020-1250	1	CL-TASAKI2020-1250
IT-TASAKI2020-1251	1	CL-TASAKI2020-1251
IT-TASAKI2020-1252	1	CL-TASAKI2020-3101
IT-TASAKI2020-1253	1	CL-TASAKI2020-3353
IT-TASAKI2020-1254	1	CL-TASAKI2020-3102
IT-TASAKI2020-1255	1	CL-TASAKI2020-3103
IT-TASAKI2020-1256	1	CL-TASAKI2020-3104
IT-TASAKI2020-1257	1	CL-TASAKI2020-3105
IT-TASAKI2020-1258	1	CL-TASAKI2020-3106
IT-TASAKI2020-1259	1	CL-TASAKI2020-3107
IT-TASAKI2020-1260	1	CL-TASAKI2020-1252
IT-TASAKI2020-1261	1	CL-TASAKI2020-1254
IT-TASAKI2020-1262	1	CL-TASAKI2020-1255
IT-TASAKI2020-1263	1	CL-TASAKI2020-1256
IT-TASAKI2020-1264	1	CL-TASAKI2020-1257
IT-TASAKI2020-1265	1	CL-TASAKI2020-1258
IT-TASAKI2020-1266	1	CL-TASAKI2020-1259
IT-TASAKI2020-1267	1	CL-TASAKI2020-1261
IT-TASAKI2020-1268	1	CL-TASAKI2020-1262
IT-TASAKI2020-1269	1	CL-TASAKI2020-1263
IT-TASAKI2020-1270	1	CL-TASAKI2020-1264
IT-TASAKI2020-1271	1	CL-TASAKI2020-1265
IT-TASAKI2020-1272	1	CL-TASAKI2020-1266
IT-TASAKI2020-1273	1	CL-TASAKI2020-1267
IT-TASAKI2020-1274	1	CL-TASAKI2020-3414
IT-TASAKI2020-1275	1	CL-TASAKI2020-3415
IT-TASAKI2020-1276	1	CL-TASAKI2020-1268
IT-TASAKI2020-1277	1	CL-TASAKI2020-1269
IT-TASAKI2020-1278	1	CL-TASAKI2020-1270
IT-TASAKI2020-1279	1	CL-TASAKI2020-1271
IT-TASAKI2020-1280	1	CL-TASAKI2020-1272
IT-TASAKI2020-1281	1	CL-TASAKI2020-3416
IT-TASAKI2020-1282	1	CL-TASAKI2020-3417
IT-TASAKI2020-1283	1	CL-TASAKI2020-3418
IT-TASAKI2020-1284	1	CL-TASAKI2020-3419
IT-TASAKI2020-1285	1	CL-TASAKI2020-3420
IT-TASAKI2020-1286	1	CL-TASAKI2020-1273
IT-TASAKI2020-1287	1	CL-TASAKI2020-1274
IT-TASAKI2020-1288	1	CL-TASAKI2020-1275
IT-TASAKI2020-1289	1	CL-TASAKI2020-1276
IT-TASAKI2020-1290	1	CL-TASAKI2020-1277
IT-TASAKI2020-1291	1	CL-TASAKI2020-1279
IT-TASAKI2020-1292	1	CL-TASAKI2020-1280
IT-TASAKI2020-1293	1	CL-TASAKI2020-1281
IT-TASAKI2020-1294	1	CL-TASAKI2020-1282
IT-TASAKI2020-1295	1	CL-TASAKI2020-1283
IT-TASAKI2020-1296	1	CL-TASAKI2020-1284
IT-TASAKI2020-1297	1	CL-TASAKI2020-1285
IT-TASAKI2020-1298	1	CL-TASAKI2020-1286
IT-TASAKI2020-1299	1	CL-TASAKI2020-1287
IT-TASAKI2020-1300	1	CL-TASAKI2020-1288
IT-TASAKI2020-1301	1	CL-TASAKI2020-1289
IT-TASAKI2020-1302	1	CL-TASAKI2020-1290
IT-TASAKI2020-1303	1	CL-TASAKI2020-1291
IT-TASAKI2020-1304	1	CL-TASAKI2020-1292
IT-TASAKI2020-1305	1	CL-TASAKI2020-1293
IT-TASAKI2020-1306	1	CL-TASAKI2020-1294
IT-TASAKI2020-1307	1	CL-TASAKI2020-1295
IT-TASAKI2020-1308	1	CL-TASAKI2020-1296
IT-TASAKI2020-1309	1	CL-TASAKI2020-1297
IT-TASAKI2020-1310	1	CL-TASAKI2020-1298
IT-TASAKI2020-1311	1	CL-TASAKI2020-1299
IT-TASAKI2020-1312	1	CL-TASAKI2020-1300
IT-TASAKI2020-1313	1	CL-TASAKI2020-1301
IT-TASAKI2020-1314	1	CL-TASAKI2020-1302
IT-TASAKI2020-1315	1	CL-TASAKI2020-1303
IT-TASAKI2020-1316	1	CL-TASAKI2020-1304
IT-TASAKI2020-1317	1	CL-TASAKI2020-1305
IT-TASAKI2020-1318	1	CL-TASAKI2020-1306
IT-TASAKI2020-1319	1	CL-TASAKI2020-1307
IT-TASAKI2020-1320	1	CL-TASAKI2020-1308
IT-TASAKI2020-1321	1	CL-TASAKI2020-1309
IT-TASAKI2020-1322	1	CL-TASAKI2020-1310
IT-TASAKI2020-1323	1	CL-TASAKI2020-1311
IT-TASAKI2020-1324	1	CL-TASAKI2020-1312
IT-TASAKI2020-1325	1	CL-TASAKI2020-1313
IT-TASAKI2020-1326	1	CL-TASAKI2020-1314
IT-TASAKI2020-1327	1	CL-TASAKI2020-1315
IT-TASAKI2020-1328	1	CL-TASAKI2020-1316
IT-TASAKI2020-1329	1	CL-TASAKI2020-1317
IT-TASAKI2020-1330	1	CL-TASAKI2020-1318
IT-TASAKI2020-1330	2	CL-TASAKI2020-1319
IT-TASAKI2020-1330	3	CL-TASAKI2020-1320
IT-TASAKI2020-1330	4	CL-TASAKI2020-1321
IT-TASAKI2020-1331	1	CL-TASAKI2020-1322
IT-TASAKI2020-1332	1	CL-TASAKI2020-1323
IT-TASAKI2020-1333	1	CL-TASAKI2020-1324
IT-TASAKI2020-1334	1	CL-TASAKI2020-1325
IT-TASAKI2020-1335	1	CL-TASAKI2020-1326
IT-TASAKI2020-1336	1	CL-TASAKI2020-1327
IT-TASAKI2020-1337	1	CL-TASAKI2020-1328
IT-TASAKI2020-1338	1	CL-TASAKI2020-1329
IT-TASAKI2020-1339	1	CL-TASAKI2020-1330
IT-TASAKI2020-1340	1	CL-TASAKI2020-1331
IT-TASAKI2020-1341	1	CL-TASAKI2020-1332
IT-TASAKI2020-1342	1	CL-TASAKI2020-1333
IT-TASAKI2020-1343	1	CL-TASAKI2020-1334
IT-TASAKI2020-1344	1	CL-TASAKI2020-1335
IT-TASAKI2020-1345	1	CL-TASAKI2020-1336
IT-TASAKI2020-1345	2	CL-TASAKI2020-3435
IT-TASAKI2020-1345	3	CL-TASAKI2020-3436
IT-TASAKI2020-1346	1	CL-TASAKI2020-1337
IT-TASAKI2020-1347	1	CL-TASAKI2020-1338
IT-TASAKI2020-1348	1	CL-TASAKI2020-1339
IT-TASAKI2020-1349	1	CL-TASAKI2020-1340
IT-TASAKI2020-1350	1	CL-TASAKI2020-1341
IT-TASAKI2020-1351	1	CL-TASAKI2020-1342
IT-TASAKI2020-1352	1	CL-TASAKI2020-1343
IT-TASAKI2020-1353	1	CL-TASAKI2020-1344
IT-TASAKI2020-1354	1	CL-TASAKI2020-3421
IT-TASAKI2020-1355	1	CL-TASAKI2020-1345
IT-TASAKI2020-1356	1	CL-TASAKI2020-1346
IT-TASAKI2020-1357	1	CL-TASAKI2020-1347
IT-TASAKI2020-1358	1	CL-TASAKI2020-1348
IT-TASAKI2020-1359	1	CL-TASAKI2020-1349
IT-TASAKI2020-1360	1	CL-TASAKI2020-1350
IT-TASAKI2020-1361	1	CL-TASAKI2020-3108
IT-TASAKI2020-1362	1	CL-TASAKI2020-3109
IT-TASAKI2020-1362	2	CL-TASAKI2020-3110
IT-TASAKI2020-1363	1	CL-TASAKI2020-1352
IT-TASAKI2020-1363	2	CL-TASAKI2020-3437
IT-TASAKI2020-1363	3	CL-TASAKI2020-3438
IT-TASAKI2020-1363	4	CL-TASAKI2020-3439
IT-TASAKI2020-1363	5	CL-TASAKI2020-3440
IT-TASAKI2020-1363	6	CL-TASAKI2020-3441
IT-TASAKI2020-1364	1	CL-TASAKI2020-1353
IT-TASAKI2020-1365	1	CL-TASAKI2020-1354
IT-TASAKI2020-1366	1	CL-TASAKI2020-1356
IT-TASAKI2020-1367	1	CL-TASAKI2020-1357
IT-TASAKI2020-1368	1	CL-TASAKI2020-1358
IT-TASAKI2020-1369	1	CL-TASAKI2020-1359
IT-TASAKI2020-1370	1	CL-TASAKI2020-1360
IT-TASAKI2020-1371	1	CL-TASAKI2020-1361
IT-TASAKI2020-1372	1	CL-TASAKI2020-1362
IT-TASAKI2020-1373	1	CL-TASAKI2020-1363
IT-TASAKI2020-1374	1	CL-TASAKI2020-1364
IT-TASAKI2020-1375	1	CL-TASAKI2020-1365
IT-TASAKI2020-1376	1	CL-TASAKI2020-1366
IT-TASAKI2020-1377	1	CL-TASAKI2020-1367
IT-TASAKI2020-1378	1	CL-TASAKI2020-1368
IT-TASAKI2020-1379	1	CL-TASAKI2020-1369
IT-TASAKI2020-1380	1	CL-TASAKI2020-1370
IT-TASAKI2020-1381	1	CL-TASAKI2020-1371
IT-TASAKI2020-1382	1	CL-TASAKI2020-3111
IT-TASAKI2020-1383	1	CL-TASAKI2020-3112
IT-TASAKI2020-1384	1	CL-TASAKI2020-1373
IT-TASAKI2020-1385	1	CL-TASAKI2020-1374
IT-TASAKI2020-1386	1	CL-TASAKI2020-3265
IT-TASAKI2020-1387	1	CL-TASAKI2020-3266
IT-TASAKI2020-1388	1	CL-TASAKI2020-1376
IT-TASAKI2020-1389	1	CL-TASAKI2020-1377
IT-TASAKI2020-1390	1	CL-TASAKI2020-1378
IT-TASAKI2020-1391	1	CL-TASAKI2020-1379
IT-TASAKI2020-1392	1	CL-TASAKI2020-1380
IT-TASAKI2020-1393	1	CL-TASAKI2020-1381
IT-TASAKI2020-1394	1	CL-TASAKI2020-1382
IT-TASAKI2020-1395	1	CL-TASAKI2020-1383
IT-TASAKI2020-1396	1	CL-TASAKI2020-1384
IT-TASAKI2020-1397	1	CL-TASAKI2020-1386
IT-TASAKI2020-1398	1	CL-TASAKI2020-1387
IT-TASAKI2020-1399	1	CL-TASAKI2020-1388
IT-TASAKI2020-1400	1	CL-TASAKI2020-1389
IT-TASAKI2020-1401	1	CL-TASAKI2020-1390
IT-TASAKI2020-1402	1	CL-TASAKI2020-1392
IT-TASAKI2020-1403	1	CL-TASAKI2020-1393
IT-TASAKI2020-1404	1	CL-TASAKI2020-1394
IT-TASAKI2020-1405	1	CL-TASAKI2020-1395
IT-TASAKI2020-1406	1	CL-TASAKI2020-1396
IT-TASAKI2020-1407	1	CL-TASAKI2020-1397
IT-TASAKI2020-1408	1	CL-TASAKI2020-1398
IT-TASAKI2020-1409	1	CL-TASAKI2020-1399
IT-TASAKI2020-1410	1	CL-TASAKI2020-1400
IT-TASAKI2020-1411	1	CL-TASAKI2020-1401
IT-TASAKI2020-1412	1	CL-TASAKI2020-1402
IT-TASAKI2020-1413	1	CL-TASAKI2020-1403
IT-TASAKI2020-1414	1	CL-TASAKI2020-1404
IT-TASAKI2020-1415	1	CL-TASAKI2020-1405
IT-TASAKI2020-1416	1	CL-TASAKI2020-3422
IT-TASAKI2020-1417	1	CL-TASAKI2020-3423
IT-TASAKI2020-1418	1	CL-TASAKI2020-1406
IT-TASAKI2020-1419	1	CL-TASAKI2020-1407
IT-TASAKI2020-1420	1	CL-TASAKI2020-1410
IT-TASAKI2020-1421	1	CL-TASAKI2020-1411
IT-TASAKI2020-1422	1	CL-TASAKI2020-1412
IT-TASAKI2020-1423	1	CL-TASAKI2020-1413
IT-TASAKI2020-1424	1	CL-TASAKI2020-1414
IT-TASAKI2020-1425	1	CL-TASAKI2020-1415
IT-TASAKI2020-1426	1	CL-TASAKI2020-1416
IT-TASAKI2020-1427	1	CL-TASAKI2020-1417
IT-TASAKI2020-1428	1	CL-TASAKI2020-1418
IT-TASAKI2020-1429	1	CL-TASAKI2020-1419
IT-TASAKI2020-1430	1	CL-TASAKI2020-1420
IT-TASAKI2020-1431	1	CL-TASAKI2020-1421
IT-TASAKI2020-1432	1	CL-TASAKI2020-1422
IT-TASAKI2020-1433	1	CL-TASAKI2020-1423
IT-TASAKI2020-1434	1	CL-TASAKI2020-1424
IT-TASAKI2020-1435	1	CL-TASAKI2020-1425
IT-TASAKI2020-1436	1	CL-TASAKI2020-1426
IT-TASAKI2020-1437	1	CL-TASAKI2020-1427
IT-TASAKI2020-1438	1	CL-TASAKI2020-1428
IT-TASAKI2020-1439	1	CL-TASAKI2020-1429
IT-TASAKI2020-1440	1	CL-TASAKI2020-1430
IT-TASAKI2020-1441	1	CL-TASAKI2020-1431
IT-TASAKI2020-1442	1	CL-TASAKI2020-1432
IT-TASAKI2020-1443	1	CL-TASAKI2020-1433
IT-TASAKI2020-1444	1	CL-TASAKI2020-1434
IT-TASAKI2020-1445	1	CL-TASAKI2020-1435
IT-TASAKI2020-1446	1	CL-TASAKI2020-1436
IT-TASAKI2020-1447	1	CL-TASAKI2020-1437
IT-TASAKI2020-1448	1	CL-TASAKI2020-1439
IT-TASAKI2020-1449	1	CL-TASAKI2020-1440
IT-TASAKI2020-1450	1	CL-TASAKI2020-2945
IT-TASAKI2020-1451	1	CL-TASAKI2020-1441
IT-TASAKI2020-1452	1	CL-TASAKI2020-3304
IT-TASAKI2020-1452	2	CL-TASAKI2020-3305
IT-TASAKI2020-1453	1	CL-TASAKI2020-1443
IT-TASAKI2020-1454	1	CL-TASAKI2020-1444
IT-TASAKI2020-1455	1	CL-TASAKI2020-1445
IT-TASAKI2020-1456	1	CL-TASAKI2020-1446
IT-TASAKI2020-1457	1	CL-TASAKI2020-1447
IT-TASAKI2020-1458	1	CL-TASAKI2020-1448
IT-TASAKI2020-1459	1	CL-TASAKI2020-1449
IT-TASAKI2020-1460	1	CL-TASAKI2020-1451
IT-TASAKI2020-1461	1	CL-TASAKI2020-1452
IT-TASAKI2020-1462	1	CL-TASAKI2020-1453
IT-TASAKI2020-1463	1	CL-TASAKI2020-1454
IT-TASAKI2020-1464	1	CL-TASAKI2020-1455
IT-TASAKI2020-1465	1	CL-TASAKI2020-1456
IT-TASAKI2020-1466	1	CL-TASAKI2020-1457
IT-TASAKI2020-1467	1	CL-TASAKI2020-1458
IT-TASAKI2020-1468	1	CL-TASAKI2020-1459
IT-TASAKI2020-1469	1	CL-TASAKI2020-1460
IT-TASAKI2020-1470	1	CL-TASAKI2020-1461
IT-TASAKI2020-1471	1	CL-TASAKI2020-1462
IT-TASAKI2020-1472	1	CL-TASAKI2020-1463
IT-TASAKI2020-1473	1	CL-TASAKI2020-1464
IT-TASAKI2020-1474	1	CL-TASAKI2020-1465
IT-TASAKI2020-1475	1	CL-TASAKI2020-1466
IT-TASAKI2020-1476	1	CL-TASAKI2020-1467
IT-TASAKI2020-1477	1	CL-TASAKI2020-1469
IT-TASAKI2020-1478	1	CL-TASAKI2020-1470
IT-TASAKI2020-1479	1	CL-TASAKI2020-1471
IT-TASAKI2020-1480	1	CL-TASAKI2020-1472
IT-TASAKI2020-1481	1	CL-TASAKI2020-1473
IT-TASAKI2020-1482	1	CL-TASAKI2020-1474
IT-TASAKI2020-1483	1	CL-TASAKI2020-1475
IT-TASAKI2020-1484	1	CL-TASAKI2020-1476
IT-TASAKI2020-1485	1	CL-TASAKI2020-1477
IT-TASAKI2020-1486	1	CL-TASAKI2020-1478
IT-TASAKI2020-1487	1	CL-TASAKI2020-1479
IT-TASAKI2020-1488	1	CL-TASAKI2020-1480
IT-TASAKI2020-1489	1	CL-TASAKI2020-3113
IT-TASAKI2020-1490	1	CL-TASAKI2020-3354
IT-TASAKI2020-1491	1	CL-TASAKI2020-3114
IT-TASAKI2020-1492	1	CL-TASAKI2020-3115
IT-TASAKI2020-1493	1	CL-TASAKI2020-3116
IT-TASAKI2020-1494	1	CL-TASAKI2020-1482
IT-TASAKI2020-1495	1	CL-TASAKI2020-1483
IT-TASAKI2020-1496	1	CL-TASAKI2020-1484
IT-TASAKI2020-1497	1	CL-TASAKI2020-1485
IT-TASAKI2020-1498	1	CL-TASAKI2020-1486
IT-TASAKI2020-1499	1	CL-TASAKI2020-1487
IT-TASAKI2020-1500	1	CL-TASAKI2020-1488
IT-TASAKI2020-1501	1	CL-TASAKI2020-1489
IT-TASAKI2020-1502	1	CL-TASAKI2020-1490
IT-TASAKI2020-1503	1	CL-TASAKI2020-1491
IT-TASAKI2020-1504	1	CL-TASAKI2020-1492
IT-TASAKI2020-1505	1	CL-TASAKI2020-1493
IT-TASAKI2020-1506	1	CL-TASAKI2020-3118
IT-TASAKI2020-1507	1	CL-TASAKI2020-3119
IT-TASAKI2020-1508	1	CL-TASAKI2020-1496
IT-TASAKI2020-1509	1	CL-TASAKI2020-1497
IT-TASAKI2020-1510	1	CL-TASAKI2020-1498
IT-TASAKI2020-1511	1	CL-TASAKI2020-1499
IT-TASAKI2020-1512	1	CL-TASAKI2020-1500
IT-TASAKI2020-1513	1	CL-TASAKI2020-1501
IT-TASAKI2020-1514	1	CL-TASAKI2020-3120
IT-TASAKI2020-1515	1	CL-TASAKI2020-3121
IT-TASAKI2020-1516	1	CL-TASAKI2020-3122
IT-TASAKI2020-1517	1	CL-TASAKI2020-1503
IT-TASAKI2020-1518	1	CL-TASAKI2020-1504
IT-TASAKI2020-1519	1	CL-TASAKI2020-1505
IT-TASAKI2020-1520	1	CL-TASAKI2020-1506
IT-TASAKI2020-1521	1	CL-TASAKI2020-1507
IT-TASAKI2020-1522	1	CL-TASAKI2020-1508
IT-TASAKI2020-1523	1	CL-TASAKI2020-1509
IT-TASAKI2020-1524	1	CL-TASAKI2020-1510
IT-TASAKI2020-1525	1	CL-TASAKI2020-1511
IT-TASAKI2020-1526	1	CL-TASAKI2020-1512
IT-TASAKI2020-1527	1	CL-TASAKI2020-1513
IT-TASAKI2020-1528	1	CL-TASAKI2020-1514
IT-TASAKI2020-1529	1	CL-TASAKI2020-1515
IT-TASAKI2020-1530	1	CL-TASAKI2020-3123
IT-TASAKI2020-1531	1	CL-TASAKI2020-3124
IT-TASAKI2020-1532	1	CL-TASAKI2020-3125
IT-TASAKI2020-1533	1	CL-TASAKI2020-1517
IT-TASAKI2020-1534	1	CL-TASAKI2020-1518
IT-TASAKI2020-1535	1	CL-TASAKI2020-1519
IT-TASAKI2020-1536	1	CL-TASAKI2020-1520
IT-TASAKI2020-1537	1	CL-TASAKI2020-1521
IT-TASAKI2020-3037	1	CL-TASAKI2020-3442
IT-TASAKI2020-3037	2	CL-TASAKI2020-3443
IT-TASAKI2020-1538	1	CL-TASAKI2020-1522
IT-TASAKI2020-1539	1	CL-TASAKI2020-1523
IT-TASAKI2020-1540	1	CL-TASAKI2020-1524
IT-TASAKI2020-1541	1	CL-TASAKI2020-1525
IT-TASAKI2020-1542	1	CL-TASAKI2020-1526
IT-TASAKI2020-1543	1	CL-TASAKI2020-1527
IT-TASAKI2020-1544	1	CL-TASAKI2020-1528
IT-TASAKI2020-1545	1	CL-TASAKI2020-1529
IT-TASAKI2020-1546	1	CL-TASAKI2020-1531
IT-TASAKI2020-1547	1	CL-TASAKI2020-1532
IT-TASAKI2020-1548	1	CL-TASAKI2020-1533
IT-TASAKI2020-1549	1	CL-TASAKI2020-1534
IT-TASAKI2020-1550	1	CL-TASAKI2020-1536
IT-TASAKI2020-1551	1	CL-TASAKI2020-1537
IT-TASAKI2020-1552	1	CL-TASAKI2020-1538
IT-TASAKI2020-1553	1	CL-TASAKI2020-1539
IT-TASAKI2020-1554	1	CL-TASAKI2020-1540
IT-TASAKI2020-1555	1	CL-TASAKI2020-1541
IT-TASAKI2020-1556	1	CL-TASAKI2020-1542
IT-TASAKI2020-1557	1	CL-TASAKI2020-1543
IT-TASAKI2020-1558	1	CL-TASAKI2020-1544
IT-TASAKI2020-1559	1	CL-TASAKI2020-1545
IT-TASAKI2020-1560	1	CL-TASAKI2020-1546
IT-TASAKI2020-1561	1	CL-TASAKI2020-1547
IT-TASAKI2020-1562	1	CL-TASAKI2020-1548
IT-TASAKI2020-1563	1	CL-TASAKI2020-1549
IT-TASAKI2020-1564	1	CL-TASAKI2020-1550
IT-TASAKI2020-1565	1	CL-TASAKI2020-1551
IT-TASAKI2020-1566	1	CL-TASAKI2020-1552
IT-TASAKI2020-1567	1	CL-TASAKI2020-1553
IT-TASAKI2020-1568	1	CL-TASAKI2020-1554
IT-TASAKI2020-1569	1	CL-TASAKI2020-1555
IT-TASAKI2020-1570	1	CL-TASAKI2020-1557
IT-TASAKI2020-1571	1	CL-TASAKI2020-1558
IT-TASAKI2020-1572	1	CL-TASAKI2020-1559
IT-TASAKI2020-1573	1	CL-TASAKI2020-1560
IT-TASAKI2020-1574	1	CL-TASAKI2020-1561
IT-TASAKI2020-1575	1	CL-TASAKI2020-1562
IT-TASAKI2020-1576	1	CL-TASAKI2020-1563
IT-TASAKI2020-1577	1	CL-TASAKI2020-1564
IT-TASAKI2020-1578	1	CL-TASAKI2020-1565
IT-TASAKI2020-1579	1	CL-TASAKI2020-1566
IT-TASAKI2020-1580	1	CL-TASAKI2020-1567
IT-TASAKI2020-1581	1	CL-TASAKI2020-1568
IT-TASAKI2020-1582	1	CL-TASAKI2020-1569
IT-TASAKI2020-1583	1	CL-TASAKI2020-1570
IT-TASAKI2020-1584	1	CL-TASAKI2020-1571
IT-TASAKI2020-1585	1	CL-TASAKI2020-1572
IT-TASAKI2020-1586	1	CL-TASAKI2020-1573
IT-TASAKI2020-1586	2	CL-TASAKI2020-3444
IT-TASAKI2020-1586	3	CL-TASAKI2020-3445
IT-TASAKI2020-1587	1	CL-TASAKI2020-1574
IT-TASAKI2020-1588	1	CL-TASAKI2020-1575
IT-TASAKI2020-1589	1	CL-TASAKI2020-3126
IT-TASAKI2020-1590	1	CL-TASAKI2020-3127
IT-TASAKI2020-1591	1	CL-TASAKI2020-3128
IT-TASAKI2020-1592	1	CL-TASAKI2020-3355
IT-TASAKI2020-1593	1	CL-TASAKI2020-1577
IT-TASAKI2020-1594	1	CL-TASAKI2020-1578
IT-TASAKI2020-1595	1	CL-TASAKI2020-1579
IT-TASAKI2020-1596	1	CL-TASAKI2020-1580
IT-TASAKI2020-1597	1	CL-TASAKI2020-1581
IT-TASAKI2020-1598	1	CL-TASAKI2020-1582
IT-TASAKI2020-1599	1	CL-TASAKI2020-1583
IT-TASAKI2020-1600	1	CL-TASAKI2020-1584
IT-TASAKI2020-1601	1	CL-TASAKI2020-1585
IT-TASAKI2020-1602	1	CL-TASAKI2020-1586
IT-TASAKI2020-1603	1	CL-TASAKI2020-1587
IT-TASAKI2020-1604	1	CL-TASAKI2020-1588
IT-TASAKI2020-1605	1	CL-TASAKI2020-1589
IT-TASAKI2020-1606	1	CL-TASAKI2020-1590
IT-TASAKI2020-1607	1	CL-TASAKI2020-1591
IT-TASAKI2020-1608	1	CL-TASAKI2020-1592
IT-TASAKI2020-1609	1	CL-TASAKI2020-1594
IT-TASAKI2020-1610	1	CL-TASAKI2020-1595
IT-TASAKI2020-1611	1	CL-TASAKI2020-1596
IT-TASAKI2020-1612	1	CL-TASAKI2020-1597
IT-TASAKI2020-1613	1	CL-TASAKI2020-1598
IT-TASAKI2020-1614	1	CL-TASAKI2020-1599
IT-TASAKI2020-1615	1	CL-TASAKI2020-1600
IT-TASAKI2020-1616	1	CL-TASAKI2020-1601
IT-TASAKI2020-1617	1	CL-TASAKI2020-1602
IT-TASAKI2020-1618	1	CL-TASAKI2020-1603
IT-TASAKI2020-1619	1	CL-TASAKI2020-1604
IT-TASAKI2020-1620	1	CL-TASAKI2020-1605
IT-TASAKI2020-1621	1	CL-TASAKI2020-1606
IT-TASAKI2020-1622	1	CL-TASAKI2020-1607
IT-TASAKI2020-1623	1	CL-TASAKI2020-1608
IT-TASAKI2020-1624	1	CL-TASAKI2020-1609
IT-TASAKI2020-1625	1	CL-TASAKI2020-1610
IT-TASAKI2020-1626	1	CL-TASAKI2020-1611
IT-TASAKI2020-1627	1	CL-TASAKI2020-1612
IT-TASAKI2020-1628	1	CL-TASAKI2020-1613
IT-TASAKI2020-1629	1	CL-TASAKI2020-1614
IT-TASAKI2020-1630	1	CL-TASAKI2020-1615
IT-TASAKI2020-1631	1	CL-TASAKI2020-1617
IT-TASAKI2020-1632	1	CL-TASAKI2020-1618
IT-TASAKI2020-1633	1	CL-TASAKI2020-1619
IT-TASAKI2020-1634	1	CL-TASAKI2020-1620
IT-TASAKI2020-1635	1	CL-TASAKI2020-1621
IT-TASAKI2020-1636	1	CL-TASAKI2020-1622
IT-TASAKI2020-1637	1	CL-TASAKI2020-1623
IT-TASAKI2020-1638	1	CL-TASAKI2020-1624
IT-TASAKI2020-1639	1	CL-TASAKI2020-1625
IT-TASAKI2020-1640	1	CL-TASAKI2020-1626
IT-TASAKI2020-1641	1	CL-TASAKI2020-3424
IT-TASAKI2020-1642	1	CL-TASAKI2020-1627
IT-TASAKI2020-1643	1	CL-TASAKI2020-1628
IT-TASAKI2020-1644	1	CL-TASAKI2020-1629
IT-TASAKI2020-1645	1	CL-TASAKI2020-1630
IT-TASAKI2020-1646	1	CL-TASAKI2020-1631
IT-TASAKI2020-1647	1	CL-TASAKI2020-1632
IT-TASAKI2020-1648	1	CL-TASAKI2020-1633
IT-TASAKI2020-1649	1	CL-TASAKI2020-1634
IT-TASAKI2020-1650	1	CL-TASAKI2020-1635
IT-TASAKI2020-1651	1	CL-TASAKI2020-1636
IT-TASAKI2020-1652	1	CL-TASAKI2020-1637
IT-TASAKI2020-1653	1	CL-TASAKI2020-1638
IT-TASAKI2020-1654	1	CL-TASAKI2020-1639
IT-TASAKI2020-1655	1	CL-TASAKI2020-1640
IT-TASAKI2020-1656	1	CL-TASAKI2020-1641
IT-TASAKI2020-1657	1	CL-TASAKI2020-1642
IT-TASAKI2020-1658	1	CL-TASAKI2020-1643
IT-TASAKI2020-1659	1	CL-TASAKI2020-1644
IT-TASAKI2020-1660	1	CL-TASAKI2020-1645
IT-TASAKI2020-1661	1	CL-TASAKI2020-1646
IT-TASAKI2020-1662	1	CL-TASAKI2020-1647
IT-TASAKI2020-1663	1	CL-TASAKI2020-1648
IT-TASAKI2020-1664	1	CL-TASAKI2020-1649
IT-TASAKI2020-1665	1	CL-TASAKI2020-1650
IT-TASAKI2020-1666	1	CL-TASAKI2020-1651
IT-TASAKI2020-1667	1	CL-TASAKI2020-1652
IT-TASAKI2020-1668	1	CL-TASAKI2020-1653
IT-TASAKI2020-1669	1	CL-TASAKI2020-1654
IT-TASAKI2020-1670	1	CL-TASAKI2020-1655
IT-TASAKI2020-1671	1	CL-TASAKI2020-3129
IT-TASAKI2020-1672	1	CL-TASAKI2020-3130
IT-TASAKI2020-1673	1	CL-TASAKI2020-1657
IT-TASAKI2020-1674	1	CL-TASAKI2020-1658
IT-TASAKI2020-1675	1	CL-TASAKI2020-1659
IT-TASAKI2020-1676	1	CL-TASAKI2020-1660
IT-TASAKI2020-1677	1	CL-TASAKI2020-1661
IT-TASAKI2020-1678	1	CL-TASAKI2020-1664
IT-TASAKI2020-1679	1	CL-TASAKI2020-1665
IT-TASAKI2020-1680	1	CL-TASAKI2020-1666
IT-TASAKI2020-1681	1	CL-TASAKI2020-1667
IT-TASAKI2020-1682	1	CL-TASAKI2020-1668
IT-TASAKI2020-1683	1	CL-TASAKI2020-1669
IT-TASAKI2020-1684	1	CL-TASAKI2020-1670
IT-TASAKI2020-1685	1	CL-TASAKI2020-1671
IT-TASAKI2020-1686	1	CL-TASAKI2020-1672
IT-TASAKI2020-1687	1	CL-TASAKI2020-1673
IT-TASAKI2020-1688	1	CL-TASAKI2020-1674
IT-TASAKI2020-1689	1	CL-TASAKI2020-1675
IT-TASAKI2020-1690	1	CL-TASAKI2020-1676
IT-TASAKI2020-1691	1	CL-TASAKI2020-1677
IT-TASAKI2020-1692	1	CL-TASAKI2020-1678
IT-TASAKI2020-1693	1	CL-TASAKI2020-1679
IT-TASAKI2020-1694	1	CL-TASAKI2020-1680
IT-TASAKI2020-1695	1	CL-TASAKI2020-1681
IT-TASAKI2020-1696	1	CL-TASAKI2020-1682
IT-TASAKI2020-1697	1	CL-TASAKI2020-1683
IT-TASAKI2020-1698	1	CL-TASAKI2020-1684
IT-TASAKI2020-1699	1	CL-TASAKI2020-1685
IT-TASAKI2020-1700	1	CL-TASAKI2020-1687
IT-TASAKI2020-1701	1	CL-TASAKI2020-1688
IT-TASAKI2020-1702	1	CL-TASAKI2020-1689
IT-TASAKI2020-1703	1	CL-TASAKI2020-1690
IT-TASAKI2020-1704	1	CL-TASAKI2020-1691
IT-TASAKI2020-1705	1	CL-TASAKI2020-1692
IT-TASAKI2020-1706	1	CL-TASAKI2020-1693
IT-TASAKI2020-1707	1	CL-TASAKI2020-1695
IT-TASAKI2020-1708	1	CL-TASAKI2020-1696
IT-TASAKI2020-1709	1	CL-TASAKI2020-1697
IT-TASAKI2020-1710	1	CL-TASAKI2020-1698
IT-TASAKI2020-1711	1	CL-TASAKI2020-1699
IT-TASAKI2020-1712	1	CL-TASAKI2020-1700
IT-TASAKI2020-1713	1	CL-TASAKI2020-1702
IT-TASAKI2020-1714	1	CL-TASAKI2020-1703
IT-TASAKI2020-1715	1	CL-TASAKI2020-1704
IT-TASAKI2020-1716	1	CL-TASAKI2020-1705
IT-TASAKI2020-1717	1	CL-TASAKI2020-1706
IT-TASAKI2020-1718	1	CL-TASAKI2020-1707
IT-TASAKI2020-1719	1	CL-TASAKI2020-1708
IT-TASAKI2020-1720	1	CL-TASAKI2020-1709
IT-TASAKI2020-1721	1	CL-TASAKI2020-1710
IT-TASAKI2020-1722	1	CL-TASAKI2020-1711
IT-TASAKI2020-1723	1	CL-TASAKI2020-1712
IT-TASAKI2020-1724	1	CL-TASAKI2020-1713
IT-TASAKI2020-1725	1	CL-TASAKI2020-1714
IT-TASAKI2020-1726	1	CL-TASAKI2020-1715
IT-TASAKI2020-1727	1	CL-TASAKI2020-1716
IT-TASAKI2020-1728	1	CL-TASAKI2020-1717
IT-TASAKI2020-1729	1	CL-TASAKI2020-1718
IT-TASAKI2020-1730	1	CL-TASAKI2020-1719
IT-TASAKI2020-1731	1	CL-TASAKI2020-1720
IT-TASAKI2020-1732	1	CL-TASAKI2020-1721
IT-TASAKI2020-1733	1	CL-TASAKI2020-1722
IT-TASAKI2020-1734	1	CL-TASAKI2020-1723
IT-TASAKI2020-1735	1	CL-TASAKI2020-1724
IT-TASAKI2020-1736	1	CL-TASAKI2020-1725
IT-TASAKI2020-1737	1	CL-TASAKI2020-1726
IT-TASAKI2020-1738	1	CL-TASAKI2020-1727
IT-TASAKI2020-1739	1	CL-TASAKI2020-1728
IT-TASAKI2020-1740	1	CL-TASAKI2020-1729
IT-TASAKI2020-1741	1	CL-TASAKI2020-1730
IT-TASAKI2020-1742	1	CL-TASAKI2020-1731
IT-TASAKI2020-1743	1	CL-TASAKI2020-1732
IT-TASAKI2020-1744	1	CL-TASAKI2020-3131
IT-TASAKI2020-1745	1	CL-TASAKI2020-3132
IT-TASAKI2020-1746	1	CL-TASAKI2020-3133
IT-TASAKI2020-1747	1	CL-TASAKI2020-1734
IT-TASAKI2020-1748	1	CL-TASAKI2020-1735
IT-TASAKI2020-1749	1	CL-TASAKI2020-1736
IT-TASAKI2020-1750	1	CL-TASAKI2020-1737
IT-TASAKI2020-1751	1	CL-TASAKI2020-1738
IT-TASAKI2020-1752	1	CL-TASAKI2020-1739
IT-TASAKI2020-1753	1	CL-TASAKI2020-1740
IT-TASAKI2020-1754	1	CL-TASAKI2020-1741
IT-TASAKI2020-1755	1	CL-TASAKI2020-1742
IT-TASAKI2020-1756	1	CL-TASAKI2020-1743
IT-TASAKI2020-1757	1	CL-TASAKI2020-1744
IT-TASAKI2020-1758	1	CL-TASAKI2020-1748
IT-TASAKI2020-1759	1	CL-TASAKI2020-1745
IT-TASAKI2020-1760	1	CL-TASAKI2020-1746
IT-TASAKI2020-1761	1	CL-TASAKI2020-3134
IT-TASAKI2020-1762	1	CL-TASAKI2020-3135
IT-TASAKI2020-1763	1	CL-TASAKI2020-3136
IT-TASAKI2020-1764	1	CL-TASAKI2020-3356
IT-TASAKI2020-1765	1	CL-TASAKI2020-3357
IT-TASAKI2020-1766	1	CL-TASAKI2020-3137
IT-TASAKI2020-1767	1	CL-TASAKI2020-1749
IT-TASAKI2020-1768	1	CL-TASAKI2020-1750
IT-TASAKI2020-1769	1	CL-TASAKI2020-1751
IT-TASAKI2020-1770	1	CL-TASAKI2020-1752
IT-TASAKI2020-1771	1	CL-TASAKI2020-1753
IT-TASAKI2020-1772	1	CL-TASAKI2020-1754
IT-TASAKI2020-1773	1	CL-TASAKI2020-1755
IT-TASAKI2020-1774	1	CL-TASAKI2020-1756
IT-TASAKI2020-1775	1	CL-TASAKI2020-1758
IT-TASAKI2020-1776	1	CL-TASAKI2020-1759
IT-TASAKI2020-1777	1	CL-TASAKI2020-3138
IT-TASAKI2020-1778	1	CL-TASAKI2020-3139
IT-TASAKI2020-1779	1	CL-TASAKI2020-3140
IT-TASAKI2020-1779	2	CL-TASAKI2020-3141
IT-TASAKI2020-1780	1	CL-TASAKI2020-1762
IT-TASAKI2020-1781	1	CL-TASAKI2020-1763
IT-TASAKI2020-1782	1	CL-TASAKI2020-1764
IT-TASAKI2020-1783	1	CL-TASAKI2020-3267
IT-TASAKI2020-1784	1	CL-TASAKI2020-3268
IT-TASAKI2020-1785	1	CL-TASAKI2020-1766
IT-TASAKI2020-1786	1	CL-TASAKI2020-1767
IT-TASAKI2020-1787	1	CL-TASAKI2020-1768
IT-TASAKI2020-1788	1	CL-TASAKI2020-1769
IT-TASAKI2020-1789	1	CL-TASAKI2020-1770
IT-TASAKI2020-1790	1	CL-TASAKI2020-1771
IT-TASAKI2020-1791	1	CL-TASAKI2020-1772
IT-TASAKI2020-1792	1	CL-TASAKI2020-1773
IT-TASAKI2020-1793	1	CL-TASAKI2020-1774
IT-TASAKI2020-1794	1	CL-TASAKI2020-1775
IT-TASAKI2020-1795	1	CL-TASAKI2020-1776
IT-TASAKI2020-1796	1	CL-TASAKI2020-1777
IT-TASAKI2020-1797	1	CL-TASAKI2020-1778
IT-TASAKI2020-1798	1	CL-TASAKI2020-1779
IT-TASAKI2020-1799	1	CL-TASAKI2020-1780
IT-TASAKI2020-1800	1	CL-TASAKI2020-1782
IT-TASAKI2020-1801	1	CL-TASAKI2020-1783
IT-TASAKI2020-1802	1	CL-TASAKI2020-1784
IT-TASAKI2020-1803	1	CL-TASAKI2020-1785
IT-TASAKI2020-1804	1	CL-TASAKI2020-1786
IT-TASAKI2020-1805	1	CL-TASAKI2020-1787
IT-TASAKI2020-1806	1	CL-TASAKI2020-3306
IT-TASAKI2020-1806	2	CL-TASAKI2020-3307
IT-TASAKI2020-1806	3	CL-TASAKI2020-3308
IT-TASAKI2020-1806	4	CL-TASAKI2020-3309
IT-TASAKI2020-1807	1	CL-TASAKI2020-1789
IT-TASAKI2020-1808	1	CL-TASAKI2020-1790
IT-TASAKI2020-1809	1	CL-TASAKI2020-1791
IT-TASAKI2020-1810	1	CL-TASAKI2020-1792
IT-TASAKI2020-1811	1	CL-TASAKI2020-1793
IT-TASAKI2020-1812	1	CL-TASAKI2020-1794
IT-TASAKI2020-1813	1	CL-TASAKI2020-1795
IT-TASAKI2020-1814	1	CL-TASAKI2020-1796
IT-TASAKI2020-1815	1	CL-TASAKI2020-1797
IT-TASAKI2020-1816	1	CL-TASAKI2020-1798
IT-TASAKI2020-1817	1	CL-TASAKI2020-1799
IT-TASAKI2020-1818	1	CL-TASAKI2020-1800
IT-TASAKI2020-1819	1	CL-TASAKI2020-1801
IT-TASAKI2020-1820	1	CL-TASAKI2020-1802
IT-TASAKI2020-1821	1	CL-TASAKI2020-1803
IT-TASAKI2020-1822	1	CL-TASAKI2020-1804
IT-TASAKI2020-1823	1	CL-TASAKI2020-1805
IT-TASAKI2020-1824	1	CL-TASAKI2020-1806
IT-TASAKI2020-1825	1	CL-TASAKI2020-1807
IT-TASAKI2020-1826	1	CL-TASAKI2020-1808
IT-TASAKI2020-1827	1	CL-TASAKI2020-1809
IT-TASAKI2020-1828	1	CL-TASAKI2020-1810
IT-TASAKI2020-1829	1	CL-TASAKI2020-1811
IT-TASAKI2020-1830	1	CL-TASAKI2020-1812
IT-TASAKI2020-1831	1	CL-TASAKI2020-1813
IT-TASAKI2020-1832	1	CL-TASAKI2020-1814
IT-TASAKI2020-1833	1	CL-TASAKI2020-1815
IT-TASAKI2020-1834	1	CL-TASAKI2020-1816
IT-TASAKI2020-1835	1	CL-TASAKI2020-1817
IT-TASAKI2020-1836	1	CL-TASAKI2020-1818
IT-TASAKI2020-1837	1	CL-TASAKI2020-1819
IT-TASAKI2020-1838	1	CL-TASAKI2020-1820
IT-TASAKI2020-1839	1	CL-TASAKI2020-3269
IT-TASAKI2020-1840	1	CL-TASAKI2020-3270
IT-TASAKI2020-1841	1	CL-TASAKI2020-1822
IT-TASAKI2020-1842	1	CL-TASAKI2020-1823
IT-TASAKI2020-1843	1	CL-TASAKI2020-3142
IT-TASAKI2020-1844	1	CL-TASAKI2020-3143
IT-TASAKI2020-1845	1	CL-TASAKI2020-1825
IT-TASAKI2020-1846	1	CL-TASAKI2020-1826
IT-TASAKI2020-1847	1	CL-TASAKI2020-1827
IT-TASAKI2020-1848	1	CL-TASAKI2020-1828
IT-TASAKI2020-1849	1	CL-TASAKI2020-1829
IT-TASAKI2020-1850	1	CL-TASAKI2020-1830
IT-TASAKI2020-1851	1	CL-TASAKI2020-1831
IT-TASAKI2020-1852	1	CL-TASAKI2020-1832
IT-TASAKI2020-1853	1	CL-TASAKI2020-1833
IT-TASAKI2020-1854	1	CL-TASAKI2020-3144
IT-TASAKI2020-1855	1	CL-TASAKI2020-3145
IT-TASAKI2020-1856	1	CL-TASAKI2020-3146
IT-TASAKI2020-1857	1	CL-TASAKI2020-1835
IT-TASAKI2020-1858	1	CL-TASAKI2020-1836
IT-TASAKI2020-1859	1	CL-TASAKI2020-1837
IT-TASAKI2020-1860	1	CL-TASAKI2020-1838
IT-TASAKI2020-1861	1	CL-TASAKI2020-1839
IT-TASAKI2020-1862	1	CL-TASAKI2020-1840
IT-TASAKI2020-1863	1	CL-TASAKI2020-1841
IT-TASAKI2020-1864	1	CL-TASAKI2020-3310
IT-TASAKI2020-1865	1	CL-TASAKI2020-1844
IT-TASAKI2020-1866	1	CL-TASAKI2020-1845
IT-TASAKI2020-1867	1	CL-TASAKI2020-1846
IT-TASAKI2020-1868	1	CL-TASAKI2020-1847
IT-TASAKI2020-1869	1	CL-TASAKI2020-1848
IT-TASAKI2020-1870	1	CL-TASAKI2020-1849
IT-TASAKI2020-1871	1	CL-TASAKI2020-1850
IT-TASAKI2020-1872	1	CL-TASAKI2020-1851
IT-TASAKI2020-1873	1	CL-TASAKI2020-1852
IT-TASAKI2020-1874	1	CL-TASAKI2020-1853
IT-TASAKI2020-1875	1	CL-TASAKI2020-3311
IT-TASAKI2020-1875	2	CL-TASAKI2020-3312
IT-TASAKI2020-1876	1	CL-TASAKI2020-1855
IT-TASAKI2020-1877	1	CL-TASAKI2020-1856
IT-TASAKI2020-1878	1	CL-TASAKI2020-1857
IT-TASAKI2020-1879	1	CL-TASAKI2020-1858
IT-TASAKI2020-1880	1	CL-TASAKI2020-1859
IT-TASAKI2020-1881	1	CL-TASAKI2020-1860
IT-TASAKI2020-1882	1	CL-TASAKI2020-1861
IT-TASAKI2020-1883	1	CL-TASAKI2020-1862
IT-TASAKI2020-1884	1	CL-TASAKI2020-1863
IT-TASAKI2020-1885	1	CL-TASAKI2020-1864
IT-TASAKI2020-1886	1	CL-TASAKI2020-1865
IT-TASAKI2020-1887	1	CL-TASAKI2020-1866
IT-TASAKI2020-1888	1	CL-TASAKI2020-1867
IT-TASAKI2020-1889	1	CL-TASAKI2020-1868
IT-TASAKI2020-1890	1	CL-TASAKI2020-1869
IT-TASAKI2020-1891	1	CL-TASAKI2020-1871
IT-TASAKI2020-1892	1	CL-TASAKI2020-1872
IT-TASAKI2020-1893	1	CL-TASAKI2020-1873
IT-TASAKI2020-1894	1	CL-TASAKI2020-3147
IT-TASAKI2020-1895	1	CL-TASAKI2020-3358
IT-TASAKI2020-1896	1	CL-TASAKI2020-3359
IT-TASAKI2020-1897	1	CL-TASAKI2020-3148
IT-TASAKI2020-1898	1	CL-TASAKI2020-3150
IT-TASAKI2020-1899	1	CL-TASAKI2020-3151
IT-TASAKI2020-1900	1	CL-TASAKI2020-1875
IT-TASAKI2020-1901	1	CL-TASAKI2020-1876
IT-TASAKI2020-1902	1	CL-TASAKI2020-1877
IT-TASAKI2020-1903	1	CL-TASAKI2020-1878
IT-TASAKI2020-1904	1	CL-TASAKI2020-1879
IT-TASAKI2020-1905	1	CL-TASAKI2020-1880
IT-TASAKI2020-1906	1	CL-TASAKI2020-1881
IT-TASAKI2020-1907	1	CL-TASAKI2020-1882
IT-TASAKI2020-1908	1	CL-TASAKI2020-1883
IT-TASAKI2020-1909	1	CL-TASAKI2020-1884
IT-TASAKI2020-1910	1	CL-TASAKI2020-1885
IT-TASAKI2020-1911	1	CL-TASAKI2020-1886
IT-TASAKI2020-1912	1	CL-TASAKI2020-1887
IT-TASAKI2020-1913	1	CL-TASAKI2020-1888
IT-TASAKI2020-1914	1	CL-TASAKI2020-1889
IT-TASAKI2020-1915	1	CL-TASAKI2020-1890
IT-TASAKI2020-1916	1	CL-TASAKI2020-1891
IT-TASAKI2020-1917	1	CL-TASAKI2020-1892
IT-TASAKI2020-1918	1	CL-TASAKI2020-1893
IT-TASAKI2020-1919	1	CL-TASAKI2020-1894
IT-TASAKI2020-1920	1	CL-TASAKI2020-1895
IT-TASAKI2020-1921	1	CL-TASAKI2020-1896
IT-TASAKI2020-1922	1	CL-TASAKI2020-1897
IT-TASAKI2020-1923	1	CL-TASAKI2020-1898
IT-TASAKI2020-1924	1	CL-TASAKI2020-1899
IT-TASAKI2020-1925	1	CL-TASAKI2020-1900
IT-TASAKI2020-1926	1	CL-TASAKI2020-1902
IT-TASAKI2020-1927	1	CL-TASAKI2020-3313
IT-TASAKI2020-1927	2	CL-TASAKI2020-3314
IT-TASAKI2020-1927	3	CL-TASAKI2020-3315
IT-TASAKI2020-1927	4	CL-TASAKI2020-3316
IT-TASAKI2020-1928	1	CL-TASAKI2020-1905
IT-TASAKI2020-1929	1	CL-TASAKI2020-1906
IT-TASAKI2020-1930	1	CL-TASAKI2020-1907
IT-TASAKI2020-1931	1	CL-TASAKI2020-1908
IT-TASAKI2020-1932	1	CL-TASAKI2020-1909
IT-TASAKI2020-1933	1	CL-TASAKI2020-1910
IT-TASAKI2020-1934	1	CL-TASAKI2020-1911
IT-TASAKI2020-1935	1	CL-TASAKI2020-1912
IT-TASAKI2020-1936	1	CL-TASAKI2020-3152
IT-TASAKI2020-1936	2	CL-TASAKI2020-3153
IT-TASAKI2020-1937	1	CL-TASAKI2020-3360
IT-TASAKI2020-1937	2	CL-TASAKI2020-3361
IT-TASAKI2020-1938	1	CL-TASAKI2020-3154
IT-TASAKI2020-1939	1	CL-TASAKI2020-1914
IT-TASAKI2020-1940	1	CL-TASAKI2020-1915
IT-TASAKI2020-1941	1	CL-TASAKI2020-1916
IT-TASAKI2020-1942	1	CL-TASAKI2020-1917
IT-TASAKI2020-1943	1	CL-TASAKI2020-3317
IT-TASAKI2020-1943	2	CL-TASAKI2020-3318
IT-TASAKI2020-1944	1	CL-TASAKI2020-1919
IT-TASAKI2020-1945	1	CL-TASAKI2020-1920
IT-TASAKI2020-1946	1	CL-TASAKI2020-1921
IT-TASAKI2020-1947	1	CL-TASAKI2020-1922
IT-TASAKI2020-1948	1	CL-TASAKI2020-1923
IT-TASAKI2020-1949	1	CL-TASAKI2020-1924
IT-TASAKI2020-1950	1	CL-TASAKI2020-1925
IT-TASAKI2020-1951	1	CL-TASAKI2020-1928
IT-TASAKI2020-1952	1	CL-TASAKI2020-1929
IT-TASAKI2020-1953	1	CL-TASAKI2020-1930
IT-TASAKI2020-1954	1	CL-TASAKI2020-1931
IT-TASAKI2020-1955	1	CL-TASAKI2020-1932
IT-TASAKI2020-1956	1	CL-TASAKI2020-1933
IT-TASAKI2020-1957	1	CL-TASAKI2020-1934
IT-TASAKI2020-1958	1	CL-TASAKI2020-1935
IT-TASAKI2020-1959	1	CL-TASAKI2020-1936
IT-TASAKI2020-1960	1	CL-TASAKI2020-1937
IT-TASAKI2020-1961	1	CL-TASAKI2020-1938
IT-TASAKI2020-1962	1	CL-TASAKI2020-1939
IT-TASAKI2020-1963	1	CL-TASAKI2020-1940
IT-TASAKI2020-1964	1	CL-TASAKI2020-1941
IT-TASAKI2020-1965	1	CL-TASAKI2020-1942
IT-TASAKI2020-1966	1	CL-TASAKI2020-1943
IT-TASAKI2020-1967	1	CL-TASAKI2020-1944
IT-TASAKI2020-1968	1	CL-TASAKI2020-1945
IT-TASAKI2020-1969	1	CL-TASAKI2020-1946
IT-TASAKI2020-1970	1	CL-TASAKI2020-1947
IT-TASAKI2020-1971	1	CL-TASAKI2020-1948
IT-TASAKI2020-1972	1	CL-TASAKI2020-1949
IT-TASAKI2020-1973	1	CL-TASAKI2020-1950
IT-TASAKI2020-1974	1	CL-TASAKI2020-1951
IT-TASAKI2020-1975	1	CL-TASAKI2020-1952
IT-TASAKI2020-1976	1	CL-TASAKI2020-1953
IT-TASAKI2020-1977	1	CL-TASAKI2020-1954
IT-TASAKI2020-1978	1	CL-TASAKI2020-1956
IT-TASAKI2020-1979	1	CL-TASAKI2020-1957
IT-TASAKI2020-1980	1	CL-TASAKI2020-1958
IT-TASAKI2020-1981	1	CL-TASAKI2020-1959
IT-TASAKI2020-1982	1	CL-TASAKI2020-1960
IT-TASAKI2020-1983	1	CL-TASAKI2020-1962
IT-TASAKI2020-1984	1	CL-TASAKI2020-1963
IT-TASAKI2020-1985	1	CL-TASAKI2020-1964
IT-TASAKI2020-1986	1	CL-TASAKI2020-1965
IT-TASAKI2020-1987	1	CL-TASAKI2020-1966
IT-TASAKI2020-1988	1	CL-TASAKI2020-1967
IT-TASAKI2020-1989	1	CL-TASAKI2020-1968
IT-TASAKI2020-1990	1	CL-TASAKI2020-1969
IT-TASAKI2020-1991	1	CL-TASAKI2020-1970
IT-TASAKI2020-1992	1	CL-TASAKI2020-1971
IT-TASAKI2020-1993	1	CL-TASAKI2020-1972
IT-TASAKI2020-1994	1	CL-TASAKI2020-1973
IT-TASAKI2020-1995	1	CL-TASAKI2020-1974
IT-TASAKI2020-1996	1	CL-TASAKI2020-1975
IT-TASAKI2020-1997	1	CL-TASAKI2020-1976
IT-TASAKI2020-1998	1	CL-TASAKI2020-1977
IT-TASAKI2020-1999	1	CL-TASAKI2020-1978
IT-TASAKI2020-2000	1	CL-TASAKI2020-1979
IT-TASAKI2020-2001	1	CL-TASAKI2020-1980
IT-TASAKI2020-2002	1	CL-TASAKI2020-1981
IT-TASAKI2020-2003	1	CL-TASAKI2020-1982
IT-TASAKI2020-2004	1	CL-TASAKI2020-1983
IT-TASAKI2020-2005	1	CL-TASAKI2020-1984
IT-TASAKI2020-2006	1	CL-TASAKI2020-1985
IT-TASAKI2020-2007	1	CL-TASAKI2020-1986
IT-TASAKI2020-2008	1	CL-TASAKI2020-1987
IT-TASAKI2020-2009	1	CL-TASAKI2020-1988
IT-TASAKI2020-2010	1	CL-TASAKI2020-1989
IT-TASAKI2020-2011	1	CL-TASAKI2020-1990
IT-TASAKI2020-2012	1	CL-TASAKI2020-1991
IT-TASAKI2020-2013	1	CL-TASAKI2020-1992
IT-TASAKI2020-2014	1	CL-TASAKI2020-1993
IT-TASAKI2020-2015	1	CL-TASAKI2020-1994
IT-TASAKI2020-2016	1	CL-TASAKI2020-1995
IT-TASAKI2020-2017	1	CL-TASAKI2020-1996
IT-TASAKI2020-2018	1	CL-TASAKI2020-1997
IT-TASAKI2020-2019	1	CL-TASAKI2020-1998
IT-TASAKI2020-2020	1	CL-TASAKI2020-1999
IT-TASAKI2020-2021	1	CL-TASAKI2020-2000
IT-TASAKI2020-2022	1	CL-TASAKI2020-2001
IT-TASAKI2020-2023	1	CL-TASAKI2020-2002
IT-TASAKI2020-2024	1	CL-TASAKI2020-2003
IT-TASAKI2020-2025	1	CL-TASAKI2020-2004
IT-TASAKI2020-2026	1	CL-TASAKI2020-3319
IT-TASAKI2020-2026	2	CL-TASAKI2020-3320
IT-TASAKI2020-2027	1	CL-TASAKI2020-2006
IT-TASAKI2020-2028	1	CL-TASAKI2020-2007
IT-TASAKI2020-2029	1	CL-TASAKI2020-2008
IT-TASAKI2020-2030	1	CL-TASAKI2020-2009
IT-TASAKI2020-2031	1	CL-TASAKI2020-2010
IT-TASAKI2020-2032	1	CL-TASAKI2020-2011
IT-TASAKI2020-2033	1	CL-TASAKI2020-2012
IT-TASAKI2020-2034	1	CL-TASAKI2020-2013
IT-TASAKI2020-2035	1	CL-TASAKI2020-2014
IT-TASAKI2020-2036	1	CL-TASAKI2020-2016
IT-TASAKI2020-2037	1	CL-TASAKI2020-3155
IT-TASAKI2020-2038	1	CL-TASAKI2020-3156
IT-TASAKI2020-2039	1	CL-TASAKI2020-2018
IT-TASAKI2020-2040	1	CL-TASAKI2020-2019
IT-TASAKI2020-2041	1	CL-TASAKI2020-2020
IT-TASAKI2020-2042	1	CL-TASAKI2020-2021
IT-TASAKI2020-2043	1	CL-TASAKI2020-2022
IT-TASAKI2020-2044	1	CL-TASAKI2020-2023
IT-TASAKI2020-2045	1	CL-TASAKI2020-2024
IT-TASAKI2020-2046	1	CL-TASAKI2020-2025
IT-TASAKI2020-2047	1	CL-TASAKI2020-2026
IT-TASAKI2020-2048	1	CL-TASAKI2020-2027
IT-TASAKI2020-2049	1	CL-TASAKI2020-2028
IT-TASAKI2020-2050	1	CL-TASAKI2020-2029
IT-TASAKI2020-2051	1	CL-TASAKI2020-3321
IT-TASAKI2020-2052	1	CL-TASAKI2020-2031
IT-TASAKI2020-2053	1	CL-TASAKI2020-2032
IT-TASAKI2020-2054	1	CL-TASAKI2020-2033
IT-TASAKI2020-2055	1	CL-TASAKI2020-2034
IT-TASAKI2020-2056	1	CL-TASAKI2020-2035
IT-TASAKI2020-2057	1	CL-TASAKI2020-2036
IT-TASAKI2020-2058	1	CL-TASAKI2020-2037
IT-TASAKI2020-2059	1	CL-TASAKI2020-2038
IT-TASAKI2020-2060	1	CL-TASAKI2020-2039
IT-TASAKI2020-2061	1	CL-TASAKI2020-2040
IT-TASAKI2020-2062	1	CL-TASAKI2020-2041
IT-TASAKI2020-2063	1	CL-TASAKI2020-2042
IT-TASAKI2020-2064	1	CL-TASAKI2020-2043
IT-TASAKI2020-2065	1	CL-TASAKI2020-2044
IT-TASAKI2020-2066	1	CL-TASAKI2020-2045
IT-TASAKI2020-2067	1	CL-TASAKI2020-2046
IT-TASAKI2020-2068	1	CL-TASAKI2020-2047
IT-TASAKI2020-2069	1	CL-TASAKI2020-2048
IT-TASAKI2020-2070	1	CL-TASAKI2020-2049
IT-TASAKI2020-2071	1	CL-TASAKI2020-2050
IT-TASAKI2020-2072	1	CL-TASAKI2020-2051
IT-TASAKI2020-2073	1	CL-TASAKI2020-2052
IT-TASAKI2020-2074	1	CL-TASAKI2020-2053
IT-TASAKI2020-2075	1	CL-TASAKI2020-2054
IT-TASAKI2020-2076	1	CL-TASAKI2020-2055
IT-TASAKI2020-2077	1	CL-TASAKI2020-2056
IT-TASAKI2020-2078	1	CL-TASAKI2020-2057
IT-TASAKI2020-2079	1	CL-TASAKI2020-3322
IT-TASAKI2020-2079	2	CL-TASAKI2020-3323
IT-TASAKI2020-2080	1	CL-TASAKI2020-2060
IT-TASAKI2020-2081	1	CL-TASAKI2020-2061
IT-TASAKI2020-2082	1	CL-TASAKI2020-2062
IT-TASAKI2020-2083	1	CL-TASAKI2020-2063
IT-TASAKI2020-2084	1	CL-TASAKI2020-3257
IT-TASAKI2020-2084	2	CL-TASAKI2020-3387
IT-TASAKI2020-2084	3	CL-TASAKI2020-3258
IT-TASAKI2020-2084	4	CL-TASAKI2020-3388
IT-TASAKI2020-2084	5	CL-TASAKI2020-3389
IT-TASAKI2020-2085	1	CL-TASAKI2020-2064
IT-TASAKI2020-2086	1	CL-TASAKI2020-2065
IT-TASAKI2020-2087	1	CL-TASAKI2020-2066
IT-TASAKI2020-2088	1	CL-TASAKI2020-2067
IT-TASAKI2020-2089	1	CL-TASAKI2020-2068
IT-TASAKI2020-2090	1	CL-TASAKI2020-2069
IT-TASAKI2020-2091	1	CL-TASAKI2020-2071
IT-TASAKI2020-2092	1	CL-TASAKI2020-2072
IT-TASAKI2020-2093	1	CL-TASAKI2020-2073
IT-TASAKI2020-2094	1	CL-TASAKI2020-2074
IT-TASAKI2020-2095	1	CL-TASAKI2020-2075
IT-TASAKI2020-2096	1	CL-TASAKI2020-2076
IT-TASAKI2020-2097	1	CL-TASAKI2020-2077
IT-TASAKI2020-2098	1	CL-TASAKI2020-2078
IT-TASAKI2020-2099	1	CL-TASAKI2020-2079
IT-TASAKI2020-2100	1	CL-TASAKI2020-2080
IT-TASAKI2020-2101	1	CL-TASAKI2020-2082
IT-TASAKI2020-2102	1	CL-TASAKI2020-2083
IT-TASAKI2020-2103	1	CL-TASAKI2020-2084
IT-TASAKI2020-2104	1	CL-TASAKI2020-2085
IT-TASAKI2020-2105	1	CL-TASAKI2020-2086
IT-TASAKI2020-2106	1	CL-TASAKI2020-2087
IT-TASAKI2020-2107	1	CL-TASAKI2020-2088
IT-TASAKI2020-2108	1	CL-TASAKI2020-2089
IT-TASAKI2020-2109	1	CL-TASAKI2020-2090
IT-TASAKI2020-2110	1	CL-TASAKI2020-2091
IT-TASAKI2020-2110	2	CL-TASAKI2020-2092
IT-TASAKI2020-2111	1	CL-TASAKI2020-2093
IT-TASAKI2020-2112	1	CL-TASAKI2020-2094
IT-TASAKI2020-2113	1	CL-TASAKI2020-2095
IT-TASAKI2020-2114	1	CL-TASAKI2020-2096
IT-TASAKI2020-2115	1	CL-TASAKI2020-2097
IT-TASAKI2020-2116	1	CL-TASAKI2020-2098
IT-TASAKI2020-2117	1	CL-TASAKI2020-2099
IT-TASAKI2020-2118	1	CL-TASAKI2020-2100
IT-TASAKI2020-2119	1	CL-TASAKI2020-2101
IT-TASAKI2020-2120	1	CL-TASAKI2020-2102
IT-TASAKI2020-2121	1	CL-TASAKI2020-2104
IT-TASAKI2020-2122	1	CL-TASAKI2020-2105
IT-TASAKI2020-2123	1	CL-TASAKI2020-2106
IT-TASAKI2020-2124	1	CL-TASAKI2020-2107
IT-TASAKI2020-2124	2	CL-TASAKI2020-3446
IT-TASAKI2020-2125	1	CL-TASAKI2020-2108
IT-TASAKI2020-2126	1	CL-TASAKI2020-2109
IT-TASAKI2020-2127	1	CL-TASAKI2020-2110
IT-TASAKI2020-2128	1	CL-TASAKI2020-2111
IT-TASAKI2020-2129	1	CL-TASAKI2020-2112
IT-TASAKI2020-2130	1	CL-TASAKI2020-2113
IT-TASAKI2020-2131	1	CL-TASAKI2020-2114
IT-TASAKI2020-2132	1	CL-TASAKI2020-2115
IT-TASAKI2020-2133	1	CL-TASAKI2020-2116
IT-TASAKI2020-2134	1	CL-TASAKI2020-2117
IT-TASAKI2020-2135	1	CL-TASAKI2020-2118
IT-TASAKI2020-2136	1	CL-TASAKI2020-2119
IT-TASAKI2020-2137	1	CL-TASAKI2020-2120
IT-TASAKI2020-2138	1	CL-TASAKI2020-2121
IT-TASAKI2020-2139	1	CL-TASAKI2020-2122
IT-TASAKI2020-2140	1	CL-TASAKI2020-2123
IT-TASAKI2020-2141	1	CL-TASAKI2020-2124
IT-TASAKI2020-2142	1	CL-TASAKI2020-2125
IT-TASAKI2020-2143	1	CL-TASAKI2020-2126
IT-TASAKI2020-2144	1	CL-TASAKI2020-2127
IT-TASAKI2020-2145	1	CL-TASAKI2020-2128
IT-TASAKI2020-2146	1	CL-TASAKI2020-2129
IT-TASAKI2020-2147	1	CL-TASAKI2020-2130
IT-TASAKI2020-2148	1	CL-TASAKI2020-2131
IT-TASAKI2020-2149	1	CL-TASAKI2020-2132
IT-TASAKI2020-2150	1	CL-TASAKI2020-2133
IT-TASAKI2020-2151	1	CL-TASAKI2020-2134
IT-TASAKI2020-2152	1	CL-TASAKI2020-2135
IT-TASAKI2020-2153	1	CL-TASAKI2020-3271
IT-TASAKI2020-2154	1	CL-TASAKI2020-3272
IT-TASAKI2020-2155	1	CL-TASAKI2020-2137
IT-TASAKI2020-2156	1	CL-TASAKI2020-2138
IT-TASAKI2020-2157	1	CL-TASAKI2020-2139
IT-TASAKI2020-2158	1	CL-TASAKI2020-2140
IT-TASAKI2020-2159	1	CL-TASAKI2020-2141
IT-TASAKI2020-2160	1	CL-TASAKI2020-2142
IT-TASAKI2020-2161	1	CL-TASAKI2020-2143
IT-TASAKI2020-2162	1	CL-TASAKI2020-2144
IT-TASAKI2020-2163	1	CL-TASAKI2020-2145
IT-TASAKI2020-2164	1	CL-TASAKI2020-2146
IT-TASAKI2020-2165	1	CL-TASAKI2020-2147
IT-TASAKI2020-2166	1	CL-TASAKI2020-2148
IT-TASAKI2020-2167	1	CL-TASAKI2020-2149
IT-TASAKI2020-2168	1	CL-TASAKI2020-2150
IT-TASAKI2020-2169	1	CL-TASAKI2020-2151
IT-TASAKI2020-2170	1	CL-TASAKI2020-2152
IT-TASAKI2020-2171	1	CL-TASAKI2020-2153
IT-TASAKI2020-2172	1	CL-TASAKI2020-2154
IT-TASAKI2020-2173	1	CL-TASAKI2020-2155
IT-TASAKI2020-2174	1	CL-TASAKI2020-2156
IT-TASAKI2020-2175	1	CL-TASAKI2020-2158
IT-TASAKI2020-2176	1	CL-TASAKI2020-3273
IT-TASAKI2020-2177	1	CL-TASAKI2020-3274
IT-TASAKI2020-2178	1	CL-TASAKI2020-2160
IT-TASAKI2020-2179	1	CL-TASAKI2020-2161
IT-TASAKI2020-2180	1	CL-TASAKI2020-3157
IT-TASAKI2020-2180	2	CL-TASAKI2020-3158
IT-TASAKI2020-2181	1	CL-TASAKI2020-3362
IT-TASAKI2020-2181	2	CL-TASAKI2020-3363
IT-TASAKI2020-2182	1	CL-TASAKI2020-3159
IT-TASAKI2020-2183	1	CL-TASAKI2020-2163
IT-TASAKI2020-2184	1	CL-TASAKI2020-3275
IT-TASAKI2020-2185	1	CL-TASAKI2020-3276
IT-TASAKI2020-2186	1	CL-TASAKI2020-2165
IT-TASAKI2020-2187	1	CL-TASAKI2020-2166
IT-TASAKI2020-2188	1	CL-TASAKI2020-2167
IT-TASAKI2020-2189	1	CL-TASAKI2020-2168
IT-TASAKI2020-2190	1	CL-TASAKI2020-2169
IT-TASAKI2020-2191	1	CL-TASAKI2020-2170
IT-TASAKI2020-2192	1	CL-TASAKI2020-2171
IT-TASAKI2020-2192	2	CL-TASAKI2020-2172
IT-TASAKI2020-2193	1	CL-TASAKI2020-2173
IT-TASAKI2020-2194	1	CL-TASAKI2020-2174
IT-TASAKI2020-2195	1	CL-TASAKI2020-2175
IT-TASAKI2020-2196	1	CL-TASAKI2020-2176
IT-TASAKI2020-2197	1	CL-TASAKI2020-2177
IT-TASAKI2020-2198	1	CL-TASAKI2020-2178
IT-TASAKI2020-2199	1	CL-TASAKI2020-2179
IT-TASAKI2020-2200	1	CL-TASAKI2020-2180
IT-TASAKI2020-2201	1	CL-TASAKI2020-2181
IT-TASAKI2020-2202	1	CL-TASAKI2020-2182
IT-TASAKI2020-2203	1	CL-TASAKI2020-2183
IT-TASAKI2020-2204	1	CL-TASAKI2020-2184
IT-TASAKI2020-2205	1	CL-TASAKI2020-2185
IT-TASAKI2020-2206	1	CL-TASAKI2020-2186
IT-TASAKI2020-2207	1	CL-TASAKI2020-2187
IT-TASAKI2020-2208	1	CL-TASAKI2020-2188
IT-TASAKI2020-2209	1	CL-TASAKI2020-2189
IT-TASAKI2020-2210	1	CL-TASAKI2020-2190
IT-TASAKI2020-2211	1	CL-TASAKI2020-2191
IT-TASAKI2020-2212	1	CL-TASAKI2020-2192
IT-TASAKI2020-2213	1	CL-TASAKI2020-2193
IT-TASAKI2020-2214	1	CL-TASAKI2020-2194
IT-TASAKI2020-2215	1	CL-TASAKI2020-2195
IT-TASAKI2020-2216	1	CL-TASAKI2020-2196
IT-TASAKI2020-2217	1	CL-TASAKI2020-2197
IT-TASAKI2020-2218	1	CL-TASAKI2020-2198
IT-TASAKI2020-2219	1	CL-TASAKI2020-2199
IT-TASAKI2020-2220	1	CL-TASAKI2020-2200
IT-TASAKI2020-2221	1	CL-TASAKI2020-2201
IT-TASAKI2020-2222	1	CL-TASAKI2020-2202
IT-TASAKI2020-2223	1	CL-TASAKI2020-2204
IT-TASAKI2020-2224	1	CL-TASAKI2020-2205
IT-TASAKI2020-2225	1	CL-TASAKI2020-2206
IT-TASAKI2020-2226	1	CL-TASAKI2020-2207
IT-TASAKI2020-2227	1	CL-TASAKI2020-2208
IT-TASAKI2020-2228	1	CL-TASAKI2020-3324
IT-TASAKI2020-2228	2	CL-TASAKI2020-3394
IT-TASAKI2020-2228	3	CL-TASAKI2020-3395
IT-TASAKI2020-2228	4	CL-TASAKI2020-3325
IT-TASAKI2020-2229	1	CL-TASAKI2020-2210
IT-TASAKI2020-2230	1	CL-TASAKI2020-2211
IT-TASAKI2020-2231	1	CL-TASAKI2020-3277
IT-TASAKI2020-2232	1	CL-TASAKI2020-3391
IT-TASAKI2020-2233	1	CL-TASAKI2020-3278
IT-TASAKI2020-2234	1	CL-TASAKI2020-2213
IT-TASAKI2020-2235	1	CL-TASAKI2020-2214
IT-TASAKI2020-2236	1	CL-TASAKI2020-2215
IT-TASAKI2020-2237	1	CL-TASAKI2020-2216
IT-TASAKI2020-2238	1	CL-TASAKI2020-2217
IT-TASAKI2020-2239	1	CL-TASAKI2020-2218
IT-TASAKI2020-2240	1	CL-TASAKI2020-2219
IT-TASAKI2020-2241	1	CL-TASAKI2020-2220
IT-TASAKI2020-2242	1	CL-TASAKI2020-2221
IT-TASAKI2020-2243	1	CL-TASAKI2020-2222
IT-TASAKI2020-2244	1	CL-TASAKI2020-2223
IT-TASAKI2020-2245	1	CL-TASAKI2020-2224
IT-TASAKI2020-2246	1	CL-TASAKI2020-2225
IT-TASAKI2020-2247	1	CL-TASAKI2020-2226
IT-TASAKI2020-2248	1	CL-TASAKI2020-2227
IT-TASAKI2020-2249	1	CL-TASAKI2020-2228
IT-TASAKI2020-2250	1	CL-TASAKI2020-2229
IT-TASAKI2020-2251	1	CL-TASAKI2020-2230
IT-TASAKI2020-2252	1	CL-TASAKI2020-2231
IT-TASAKI2020-2253	1	CL-TASAKI2020-2232
IT-TASAKI2020-2254	1	CL-TASAKI2020-2233
IT-TASAKI2020-2255	1	CL-TASAKI2020-2234
IT-TASAKI2020-2256	1	CL-TASAKI2020-2235
IT-TASAKI2020-2257	1	CL-TASAKI2020-2236
IT-TASAKI2020-2258	1	CL-TASAKI2020-2237
IT-TASAKI2020-2259	1	CL-TASAKI2020-2238
IT-TASAKI2020-2260	1	CL-TASAKI2020-2239
IT-TASAKI2020-2261	1	CL-TASAKI2020-2240
IT-TASAKI2020-2262	1	CL-TASAKI2020-2241
IT-TASAKI2020-2263	1	CL-TASAKI2020-2242
IT-TASAKI2020-2264	1	CL-TASAKI2020-2243
IT-TASAKI2020-2265	1	CL-TASAKI2020-2244
IT-TASAKI2020-2266	1	CL-TASAKI2020-2245
IT-TASAKI2020-2267	1	CL-TASAKI2020-2246
IT-TASAKI2020-2268	1	CL-TASAKI2020-2247
IT-TASAKI2020-2269	1	CL-TASAKI2020-2248
IT-TASAKI2020-2270	1	CL-TASAKI2020-2249
IT-TASAKI2020-2271	1	CL-TASAKI2020-2250
IT-TASAKI2020-2272	1	CL-TASAKI2020-2251
IT-TASAKI2020-2273	1	CL-TASAKI2020-2252
IT-TASAKI2020-2274	1	CL-TASAKI2020-2253
IT-TASAKI2020-2275	1	CL-TASAKI2020-2254
IT-TASAKI2020-2276	1	CL-TASAKI2020-2255
IT-TASAKI2020-2277	1	CL-TASAKI2020-2256
IT-TASAKI2020-2278	1	CL-TASAKI2020-2257
IT-TASAKI2020-2279	1	CL-TASAKI2020-2258
IT-TASAKI2020-2280	1	CL-TASAKI2020-2259
IT-TASAKI2020-2281	1	CL-TASAKI2020-2260
IT-TASAKI2020-2282	1	CL-TASAKI2020-2261
IT-TASAKI2020-2283	1	CL-TASAKI2020-2262
IT-TASAKI2020-2284	1	CL-TASAKI2020-2263
IT-TASAKI2020-2285	1	CL-TASAKI2020-2264
IT-TASAKI2020-2286	1	CL-TASAKI2020-2265
IT-TASAKI2020-2287	1	CL-TASAKI2020-2266
IT-TASAKI2020-2288	1	CL-TASAKI2020-2267
IT-TASAKI2020-2289	1	CL-TASAKI2020-2268
IT-TASAKI2020-2290	1	CL-TASAKI2020-2269
IT-TASAKI2020-2291	1	CL-TASAKI2020-3160
IT-TASAKI2020-2292	1	CL-TASAKI2020-3161
IT-TASAKI2020-2293	1	CL-TASAKI2020-3162
IT-TASAKI2020-2294	1	CL-TASAKI2020-2271
IT-TASAKI2020-2295	1	CL-TASAKI2020-3163
IT-TASAKI2020-2296	1	CL-TASAKI2020-3364
IT-TASAKI2020-2297	1	CL-TASAKI2020-3164
IT-TASAKI2020-2298	1	CL-TASAKI2020-2273
IT-TASAKI2020-2299	1	CL-TASAKI2020-2274
IT-TASAKI2020-2300	1	CL-TASAKI2020-2275
IT-TASAKI2020-2301	1	CL-TASAKI2020-2276
IT-TASAKI2020-2302	1	CL-TASAKI2020-2277
IT-TASAKI2020-2303	1	CL-TASAKI2020-2278
IT-TASAKI2020-2304	1	CL-TASAKI2020-3165
IT-TASAKI2020-2304	2	CL-TASAKI2020-3166
IT-TASAKI2020-2305	1	CL-TASAKI2020-3167
IT-TASAKI2020-2306	1	CL-TASAKI2020-3168
IT-TASAKI2020-2307	1	CL-TASAKI2020-3169
IT-TASAKI2020-2308	1	CL-TASAKI2020-2280
IT-TASAKI2020-2309	1	CL-TASAKI2020-2281
IT-TASAKI2020-2310	1	CL-TASAKI2020-3170
IT-TASAKI2020-2311	1	CL-TASAKI2020-3171
IT-TASAKI2020-2312	1	CL-TASAKI2020-3172
IT-TASAKI2020-2313	1	CL-TASAKI2020-2283
IT-TASAKI2020-2314	1	CL-TASAKI2020-2284
IT-TASAKI2020-2315	1	CL-TASAKI2020-3229
IT-TASAKI2020-2315	2	CL-TASAKI2020-3230
IT-TASAKI2020-2316	1	CL-TASAKI2020-3376
IT-TASAKI2020-2316	2	CL-TASAKI2020-3379
IT-TASAKI2020-2317	1	CL-TASAKI2020-2286
IT-TASAKI2020-2318	1	CL-TASAKI2020-3377
IT-TASAKI2020-2319	1	CL-TASAKI2020-3378
IT-TASAKI2020-2320	1	CL-TASAKI2020-2287
IT-TASAKI2020-2321	1	CL-TASAKI2020-2288
IT-TASAKI2020-2322	1	CL-TASAKI2020-2289
IT-TASAKI2020-2323	1	CL-TASAKI2020-2290
IT-TASAKI2020-2324	1	CL-TASAKI2020-2291
IT-TASAKI2020-2325	1	CL-TASAKI2020-2292
IT-TASAKI2020-2326	1	CL-TASAKI2020-2293
IT-TASAKI2020-2327	1	CL-TASAKI2020-2294
IT-TASAKI2020-2328	1	CL-TASAKI2020-2295
IT-TASAKI2020-2329	1	CL-TASAKI2020-2296
IT-TASAKI2020-2330	1	CL-TASAKI2020-2297
IT-TASAKI2020-2331	1	CL-TASAKI2020-2298
IT-TASAKI2020-2332	1	CL-TASAKI2020-2299
IT-TASAKI2020-2333	1	CL-TASAKI2020-2300
IT-TASAKI2020-2333	2	CL-TASAKI2020-2301
IT-TASAKI2020-2333	3	CL-TASAKI2020-2302
IT-TASAKI2020-2334	1	CL-TASAKI2020-2303
IT-TASAKI2020-2335	1	CL-TASAKI2020-2304
IT-TASAKI2020-2336	1	CL-TASAKI2020-2305
IT-TASAKI2020-2337	1	CL-TASAKI2020-2306
IT-TASAKI2020-2338	1	CL-TASAKI2020-2307
IT-TASAKI2020-2339	1	CL-TASAKI2020-2308
IT-TASAKI2020-2340	1	CL-TASAKI2020-2309
IT-TASAKI2020-2341	1	CL-TASAKI2020-3173
IT-TASAKI2020-2341	2	CL-TASAKI2020-3174
IT-TASAKI2020-2342	1	CL-TASAKI2020-3175
IT-TASAKI2020-2343	1	CL-TASAKI2020-3177
IT-TASAKI2020-2343	2	CL-TASAKI2020-3178
IT-TASAKI2020-2344	1	CL-TASAKI2020-2311
IT-TASAKI2020-2345	1	CL-TASAKI2020-2312
IT-TASAKI2020-2346	1	CL-TASAKI2020-2313
IT-TASAKI2020-2347	1	CL-TASAKI2020-2314
IT-TASAKI2020-2348	1	CL-TASAKI2020-2315
IT-TASAKI2020-2349	1	CL-TASAKI2020-2316
IT-TASAKI2020-2350	1	CL-TASAKI2020-2317
IT-TASAKI2020-2351	1	CL-TASAKI2020-2318
IT-TASAKI2020-2352	1	CL-TASAKI2020-2319
IT-TASAKI2020-2353	1	CL-TASAKI2020-2320
IT-TASAKI2020-2354	1	CL-TASAKI2020-2321
IT-TASAKI2020-2355	1	CL-TASAKI2020-2322
IT-TASAKI2020-2356	1	CL-TASAKI2020-2323
IT-TASAKI2020-2357	1	CL-TASAKI2020-2324
IT-TASAKI2020-2358	1	CL-TASAKI2020-3179
IT-TASAKI2020-2358	2	CL-TASAKI2020-3365
IT-TASAKI2020-2358	3	CL-TASAKI2020-3180
IT-TASAKI2020-2359	1	CL-TASAKI2020-3181
IT-TASAKI2020-2360	1	CL-TASAKI2020-3182
IT-TASAKI2020-2361	1	CL-TASAKI2020-2326
IT-TASAKI2020-2362	1	CL-TASAKI2020-2327
IT-TASAKI2020-2363	1	CL-TASAKI2020-2328
IT-TASAKI2020-2364	1	CL-TASAKI2020-2329
IT-TASAKI2020-2365	1	CL-TASAKI2020-2330
IT-TASAKI2020-2366	1	CL-TASAKI2020-2331
IT-TASAKI2020-2367	1	CL-TASAKI2020-2332
IT-TASAKI2020-2368	1	CL-TASAKI2020-2333
IT-TASAKI2020-2369	1	CL-TASAKI2020-2334
IT-TASAKI2020-2370	1	CL-TASAKI2020-2335
IT-TASAKI2020-2371	1	CL-TASAKI2020-3183
IT-TASAKI2020-2372	1	CL-TASAKI2020-3184
IT-TASAKI2020-2372	2	CL-TASAKI2020-3366
IT-TASAKI2020-2373	1	CL-TASAKI2020-3185
IT-TASAKI2020-2374	1	CL-TASAKI2020-3186
IT-TASAKI2020-2374	2	CL-TASAKI2020-3367
IT-TASAKI2020-2375	1	CL-TASAKI2020-3187
IT-TASAKI2020-2376	1	CL-TASAKI2020-2337
IT-TASAKI2020-2377	1	CL-TASAKI2020-2338
IT-TASAKI2020-2378	1	CL-TASAKI2020-2339
IT-TASAKI2020-2379	1	CL-TASAKI2020-2340
IT-TASAKI2020-2380	1	CL-TASAKI2020-2341
IT-TASAKI2020-2381	1	CL-TASAKI2020-2342
IT-TASAKI2020-2382	1	CL-TASAKI2020-2343
IT-TASAKI2020-2383	1	CL-TASAKI2020-2344
IT-TASAKI2020-2384	1	CL-TASAKI2020-3188
IT-TASAKI2020-2385	1	CL-TASAKI2020-3368
IT-TASAKI2020-2386	1	CL-TASAKI2020-3369
IT-TASAKI2020-2387	1	CL-TASAKI2020-3189
IT-TASAKI2020-2388	1	CL-TASAKI2020-3190
IT-TASAKI2020-2389	1	CL-TASAKI2020-3191
IT-TASAKI2020-2390	1	CL-TASAKI2020-2346
IT-TASAKI2020-2391	1	CL-TASAKI2020-2347
IT-TASAKI2020-2392	1	CL-TASAKI2020-2348
IT-TASAKI2020-2393	1	CL-TASAKI2020-2349
IT-TASAKI2020-2394	1	CL-TASAKI2020-2350
IT-TASAKI2020-2395	1	CL-TASAKI2020-2351
IT-TASAKI2020-2396	1	CL-TASAKI2020-2352
IT-TASAKI2020-2397	1	CL-TASAKI2020-2353
IT-TASAKI2020-2398	1	CL-TASAKI2020-2354
IT-TASAKI2020-2399	1	CL-TASAKI2020-2356
IT-TASAKI2020-2400	1	CL-TASAKI2020-2357
IT-TASAKI2020-2401	1	CL-TASAKI2020-2358
IT-TASAKI2020-2402	1	CL-TASAKI2020-2359
IT-TASAKI2020-2403	1	CL-TASAKI2020-2360
IT-TASAKI2020-2404	1	CL-TASAKI2020-2361
IT-TASAKI2020-2405	1	CL-TASAKI2020-2362
IT-TASAKI2020-2406	1	CL-TASAKI2020-2363
IT-TASAKI2020-2407	1	CL-TASAKI2020-2364
IT-TASAKI2020-2408	1	CL-TASAKI2020-2365
IT-TASAKI2020-2409	1	CL-TASAKI2020-2366
IT-TASAKI2020-2410	1	CL-TASAKI2020-3192
IT-TASAKI2020-2411	1	CL-TASAKI2020-3193
IT-TASAKI2020-2412	1	CL-TASAKI2020-3194
IT-TASAKI2020-2413	1	CL-TASAKI2020-2368
IT-TASAKI2020-2414	1	CL-TASAKI2020-2369
IT-TASAKI2020-2415	1	CL-TASAKI2020-2370
IT-TASAKI2020-2416	1	CL-TASAKI2020-2371
IT-TASAKI2020-2417	1	CL-TASAKI2020-2372
IT-TASAKI2020-2418	1	CL-TASAKI2020-2373
IT-TASAKI2020-2419	1	CL-TASAKI2020-2374
IT-TASAKI2020-2420	1	CL-TASAKI2020-2375
IT-TASAKI2020-2421	1	CL-TASAKI2020-2376
IT-TASAKI2020-2422	1	CL-TASAKI2020-2377
IT-TASAKI2020-2423	1	CL-TASAKI2020-2378
IT-TASAKI2020-2424	1	CL-TASAKI2020-2379
IT-TASAKI2020-2425	1	CL-TASAKI2020-3195
IT-TASAKI2020-2426	1	CL-TASAKI2020-3196
IT-TASAKI2020-2427	1	CL-TASAKI2020-2381
IT-TASAKI2020-2428	1	CL-TASAKI2020-2382
IT-TASAKI2020-2429	1	CL-TASAKI2020-3231
IT-TASAKI2020-2429	2	CL-TASAKI2020-3232
IT-TASAKI2020-2429	3	CL-TASAKI2020-3380
IT-TASAKI2020-2429	4	CL-TASAKI2020-3381
IT-TASAKI2020-2429	5	CL-TASAKI2020-3382
IT-TASAKI2020-2429	6	CL-TASAKI2020-3233
IT-TASAKI2020-2429	7	CL-TASAKI2020-3383
IT-TASAKI2020-2430	1	CL-TASAKI2020-3197
IT-TASAKI2020-2430	2	CL-TASAKI2020-3198
IT-TASAKI2020-2431	1	CL-TASAKI2020-3199
IT-TASAKI2020-2432	1	CL-TASAKI2020-3200
IT-TASAKI2020-2432	2	CL-TASAKI2020-3201
IT-TASAKI2020-2433	1	CL-TASAKI2020-3202
IT-TASAKI2020-2434	1	CL-TASAKI2020-2385
IT-TASAKI2020-2435	1	CL-TASAKI2020-2386
IT-TASAKI2020-2436	1	CL-TASAKI2020-2387
IT-TASAKI2020-2437	1	CL-TASAKI2020-3203
IT-TASAKI2020-2437	2	CL-TASAKI2020-3370
IT-TASAKI2020-2437	3	CL-TASAKI2020-3371
IT-TASAKI2020-2438	1	CL-TASAKI2020-3204
IT-TASAKI2020-2439	1	CL-TASAKI2020-3234
IT-TASAKI2020-2440	1	CL-TASAKI2020-3235
IT-TASAKI2020-2441	1	CL-TASAKI2020-2390
IT-TASAKI2020-2442	1	CL-TASAKI2020-2391
IT-TASAKI2020-2443	1	CL-TASAKI2020-2392
IT-TASAKI2020-2444	1	CL-TASAKI2020-2393
IT-TASAKI2020-2445	1	CL-TASAKI2020-2394
IT-TASAKI2020-2446	1	CL-TASAKI2020-2395
IT-TASAKI2020-2447	1	CL-TASAKI2020-2396
IT-TASAKI2020-2448	1	CL-TASAKI2020-2397
IT-TASAKI2020-2449	1	CL-TASAKI2020-2398
IT-TASAKI2020-2450	1	CL-TASAKI2020-2399
IT-TASAKI2020-2451	1	CL-TASAKI2020-2400
IT-TASAKI2020-2452	1	CL-TASAKI2020-2401
IT-TASAKI2020-2453	1	CL-TASAKI2020-2402
IT-TASAKI2020-2454	1	CL-TASAKI2020-2403
IT-TASAKI2020-2455	1	CL-TASAKI2020-2404
IT-TASAKI2020-2456	1	CL-TASAKI2020-3279
IT-TASAKI2020-2457	1	CL-TASAKI2020-3280
IT-TASAKI2020-2458	1	CL-TASAKI2020-2406
IT-TASAKI2020-2459	1	CL-TASAKI2020-2407
IT-TASAKI2020-2460	1	CL-TASAKI2020-2408
IT-TASAKI2020-2461	1	CL-TASAKI2020-2409
IT-TASAKI2020-2461	2	CL-TASAKI2020-3447
IT-TASAKI2020-2462	1	CL-TASAKI2020-2410
IT-TASAKI2020-2463	1	CL-TASAKI2020-2411
IT-TASAKI2020-2464	1	CL-TASAKI2020-2412
IT-TASAKI2020-2465	1	CL-TASAKI2020-2413
IT-TASAKI2020-2466	1	CL-TASAKI2020-2414
IT-TASAKI2020-2467	1	CL-TASAKI2020-2415
IT-TASAKI2020-2468	1	CL-TASAKI2020-2416
IT-TASAKI2020-2469	1	CL-TASAKI2020-2417
IT-TASAKI2020-2470	1	CL-TASAKI2020-2418
IT-TASAKI2020-2471	1	CL-TASAKI2020-2419
IT-TASAKI2020-2472	1	CL-TASAKI2020-3425
IT-TASAKI2020-2473	1	CL-TASAKI2020-2420
IT-TASAKI2020-2474	1	CL-TASAKI2020-2421
IT-TASAKI2020-2475	1	CL-TASAKI2020-2422
IT-TASAKI2020-2476	1	CL-TASAKI2020-2423
IT-TASAKI2020-2477	1	CL-TASAKI2020-2424
IT-TASAKI2020-2478	1	CL-TASAKI2020-2425
IT-TASAKI2020-2479	1	CL-TASAKI2020-2426
IT-TASAKI2020-2480	1	CL-TASAKI2020-2428
IT-TASAKI2020-2481	1	CL-TASAKI2020-2429
IT-TASAKI2020-2482	1	CL-TASAKI2020-2430
IT-TASAKI2020-2483	1	CL-TASAKI2020-3205
IT-TASAKI2020-2484	1	CL-TASAKI2020-3206
IT-TASAKI2020-2484	2	CL-TASAKI2020-3207
IT-TASAKI2020-2484	3	CL-TASAKI2020-3372
IT-TASAKI2020-2485	1	CL-TASAKI2020-3208
IT-TASAKI2020-2486	1	CL-TASAKI2020-2432
IT-TASAKI2020-2487	1	CL-TASAKI2020-2433
IT-TASAKI2020-2488	1	CL-TASAKI2020-2434
IT-TASAKI2020-2489	1	CL-TASAKI2020-2435
IT-TASAKI2020-2490	1	CL-TASAKI2020-2436
IT-TASAKI2020-2491	1	CL-TASAKI2020-2437
IT-TASAKI2020-2492	1	CL-TASAKI2020-2438
IT-TASAKI2020-2493	1	CL-TASAKI2020-2439
IT-TASAKI2020-2494	1	CL-TASAKI2020-2440
IT-TASAKI2020-2495	1	CL-TASAKI2020-2441
IT-TASAKI2020-2496	1	CL-TASAKI2020-2442
IT-TASAKI2020-2497	1	CL-TASAKI2020-3209
IT-TASAKI2020-2498	1	CL-TASAKI2020-3373
IT-TASAKI2020-2499	1	CL-TASAKI2020-3210
IT-TASAKI2020-2500	1	CL-TASAKI2020-3211
IT-TASAKI2020-2501	1	CL-TASAKI2020-2444
IT-TASAKI2020-2502	1	CL-TASAKI2020-2445
IT-TASAKI2020-2503	1	CL-TASAKI2020-2446
IT-TASAKI2020-2504	1	CL-TASAKI2020-2447
IT-TASAKI2020-2505	1	CL-TASAKI2020-2448
IT-TASAKI2020-2506	1	CL-TASAKI2020-2449
IT-TASAKI2020-2507	1	CL-TASAKI2020-2450
IT-TASAKI2020-2508	1	CL-TASAKI2020-2451
IT-TASAKI2020-2509	1	CL-TASAKI2020-2452
IT-TASAKI2020-2510	1	CL-TASAKI2020-2453
IT-TASAKI2020-2511	1	CL-TASAKI2020-2454
IT-TASAKI2020-2512	1	CL-TASAKI2020-2455
IT-TASAKI2020-2513	1	CL-TASAKI2020-2456
IT-TASAKI2020-2514	1	CL-TASAKI2020-2457
IT-TASAKI2020-2515	1	CL-TASAKI2020-2458
IT-TASAKI2020-2516	1	CL-TASAKI2020-2459
IT-TASAKI2020-2517	1	CL-TASAKI2020-2460
IT-TASAKI2020-2518	1	CL-TASAKI2020-2461
IT-TASAKI2020-2519	1	CL-TASAKI2020-2462
IT-TASAKI2020-2520	1	CL-TASAKI2020-2463
IT-TASAKI2020-2521	1	CL-TASAKI2020-2464
IT-TASAKI2020-2522	1	CL-TASAKI2020-2465
IT-TASAKI2020-2523	1	CL-TASAKI2020-2466
IT-TASAKI2020-2524	1	CL-TASAKI2020-2467
IT-TASAKI2020-2525	1	CL-TASAKI2020-2468
IT-TASAKI2020-2526	1	CL-TASAKI2020-2469
IT-TASAKI2020-2527	1	CL-TASAKI2020-2470
IT-TASAKI2020-2528	1	CL-TASAKI2020-2471
IT-TASAKI2020-2529	1	CL-TASAKI2020-2472
IT-TASAKI2020-2530	1	CL-TASAKI2020-2473
IT-TASAKI2020-2531	1	CL-TASAKI2020-2474
IT-TASAKI2020-2532	1	CL-TASAKI2020-2475
IT-TASAKI2020-2533	1	CL-TASAKI2020-2476
IT-TASAKI2020-2534	1	CL-TASAKI2020-2478
IT-TASAKI2020-2535	1	CL-TASAKI2020-2479
IT-TASAKI2020-2536	1	CL-TASAKI2020-2480
IT-TASAKI2020-2537	1	CL-TASAKI2020-2481
IT-TASAKI2020-2538	1	CL-TASAKI2020-2482
IT-TASAKI2020-2539	1	CL-TASAKI2020-2483
IT-TASAKI2020-2540	1	CL-TASAKI2020-2484
IT-TASAKI2020-2541	1	CL-TASAKI2020-2485
IT-TASAKI2020-2542	1	CL-TASAKI2020-2486
IT-TASAKI2020-2543	1	CL-TASAKI2020-2487
IT-TASAKI2020-2544	1	CL-TASAKI2020-2488
IT-TASAKI2020-2545	1	CL-TASAKI2020-2489
IT-TASAKI2020-2546	1	CL-TASAKI2020-2490
IT-TASAKI2020-2547	1	CL-TASAKI2020-2491
IT-TASAKI2020-2548	1	CL-TASAKI2020-2492
IT-TASAKI2020-2549	1	CL-TASAKI2020-2493
IT-TASAKI2020-2550	1	CL-TASAKI2020-2494
IT-TASAKI2020-2551	1	CL-TASAKI2020-2495
IT-TASAKI2020-2552	1	CL-TASAKI2020-2496
IT-TASAKI2020-2553	1	CL-TASAKI2020-2497
IT-TASAKI2020-2554	1	CL-TASAKI2020-2498
IT-TASAKI2020-2555	1	CL-TASAKI2020-2499
IT-TASAKI2020-2556	1	CL-TASAKI2020-2500
IT-TASAKI2020-2557	1	CL-TASAKI2020-2501
IT-TASAKI2020-2558	1	CL-TASAKI2020-2502
IT-TASAKI2020-2559	1	CL-TASAKI2020-2503
IT-TASAKI2020-2560	1	CL-TASAKI2020-2504
IT-TASAKI2020-2561	1	CL-TASAKI2020-2505
IT-TASAKI2020-2562	1	CL-TASAKI2020-2506
IT-TASAKI2020-2563	1	CL-TASAKI2020-2507
IT-TASAKI2020-2564	1	CL-TASAKI2020-2508
IT-TASAKI2020-2565	1	CL-TASAKI2020-2509
IT-TASAKI2020-2566	1	CL-TASAKI2020-2510
IT-TASAKI2020-2567	1	CL-TASAKI2020-2511
IT-TASAKI2020-2568	1	CL-TASAKI2020-2512
IT-TASAKI2020-2569	1	CL-TASAKI2020-2513
IT-TASAKI2020-2570	1	CL-TASAKI2020-2514
IT-TASAKI2020-2571	1	CL-TASAKI2020-2515
IT-TASAKI2020-2572	1	CL-TASAKI2020-2516
IT-TASAKI2020-2573	1	CL-TASAKI2020-2517
IT-TASAKI2020-2574	1	CL-TASAKI2020-2518
IT-TASAKI2020-2575	1	CL-TASAKI2020-2519
IT-TASAKI2020-2576	1	CL-TASAKI2020-2520
IT-TASAKI2020-2577	1	CL-TASAKI2020-2521
IT-TASAKI2020-2578	1	CL-TASAKI2020-2522
IT-TASAKI2020-2579	1	CL-TASAKI2020-2523
IT-TASAKI2020-2580	1	CL-TASAKI2020-2524
IT-TASAKI2020-2581	1	CL-TASAKI2020-2525
IT-TASAKI2020-2582	1	CL-TASAKI2020-3281
IT-TASAKI2020-2583	1	CL-TASAKI2020-3392
IT-TASAKI2020-2584	1	CL-TASAKI2020-3282
IT-TASAKI2020-2585	1	CL-TASAKI2020-2527
IT-TASAKI2020-2586	1	CL-TASAKI2020-3212
IT-TASAKI2020-2587	1	CL-TASAKI2020-2529
IT-TASAKI2020-2588	1	CL-TASAKI2020-2530
IT-TASAKI2020-2589	1	CL-TASAKI2020-2531
IT-TASAKI2020-2590	1	CL-TASAKI2020-2532
IT-TASAKI2020-2591	1	CL-TASAKI2020-2533
IT-TASAKI2020-2592	1	CL-TASAKI2020-3283
IT-TASAKI2020-2593	1	CL-TASAKI2020-3284
IT-TASAKI2020-2594	1	CL-TASAKI2020-2535
IT-TASAKI2020-2595	1	CL-TASAKI2020-2536
IT-TASAKI2020-2596	1	CL-TASAKI2020-2537
IT-TASAKI2020-2597	1	CL-TASAKI2020-2538
IT-TASAKI2020-2598	1	CL-TASAKI2020-2539
IT-TASAKI2020-2599	1	CL-TASAKI2020-2540
IT-TASAKI2020-2600	1	CL-TASAKI2020-2541
IT-TASAKI2020-2601	1	CL-TASAKI2020-2542
IT-TASAKI2020-2602	1	CL-TASAKI2020-2543
IT-TASAKI2020-2603	1	CL-TASAKI2020-2544
IT-TASAKI2020-2604	1	CL-TASAKI2020-2545
IT-TASAKI2020-2605	1	CL-TASAKI2020-2546
IT-TASAKI2020-2606	1	CL-TASAKI2020-2547
IT-TASAKI2020-2607	1	CL-TASAKI2020-2548
IT-TASAKI2020-2608	1	CL-TASAKI2020-2549
IT-TASAKI2020-2609	1	CL-TASAKI2020-2550
IT-TASAKI2020-2610	1	CL-TASAKI2020-2551
IT-TASAKI2020-2611	1	CL-TASAKI2020-2552
IT-TASAKI2020-2612	1	CL-TASAKI2020-2553
IT-TASAKI2020-2613	1	CL-TASAKI2020-2554
IT-TASAKI2020-2614	1	CL-TASAKI2020-2555
IT-TASAKI2020-2615	1	CL-TASAKI2020-2556
IT-TASAKI2020-2616	1	CL-TASAKI2020-2557
IT-TASAKI2020-2617	1	CL-TASAKI2020-2558
IT-TASAKI2020-2618	1	CL-TASAKI2020-2559
IT-TASAKI2020-2619	1	CL-TASAKI2020-2560
IT-TASAKI2020-2620	1	CL-TASAKI2020-2561
IT-TASAKI2020-2621	1	CL-TASAKI2020-2562
IT-TASAKI2020-2622	1	CL-TASAKI2020-2563
IT-TASAKI2020-2623	1	CL-TASAKI2020-2564
IT-TASAKI2020-2624	1	CL-TASAKI2020-3326
IT-TASAKI2020-2625	1	CL-TASAKI2020-2566
IT-TASAKI2020-2626	1	CL-TASAKI2020-2567
IT-TASAKI2020-2627	1	CL-TASAKI2020-2568
IT-TASAKI2020-2628	1	CL-TASAKI2020-2569
IT-TASAKI2020-2629	1	CL-TASAKI2020-2570
IT-TASAKI2020-2630	1	CL-TASAKI2020-2572
IT-TASAKI2020-2631	1	CL-TASAKI2020-3327
IT-TASAKI2020-2632	1	CL-TASAKI2020-2573
IT-TASAKI2020-2633	1	CL-TASAKI2020-2574
IT-TASAKI2020-2634	1	CL-TASAKI2020-2575
IT-TASAKI2020-2635	1	CL-TASAKI2020-2576
IT-TASAKI2020-2636	1	CL-TASAKI2020-2577
IT-TASAKI2020-2637	1	CL-TASAKI2020-2578
IT-TASAKI2020-2638	1	CL-TASAKI2020-2579
IT-TASAKI2020-2639	1	CL-TASAKI2020-2580
IT-TASAKI2020-2640	1	CL-TASAKI2020-2581
IT-TASAKI2020-2641	1	CL-TASAKI2020-2582
IT-TASAKI2020-2642	1	CL-TASAKI2020-2583
IT-TASAKI2020-2643	1	CL-TASAKI2020-2584
IT-TASAKI2020-2644	1	CL-TASAKI2020-2585
IT-TASAKI2020-2645	1	CL-TASAKI2020-2586
IT-TASAKI2020-2646	1	CL-TASAKI2020-2587
IT-TASAKI2020-2647	1	CL-TASAKI2020-2588
IT-TASAKI2020-2648	1	CL-TASAKI2020-2589
IT-TASAKI2020-2649	1	CL-TASAKI2020-2590
IT-TASAKI2020-2650	1	CL-TASAKI2020-2591
IT-TASAKI2020-2651	1	CL-TASAKI2020-2592
IT-TASAKI2020-2652	1	CL-TASAKI2020-2593
IT-TASAKI2020-2653	1	CL-TASAKI2020-2594
IT-TASAKI2020-2654	1	CL-TASAKI2020-2595
IT-TASAKI2020-2655	1	CL-TASAKI2020-2596
IT-TASAKI2020-2656	1	CL-TASAKI2020-2597
IT-TASAKI2020-2657	1	CL-TASAKI2020-2598
IT-TASAKI2020-2658	1	CL-TASAKI2020-2599
IT-TASAKI2020-2659	1	CL-TASAKI2020-2600
IT-TASAKI2020-2660	1	CL-TASAKI2020-2601
IT-TASAKI2020-2661	1	CL-TASAKI2020-2602
IT-TASAKI2020-2662	1	CL-TASAKI2020-2603
IT-TASAKI2020-2663	1	CL-TASAKI2020-2604
IT-TASAKI2020-2664	1	CL-TASAKI2020-2605
IT-TASAKI2020-2665	1	CL-TASAKI2020-2606
IT-TASAKI2020-2666	1	CL-TASAKI2020-2607
IT-TASAKI2020-2667	1	CL-TASAKI2020-2608
IT-TASAKI2020-2668	1	CL-TASAKI2020-2609
IT-TASAKI2020-2669	1	CL-TASAKI2020-2610
IT-TASAKI2020-2670	1	CL-TASAKI2020-2611
IT-TASAKI2020-2671	1	CL-TASAKI2020-2612
IT-TASAKI2020-2672	1	CL-TASAKI2020-2614
IT-TASAKI2020-2673	1	CL-TASAKI2020-2615
IT-TASAKI2020-2674	1	CL-TASAKI2020-3328
IT-TASAKI2020-2674	2	CL-TASAKI2020-3329
IT-TASAKI2020-2675	1	CL-TASAKI2020-2616
IT-TASAKI2020-2676	1	CL-TASAKI2020-2617
IT-TASAKI2020-2677	1	CL-TASAKI2020-3330
IT-TASAKI2020-2678	1	CL-TASAKI2020-2619
IT-TASAKI2020-2679	1	CL-TASAKI2020-2620
IT-TASAKI2020-2680	1	CL-TASAKI2020-2621
IT-TASAKI2020-2681	1	CL-TASAKI2020-2622
IT-TASAKI2020-2682	1	CL-TASAKI2020-2623
IT-TASAKI2020-2683	1	CL-TASAKI2020-2624
IT-TASAKI2020-2684	1	CL-TASAKI2020-2625
IT-TASAKI2020-2685	1	CL-TASAKI2020-2626
IT-TASAKI2020-2686	1	CL-TASAKI2020-2627
IT-TASAKI2020-2687	1	CL-TASAKI2020-2628
IT-TASAKI2020-2688	1	CL-TASAKI2020-2629
IT-TASAKI2020-2689	1	CL-TASAKI2020-3214
IT-TASAKI2020-2690	1	CL-TASAKI2020-3215
IT-TASAKI2020-2691	1	CL-TASAKI2020-2631
IT-TASAKI2020-2692	1	CL-TASAKI2020-2632
IT-TASAKI2020-2693	1	CL-TASAKI2020-2633
IT-TASAKI2020-2694	1	CL-TASAKI2020-2634
IT-TASAKI2020-2695	1	CL-TASAKI2020-2635
IT-TASAKI2020-2696	1	CL-TASAKI2020-2636
IT-TASAKI2020-2697	1	CL-TASAKI2020-2637
IT-TASAKI2020-2698	1	CL-TASAKI2020-2638
IT-TASAKI2020-2699	1	CL-TASAKI2020-2639
IT-TASAKI2020-2700	1	CL-TASAKI2020-3426
IT-TASAKI2020-2701	1	CL-TASAKI2020-2640
IT-TASAKI2020-2702	1	CL-TASAKI2020-3331
IT-TASAKI2020-2702	2	CL-TASAKI2020-3332
IT-TASAKI2020-2702	3	CL-TASAKI2020-3333
IT-TASAKI2020-2703	1	CL-TASAKI2020-2642
IT-TASAKI2020-2704	1	CL-TASAKI2020-2643
IT-TASAKI2020-2705	1	CL-TASAKI2020-3427
IT-TASAKI2020-2706	1	CL-TASAKI2020-2644
IT-TASAKI2020-2707	1	CL-TASAKI2020-3259
IT-TASAKI2020-2708	1	CL-TASAKI2020-3260
IT-TASAKI2020-2709	1	CL-TASAKI2020-2646
IT-TASAKI2020-2710	1	CL-TASAKI2020-2647
IT-TASAKI2020-2711	1	CL-TASAKI2020-2648
IT-TASAKI2020-2712	1	CL-TASAKI2020-3261
IT-TASAKI2020-2713	1	CL-TASAKI2020-3262
IT-TASAKI2020-2714	1	CL-TASAKI2020-3390
IT-TASAKI2020-2715	1	CL-TASAKI2020-2650
IT-TASAKI2020-2716	1	CL-TASAKI2020-2651
IT-TASAKI2020-2717	1	CL-TASAKI2020-2652
IT-TASAKI2020-2718	1	CL-TASAKI2020-2653
IT-TASAKI2020-2719	1	CL-TASAKI2020-2654
IT-TASAKI2020-2720	1	CL-TASAKI2020-2655
IT-TASAKI2020-2721	1	CL-TASAKI2020-2656
IT-TASAKI2020-2722	1	CL-TASAKI2020-2657
IT-TASAKI2020-2723	1	CL-TASAKI2020-2658
IT-TASAKI2020-2724	1	CL-TASAKI2020-2659
IT-TASAKI2020-2725	1	CL-TASAKI2020-2660
IT-TASAKI2020-2726	1	CL-TASAKI2020-2661
IT-TASAKI2020-2727	1	CL-TASAKI2020-2662
IT-TASAKI2020-2728	1	CL-TASAKI2020-2663
IT-TASAKI2020-2729	1	CL-TASAKI2020-2664
IT-TASAKI2020-2730	1	CL-TASAKI2020-2665
IT-TASAKI2020-2731	1	CL-TASAKI2020-2666
IT-TASAKI2020-2732	1	CL-TASAKI2020-3216
IT-TASAKI2020-2733	1	CL-TASAKI2020-3217
IT-TASAKI2020-2734	1	CL-TASAKI2020-3218
IT-TASAKI2020-2735	1	CL-TASAKI2020-2668
IT-TASAKI2020-2736	1	CL-TASAKI2020-2669
IT-TASAKI2020-2737	1	CL-TASAKI2020-2670
IT-TASAKI2020-2738	1	CL-TASAKI2020-2671
IT-TASAKI2020-2739	1	CL-TASAKI2020-2672
IT-TASAKI2020-2740	1	CL-TASAKI2020-2673
IT-TASAKI2020-2741	1	CL-TASAKI2020-2674
IT-TASAKI2020-2742	1	CL-TASAKI2020-3219
IT-TASAKI2020-2743	1	CL-TASAKI2020-3220
IT-TASAKI2020-2744	1	CL-TASAKI2020-3374
IT-TASAKI2020-2745	1	CL-TASAKI2020-3221
IT-TASAKI2020-2746	1	CL-TASAKI2020-2676
IT-TASAKI2020-2747	1	CL-TASAKI2020-2677
IT-TASAKI2020-2748	1	CL-TASAKI2020-2678
IT-TASAKI2020-2749	1	CL-TASAKI2020-2679
IT-TASAKI2020-2750	1	CL-TASAKI2020-2680
IT-TASAKI2020-2751	1	CL-TASAKI2020-2681
IT-TASAKI2020-2752	1	CL-TASAKI2020-2682
IT-TASAKI2020-2753	1	CL-TASAKI2020-2683
IT-TASAKI2020-2754	1	CL-TASAKI2020-2684
IT-TASAKI2020-2755	1	CL-TASAKI2020-2685
IT-TASAKI2020-2756	1	CL-TASAKI2020-2686
IT-TASAKI2020-2757	1	CL-TASAKI2020-2687
IT-TASAKI2020-2758	1	CL-TASAKI2020-2688
IT-TASAKI2020-2759	1	CL-TASAKI2020-2689
IT-TASAKI2020-2760	1	CL-TASAKI2020-2690
IT-TASAKI2020-2761	1	CL-TASAKI2020-2691
IT-TASAKI2020-2762	1	CL-TASAKI2020-2692
IT-TASAKI2020-2763	1	CL-TASAKI2020-2693
IT-TASAKI2020-2764	1	CL-TASAKI2020-2694
IT-TASAKI2020-2765	1	CL-TASAKI2020-3285
IT-TASAKI2020-2766	1	CL-TASAKI2020-3393
IT-TASAKI2020-2767	1	CL-TASAKI2020-3286
IT-TASAKI2020-2768	1	CL-TASAKI2020-3287
IT-TASAKI2020-2769	1	CL-TASAKI2020-2696
IT-TASAKI2020-2770	1	CL-TASAKI2020-2697
IT-TASAKI2020-2771	1	CL-TASAKI2020-2698
IT-TASAKI2020-2772	1	CL-TASAKI2020-2699
IT-TASAKI2020-2773	1	CL-TASAKI2020-2700
IT-TASAKI2020-2774	1	CL-TASAKI2020-2701
IT-TASAKI2020-2775	1	CL-TASAKI2020-2702
IT-TASAKI2020-2776	1	CL-TASAKI2020-3222
IT-TASAKI2020-2777	1	CL-TASAKI2020-3223
IT-TASAKI2020-2778	1	CL-TASAKI2020-3224
IT-TASAKI2020-2779	1	CL-TASAKI2020-3375
IT-TASAKI2020-2780	1	CL-TASAKI2020-2704
IT-TASAKI2020-2781	1	CL-TASAKI2020-2705
IT-TASAKI2020-2782	1	CL-TASAKI2020-2706
IT-TASAKI2020-2783	1	CL-TASAKI2020-2707
IT-TASAKI2020-2784	1	CL-TASAKI2020-2708
IT-TASAKI2020-2785	1	CL-TASAKI2020-2709
IT-TASAKI2020-2786	1	CL-TASAKI2020-3428
IT-TASAKI2020-2787	1	CL-TASAKI2020-3429
IT-TASAKI2020-2788	1	CL-TASAKI2020-2710
IT-TASAKI2020-2789	1	CL-TASAKI2020-2712
IT-TASAKI2020-2790	1	CL-TASAKI2020-2713
IT-TASAKI2020-2791	1	CL-TASAKI2020-2714
IT-TASAKI2020-2792	1	CL-TASAKI2020-2715
IT-TASAKI2020-2793	1	CL-TASAKI2020-2716
IT-TASAKI2020-2794	1	CL-TASAKI2020-2717
IT-TASAKI2020-2795	1	CL-TASAKI2020-2718
IT-TASAKI2020-2796	1	CL-TASAKI2020-2719
IT-TASAKI2020-2797	1	CL-TASAKI2020-2720
IT-TASAKI2020-2798	1	CL-TASAKI2020-2721
IT-TASAKI2020-2799	1	CL-TASAKI2020-2722
IT-TASAKI2020-2800	1	CL-TASAKI2020-2723
IT-TASAKI2020-2801	1	CL-TASAKI2020-2724
IT-TASAKI2020-2802	1	CL-TASAKI2020-2725
IT-TASAKI2020-2803	1	CL-TASAKI2020-2726
IT-TASAKI2020-2804	1	CL-TASAKI2020-2727
IT-TASAKI2020-2805	1	CL-TASAKI2020-2728
IT-TASAKI2020-2806	1	CL-TASAKI2020-2729
IT-TASAKI2020-2807	1	CL-TASAKI2020-2730
IT-TASAKI2020-2808	1	CL-TASAKI2020-2731
IT-TASAKI2020-2809	1	CL-TASAKI2020-2732
IT-TASAKI2020-2810	1	CL-TASAKI2020-2733
IT-TASAKI2020-2811	1	CL-TASAKI2020-2734
IT-TASAKI2020-2812	1	CL-TASAKI2020-2735
IT-TASAKI2020-2813	1	CL-TASAKI2020-2736
IT-TASAKI2020-2814	1	CL-TASAKI2020-2737
IT-TASAKI2020-2815	1	CL-TASAKI2020-2738
IT-TASAKI2020-2816	1	CL-TASAKI2020-2739
IT-TASAKI2020-2817	1	CL-TASAKI2020-2740
IT-TASAKI2020-2818	1	CL-TASAKI2020-2741
IT-TASAKI2020-2819	1	CL-TASAKI2020-2742
IT-TASAKI2020-2820	1	CL-TASAKI2020-2743
IT-TASAKI2020-2821	1	CL-TASAKI2020-2744
IT-TASAKI2020-2822	1	CL-TASAKI2020-2745
IT-TASAKI2020-2823	1	CL-TASAKI2020-2746
IT-TASAKI2020-2824	1	CL-TASAKI2020-2747
IT-TASAKI2020-2825	1	CL-TASAKI2020-2748
IT-TASAKI2020-2826	1	CL-TASAKI2020-2749
IT-TASAKI2020-2827	1	CL-TASAKI2020-2750
IT-TASAKI2020-2828	1	CL-TASAKI2020-2751
IT-TASAKI2020-2829	1	CL-TASAKI2020-3236
IT-TASAKI2020-2830	1	CL-TASAKI2020-3237
IT-TASAKI2020-2831	1	CL-TASAKI2020-2753
IT-TASAKI2020-2832	1	CL-TASAKI2020-2754
IT-TASAKI2020-2833	1	CL-TASAKI2020-2755
IT-TASAKI2020-2834	1	CL-TASAKI2020-2756
IT-TASAKI2020-2835	1	CL-TASAKI2020-2757
IT-TASAKI2020-2836	1	CL-TASAKI2020-2758
IT-TASAKI2020-2837	1	CL-TASAKI2020-2759
IT-TASAKI2020-2838	1	CL-TASAKI2020-2760
IT-TASAKI2020-2839	1	CL-TASAKI2020-2761
IT-TASAKI2020-2840	1	CL-TASAKI2020-2762
IT-TASAKI2020-2841	1	CL-TASAKI2020-2763
IT-TASAKI2020-2842	1	CL-TASAKI2020-2765
IT-TASAKI2020-2843	1	CL-TASAKI2020-2766
IT-TASAKI2020-2844	1	CL-TASAKI2020-2767
IT-TASAKI2020-2845	1	CL-TASAKI2020-2769
IT-TASAKI2020-2846	1	CL-TASAKI2020-2770
IT-TASAKI2020-2847	1	CL-TASAKI2020-2771
IT-TASAKI2020-2848	1	CL-TASAKI2020-2772
IT-TASAKI2020-2849	1	CL-TASAKI2020-2773
IT-TASAKI2020-2850	1	CL-TASAKI2020-2775
IT-TASAKI2020-2851	1	CL-TASAKI2020-2776
IT-TASAKI2020-2852	1	CL-TASAKI2020-2777
IT-TASAKI2020-2853	1	CL-TASAKI2020-2778
IT-TASAKI2020-2854	1	CL-TASAKI2020-2779
IT-TASAKI2020-2855	1	CL-TASAKI2020-2780
IT-TASAKI2020-2856	1	CL-TASAKI2020-2781
IT-TASAKI2020-2857	1	CL-TASAKI2020-2782
IT-TASAKI2020-2858	1	CL-TASAKI2020-2783
IT-TASAKI2020-2859	1	CL-TASAKI2020-2784
IT-TASAKI2020-2860	1	CL-TASAKI2020-3238
IT-TASAKI2020-2861	1	CL-TASAKI2020-3239
IT-TASAKI2020-2862	1	CL-TASAKI2020-3240
IT-TASAKI2020-2863	1	CL-TASAKI2020-3384
IT-TASAKI2020-2864	1	CL-TASAKI2020-2786
IT-TASAKI2020-2865	1	CL-TASAKI2020-2787
IT-TASAKI2020-2866	1	CL-TASAKI2020-2788
IT-TASAKI2020-2867	1	CL-TASAKI2020-2789
IT-TASAKI2020-2868	1	CL-TASAKI2020-2790
IT-TASAKI2020-2869	1	CL-TASAKI2020-2791
IT-TASAKI2020-2870	1	CL-TASAKI2020-2792
IT-TASAKI2020-2871	1	CL-TASAKI2020-2793
IT-TASAKI2020-2872	1	CL-TASAKI2020-3225
IT-TASAKI2020-2873	1	CL-TASAKI2020-3226
IT-TASAKI2020-2874	1	CL-TASAKI2020-3227
IT-TASAKI2020-2875	1	CL-TASAKI2020-3228
IT-TASAKI2020-2876	1	CL-TASAKI2020-2796
IT-TASAKI2020-2877	1	CL-TASAKI2020-2797
IT-TASAKI2020-2878	1	CL-TASAKI2020-2798
IT-TASAKI2020-2879	1	CL-TASAKI2020-2799
IT-TASAKI2020-2880	1	CL-TASAKI2020-2800
IT-TASAKI2020-2881	1	CL-TASAKI2020-2801
IT-TASAKI2020-2882	1	CL-TASAKI2020-3241
IT-TASAKI2020-2883	1	CL-TASAKI2020-3242
IT-TASAKI2020-2884	1	CL-TASAKI2020-3243
IT-TASAKI2020-2885	1	CL-TASAKI2020-3244
IT-TASAKI2020-2886	1	CL-TASAKI2020-2804
IT-TASAKI2020-2887	1	CL-TASAKI2020-2805
IT-TASAKI2020-2888	1	CL-TASAKI2020-2806
IT-TASAKI2020-2889	1	CL-TASAKI2020-2807
IT-TASAKI2020-2890	1	CL-TASAKI2020-2808
IT-TASAKI2020-2891	1	CL-TASAKI2020-2809
IT-TASAKI2020-2892	1	CL-TASAKI2020-2810
IT-TASAKI2020-2893	1	CL-TASAKI2020-2811
IT-TASAKI2020-2894	1	CL-TASAKI2020-2812
IT-TASAKI2020-2895	1	CL-TASAKI2020-2813
IT-TASAKI2020-2896	1	CL-TASAKI2020-2814
IT-TASAKI2020-2897	1	CL-TASAKI2020-2815
IT-TASAKI2020-2898	1	CL-TASAKI2020-2816
IT-TASAKI2020-2899	1	CL-TASAKI2020-2817
IT-TASAKI2020-2900	1	CL-TASAKI2020-2818
IT-TASAKI2020-2901	1	CL-TASAKI2020-2819
IT-TASAKI2020-2902	1	CL-TASAKI2020-2820
IT-TASAKI2020-2903	1	CL-TASAKI2020-2821
IT-TASAKI2020-2904	1	CL-TASAKI2020-2822
IT-TASAKI2020-2905	1	CL-TASAKI2020-2823
IT-TASAKI2020-2906	1	CL-TASAKI2020-2824
IT-TASAKI2020-2907	1	CL-TASAKI2020-2825
IT-TASAKI2020-2908	1	CL-TASAKI2020-2826
IT-TASAKI2020-2909	1	CL-TASAKI2020-2827
IT-TASAKI2020-2910	1	CL-TASAKI2020-2828
IT-TASAKI2020-2911	1	CL-TASAKI2020-2829
IT-TASAKI2020-2912	1	CL-TASAKI2020-2830
IT-TASAKI2020-2913	1	CL-TASAKI2020-2831
IT-TASAKI2020-2914	1	CL-TASAKI2020-2832
IT-TASAKI2020-2915	1	CL-TASAKI2020-2833
IT-TASAKI2020-2916	1	CL-TASAKI2020-2834
IT-TASAKI2020-2917	1	CL-TASAKI2020-2835
IT-TASAKI2020-2918	1	CL-TASAKI2020-2836
IT-TASAKI2020-2919	1	CL-TASAKI2020-2837
IT-TASAKI2020-2920	1	CL-TASAKI2020-2838
IT-TASAKI2020-2921	1	CL-TASAKI2020-2839
IT-TASAKI2020-2922	1	CL-TASAKI2020-2840
IT-TASAKI2020-2923	1	CL-TASAKI2020-2841
IT-TASAKI2020-2924	1	CL-TASAKI2020-2842
IT-TASAKI2020-2925	1	CL-TASAKI2020-2843
IT-TASAKI2020-2926	1	CL-TASAKI2020-2844
IT-TASAKI2020-2927	1	CL-TASAKI2020-2845
IT-TASAKI2020-2928	1	CL-TASAKI2020-2846
IT-TASAKI2020-2929	1	CL-TASAKI2020-2847
IT-TASAKI2020-2930	1	CL-TASAKI2020-2848
IT-TASAKI2020-2931	1	CL-TASAKI2020-2849
IT-TASAKI2020-2932	1	CL-TASAKI2020-2850
IT-TASAKI2020-2933	1	CL-TASAKI2020-2851
IT-TASAKI2020-2934	1	CL-TASAKI2020-2852
IT-TASAKI2020-2935	1	CL-TASAKI2020-2853
IT-TASAKI2020-2936	1	CL-TASAKI2020-2854
IT-TASAKI2020-2937	1	CL-TASAKI2020-2855
IT-TASAKI2020-2938	1	CL-TASAKI2020-2856
IT-TASAKI2020-2939	1	CL-TASAKI2020-2857
IT-TASAKI2020-2940	1	CL-TASAKI2020-2858
IT-TASAKI2020-2941	1	CL-TASAKI2020-2859
IT-TASAKI2020-2942	1	CL-TASAKI2020-2860
IT-TASAKI2020-2943	1	CL-TASAKI2020-2861
IT-TASAKI2020-2944	1	CL-TASAKI2020-2862
IT-TASAKI2020-2945	1	CL-TASAKI2020-2863
IT-TASAKI2020-2946	1	CL-TASAKI2020-3245
IT-TASAKI2020-2947	1	CL-TASAKI2020-3246
IT-TASAKI2020-2948	1	CL-TASAKI2020-2865
IT-TASAKI2020-2949	1	CL-TASAKI2020-2866
IT-TASAKI2020-2950	1	CL-TASAKI2020-2867
IT-TASAKI2020-2951	1	CL-TASAKI2020-2868
IT-TASAKI2020-2952	1	CL-TASAKI2020-2869
IT-TASAKI2020-2953	1	CL-TASAKI2020-2870
IT-TASAKI2020-2954	1	CL-TASAKI2020-2871
IT-TASAKI2020-2955	1	CL-TASAKI2020-2872
IT-TASAKI2020-2956	1	CL-TASAKI2020-2873
IT-TASAKI2020-2957	1	CL-TASAKI2020-2874
IT-TASAKI2020-2958	1	CL-TASAKI2020-2875
IT-TASAKI2020-2959	1	CL-TASAKI2020-2876
IT-TASAKI2020-2960	1	CL-TASAKI2020-3247
IT-TASAKI2020-2961	1	CL-TASAKI2020-3248
IT-TASAKI2020-2962	1	CL-TASAKI2020-3249
IT-TASAKI2020-2963	1	CL-TASAKI2020-3250
IT-TASAKI2020-2964	1	CL-TASAKI2020-3385
IT-TASAKI2020-2965	1	CL-TASAKI2020-2878
IT-TASAKI2020-2966	1	CL-TASAKI2020-2879
IT-TASAKI2020-2967	1	CL-TASAKI2020-2880
IT-TASAKI2020-2968	1	CL-TASAKI2020-2881
IT-TASAKI2020-2969	1	CL-TASAKI2020-2882
IT-TASAKI2020-2970	1	CL-TASAKI2020-2883
IT-TASAKI2020-2971	1	CL-TASAKI2020-2884
IT-TASAKI2020-2972	1	CL-TASAKI2020-2885
IT-TASAKI2020-2973	1	CL-TASAKI2020-2886
IT-TASAKI2020-2974	1	CL-TASAKI2020-2887
IT-TASAKI2020-2975	1	CL-TASAKI2020-2888
IT-TASAKI2020-2976	1	CL-TASAKI2020-2889
IT-TASAKI2020-2977	1	CL-TASAKI2020-3251
IT-TASAKI2020-2978	1	CL-TASAKI2020-3252
IT-TASAKI2020-2979	1	CL-TASAKI2020-2891
IT-TASAKI2020-2980	1	CL-TASAKI2020-2892
IT-TASAKI2020-2981	1	CL-TASAKI2020-2893
IT-TASAKI2020-2982	1	CL-TASAKI2020-2894
IT-TASAKI2020-2983	1	CL-TASAKI2020-2895
IT-TASAKI2020-2984	1	CL-TASAKI2020-2896
IT-TASAKI2020-2985	1	CL-TASAKI2020-2897
IT-TASAKI2020-2986	1	CL-TASAKI2020-2898
IT-TASAKI2020-2987	1	CL-TASAKI2020-2899
IT-TASAKI2020-2988	1	CL-TASAKI2020-2900
IT-TASAKI2020-2989	1	CL-TASAKI2020-2901
IT-TASAKI2020-2990	1	CL-TASAKI2020-2902
IT-TASAKI2020-2991	1	CL-TASAKI2020-2903
IT-TASAKI2020-2992	1	CL-TASAKI2020-2904
IT-TASAKI2020-2993	1	CL-TASAKI2020-2905
IT-TASAKI2020-2994	1	CL-TASAKI2020-3288
IT-TASAKI2020-2995	1	CL-TASAKI2020-3289
IT-TASAKI2020-2996	1	CL-TASAKI2020-2907
IT-TASAKI2020-2997	1	CL-TASAKI2020-2908
IT-TASAKI2020-2998	1	CL-TASAKI2020-2909
IT-TASAKI2020-2999	1	CL-TASAKI2020-2910
IT-TASAKI2020-3000	1	CL-TASAKI2020-2911
IT-TASAKI2020-3001	1	CL-TASAKI2020-2912
IT-TASAKI2020-3002	1	CL-TASAKI2020-2920
IT-TASAKI2020-3003	1	CL-TASAKI2020-2913
IT-TASAKI2020-3004	1	CL-TASAKI2020-2914
IT-TASAKI2020-3005	1	CL-TASAKI2020-2915
IT-TASAKI2020-3006	1	CL-TASAKI2020-2916
IT-TASAKI2020-3007	1	CL-TASAKI2020-2917
IT-TASAKI2020-3008	1	CL-TASAKI2020-2918
IT-TASAKI2020-3009	1	CL-TASAKI2020-3253
IT-TASAKI2020-3010	1	CL-TASAKI2020-3386
IT-TASAKI2020-3011	1	CL-TASAKI2020-3254
IT-TASAKI2020-3012	1	CL-TASAKI2020-2921
IT-TASAKI2020-3013	1	CL-TASAKI2020-2922
IT-TASAKI2020-3014	1	CL-TASAKI2020-2923
IT-TASAKI2020-3015	1	CL-TASAKI2020-2924
IT-TASAKI2020-3016	1	CL-TASAKI2020-2925
IT-TASAKI2020-3017	1	CL-TASAKI2020-2926
IT-TASAKI2020-3018	1	CL-TASAKI2020-2927
IT-TASAKI2020-3019	1	CL-TASAKI2020-2928
IT-TASAKI2020-3020	1	CL-TASAKI2020-2929
IT-TASAKI2020-3021	1	CL-TASAKI2020-2930
IT-TASAKI2020-3022	1	CL-TASAKI2020-2931
IT-TASAKI2020-3023	1	CL-TASAKI2020-2932
IT-TASAKI2020-3024	1	CL-TASAKI2020-2933
IT-TASAKI2020-3025	1	CL-TASAKI2020-2934
IT-TASAKI2020-3026	1	CL-TASAKI2020-2935
IT-TASAKI2020-3027	1	CL-TASAKI2020-2936
IT-TASAKI2020-3028	1	CL-TASAKI2020-2937
IT-TASAKI2020-3029	1	CL-TASAKI2020-2938
IT-TASAKI2020-3030	1	CL-TASAKI2020-2939
IT-TASAKI2020-3031	1	CL-TASAKI2020-2940
IT-TASAKI2020-3032	1	CL-TASAKI2020-2941
IT-TASAKI2020-3033	1	CL-TASAKI2020-3255
IT-TASAKI2020-3034	1	CL-TASAKI2020-3256
IT-TASAKI2020-3035	1	CL-TASAKI2020-2943
IT-TASAKI2020-3036	1	CL-TASAKI2020-2944
