item_id	source_id	order_key	page_id	item_kind	source_label	title	locator	public_group	public_slug	review_ref
IT-TASAKI2020-0001	TASAKI2020	000015.0001	PG-TASAKI2020-0015	unlabeled	NONE	NONE	PDF p. 15; print p. xvii; Symbols; visible Symbols bullet 1	Front matter	front-matter	PUBLIC-DOCS-SOURCE-ITEM-REVIEW-V1
IT-TASAKI2020-0002	TASAKI2020	000015.0002	PG-TASAKI2020-0015	unlabeled	NONE	NONE	PDF p. 15; print p. xvii; Symbols; visible Symbols bullet 2	Front matter	front-matter	PUBLIC-DOCS-SOURCE-ITEM-REVIEW-V1
IT-TASAKI2020-0003	TASAKI2020	000015.0003	PG-TASAKI2020-0015	unlabeled	NONE	NONE	PDF p. 15; print p. xvii; Symbols; visible Symbols bullet 3	Front matter	front-matter	PUBLIC-DOCS-SOURCE-ITEM-REVIEW-V1
IT-TASAKI2020-0004	TASAKI2020	000015.0004	PG-TASAKI2020-0015	unlabeled	NONE	NONE	PDF p. 15; print p. xvii; Symbols; visible Symbols bullet 4	Front matter	front-matter	PUBLIC-DOCS-SOURCE-ITEM-REVIEW-V1
IT-TASAKI2020-0005	TASAKI2020	000015.0005	PG-TASAKI2020-0015	unlabeled	NONE	NONE	PDF p. 15; print p. xvii; Symbols; visible Symbols bullet 5	Front matter	front-matter	PUBLIC-DOCS-SOURCE-ITEM-REVIEW-V1
IT-TASAKI2020-0006	TASAKI2020	000015.0006	PG-TASAKI2020-0015	unlabeled	NONE	NONE	PDF p. 15; print p. xvii; Symbols; visible Symbols bullet 6	Front matter	front-matter	PUBLIC-DOCS-SOURCE-ITEM-REVIEW-V1
IT-TASAKI2020-0007	TASAKI2020	000015.0007	PG-TASAKI2020-0015	unlabeled	NONE	NONE	PDF p. 15; print p. xvii; Symbols; visible Symbols bullet 7	Front matter	front-matter	PUBLIC-DOCS-SOURCE-ITEM-REVIEW-V1
IT-TASAKI2020-0008	TASAKI2020	000015.0008	PG-TASAKI2020-0015	unlabeled	NONE	NONE	PDF p. 15; print p. xvii; Symbols; visible Symbols bullet 8	Front matter	front-matter	PUBLIC-DOCS-SOURCE-ITEM-REVIEW-V1
IT-TASAKI2020-0009	TASAKI2020	000015.0009	PG-TASAKI2020-0015	unlabeled	NONE	NONE	PDF p. 15; print p. xvii; Symbols; visible Symbols bullet 9	Front matter	front-matter	PUBLIC-DOCS-SOURCE-ITEM-REVIEW-V1
IT-TASAKI2020-0010	TASAKI2020	000015.0010	PG-TASAKI2020-0015	unlabeled	NONE	NONE	PDF p. 15; print p. xvii; Symbols; visible Symbols bullet 10	Front matter	front-matter	PUBLIC-DOCS-SOURCE-ITEM-REVIEW-V1
IT-TASAKI2020-0011	TASAKI2020	000015.0011	PG-TASAKI2020-0015	unlabeled	NONE	NONE	PDF p. 15; print p. xvii; Symbols; visible Symbols bullet 11	Front matter	front-matter	PUBLIC-DOCS-SOURCE-ITEM-REVIEW-V1
IT-TASAKI2020-0012	TASAKI2020	000016.0001	PG-TASAKI2020-0016	unlabeled	NONE	NONE	PDF p. 16; print p. xviii; Symbols; visible Symbols bullet 1	Front matter	front-matter	PUBLIC-DOCS-SOURCE-ITEM-REVIEW-V1
IT-TASAKI2020-0013	TASAKI2020	000016.0002	PG-TASAKI2020-0016	unlabeled	NONE	NONE	PDF p. 16; print p. xviii; Symbols; visible Symbols bullet 2	Front matter	front-matter	PUBLIC-DOCS-SOURCE-ITEM-REVIEW-V1
IT-TASAKI2020-0014	TASAKI2020	000016.0003	PG-TASAKI2020-0016	unlabeled	NONE	NONE	PDF p. 16; print p. xviii; Symbols; visible Symbols bullet 3	Front matter	front-matter	PUBLIC-DOCS-SOURCE-ITEM-REVIEW-V1
IT-TASAKI2020-0015	TASAKI2020	000016.0004	PG-TASAKI2020-0016	unlabeled	NONE	NONE	PDF p. 16; print p. xviii; Symbols; visible Symbols bullet 4	Front matter	front-matter	PUBLIC-DOCS-SOURCE-ITEM-REVIEW-V1
IT-TASAKI2020-0016	TASAKI2020	000016.0005	PG-TASAKI2020-0016	unlabeled	NONE	NONE	PDF p. 16; print p. xviii; Symbols; visible Symbols bullet 5	Front matter	front-matter	PUBLIC-DOCS-SOURCE-ITEM-REVIEW-V1
IT-TASAKI2020-0017	TASAKI2020	000016.0006	PG-TASAKI2020-0016	unlabeled	NONE	NONE	PDF p. 16; print p. xviii; Symbols; visible Symbols bullet 6	Front matter	front-matter	PUBLIC-DOCS-SOURCE-ITEM-REVIEW-V1
IT-TASAKI2020-0018	TASAKI2020	000016.0007	PG-TASAKI2020-0016	unlabeled	NONE	NONE	PDF p. 16; print p. xviii; Symbols; visible Symbols bullet 7	Front matter	front-matter	PUBLIC-DOCS-SOURCE-ITEM-REVIEW-V1
IT-TASAKI2020-0019	TASAKI2020	000016.0008	PG-TASAKI2020-0016	unlabeled	NONE	NONE	PDF p. 16; print p. xviii; Symbols; visible Symbols bullet 8	Front matter	front-matter	PUBLIC-DOCS-SOURCE-ITEM-REVIEW-V1
IT-TASAKI2020-0020	TASAKI2020	000016.0009	PG-TASAKI2020-0016	unlabeled	NONE	NONE	PDF p. 16; print p. xviii; Symbols; visible Symbols bullet 9	Front matter	front-matter	PUBLIC-DOCS-SOURCE-ITEM-REVIEW-V1
IT-TASAKI2020-0021	TASAKI2020	000016.0010	PG-TASAKI2020-0016	unlabeled	NONE	NONE	PDF p. 16; print p. xviii; Symbols; visible Symbols bullet 10	Front matter	front-matter	PUBLIC-DOCS-SOURCE-ITEM-REVIEW-V1
IT-TASAKI2020-0022	TASAKI2020	000016.0011	PG-TASAKI2020-0016	unlabeled	NONE	NONE	PDF p. 16; print p. xviii; Symbols; visible Symbols bullet 11	Front matter	front-matter	PUBLIC-DOCS-SOURCE-ITEM-REVIEW-V1
IT-TASAKI2020-0023	TASAKI2020	000016.0012	PG-TASAKI2020-0016	unlabeled	NONE	NONE	PDF p. 16; print p. xviii; Symbols; visible Symbols bullet 12	Front matter	front-matter	PUBLIC-DOCS-SOURCE-ITEM-REVIEW-V1
IT-TASAKI2020-0024	TASAKI2020	000016.0013	PG-TASAKI2020-0016	unlabeled	NONE	NONE	PDF p. 16; print p. xviii; Symbols; visible Symbols bullet 13	Front matter	front-matter	PUBLIC-DOCS-SOURCE-ITEM-REVIEW-V1
IT-TASAKI2020-0025	TASAKI2020	000016.0014	PG-TASAKI2020-0016	unlabeled	NONE	NONE	PDF p. 16; print p. xviii; Symbols; visible Symbols bullet 14	Front matter	front-matter	PUBLIC-DOCS-SOURCE-ITEM-REVIEW-V1
IT-TASAKI2020-0026	TASAKI2020	000016.0015	PG-TASAKI2020-0016	unlabeled	NONE	NONE	PDF p. 16; print p. xviii; Symbols; visible Symbols bullet 15	Front matter	front-matter	PUBLIC-DOCS-SOURCE-ITEM-REVIEW-V1
IT-TASAKI2020-0027	TASAKI2020	000020.0001	PG-TASAKI2020-0020	equation	equation (1.2.1)	NONE	PDF p. 20; print p. 4; §1.2; equation (1.2.1)	Chapter 01	chapter-01	PUBLIC-DOCS-SOURCE-ITEM-REVIEW-V1
IT-TASAKI2020-0028	TASAKI2020	000020.0002	PG-TASAKI2020-0020	unlabeled	NONE	NONE	PDF p. 20; print p. 4; §1.2; paragraph 5	Chapter 01	chapter-01	PUBLIC-DOCS-SOURCE-ITEM-REVIEW-V1
IT-TASAKI2020-0029	TASAKI2020	000020.0003	PG-TASAKI2020-0020	equation	equation (1.2.2)	NONE	PDF p. 20; print p. 4; §1.2; equation (1.2.2)	Chapter 01	chapter-01	PUBLIC-DOCS-SOURCE-ITEM-REVIEW-V1
IT-TASAKI2020-0030	TASAKI2020	000020.0004	PG-TASAKI2020-0020	unlabeled	NONE	NONE	PDF p. 20; print p. 4; §1.2; paragraph 6; audit split atom 1/3	Chapter 01	chapter-01	PUBLIC-DOCS-SOURCE-ITEM-REVIEW-V1
IT-TASAKI2020-0031	TASAKI2020	000020.0005	PG-TASAKI2020-0020	unlabeled	NONE	NONE	PDF p. 20; print p. 4; §1.2; paragraph 6; audit split atom 2/3	Chapter 01	chapter-01	PUBLIC-DOCS-SOURCE-ITEM-REVIEW-V1
IT-TASAKI2020-0032	TASAKI2020	000020.0006	PG-TASAKI2020-0020	unlabeled	NONE	NONE	PDF p. 20; print p. 4; §1.2; paragraph 6; audit split atom 3/3	Chapter 01	chapter-01	PUBLIC-DOCS-SOURCE-ITEM-REVIEW-V1
IT-TASAKI2020-0033	TASAKI2020	000021.0001	PG-TASAKI2020-0021	equation	equation (1.2.3)	NONE	PDF p. 21; print p. 5; §1.2; equation (1.2.3)	Chapter 01	chapter-01	PUBLIC-DOCS-SOURCE-ITEM-REVIEW-V1
IT-TASAKI2020-0034	TASAKI2020	000021.0002	PG-TASAKI2020-0021	equation	equation (1.2.4)	NONE	PDF p. 21; print p. 5; §1.2; equation (1.2.4)	Chapter 01	chapter-01	PUBLIC-DOCS-SOURCE-ITEM-REVIEW-V1
IT-TASAKI2020-0035	TASAKI2020	000022.0001	PG-TASAKI2020-0022	unlabeled	NONE	NONE	PDF p. 22; print p. 6; §1.2; paragraph 2	Chapter 01	chapter-01	PUBLIC-DOCS-SOURCE-ITEM-REVIEW-V1
IT-TASAKI2020-0036	TASAKI2020	000023.0001	PG-TASAKI2020-0023	unlabeled	NONE	NONE	PDF p. 23; print p. 7; §1.2; paragraph 1	Chapter 01	chapter-01	PUBLIC-DOCS-SOURCE-ITEM-REVIEW-V1
IT-TASAKI2020-0037	TASAKI2020	000023.0004	PG-TASAKI2020-0023	unlabeled	NONE	NONE	PDF p. 23; print p. 7; §1.2; paragraph 2	Chapter 01	chapter-01	PUBLIC-DOCS-SOURCE-ITEM-REVIEW-V1
IT-TASAKI2020-0038	TASAKI2020	000023.0005	PG-TASAKI2020-0023	unlabeled	NONE	NONE	PDF p. 23; print p. 7; §1.2; paragraph 2; audit split atom 4/15	Chapter 01	chapter-01	PUBLIC-DOCS-SOURCE-ITEM-REVIEW-V1
IT-TASAKI2020-0039	TASAKI2020	000023.0006	PG-TASAKI2020-0023	equation	equation (1.2.5)	NONE	PDF p. 23; print p. 7; §1.2; equation (1.2.5)	Chapter 01	chapter-01	PUBLIC-DOCS-SOURCE-ITEM-REVIEW-V1
IT-TASAKI2020-0040	TASAKI2020	000023.0007	PG-TASAKI2020-0023	unlabeled	NONE	NONE	PDF p. 23; print p. 7; §1.2; paragraph 2; audit split atom 5/15	Chapter 01	chapter-01	PUBLIC-DOCS-SOURCE-ITEM-REVIEW-V1
IT-TASAKI2020-0041	TASAKI2020	000023.0008	PG-TASAKI2020-0023	unlabeled	NONE	NONE	PDF p. 23; print p. 7; §1.2; paragraph 2; atom 1	Chapter 01	chapter-01	PUBLIC-DOCS-SOURCE-ITEM-REVIEW-V1
IT-TASAKI2020-0042	TASAKI2020	000023.0009	PG-TASAKI2020-0023	unlabeled	NONE	NONE	PDF p. 23; print p. 7; §1.2; paragraph 2; atom 2	Chapter 01	chapter-01	PUBLIC-DOCS-SOURCE-ITEM-REVIEW-V1
IT-TASAKI2020-0043	TASAKI2020	000023.0010	PG-TASAKI2020-0023	unlabeled	NONE	NONE	PDF p. 23; print p. 7; §1.2; paragraph 2; atom 3	Chapter 01	chapter-01	PUBLIC-DOCS-SOURCE-ITEM-REVIEW-V1
IT-TASAKI2020-0044	TASAKI2020	000023.0011	PG-TASAKI2020-0023	unlabeled	NONE	NONE	PDF p. 23; print p. 7; §1.2; paragraph 2; audit split atom 7/15	Chapter 01	chapter-01	PUBLIC-DOCS-SOURCE-ITEM-REVIEW-V1
IT-TASAKI2020-0045	TASAKI2020	000023.0012	PG-TASAKI2020-0023	unlabeled	NONE	NONE	PDF p. 23; print p. 7; §1.2; paragraph 3	Chapter 01	chapter-01	PUBLIC-DOCS-SOURCE-ITEM-REVIEW-V1
IT-TASAKI2020-0046	TASAKI2020	000023.0016	PG-TASAKI2020-0023	unlabeled	NONE	NONE	PDF p. 23; print p. 7; §1.2; paragraph 4	Chapter 01	chapter-01	PUBLIC-DOCS-SOURCE-ITEM-REVIEW-V1
IT-TASAKI2020-0047	TASAKI2020	000023.0020	PG-TASAKI2020-0023	unlabeled	NONE	NONE	PDF p. 23; print p. 7; §1.2; paragraph 5	Chapter 01	chapter-01	PUBLIC-DOCS-SOURCE-ITEM-REVIEW-V1
IT-TASAKI2020-0048	TASAKI2020	000024.0001	PG-TASAKI2020-0024	unlabeled	NONE	NONE	PDF p. 24; print p. 8; §1.2; opening continuation paragraph	Chapter 01	chapter-01	PUBLIC-DOCS-SOURCE-ITEM-REVIEW-V1
IT-TASAKI2020-0049	TASAKI2020	000024.0004	PG-TASAKI2020-0024	unlabeled	NONE	NONE	PDF p. 24; print p. 8; §1.2; paragraph beginning “In this part”	Chapter 01	chapter-01	PUBLIC-DOCS-SOURCE-ITEM-REVIEW-V1
IT-TASAKI2020-0050	TASAKI2020	000024.0005	PG-TASAKI2020-0024	unlabeled	NONE	NONE	PDF p. 24; print p. 8; §1.2; Heisenberg-history and Hubbard-introduction paragraphs	Chapter 01	chapter-01	PUBLIC-DOCS-SOURCE-ITEM-REVIEW-V1
IT-TASAKI2020-0051	TASAKI2020	000024.0007	PG-TASAKI2020-0024	equation	equation (1.2.6)	NONE	PDF p. 24; print p. 8; §1.2; equation (1.2.6)	Chapter 01	chapter-01	PUBLIC-DOCS-SOURCE-ITEM-REVIEW-V1
IT-TASAKI2020-0052	TASAKI2020	000024.0008	PG-TASAKI2020-0024	unlabeled	NONE	NONE	PDF p. 24; print p. 8; §1.2; paragraph 3, atom 2	Chapter 01	chapter-01	PUBLIC-DOCS-SOURCE-ITEM-REVIEW-V1
IT-TASAKI2020-0053	TASAKI2020	000028.0001	PG-TASAKI2020-0028	unlabeled	NONE	NONE	PDF p. 28; print p. 13; §2.1; paragraph 2	Chapter 02	chapter-02	PUBLIC-DOCS-SOURCE-ITEM-REVIEW-V1
IT-TASAKI2020-0054	TASAKI2020	000028.0002	PG-TASAKI2020-0028	equation	equation (2.1.1)	NONE	PDF p. 28; print p. 13; §2.1; equation (2.1.1)	Chapter 02	chapter-02	PUBLIC-DOCS-SOURCE-ITEM-REVIEW-V1
IT-TASAKI2020-0055	TASAKI2020	000029.0001	PG-TASAKI2020-0029	equation	equation (2.1.2)	NONE	PDF p. 29; print p. 14; §2.1; equation (2.1.2)	Chapter 02	chapter-02	PUBLIC-DOCS-SOURCE-ITEM-REVIEW-V1
IT-TASAKI2020-0056	TASAKI2020	000029.0002	PG-TASAKI2020-0029	equation	equation (2.1.3)	NONE	PDF p. 29; print p. 14; §2.1; equation (2.1.3)	Chapter 02	chapter-02	PUBLIC-DOCS-SOURCE-ITEM-REVIEW-V1
IT-TASAKI2020-0057	TASAKI2020	000029.0003	PG-TASAKI2020-0029	equation	equation (2.1.4)	NONE	PDF p. 29; print p. 14; §2.1; equation (2.1.4)	Chapter 02	chapter-02	PUBLIC-DOCS-SOURCE-ITEM-REVIEW-V1
IT-TASAKI2020-0058	TASAKI2020	000029.0004	PG-TASAKI2020-0029	equation	equation (2.1.5)	NONE	PDF p. 29; print p. 14; §2.1; equation (2.1.5)	Chapter 02	chapter-02	PUBLIC-DOCS-SOURCE-ITEM-REVIEW-V1
IT-TASAKI2020-0059	TASAKI2020	000029.0005	PG-TASAKI2020-0029	equation	equation (2.1.6)	NONE	PDF p. 29; print p. 14; §2.1; equation (2.1.6)	Chapter 02	chapter-02	PUBLIC-DOCS-SOURCE-ITEM-REVIEW-V1
IT-TASAKI2020-0060	TASAKI2020	000029.0006	PG-TASAKI2020-0029	unlabeled	NONE	NONE	PDF p. 29; print p. 14; §2.1; paragraph 2, atom 2	Chapter 02	chapter-02	PUBLIC-DOCS-SOURCE-ITEM-REVIEW-V1
IT-TASAKI2020-0061	TASAKI2020	000030.0001	PG-TASAKI2020-0030	equation	equation (2.1.7)	NONE	PDF p. 30; print p. 15; §2.1; equation (2.1.7)	Chapter 02	chapter-02	PUBLIC-DOCS-SOURCE-ITEM-REVIEW-V1
IT-TASAKI2020-0062	TASAKI2020	000030.0002	PG-TASAKI2020-0030	equation	equation (2.1.8)	NONE	PDF p. 30; print p. 15; §2.1; equation (2.1.8)	Chapter 02	chapter-02	PUBLIC-DOCS-SOURCE-ITEM-REVIEW-V1
IT-TASAKI2020-0063	TASAKI2020	000030.0003	PG-TASAKI2020-0030	equation	equation (2.1.9)	NONE	PDF p. 30; print p. 15; §2.1; equation (2.1.9)	Chapter 02	chapter-02	PUBLIC-DOCS-SOURCE-ITEM-REVIEW-V1
IT-TASAKI2020-0064	TASAKI2020	000030.0004	PG-TASAKI2020-0030	problem	Problem 2.1.a	NONE	PDF p. 30; print p. 15; §2.1; Problem 2.1.a	Chapter 02	chapter-02	PUBLIC-DOCS-SOURCE-ITEM-REVIEW-V1
IT-TASAKI2020-0065	TASAKI2020	000030.0005	PG-TASAKI2020-0030	unlabeled	NONE	NONE	PDF p. 30; print p. 15; §2.1; paragraph 6, atom 1	Chapter 02	chapter-02	PUBLIC-DOCS-SOURCE-ITEM-REVIEW-V1
IT-TASAKI2020-0066	TASAKI2020	000030.0006	PG-TASAKI2020-0030	unlabeled	NONE	NONE	PDF p. 30; print p. 15; §2.1; paragraph 6, atom 2	Chapter 02	chapter-02	PUBLIC-DOCS-SOURCE-ITEM-REVIEW-V1
IT-TASAKI2020-0067	TASAKI2020	000030.0007	PG-TASAKI2020-0030	unlabeled	NONE	NONE	PDF p. 30; print p. 15; §2.1; paragraph 6, atom 3	Chapter 02	chapter-02	PUBLIC-DOCS-SOURCE-ITEM-REVIEW-V1
IT-TASAKI2020-0068	TASAKI2020	000030.0008	PG-TASAKI2020-0030	equation	equation (2.1.10)	NONE	PDF p. 30; print p. 15; §2.1; equation (2.1.10)	Chapter 02	chapter-02	PUBLIC-DOCS-SOURCE-ITEM-REVIEW-V1
IT-TASAKI2020-0069	TASAKI2020	000031.0001	PG-TASAKI2020-0031	unlabeled	NONE	NONE	PDF p. 31; print p. 16; §2.1; paragraph 2	Chapter 02	chapter-02	PUBLIC-DOCS-SOURCE-ITEM-REVIEW-V1
IT-TASAKI2020-0070	TASAKI2020	000031.0002	PG-TASAKI2020-0031	equation	equation (2.1.11)	NONE	PDF p. 31; print p. 16; §2.1; equation (2.1.11)	Chapter 02	chapter-02	PUBLIC-DOCS-SOURCE-ITEM-REVIEW-V1
IT-TASAKI2020-0071	TASAKI2020	000031.0003	PG-TASAKI2020-0031	equation	equation (2.1.12)	NONE	PDF p. 31; print p. 16; §2.1; equation (2.1.12)	Chapter 02	chapter-02	PUBLIC-DOCS-SOURCE-ITEM-REVIEW-V1
IT-TASAKI2020-0072	TASAKI2020	000031.0004	PG-TASAKI2020-0031	equation	equation (2.1.13)	NONE	PDF p. 31; print p. 16; §2.1; equation (2.1.13)	Chapter 02	chapter-02	PUBLIC-DOCS-SOURCE-ITEM-REVIEW-V1
IT-TASAKI2020-0073	TASAKI2020	000031.0005	PG-TASAKI2020-0031	equation	equation (2.1.14)	NONE	PDF p. 31; print p. 16; §2.1; equation (2.1.14)	Chapter 02	chapter-02	PUBLIC-DOCS-SOURCE-ITEM-REVIEW-V1
IT-TASAKI2020-0074	TASAKI2020	000031.0006	PG-TASAKI2020-0031	equation	equation (2.1.15)	NONE	PDF p. 31; print p. 16; §2.1; equation (2.1.15)	Chapter 02	chapter-02	PUBLIC-DOCS-SOURCE-ITEM-REVIEW-V1
IT-TASAKI2020-0075	TASAKI2020	000031.0007	PG-TASAKI2020-0031	equation	equation (2.1.16)	NONE	PDF p. 31; print p. 16; §2.1; equation (2.1.16)	Chapter 02	chapter-02	PUBLIC-DOCS-SOURCE-ITEM-REVIEW-V1
IT-TASAKI2020-0076	TASAKI2020	000031.0008	PG-TASAKI2020-0031	equation	equation (2.1.17)	NONE	PDF p. 31; print p. 16; §2.1; equation (2.1.17)	Chapter 02	chapter-02	PUBLIC-DOCS-SOURCE-ITEM-REVIEW-V1
IT-TASAKI2020-0077	TASAKI2020	000031.0009	PG-TASAKI2020-0031	equation	equation (2.1.18)	NONE	PDF p. 31; print p. 16; §2.1; equation (2.1.18)	Chapter 02	chapter-02	PUBLIC-DOCS-SOURCE-ITEM-REVIEW-V1
IT-TASAKI2020-0078	TASAKI2020	000031.0010	PG-TASAKI2020-0031	unlabeled	NONE	NONE	PDF p. 31; print p. 16; §2.1; paragraph 12	Chapter 02	chapter-02	PUBLIC-DOCS-SOURCE-ITEM-REVIEW-V1
IT-TASAKI2020-0079	TASAKI2020	000032.0001	PG-TASAKI2020-0032	unlabeled	NONE	NONE	PDF p. 32; print p. 17; §2.1; paragraph 2, atom 1	Chapter 02	chapter-02	PUBLIC-DOCS-SOURCE-ITEM-REVIEW-V1
IT-TASAKI2020-0080	TASAKI2020	000032.0002	PG-TASAKI2020-0032	equation	equation (2.1.19)	NONE	PDF p. 32; print p. 17; §2.1; equation (2.1.19)	Chapter 02	chapter-02	PUBLIC-DOCS-SOURCE-ITEM-REVIEW-V1
IT-TASAKI2020-0081	TASAKI2020	000032.0003	PG-TASAKI2020-0032	equation	equation (2.1.20)	NONE	PDF p. 32; print p. 17; §2.1; equation (2.1.20)	Chapter 02	chapter-02	PUBLIC-DOCS-SOURCE-ITEM-REVIEW-V1
IT-TASAKI2020-0082	TASAKI2020	000032.0004	PG-TASAKI2020-0032	equation	equation (2.1.21)	NONE	PDF p. 32; print p. 17; §2.1; equation (2.1.21)	Chapter 02	chapter-02	PUBLIC-DOCS-SOURCE-ITEM-REVIEW-V1
IT-TASAKI2020-0083	TASAKI2020	000032.0005	PG-TASAKI2020-0032	equation	equation (2.1.22)	NONE	PDF p. 32; print p. 17; §2.1; equation (2.1.22)	Chapter 02	chapter-02	PUBLIC-DOCS-SOURCE-ITEM-REVIEW-V1
IT-TASAKI2020-0084	TASAKI2020	000032.0006	PG-TASAKI2020-0032	unlabeled	NONE	NONE	PDF p. 32; print p. 17; §2.1; paragraph 8	Chapter 02	chapter-02	PUBLIC-DOCS-SOURCE-ITEM-REVIEW-V1
IT-TASAKI2020-0085	TASAKI2020	000032.0007	PG-TASAKI2020-0032	equation	equation (2.1.23)	NONE	PDF p. 32; print p. 17; §2.1; equation (2.1.23)	Chapter 02	chapter-02	PUBLIC-DOCS-SOURCE-ITEM-REVIEW-V1
IT-TASAKI2020-0086	TASAKI2020	000033.0001	PG-TASAKI2020-0033	equation	equation (2.1.24)	NONE	PDF p. 33; print p. 18; §2.1; equation (2.1.24)	Chapter 02	chapter-02	PUBLIC-DOCS-SOURCE-ITEM-REVIEW-V1
IT-TASAKI2020-0087	TASAKI2020	000033.0002	PG-TASAKI2020-0033	equation	equation (2.1.25)	NONE	PDF p. 33; print p. 18; §2.1; equation (2.1.25)	Chapter 02	chapter-02	PUBLIC-DOCS-SOURCE-ITEM-REVIEW-V1
IT-TASAKI2020-0088	TASAKI2020	000033.0003	PG-TASAKI2020-0033	equation	equation (2.1.26)	NONE	PDF p. 33; print p. 18; §2.1; equation (2.1.26)	Chapter 02	chapter-02	PUBLIC-DOCS-SOURCE-ITEM-REVIEW-V1
IT-TASAKI2020-0089	TASAKI2020	000033.0004	PG-TASAKI2020-0033	problem	Problem 2.1.b	NONE	PDF p. 33; print p. 18; §2.1; Problem 2.1.b	Chapter 02	chapter-02	PUBLIC-DOCS-SOURCE-ITEM-REVIEW-V1
IT-TASAKI2020-0090	TASAKI2020	000033.0005	PG-TASAKI2020-0033	problem	Problem 2.1.c	NONE	PDF p. 33; print p. 18; §2.1; Problem 2.1.c	Chapter 02	chapter-02	PUBLIC-DOCS-SOURCE-ITEM-REVIEW-V1
IT-TASAKI2020-0091	TASAKI2020	000033.0006	PG-TASAKI2020-0033	problem	Problem 2.1.d	NONE	PDF p. 33; print p. 18; §2.1; Problem 2.1.d	Chapter 02	chapter-02	PUBLIC-DOCS-SOURCE-ITEM-REVIEW-V1
IT-TASAKI2020-0092	TASAKI2020	000033.0007	PG-TASAKI2020-0033	problem	Problem 2.1.e	NONE	PDF p. 33; print p. 18; §2.1; Problem 2.1.e	Chapter 02	chapter-02	PUBLIC-DOCS-SOURCE-ITEM-REVIEW-V1
IT-TASAKI2020-0093	TASAKI2020	000034.0001	PG-TASAKI2020-0034	equation	equation (2.1.27)	NONE	PDF p. 34; print p. 19; §2.1; equation (2.1.27)	Chapter 02	chapter-02	PUBLIC-DOCS-SOURCE-ITEM-REVIEW-V1
IT-TASAKI2020-0094	TASAKI2020	000034.0002	PG-TASAKI2020-0034	unlabeled	NONE	NONE	PDF p. 34; print p. 19; §2.1; paragraph 3	Chapter 02	chapter-02	PUBLIC-DOCS-SOURCE-ITEM-REVIEW-V1
IT-TASAKI2020-0095	TASAKI2020	000034.0003	PG-TASAKI2020-0034	equation	equation (2.1.28)	NONE	PDF p. 34; print p. 19; §2.1; equation (2.1.28)	Chapter 02	chapter-02	PUBLIC-DOCS-SOURCE-ITEM-REVIEW-V1
IT-TASAKI2020-0096	TASAKI2020	000034.0004	PG-TASAKI2020-0034	problem	Problem 2.1.f	NONE	PDF p. 34; print p. 19; §2.1; Problem 2.1.f	Chapter 02	chapter-02	PUBLIC-DOCS-SOURCE-ITEM-REVIEW-V1
IT-TASAKI2020-0097	TASAKI2020	000034.0005	PG-TASAKI2020-0034	equation	equation (2.1.29)	NONE	PDF p. 34; print p. 19; §2.1; equation (2.1.29)	Chapter 02	chapter-02	PUBLIC-DOCS-SOURCE-ITEM-REVIEW-V1
IT-TASAKI2020-0098	TASAKI2020	000034.0006	PG-TASAKI2020-0034	equation	equation (2.1.30)	NONE	PDF p. 34; print p. 19; §2.1; equation (2.1.30)	Chapter 02	chapter-02	PUBLIC-DOCS-SOURCE-ITEM-REVIEW-V1
IT-TASAKI2020-0099	TASAKI2020	000034.0007	PG-TASAKI2020-0034	unlabeled	NONE	NONE	PDF p. 34; print p. 19; §2.1; paragraph 7	Chapter 02	chapter-02	PUBLIC-DOCS-SOURCE-ITEM-REVIEW-V1
IT-TASAKI2020-0100	TASAKI2020	000035.0001	PG-TASAKI2020-0035	unlabeled	NONE	NONE	PDF p. 35; print p. 20; §2.1; paragraph 2	Chapter 02	chapter-02	PUBLIC-DOCS-SOURCE-ITEM-REVIEW-V1
IT-TASAKI2020-0101	TASAKI2020	000035.0002	PG-TASAKI2020-0035	equation	equation (2.1.31)	NONE	PDF p. 35; print p. 20; §2.1; equation (2.1.31)	Chapter 02	chapter-02	PUBLIC-DOCS-SOURCE-ITEM-REVIEW-V1
IT-TASAKI2020-0102	TASAKI2020	000035.0003	PG-TASAKI2020-0035	equation	equation (2.1.32)	NONE	PDF p. 35; print p. 20; §2.1; equation (2.1.32)	Chapter 02	chapter-02	PUBLIC-DOCS-SOURCE-ITEM-REVIEW-V1
IT-TASAKI2020-0103	TASAKI2020	000035.0004	PG-TASAKI2020-0035	equation	equation (2.1.33)	NONE	PDF p. 35; print p. 20; §2.1; equation (2.1.33)	Chapter 02	chapter-02	PUBLIC-DOCS-SOURCE-ITEM-REVIEW-V1
IT-TASAKI2020-0104	TASAKI2020	000035.0005	PG-TASAKI2020-0035	equation	equation (2.1.34)	NONE	PDF p. 35; print p. 20; §2.1; equation (2.1.34)	Chapter 02	chapter-02	PUBLIC-DOCS-SOURCE-ITEM-REVIEW-V1
IT-TASAKI2020-0105	TASAKI2020	000035.0006	PG-TASAKI2020-0035	problem	Problem 2.1.g	NONE	PDF p. 35; print p. 20; §2.1; Problem 2.1.g	Chapter 02	chapter-02	PUBLIC-DOCS-SOURCE-ITEM-REVIEW-V1
IT-TASAKI2020-0106	TASAKI2020	000036.0001	PG-TASAKI2020-0036	unlabeled	NONE	NONE	PDF p. 36; print p. 21; §2.2; paragraph 3, atom 1	Chapter 02	chapter-02	PUBLIC-DOCS-SOURCE-ITEM-REVIEW-V1
IT-TASAKI2020-0107	TASAKI2020	000036.0002	PG-TASAKI2020-0036	unlabeled	NONE	NONE	PDF p. 36; print p. 21; §2.2; paragraph 10	Chapter 02	chapter-02	PUBLIC-DOCS-SOURCE-ITEM-REVIEW-V1
IT-TASAKI2020-0108	TASAKI2020	000036.0003	PG-TASAKI2020-0036	equation	equation (2.2.1)	NONE	PDF p. 36; print p. 21; §2.2; equation (2.2.1)	Chapter 02	chapter-02	PUBLIC-DOCS-SOURCE-ITEM-REVIEW-V1
IT-TASAKI2020-0109	TASAKI2020	000036.0004	PG-TASAKI2020-0036	equation	equation (2.2.2)	NONE	PDF p. 36; print p. 21; §2.2; equation (2.2.2)	Chapter 02	chapter-02	PUBLIC-DOCS-SOURCE-ITEM-REVIEW-V1
IT-TASAKI2020-0110	TASAKI2020	000036.0005	PG-TASAKI2020-0036	unlabeled	NONE	NONE	PDF p. 36; print p. 21; §2.2; paragraph 5	Chapter 02	chapter-02	PUBLIC-DOCS-SOURCE-ITEM-REVIEW-V1
IT-TASAKI2020-0111	TASAKI2020	000036.0006	PG-TASAKI2020-0036	equation	equation (2.2.3)	NONE	PDF p. 36; print p. 21; §2.2; equation (2.2.3)	Chapter 02	chapter-02	PUBLIC-DOCS-SOURCE-ITEM-REVIEW-V1
IT-TASAKI2020-0112	TASAKI2020	000036.0007	PG-TASAKI2020-0036	equation	equation (2.2.4)	NONE	PDF p. 36; print p. 21; §2.2; equation (2.2.4)	Chapter 02	chapter-02	PUBLIC-DOCS-SOURCE-ITEM-REVIEW-V1
IT-TASAKI2020-0113	TASAKI2020	000036.0008	PG-TASAKI2020-0036	equation	equation (2.2.5)	NONE	PDF p. 36; print p. 21; §2.2; equation (2.2.5)	Chapter 02	chapter-02	PUBLIC-DOCS-SOURCE-ITEM-REVIEW-V1
IT-TASAKI2020-0114	TASAKI2020	000037.0001	PG-TASAKI2020-0037	unlabeled	NONE	NONE	PDF p. 37; print p. 22; §2.2; paragraph 2, atom 1	Chapter 02	chapter-02	PUBLIC-DOCS-SOURCE-ITEM-REVIEW-V1
IT-TASAKI2020-0115	TASAKI2020	000037.0002	PG-TASAKI2020-0037	unlabeled	NONE	NONE	PDF p. 37; print p. 22; §2.2; paragraph 2, atom 2	Chapter 02	chapter-02	PUBLIC-DOCS-SOURCE-ITEM-REVIEW-V1
IT-TASAKI2020-0116	TASAKI2020	000037.0003	PG-TASAKI2020-0037	unlabeled	NONE	NONE	PDF p. 37; print p. 22; §2.2; paragraph 2, atom 3	Chapter 02	chapter-02	PUBLIC-DOCS-SOURCE-ITEM-REVIEW-V1
IT-TASAKI2020-0117	TASAKI2020	000037.0004	PG-TASAKI2020-0037	equation	equation (2.2.6)	NONE	PDF p. 37; print p. 22; §2.2; equation (2.2.6)	Chapter 02	chapter-02	PUBLIC-DOCS-SOURCE-ITEM-REVIEW-V1
IT-TASAKI2020-0118	TASAKI2020	000037.0005	PG-TASAKI2020-0037	equation	equation (2.2.7)	NONE	PDF p. 37; print p. 22; §2.2; equation (2.2.7)	Chapter 02	chapter-02	PUBLIC-DOCS-SOURCE-ITEM-REVIEW-V1
IT-TASAKI2020-0119	TASAKI2020	000037.0006	PG-TASAKI2020-0037	unlabeled	NONE	NONE	PDF p. 37; print p. 22; §2.2; paragraph 3	Chapter 02	chapter-02	PUBLIC-DOCS-SOURCE-ITEM-REVIEW-V1
IT-TASAKI2020-0120	TASAKI2020	000037.0007	PG-TASAKI2020-0037	equation	equation (2.2.8)	NONE	PDF p. 37; print p. 22; §2.2; equation (2.2.8)	Chapter 02	chapter-02	PUBLIC-DOCS-SOURCE-ITEM-REVIEW-V1
IT-TASAKI2020-0121	TASAKI2020	000037.0008	PG-TASAKI2020-0037	unlabeled	NONE	NONE	PDF p. 37; print p. 22; §2.2; paragraph 6, atom 1	Chapter 02	chapter-02	PUBLIC-DOCS-SOURCE-ITEM-REVIEW-V1
IT-TASAKI2020-0122	TASAKI2020	000037.0009	PG-TASAKI2020-0037	unlabeled	NONE	NONE	PDF p. 37; print p. 22; §2.2; paragraph 6, atom 2	Chapter 02	chapter-02	PUBLIC-DOCS-SOURCE-ITEM-REVIEW-V1
IT-TASAKI2020-0123	TASAKI2020	000037.0010	PG-TASAKI2020-0037	equation	equation (2.2.9)	NONE	PDF p. 37; print p. 22; §2.2; equation (2.2.9)	Chapter 02	chapter-02	PUBLIC-DOCS-SOURCE-ITEM-REVIEW-V1
IT-TASAKI2020-0124	TASAKI2020	000037.0011	PG-TASAKI2020-0037	equation	equation (2.2.10)	NONE	PDF p. 37; print p. 22; §2.2; equation (2.2.10)	Chapter 02	chapter-02	PUBLIC-DOCS-SOURCE-ITEM-REVIEW-V1
IT-TASAKI2020-0125	TASAKI2020	000037.0012	PG-TASAKI2020-0037	unlabeled	NONE	NONE	PDF p. 37; print p. 22; §2.2; paragraph 8	Chapter 02	chapter-02	PUBLIC-DOCS-SOURCE-ITEM-REVIEW-V1
IT-TASAKI2020-0126	TASAKI2020	000037.0013	PG-TASAKI2020-0037	equation	equation (2.2.11)	NONE	PDF p. 37; print p. 22; §2.2; equation (2.2.11)	Chapter 02	chapter-02	PUBLIC-DOCS-SOURCE-ITEM-REVIEW-V1
IT-TASAKI2020-0127	TASAKI2020	000037.0014	PG-TASAKI2020-0037	equation	equation (2.2.12)	NONE	PDF p. 37; print p. 22; §2.2; equation (2.2.12)	Chapter 02	chapter-02	PUBLIC-DOCS-SOURCE-ITEM-REVIEW-V1
IT-TASAKI2020-0128	TASAKI2020	000038.0001	PG-TASAKI2020-0038	equation	equation (2.2.13)	NONE	PDF p. 38; print p. 23; §2.2; equation (2.2.13)	Chapter 02	chapter-02	PUBLIC-DOCS-SOURCE-ITEM-REVIEW-V1
IT-TASAKI2020-0129	TASAKI2020	000038.0002	PG-TASAKI2020-0038	problem	Problem 2.2.a	NONE	PDF p. 38; print p. 23; §2.2; Problem 2.2.a	Chapter 02	chapter-02	PUBLIC-DOCS-SOURCE-ITEM-REVIEW-V1
IT-TASAKI2020-0130	TASAKI2020	000038.0003	PG-TASAKI2020-0038	problem	Problem 2.2.b	NONE	PDF p. 38; print p. 23; §2.2; Problem 2.2.b	Chapter 02	chapter-02	PUBLIC-DOCS-SOURCE-ITEM-REVIEW-V1
IT-TASAKI2020-0131	TASAKI2020	000038.0004	PG-TASAKI2020-0038	equation	equation (2.2.14)	NONE	PDF p. 38; print p. 23; §2.2; equation (2.2.14)	Chapter 02	chapter-02	PUBLIC-DOCS-SOURCE-ITEM-REVIEW-V1
IT-TASAKI2020-0132	TASAKI2020	000038.0005	PG-TASAKI2020-0038	unlabeled	NONE	NONE	PDF p. 38; print p. 23; §2.2; paragraph 4, atom 2	Chapter 02	chapter-02	PUBLIC-DOCS-SOURCE-ITEM-REVIEW-V1
IT-TASAKI2020-0133	TASAKI2020	000038.0006	PG-TASAKI2020-0038	equation	equation (2.2.15)	NONE	PDF p. 38; print p. 23; §2.2; equation (2.2.15)	Chapter 02	chapter-02	PUBLIC-DOCS-SOURCE-ITEM-REVIEW-V1
IT-TASAKI2020-0134	TASAKI2020	000038.0007	PG-TASAKI2020-0038	problem	Problem 2.2.c	NONE	PDF p. 38; print p. 23; §2.2; Problem 2.2.c	Chapter 02	chapter-02	PUBLIC-DOCS-SOURCE-ITEM-REVIEW-V1
IT-TASAKI2020-0135	TASAKI2020	000039.0001	PG-TASAKI2020-0039	equation	equation (2.2.16)	NONE	PDF p. 39; print p. 24; §2.2; equation (2.2.16)	Chapter 02	chapter-02	PUBLIC-DOCS-SOURCE-ITEM-REVIEW-V1
IT-TASAKI2020-0136	TASAKI2020	000039.0002	PG-TASAKI2020-0039	equation	equation (2.2.17)	NONE	PDF p. 39; print p. 24; §2.2; equation (2.2.17)	Chapter 02	chapter-02	PUBLIC-DOCS-SOURCE-ITEM-REVIEW-V1
IT-TASAKI2020-0137	TASAKI2020	000039.0003	PG-TASAKI2020-0039	equation	equation (2.2.18)	NONE	PDF p. 39; print p. 24; §2.2; equation (2.2.18)	Chapter 02	chapter-02	PUBLIC-DOCS-SOURCE-ITEM-REVIEW-V1
IT-TASAKI2020-0138	TASAKI2020	000039.0004	PG-TASAKI2020-0039	equation	equation (2.2.19)	NONE	PDF p. 39; print p. 24; §2.2; equation (2.2.19)	Chapter 02	chapter-02	PUBLIC-DOCS-SOURCE-ITEM-REVIEW-V1
IT-TASAKI2020-0139	TASAKI2020	000040.0001	PG-TASAKI2020-0040	unlabeled	NONE	NONE	PDF p. 40; print p. 25; §2.2; paragraph 2, atom 1	Chapter 02	chapter-02	PUBLIC-DOCS-SOURCE-ITEM-REVIEW-V1
IT-TASAKI2020-0140	TASAKI2020	000040.0002	PG-TASAKI2020-0040	unlabeled	NONE	NONE	PDF p. 40; print p. 25; §2.2; paragraph 2, atom 2	Chapter 02	chapter-02	PUBLIC-DOCS-SOURCE-ITEM-REVIEW-V1
IT-TASAKI2020-0141	TASAKI2020	000040.0003	PG-TASAKI2020-0040	equation	equation (2.3.1)	NONE	PDF p. 40; print p. 25; §2.3; equation (2.3.1)	Chapter 02	chapter-02	PUBLIC-DOCS-SOURCE-ITEM-REVIEW-V1
IT-TASAKI2020-0142	TASAKI2020	000041.0001	PG-TASAKI2020-0041	equation	equation (2.3.2)	NONE	PDF p. 41; print p. 26; §2.3; equation (2.3.2)	Chapter 02	chapter-02	PUBLIC-DOCS-SOURCE-ITEM-REVIEW-V1
IT-TASAKI2020-0143	TASAKI2020	000041.0002	PG-TASAKI2020-0041	equation	equation (2.3.3)	NONE	PDF p. 41; print p. 26; §2.3; equation (2.3.3)	Chapter 02	chapter-02	PUBLIC-DOCS-SOURCE-ITEM-REVIEW-V1
IT-TASAKI2020-0144	TASAKI2020	000041.0003	PG-TASAKI2020-0041	unlabeled	NONE	NONE	PDF p. 41; print p. 26; §2.3; paragraph 3, atom 1	Chapter 02	chapter-02	PUBLIC-DOCS-SOURCE-ITEM-REVIEW-V1
IT-TASAKI2020-0145	TASAKI2020	000041.0004	PG-TASAKI2020-0041	unlabeled	NONE	NONE	PDF p. 41; print p. 26; §2.3; paragraph 3, atom 2	Chapter 02	chapter-02	PUBLIC-DOCS-SOURCE-ITEM-REVIEW-V1
IT-TASAKI2020-0146	TASAKI2020	000041.0005	PG-TASAKI2020-0041	equation	equation (2.3.4)	NONE	PDF p. 41; print p. 26; §2.3; equation (2.3.4)	Chapter 02	chapter-02	PUBLIC-DOCS-SOURCE-ITEM-REVIEW-V1
IT-TASAKI2020-0147	TASAKI2020	000041.0006	PG-TASAKI2020-0041	unlabeled	NONE	NONE	PDF p. 41; print p. 26; §2.3; paragraph 5, atom 1	Chapter 02	chapter-02	PUBLIC-DOCS-SOURCE-ITEM-REVIEW-V1
IT-TASAKI2020-0148	TASAKI2020	000041.0007	PG-TASAKI2020-0041	unlabeled	NONE	NONE	PDF p. 41; print p. 26; §2.3; paragraph 5, atom 2	Chapter 02	chapter-02	PUBLIC-DOCS-SOURCE-ITEM-REVIEW-V1
IT-TASAKI2020-0149	TASAKI2020	000041.0008	PG-TASAKI2020-0041	unlabeled	NONE	NONE	PDF p. 41; print p. 26; §2.3; paragraph 5, atom 3	Chapter 02	chapter-02	PUBLIC-DOCS-SOURCE-ITEM-REVIEW-V1
IT-TASAKI2020-0150	TASAKI2020	000041.0009	PG-TASAKI2020-0041	equation	equation (2.3.5)	NONE	PDF p. 41; print p. 26; §2.3; equation (2.3.5)	Chapter 02	chapter-02	PUBLIC-DOCS-SOURCE-ITEM-REVIEW-V1
IT-TASAKI2020-0151	TASAKI2020	000041.0010	PG-TASAKI2020-0041	equation	equation (2.3.6)	NONE	PDF p. 41; print p. 26; §2.3; equation (2.3.6)	Chapter 02	chapter-02	PUBLIC-DOCS-SOURCE-ITEM-REVIEW-V1
IT-TASAKI2020-0152	TASAKI2020	000041.0011	PG-TASAKI2020-0041	unlabeled	NONE	NONE	PDF p. 41; print p. 26; §2.3; paragraph 7	Chapter 02	chapter-02	PUBLIC-DOCS-SOURCE-ITEM-REVIEW-V1
IT-TASAKI2020-0153	TASAKI2020	000042.0001	PG-TASAKI2020-0042	equation	equation (2.3.7)	NONE	PDF p. 42; print p. 27; §2.3; equation (2.3.7)	Chapter 02	chapter-02	PUBLIC-DOCS-SOURCE-ITEM-REVIEW-V1
IT-TASAKI2020-0154	TASAKI2020	000042.0002	PG-TASAKI2020-0042	equation	equation (2.3.8)	NONE	PDF p. 42; print p. 27; §2.3; equation (2.3.8)	Chapter 02	chapter-02	PUBLIC-DOCS-SOURCE-ITEM-REVIEW-V1
IT-TASAKI2020-0155	TASAKI2020	000042.0003	PG-TASAKI2020-0042	unlabeled	NONE	NONE	PDF p. 42; print p. 27; §2.3; paragraph 4	Chapter 02	chapter-02	PUBLIC-DOCS-SOURCE-ITEM-REVIEW-V1
IT-TASAKI2020-0156	TASAKI2020	000042.0004	PG-TASAKI2020-0042	equation	equation (2.3.9)	NONE	PDF p. 42; print p. 27; §2.3; equation (2.3.9)	Chapter 02	chapter-02	PUBLIC-DOCS-SOURCE-ITEM-REVIEW-V1
IT-TASAKI2020-0157	TASAKI2020	000042.0005	PG-TASAKI2020-0042	unlabeled	NONE	NONE	PDF p. 42; print p. 27; §2.3; paragraph 6, atom 1	Chapter 02	chapter-02	PUBLIC-DOCS-SOURCE-ITEM-REVIEW-V1
IT-TASAKI2020-0158	TASAKI2020	000042.0006	PG-TASAKI2020-0042	unlabeled	NONE	NONE	PDF p. 42; print p. 27; §2.3; paragraph 6, atom 2	Chapter 02	chapter-02	PUBLIC-DOCS-SOURCE-ITEM-REVIEW-V1
IT-TASAKI2020-0159	TASAKI2020	000042.0007	PG-TASAKI2020-0042	equation	equation (2.3.10)	NONE	PDF p. 42; print p. 27; §2.3; equation (2.3.10)	Chapter 02	chapter-02	PUBLIC-DOCS-SOURCE-ITEM-REVIEW-V1
IT-TASAKI2020-0160	TASAKI2020	000042.0008	PG-TASAKI2020-0042	unlabeled	NONE	NONE	PDF p. 42; print p. 27; §2.3; paragraph 7	Chapter 02	chapter-02	PUBLIC-DOCS-SOURCE-ITEM-REVIEW-V1
IT-TASAKI2020-0161	TASAKI2020	000042.0009	PG-TASAKI2020-0042	unlabeled	NONE	NONE	PDF p. 42; print p. 27; §2.3; paragraph 8, atom 1	Chapter 02	chapter-02	PUBLIC-DOCS-SOURCE-ITEM-REVIEW-V1
IT-TASAKI2020-0162	TASAKI2020	000042.0010	PG-TASAKI2020-0042	unlabeled	NONE	NONE	PDF p. 42; print p. 27; §2.3; paragraph 8, atom 2	Chapter 02	chapter-02	PUBLIC-DOCS-SOURCE-ITEM-REVIEW-V1
IT-TASAKI2020-0163	TASAKI2020	000043.0001	PG-TASAKI2020-0043	unlabeled	NONE	NONE	PDF p. 43; print p. 28; §2.3; paragraph 2	Chapter 02	chapter-02	PUBLIC-DOCS-SOURCE-ITEM-REVIEW-V1
IT-TASAKI2020-0164	TASAKI2020	000043.0002	PG-TASAKI2020-0043	equation	equation (2.3.11)	NONE	PDF p. 43; print p. 28; §2.3; equation (2.3.11)	Chapter 02	chapter-02	PUBLIC-DOCS-SOURCE-ITEM-REVIEW-V1
IT-TASAKI2020-0165	TASAKI2020	000043.0003	PG-TASAKI2020-0043	unlabeled	NONE	NONE	PDF p. 43; print p. 28; §2.3; paragraph 4, atom 1	Chapter 02	chapter-02	PUBLIC-DOCS-SOURCE-ITEM-REVIEW-V1
IT-TASAKI2020-0166	TASAKI2020	000043.0004	PG-TASAKI2020-0043	unlabeled	NONE	NONE	PDF p. 43; print p. 28; §2.3; paragraph 4, atom 2	Chapter 02	chapter-02	PUBLIC-DOCS-SOURCE-ITEM-REVIEW-V1
IT-TASAKI2020-0167	TASAKI2020	000043.0005	PG-TASAKI2020-0043	equation	equation (2.3.12)	NONE	PDF p. 43; print p. 28; §2.3; equation (2.3.12)	Chapter 02	chapter-02	PUBLIC-DOCS-SOURCE-ITEM-REVIEW-V1
IT-TASAKI2020-0168	TASAKI2020	000043.0006	PG-TASAKI2020-0043	equation	equation (2.3.13)	NONE	PDF p. 43; print p. 28; §2.3; equation (2.3.13)	Chapter 02	chapter-02	PUBLIC-DOCS-SOURCE-ITEM-REVIEW-V1
IT-TASAKI2020-0169	TASAKI2020	000043.0007	PG-TASAKI2020-0043	equation	equation (2.3.14)	NONE	PDF p. 43; print p. 28; §2.3; equation (2.3.14)	Chapter 02	chapter-02	PUBLIC-DOCS-SOURCE-ITEM-REVIEW-V1
IT-TASAKI2020-0170	TASAKI2020	000043.0008	PG-TASAKI2020-0043	unlabeled	NONE	NONE	PDF p. 43; print p. 28; §2.3; paragraph 9	Chapter 02	chapter-02	PUBLIC-DOCS-SOURCE-ITEM-REVIEW-V1
IT-TASAKI2020-0171	TASAKI2020	000043.0009	PG-TASAKI2020-0043	equation	equation (2.3.15)	NONE	PDF p. 43; print p. 28; §2.3; equation (2.3.15)	Chapter 02	chapter-02	PUBLIC-DOCS-SOURCE-ITEM-REVIEW-V1
IT-TASAKI2020-0172	TASAKI2020	000044.0001	PG-TASAKI2020-0044	equation	equation (2.3.16)	NONE	PDF p. 44; print p. 29; §2.3; equation (2.3.16)	Chapter 02	chapter-02	PUBLIC-DOCS-SOURCE-ITEM-REVIEW-V1
IT-TASAKI2020-0173	TASAKI2020	000044.0002	PG-TASAKI2020-0044	equation	equation (2.3.17)	NONE	PDF p. 44; print p. 29; §2.3; equation (2.3.17)	Chapter 02	chapter-02	PUBLIC-DOCS-SOURCE-ITEM-REVIEW-V1
IT-TASAKI2020-0174	TASAKI2020	000044.0003	PG-TASAKI2020-0044	equation	equation (2.3.18)	NONE	PDF p. 44; print p. 29; §2.3; equation (2.3.18)	Chapter 02	chapter-02	PUBLIC-DOCS-SOURCE-ITEM-REVIEW-V1
IT-TASAKI2020-0175	TASAKI2020	000044.0004	PG-TASAKI2020-0044	equation	equation (2.3.19)	NONE	PDF p. 44; print p. 29; §2.3; equation (2.3.19)	Chapter 02	chapter-02	PUBLIC-DOCS-SOURCE-ITEM-REVIEW-V1
IT-TASAKI2020-0176	TASAKI2020	000044.0005	PG-TASAKI2020-0044	equation	equation (2.3.20)	NONE	PDF p. 44; print p. 29; §2.3; equation (2.3.20)	Chapter 02	chapter-02	PUBLIC-DOCS-SOURCE-ITEM-REVIEW-V1
IT-TASAKI2020-0177	TASAKI2020	000044.0006	PG-TASAKI2020-0044	equation	equation (2.3.21)	NONE	PDF p. 44; print p. 29; §2.3; equation (2.3.21)	Chapter 02	chapter-02	PUBLIC-DOCS-SOURCE-ITEM-REVIEW-V1
IT-TASAKI2020-0178	TASAKI2020	000044.0007	PG-TASAKI2020-0044	equation	equation (2.3.22)	NONE	PDF p. 44; print p. 29; §2.3; equation (2.3.22)	Chapter 02	chapter-02	PUBLIC-DOCS-SOURCE-ITEM-REVIEW-V1
IT-TASAKI2020-0179	TASAKI2020	000044.0008	PG-TASAKI2020-0044	equation	equation (2.3.23)	NONE	PDF p. 44; print p. 29; §2.3; equation (2.3.23)	Chapter 02	chapter-02	PUBLIC-DOCS-SOURCE-ITEM-REVIEW-V1
IT-TASAKI2020-0180	TASAKI2020	000044.0009	PG-TASAKI2020-0044	unlabeled	NONE	NONE	PDF p. 44; print p. 29; §2.3; paragraph 8	Chapter 02	chapter-02	PUBLIC-DOCS-SOURCE-ITEM-REVIEW-V1
IT-TASAKI2020-0181	TASAKI2020	000044.0010	PG-TASAKI2020-0044	unlabeled	NONE	NONE	PDF p. 44; print p. 29; §2.3; paragraph 9	Chapter 02	chapter-02	PUBLIC-DOCS-SOURCE-ITEM-REVIEW-V1
IT-TASAKI2020-0182	TASAKI2020	000045.0001	PG-TASAKI2020-0045	equation	equation (2.3.24)	NONE	PDF p. 45; print p. 30; §2.3; equation (2.3.24)	Chapter 02	chapter-02	PUBLIC-DOCS-SOURCE-ITEM-REVIEW-V1
IT-TASAKI2020-0183	TASAKI2020	000045.0002	PG-TASAKI2020-0045	equation	equation (2.3.25)	NONE	PDF p. 45; print p. 30; §2.3; equation (2.3.25)	Chapter 02	chapter-02	PUBLIC-DOCS-SOURCE-ITEM-REVIEW-V1
IT-TASAKI2020-0184	TASAKI2020	000045.0003	PG-TASAKI2020-0045	equation	equation (2.3.26)	NONE	PDF p. 45; print p. 30; §2.3; equation (2.3.26)	Chapter 02	chapter-02	PUBLIC-DOCS-SOURCE-ITEM-REVIEW-V1
IT-TASAKI2020-0185	TASAKI2020	000045.0004	PG-TASAKI2020-0045	equation	equation (2.3.27)	NONE	PDF p. 45; print p. 30; §2.3; equation (2.3.27)	Chapter 02	chapter-02	PUBLIC-DOCS-SOURCE-ITEM-REVIEW-V1
IT-TASAKI2020-0186	TASAKI2020	000045.0005	PG-TASAKI2020-0045	equation	equation (2.3.28)	NONE	PDF p. 45; print p. 30; §2.3; equation (2.3.28)	Chapter 02	chapter-02	PUBLIC-DOCS-SOURCE-ITEM-REVIEW-V1
IT-TASAKI2020-0187	TASAKI2020	000045.0006	PG-TASAKI2020-0045	unlabeled	NONE	NONE	PDF p. 45; print p. 30; §2.3; paragraph 11	Chapter 02	chapter-02	PUBLIC-DOCS-SOURCE-ITEM-REVIEW-V1
IT-TASAKI2020-0188	TASAKI2020	000046.0001	PG-TASAKI2020-0046	equation	equation (2.3.29)	NONE	PDF p. 46; print p. 31; §2.3; equation (2.3.29)	Chapter 02	chapter-02	PUBLIC-DOCS-SOURCE-ITEM-REVIEW-V1
IT-TASAKI2020-0189	TASAKI2020	000046.0002	PG-TASAKI2020-0046	equation	equation (2.3.30)	NONE	PDF p. 46; print p. 31; §2.3; equation (2.3.30)	Chapter 02	chapter-02	PUBLIC-DOCS-SOURCE-ITEM-REVIEW-V1
IT-TASAKI2020-0190	TASAKI2020	000046.0003	PG-TASAKI2020-0046	unlabeled	NONE	NONE	PDF p. 46; print p. 31; §2.3; paragraph 4	Chapter 02	chapter-02	PUBLIC-DOCS-SOURCE-ITEM-REVIEW-V1
IT-TASAKI2020-0191	TASAKI2020	000046.0004	PG-TASAKI2020-0046	equation	equation (2.3.31)	NONE	PDF p. 46; print p. 31; §2.3; equation (2.3.31)	Chapter 02	chapter-02	PUBLIC-DOCS-SOURCE-ITEM-REVIEW-V1
IT-TASAKI2020-0192	TASAKI2020	000046.0005	PG-TASAKI2020-0046	equation	equation (2.3.32)	NONE	PDF p. 46; print p. 31; §2.3; equation (2.3.32)	Chapter 02	chapter-02	PUBLIC-DOCS-SOURCE-ITEM-REVIEW-V1
IT-TASAKI2020-0193	TASAKI2020	000046.0006	PG-TASAKI2020-0046	problem	Problem 2.3.a	NONE	PDF p. 46; print p. 31; §2.3; Problem 2.3.a	Chapter 02	chapter-02	PUBLIC-DOCS-SOURCE-ITEM-REVIEW-V1
IT-TASAKI2020-0194	TASAKI2020	000047.0001	PG-TASAKI2020-0047	unlabeled	NONE	NONE	PDF p. 47; print p. 32; §2.4; paragraph 2	Chapter 02	chapter-02	PUBLIC-DOCS-SOURCE-ITEM-REVIEW-V1
IT-TASAKI2020-0195	TASAKI2020	000047.0002	PG-TASAKI2020-0047	equation	equation (2.4.1)	NONE	PDF p. 47; print p. 32; §2.4; equation (2.4.1)	Chapter 02	chapter-02	PUBLIC-DOCS-SOURCE-ITEM-REVIEW-V1
IT-TASAKI2020-0196	TASAKI2020	000047.0003	PG-TASAKI2020-0047	equation	equation (2.4.2)	NONE	PDF p. 47; print p. 32; §2.4; equation (2.4.2)	Chapter 02	chapter-02	PUBLIC-DOCS-SOURCE-ITEM-REVIEW-V1
IT-TASAKI2020-0197	TASAKI2020	000047.0004	PG-TASAKI2020-0047	unlabeled	NONE	NONE	PDF p. 47; print p. 32; §2.4; paragraph 4	Chapter 02	chapter-02	PUBLIC-DOCS-SOURCE-ITEM-REVIEW-V1
IT-TASAKI2020-0198	TASAKI2020	000047.0005	PG-TASAKI2020-0047	equation	equation (2.4.3)	NONE	PDF p. 47; print p. 32; §2.4; equation (2.4.3)	Chapter 02	chapter-02	PUBLIC-DOCS-SOURCE-ITEM-REVIEW-V1
IT-TASAKI2020-0199	TASAKI2020	000047.0006	PG-TASAKI2020-0047	equation	equation (2.4.4)	NONE	PDF p. 47; print p. 32; §2.4; equation (2.4.4)	Chapter 02	chapter-02	PUBLIC-DOCS-SOURCE-ITEM-REVIEW-V1
IT-TASAKI2020-0200	TASAKI2020	000047.0007	PG-TASAKI2020-0047	unlabeled	NONE	NONE	PDF p. 47; print p. 32; §2.4; paragraph 7	Chapter 02	chapter-02	PUBLIC-DOCS-SOURCE-ITEM-REVIEW-V1
IT-TASAKI2020-0201	TASAKI2020	000047.0008	PG-TASAKI2020-0047	equation	equation (2.4.5)	NONE	PDF p. 47; print p. 32; §2.4; equation (2.4.5)	Chapter 02	chapter-02	PUBLIC-DOCS-SOURCE-ITEM-REVIEW-V1
IT-TASAKI2020-0202	TASAKI2020	000048.0001	PG-TASAKI2020-0048	equation	equation (2.4.6)	NONE	PDF p. 48; print p. 33; §2.4; equation (2.4.6)	Chapter 02	chapter-02	PUBLIC-DOCS-SOURCE-ITEM-REVIEW-V1
IT-TASAKI2020-0203	TASAKI2020	000048.0002	PG-TASAKI2020-0048	equation	equation (2.4.7)	NONE	PDF p. 48; print p. 33; §2.4; equation (2.4.7)	Chapter 02	chapter-02	PUBLIC-DOCS-SOURCE-ITEM-REVIEW-V1
IT-TASAKI2020-0204	TASAKI2020	000048.0003	PG-TASAKI2020-0048	unlabeled	NONE	NONE	PDF p. 48; print p. 33; §2.4; paragraph 6	Chapter 02	chapter-02	PUBLIC-DOCS-SOURCE-ITEM-REVIEW-V1
IT-TASAKI2020-0205	TASAKI2020	000048.0004	PG-TASAKI2020-0048	equation	equation (2.4.8)	NONE	PDF p. 48; print p. 33; §2.4; equation (2.4.8)	Chapter 02	chapter-02	PUBLIC-DOCS-SOURCE-ITEM-REVIEW-V1
IT-TASAKI2020-0206	TASAKI2020	000048.0005	PG-TASAKI2020-0048	unlabeled	NONE	NONE	PDF p. 48; print p. 33; §2.4; paragraph 11	Chapter 02	chapter-02	PUBLIC-DOCS-SOURCE-ITEM-REVIEW-V1
IT-TASAKI2020-0207	TASAKI2020	000048.0006	PG-TASAKI2020-0048	unlabeled	NONE	NONE	PDF p. 48; print p. 33; §2.4; paragraph 13	Chapter 02	chapter-02	PUBLIC-DOCS-SOURCE-ITEM-REVIEW-V1
IT-TASAKI2020-0208	TASAKI2020	000048.0007	PG-TASAKI2020-0048	equation	equation (2.4.9)	NONE	PDF p. 48; print p. 33; §2.4; equation (2.4.9)	Chapter 02	chapter-02	PUBLIC-DOCS-SOURCE-ITEM-REVIEW-V1
IT-TASAKI2020-0209	TASAKI2020	000049.0001	PG-TASAKI2020-0049	theorem	Theorem 2.1	NONE	PDF p. 49; print p. 34; §2.4; Theorem 2.1	Chapter 02	chapter-02	PUBLIC-DOCS-SOURCE-ITEM-REVIEW-V1
IT-TASAKI2020-0210	TASAKI2020	000049.0002	PG-TASAKI2020-0049	equation	equation (2.4.10)	NONE	PDF p. 49; print p. 34; §2.4; equation (2.4.10)	Chapter 02	chapter-02	PUBLIC-DOCS-SOURCE-ITEM-REVIEW-V1
IT-TASAKI2020-0211	TASAKI2020	000049.0003	PG-TASAKI2020-0049	unlabeled	NONE	NONE	PDF p. 49; print p. 34; §2.4; paragraph 5, atom 1	Chapter 02	chapter-02	PUBLIC-DOCS-SOURCE-ITEM-REVIEW-V1
IT-TASAKI2020-0212	TASAKI2020	000049.0004	PG-TASAKI2020-0049	unlabeled	NONE	NONE	PDF p. 49; print p. 34; §2.4; paragraph 5, atom 2	Chapter 02	chapter-02	PUBLIC-DOCS-SOURCE-ITEM-REVIEW-V1
IT-TASAKI2020-0213	TASAKI2020	000049.0005	PG-TASAKI2020-0049	equation	equation (2.4.11)	NONE	PDF p. 49; print p. 34; §2.4; equation (2.4.11)	Chapter 02	chapter-02	PUBLIC-DOCS-SOURCE-ITEM-REVIEW-V1
IT-TASAKI2020-0214	TASAKI2020	000049.0006	PG-TASAKI2020-0049	problem	Problem 2.4.a	NONE	PDF p. 49; print p. 34; §2.4; Problem 2.4.a	Chapter 02	chapter-02	PUBLIC-DOCS-SOURCE-ITEM-REVIEW-V1
IT-TASAKI2020-0215	TASAKI2020	000049.0007	PG-TASAKI2020-0049	problem	Problem 2.4.b	NONE	PDF p. 49; print p. 34; §2.4; Problem 2.4.b	Chapter 02	chapter-02	PUBLIC-DOCS-SOURCE-ITEM-REVIEW-V1
IT-TASAKI2020-0216	TASAKI2020	000049.0008	PG-TASAKI2020-0049	problem	Problem 2.4.c	NONE	PDF p. 49; print p. 34; §2.4; Problem 2.4.c	Chapter 02	chapter-02	PUBLIC-DOCS-SOURCE-ITEM-REVIEW-V1
IT-TASAKI2020-0217	TASAKI2020	000049.0009	PG-TASAKI2020-0049	equation	equation (2.4.12)	NONE	PDF p. 49; print p. 34; §2.4; equation (2.4.12)	Chapter 02	chapter-02	PUBLIC-DOCS-SOURCE-ITEM-REVIEW-V1
IT-TASAKI2020-0218	TASAKI2020	000050.0001	PG-TASAKI2020-0050	unlabeled	NONE	NONE	PDF p. 50; print p. 35; §2.4; paragraph 2	Chapter 02	chapter-02	PUBLIC-DOCS-SOURCE-ITEM-REVIEW-V1
IT-TASAKI2020-0219	TASAKI2020	000050.0002	PG-TASAKI2020-0050	equation	equation (2.4.13)	NONE	PDF p. 50; print p. 35; §2.4; equation (2.4.13)	Chapter 02	chapter-02	PUBLIC-DOCS-SOURCE-ITEM-REVIEW-V1
IT-TASAKI2020-0220	TASAKI2020	000050.0003	PG-TASAKI2020-0050	equation	equation (2.4.14)	NONE	PDF p. 50; print p. 35; §2.4; equation (2.4.14)	Chapter 02	chapter-02	PUBLIC-DOCS-SOURCE-ITEM-REVIEW-V1
IT-TASAKI2020-0221	TASAKI2020	000050.0004	PG-TASAKI2020-0050	equation	equation (2.4.15)	NONE	PDF p. 50; print p. 35; §2.4; equation (2.4.15)	Chapter 02	chapter-02	PUBLIC-DOCS-SOURCE-ITEM-REVIEW-V1
IT-TASAKI2020-0222	TASAKI2020	000050.0005	PG-TASAKI2020-0050	problem	Problem 2.4.d	NONE	PDF p. 50; print p. 35; §2.4; Problem 2.4.d	Chapter 02	chapter-02	PUBLIC-DOCS-SOURCE-ITEM-REVIEW-V1
IT-TASAKI2020-0223	TASAKI2020	000050.0006	PG-TASAKI2020-0050	equation	equation (2.4.16)	NONE	PDF p. 50; print p. 35; §2.4; equation (2.4.16)	Chapter 02	chapter-02	PUBLIC-DOCS-SOURCE-ITEM-REVIEW-V1
IT-TASAKI2020-0224	TASAKI2020	000050.0007	PG-TASAKI2020-0050	equation	equation (2.4.17)	NONE	PDF p. 50; print p. 35; §2.4; equation (2.4.17)	Chapter 02	chapter-02	PUBLIC-DOCS-SOURCE-ITEM-REVIEW-V1
IT-TASAKI2020-0225	TASAKI2020	000050.0008	PG-TASAKI2020-0050	unlabeled	NONE	NONE	PDF p. 50; print p. 35; §2.4; paragraph 7	Chapter 02	chapter-02	PUBLIC-DOCS-SOURCE-ITEM-REVIEW-V1
IT-TASAKI2020-0226	TASAKI2020	000050.0009	PG-TASAKI2020-0050	equation	equation (2.4.18)	NONE	PDF p. 50; print p. 35; §2.4; equation (2.4.18)	Chapter 02	chapter-02	PUBLIC-DOCS-SOURCE-ITEM-REVIEW-V1
IT-TASAKI2020-0227	TASAKI2020	000051.0001	PG-TASAKI2020-0051	equation	equation (2.4.19)	NONE	PDF p. 51; print p. 36; §2.4; equation (2.4.19)	Chapter 02	chapter-02	PUBLIC-DOCS-SOURCE-ITEM-REVIEW-V1
IT-TASAKI2020-0228	TASAKI2020	000051.0002	PG-TASAKI2020-0051	equation	equation (2.4.20)	NONE	PDF p. 51; print p. 36; §2.4; equation (2.4.20)	Chapter 02	chapter-02	PUBLIC-DOCS-SOURCE-ITEM-REVIEW-V1
IT-TASAKI2020-0229	TASAKI2020	000051.0003	PG-TASAKI2020-0051	equation	equation (2.4.21)	NONE	PDF p. 51; print p. 36; §2.4; equation (2.4.21)	Chapter 02	chapter-02	PUBLIC-DOCS-SOURCE-ITEM-REVIEW-V1
IT-TASAKI2020-0230	TASAKI2020	000051.0004	PG-TASAKI2020-0051	equation	equation (2.4.22)	NONE	PDF p. 51; print p. 36; §2.4; equation (2.4.22)	Chapter 02	chapter-02	PUBLIC-DOCS-SOURCE-ITEM-REVIEW-V1
IT-TASAKI2020-0231	TASAKI2020	000051.0005	PG-TASAKI2020-0051	equation	equation (2.4.23)	NONE	PDF p. 51; print p. 36; §2.4; equation (2.4.23)	Chapter 02	chapter-02	PUBLIC-DOCS-SOURCE-ITEM-REVIEW-V1
IT-TASAKI2020-0232	TASAKI2020	000051.0006	PG-TASAKI2020-0051	equation	equation (2.4.24)	NONE	PDF p. 51; print p. 36; §2.4; equation (2.4.24)	Chapter 02	chapter-02	PUBLIC-DOCS-SOURCE-ITEM-REVIEW-V1
IT-TASAKI2020-0233	TASAKI2020	000052.0001	PG-TASAKI2020-0052	unlabeled	NONE	NONE	PDF p. 52; print p. 37; §2.5; paragraph 3, atom 1	Chapter 02	chapter-02	PUBLIC-DOCS-SOURCE-ITEM-REVIEW-V1
IT-TASAKI2020-0234	TASAKI2020	000052.0002	PG-TASAKI2020-0052	unlabeled	NONE	NONE	PDF p. 52; print p. 37; §2.5; paragraph 3, atom 2	Chapter 02	chapter-02	PUBLIC-DOCS-SOURCE-ITEM-REVIEW-V1
IT-TASAKI2020-0235	TASAKI2020	000052.0003	PG-TASAKI2020-0052	equation	equation (2.5.1)	NONE	PDF p. 52; print p. 37; §2.5; equation (2.5.1)	Chapter 02	chapter-02	PUBLIC-DOCS-SOURCE-ITEM-REVIEW-V1
IT-TASAKI2020-0236	TASAKI2020	000052.0004	PG-TASAKI2020-0052	equation	equation (2.5.2)	NONE	PDF p. 52; print p. 37; §2.5; equation (2.5.2)	Chapter 02	chapter-02	PUBLIC-DOCS-SOURCE-ITEM-REVIEW-V1
IT-TASAKI2020-0237	TASAKI2020	000052.0005	PG-TASAKI2020-0052	equation	equation (2.5.3)	NONE	PDF p. 52; print p. 37; §2.5; equation (2.5.3)	Chapter 02	chapter-02	PUBLIC-DOCS-SOURCE-ITEM-REVIEW-V1
IT-TASAKI2020-0238	TASAKI2020	000053.0001	PG-TASAKI2020-0053	problem	Problem 2.5.a	NONE	PDF p. 53; print p. 38; §2.5; Problem 2.5.a	Chapter 02	chapter-02	PUBLIC-DOCS-SOURCE-ITEM-REVIEW-V1
IT-TASAKI2020-0239	TASAKI2020	000053.0002	PG-TASAKI2020-0053	problem	Problem 2.5.b	NONE	PDF p. 53; print p. 38; §2.5; Problem 2.5.b	Chapter 02	chapter-02	PUBLIC-DOCS-SOURCE-ITEM-REVIEW-V1
IT-TASAKI2020-0240	TASAKI2020	000053.0004	PG-TASAKI2020-0053	unlabeled	NONE	NONE	PDF p. 53; print p. 38; §2.5; paragraph 5	Chapter 02	chapter-02	PUBLIC-DOCS-SOURCE-ITEM-REVIEW-V1
IT-TASAKI2020-0241	TASAKI2020	000053.0005	PG-TASAKI2020-0053	figure	Fig. 2.1	NONE	PDF p. 53; print p. 38; §2.5; Fig. 2.1	Chapter 02	chapter-02	PUBLIC-DOCS-SOURCE-ITEM-REVIEW-V1
IT-TASAKI2020-0242	TASAKI2020	000054.0001	PG-TASAKI2020-0054	unlabeled	NONE	NONE	PDF p. 54; print p. 39; §2.5; paragraph 2, atom 1	Chapter 02	chapter-02	PUBLIC-DOCS-SOURCE-ITEM-REVIEW-V1
IT-TASAKI2020-0243	TASAKI2020	000054.0002	PG-TASAKI2020-0054	theorem	Theorem 2.2	NONE	PDF p. 54; print p. 39; §2.5; Theorem 2.2	Chapter 02	chapter-02	PUBLIC-DOCS-SOURCE-ITEM-REVIEW-V1
IT-TASAKI2020-0244	TASAKI2020	000054.0003	PG-TASAKI2020-0054	unlabeled	NONE	NONE	PDF p. 54; print p. 39; §2.5; paragraph 2, atom 2	Chapter 02	chapter-02	PUBLIC-DOCS-SOURCE-ITEM-REVIEW-V1
IT-TASAKI2020-0245	TASAKI2020	000054.0004	PG-TASAKI2020-0054	equation	equation (2.5.4)	NONE	PDF p. 54; print p. 39; §2.5; equation (2.5.4)	Chapter 02	chapter-02	PUBLIC-DOCS-SOURCE-ITEM-REVIEW-V1
IT-TASAKI2020-0246	TASAKI2020	000054.0006	PG-TASAKI2020-0054	equation	equation (2.5.5)	NONE	PDF p. 54; print p. 39; §2.5; equation (2.5.5)	Chapter 02	chapter-02	PUBLIC-DOCS-SOURCE-ITEM-REVIEW-V1
IT-TASAKI2020-0247	TASAKI2020	000054.0007	PG-TASAKI2020-0054	problem	Problem 2.5.c	NONE	PDF p. 54; print p. 39; §2.5; Problem 2.5.c	Chapter 02	chapter-02	PUBLIC-DOCS-SOURCE-ITEM-REVIEW-V1
IT-TASAKI2020-0248	TASAKI2020	000054.0008	PG-TASAKI2020-0054	equation	equation (2.5.6)	NONE	PDF p. 54; print p. 39; §2.5; equation (2.5.6)	Chapter 02	chapter-02	PUBLIC-DOCS-SOURCE-ITEM-REVIEW-V1
IT-TASAKI2020-0249	TASAKI2020	000054.0009	PG-TASAKI2020-0054	footnote	Footnote 33	NONE	PDF p. 54; print p. 39; §2.5; Footnote 33	Chapter 02	chapter-02	PUBLIC-DOCS-SOURCE-ITEM-REVIEW-V1
IT-TASAKI2020-0250	TASAKI2020	000054.0010	PG-TASAKI2020-0054	footnote	Footnote 34	NONE	PDF p. 54; print p. 39; §2.5; Footnote 34	Chapter 02	chapter-02	PUBLIC-DOCS-SOURCE-ITEM-REVIEW-V1
IT-TASAKI2020-0251	TASAKI2020	000055.0001	PG-TASAKI2020-0055	problem	Problem 2.5.d	NONE	PDF p. 55; print p. 40; §2.5; Problem 2.5.d	Chapter 02	chapter-02	PUBLIC-DOCS-SOURCE-ITEM-REVIEW-V1
IT-TASAKI2020-0252	TASAKI2020	000055.0002	PG-TASAKI2020-0055	equation	equation (2.5.7)	NONE	PDF p. 55; print p. 40; §2.5; equation (2.5.7)	Chapter 02	chapter-02	PUBLIC-DOCS-SOURCE-ITEM-REVIEW-V1
IT-TASAKI2020-0253	TASAKI2020	000055.0003	PG-TASAKI2020-0055	unlabeled	NONE	NONE	PDF p. 55; print p. 40; §2.5; paragraph 4, atom 1	Chapter 02	chapter-02	PUBLIC-DOCS-SOURCE-ITEM-REVIEW-V1
IT-TASAKI2020-0254	TASAKI2020	000055.0004	PG-TASAKI2020-0055	equation	equation (2.5.8)	NONE	PDF p. 55; print p. 40; §2.5; equation (2.5.8)	Chapter 02	chapter-02	PUBLIC-DOCS-SOURCE-ITEM-REVIEW-V1
IT-TASAKI2020-0255	TASAKI2020	000055.0005	PG-TASAKI2020-0055	unlabeled	NONE	NONE	PDF p. 55; print p. 40; §2.5; paragraph 5	Chapter 02	chapter-02	PUBLIC-DOCS-SOURCE-ITEM-REVIEW-V1
IT-TASAKI2020-0256	TASAKI2020	000055.0006	PG-TASAKI2020-0055	unlabeled	NONE	NONE	PDF p. 55; print p. 40; §2.5; Proof of Theorem 2.2; item (ii)	Chapter 02	chapter-02	PUBLIC-DOCS-SOURCE-ITEM-REVIEW-V1
IT-TASAKI2020-0257	TASAKI2020	000055.0007	PG-TASAKI2020-0055	unlabeled	NONE	NONE	PDF p. 55; print p. 40; §2.5; Proof of Theorem 2.2; item (iii)	Chapter 02	chapter-02	PUBLIC-DOCS-SOURCE-ITEM-REVIEW-V1
IT-TASAKI2020-0258	TASAKI2020	000055.0008	PG-TASAKI2020-0055	unlabeled	NONE	NONE	PDF p. 55; print p. 40; §2.5; paragraph 6, atom 2	Chapter 02	chapter-02	PUBLIC-DOCS-SOURCE-ITEM-REVIEW-V1
IT-TASAKI2020-0259	TASAKI2020	000055.0009	PG-TASAKI2020-0055	equation	equation (2.5.9)	NONE	PDF p. 55; print p. 40; §2.5; equation (2.5.9)	Chapter 02	chapter-02	PUBLIC-DOCS-SOURCE-ITEM-REVIEW-V1
IT-TASAKI2020-0260	TASAKI2020	000055.0010	PG-TASAKI2020-0055	unlabeled	NONE	NONE	PDF p. 55; print p. 40; §2.5; paragraph 4, atom 2	Chapter 02	chapter-02	PUBLIC-DOCS-SOURCE-ITEM-REVIEW-V1
IT-TASAKI2020-0261	TASAKI2020	000056.0001	PG-TASAKI2020-0056	equation	equation (2.5.10)	NONE	PDF p. 56; print p. 41; §2.5; equation (2.5.10)	Chapter 02	chapter-02	PUBLIC-DOCS-SOURCE-ITEM-REVIEW-V1
IT-TASAKI2020-0262	TASAKI2020	000056.0002	PG-TASAKI2020-0056	equation	equation (2.5.11)	NONE	PDF p. 56; print p. 41; §2.5; equation (2.5.11)	Chapter 02	chapter-02	PUBLIC-DOCS-SOURCE-ITEM-REVIEW-V1
IT-TASAKI2020-0263	TASAKI2020	000056.0003	PG-TASAKI2020-0056	unlabeled	NONE	NONE	PDF p. 56; print p. 41; §2.5; paragraph 5	Chapter 02	chapter-02	PUBLIC-DOCS-SOURCE-ITEM-REVIEW-V1
IT-TASAKI2020-0264	TASAKI2020	000056.0004	PG-TASAKI2020-0056	equation	equation (2.5.12)	NONE	PDF p. 56; print p. 41; §2.5; equation (2.5.12)	Chapter 02	chapter-02	PUBLIC-DOCS-SOURCE-ITEM-REVIEW-V1
IT-TASAKI2020-0265	TASAKI2020	000056.0005	PG-TASAKI2020-0056	unlabeled	NONE	NONE	PDF p. 56; print p. 41; §2.5; paragraph 6, atom 1	Chapter 02	chapter-02	PUBLIC-DOCS-SOURCE-ITEM-REVIEW-V1
IT-TASAKI2020-0266	TASAKI2020	000056.0006	PG-TASAKI2020-0056	unlabeled	NONE	NONE	PDF p. 56; print p. 41; §2.5; paragraph 6, atom 2	Chapter 02	chapter-02	PUBLIC-DOCS-SOURCE-ITEM-REVIEW-V1
IT-TASAKI2020-0267	TASAKI2020	000056.0007	PG-TASAKI2020-0056	unlabeled	NONE	NONE	PDF p. 56; print p. 41; §2.5; paragraph 6, atom 3	Chapter 02	chapter-02	PUBLIC-DOCS-SOURCE-ITEM-REVIEW-V1
IT-TASAKI2020-0268	TASAKI2020	000057.0001	PG-TASAKI2020-0057	unlabeled	NONE	NONE	PDF p. 57; print p. 42; §2.5; paragraph 2, atom 1	Chapter 02	chapter-02	PUBLIC-DOCS-SOURCE-ITEM-REVIEW-V1
IT-TASAKI2020-0269	TASAKI2020	000057.0002	PG-TASAKI2020-0057	unlabeled	NONE	NONE	PDF p. 57; print p. 42; §2.5; paragraph 2, atom 2	Chapter 02	chapter-02	PUBLIC-DOCS-SOURCE-ITEM-REVIEW-V1
IT-TASAKI2020-0270	TASAKI2020	000057.0003	PG-TASAKI2020-0057	unlabeled	NONE	NONE	PDF p. 57; print p. 42; §2.5; paragraph 2, atom 4	Chapter 02	chapter-02	PUBLIC-DOCS-SOURCE-ITEM-REVIEW-V1
IT-TASAKI2020-0271	TASAKI2020	000057.0004	PG-TASAKI2020-0057	unlabeled	NONE	NONE	PDF p. 57; print p. 42; §2.5; paragraph 3	Chapter 02	chapter-02	PUBLIC-DOCS-SOURCE-ITEM-REVIEW-V1
IT-TASAKI2020-0272	TASAKI2020	000057.0005	PG-TASAKI2020-0057	unlabeled	NONE	NONE	PDF p. 57; print p. 42; §2.5; paragraph 4, atom 1	Chapter 02	chapter-02	PUBLIC-DOCS-SOURCE-ITEM-REVIEW-V1
IT-TASAKI2020-0273	TASAKI2020	000057.0006	PG-TASAKI2020-0057	unlabeled	NONE	NONE	PDF p. 57; print p. 42; §2.5; paragraph 4, atom 2	Chapter 02	chapter-02	PUBLIC-DOCS-SOURCE-ITEM-REVIEW-V1
IT-TASAKI2020-0274	TASAKI2020	000057.0007	PG-TASAKI2020-0057	unlabeled	NONE	NONE	PDF p. 57; print p. 42; §2.5; paragraph 4, atom 3	Chapter 02	chapter-02	PUBLIC-DOCS-SOURCE-ITEM-REVIEW-V1
IT-TASAKI2020-0275	TASAKI2020	000057.0008	PG-TASAKI2020-0057	unlabeled	NONE	NONE	PDF p. 57; print p. 42; §2.5; paragraph 4, atom 4	Chapter 02	chapter-02	PUBLIC-DOCS-SOURCE-ITEM-REVIEW-V1
IT-TASAKI2020-0276	TASAKI2020	000057.0009	PG-TASAKI2020-0057	unlabeled	NONE	NONE	PDF p. 57; print p. 42; §2.5; paragraph 6, atom 1	Chapter 02	chapter-02	PUBLIC-DOCS-SOURCE-ITEM-REVIEW-V1
IT-TASAKI2020-0277	TASAKI2020	000057.0010	PG-TASAKI2020-0057	unlabeled	NONE	NONE	PDF p. 57; print p. 42; §2.5; paragraph 6, atom 2	Chapter 02	chapter-02	PUBLIC-DOCS-SOURCE-ITEM-REVIEW-V1
IT-TASAKI2020-0278	TASAKI2020	000057.0011	PG-TASAKI2020-0057	theorem	Theorem 2.3	NONE	PDF p. 57; print p. 42; §2.5; Theorem 2.3	Chapter 02	chapter-02	PUBLIC-DOCS-SOURCE-ITEM-REVIEW-V1
IT-TASAKI2020-0279	TASAKI2020	000058.0001	PG-TASAKI2020-0058	unlabeled	NONE	NONE	PDF p. 58; print p. 43; §2.5; paragraph 2	Chapter 02	chapter-02	PUBLIC-DOCS-SOURCE-ITEM-REVIEW-V1
IT-TASAKI2020-0280	TASAKI2020	000058.0002	PG-TASAKI2020-0058	unlabeled	NONE	NONE	PDF p. 58; print p. 43; §2.5; paragraph 4	Chapter 02	chapter-02	PUBLIC-DOCS-SOURCE-ITEM-REVIEW-V1
IT-TASAKI2020-0281	TASAKI2020	000058.0003	PG-TASAKI2020-0058	equation	equation (2.5.13)	NONE	PDF p. 58; print p. 43; §2.5; equation (2.5.13)	Chapter 02	chapter-02	PUBLIC-DOCS-SOURCE-ITEM-REVIEW-V1
IT-TASAKI2020-0282	TASAKI2020	000058.0004	PG-TASAKI2020-0058	unlabeled	NONE	NONE	PDF p. 58; print p. 43; §2.5; paragraph 5	Chapter 02	chapter-02	PUBLIC-DOCS-SOURCE-ITEM-REVIEW-V1
IT-TASAKI2020-0283	TASAKI2020	000058.0005	PG-TASAKI2020-0058	equation	equation (2.5.14)	NONE	PDF p. 58; print p. 43; §2.5; equation (2.5.14)	Chapter 02	chapter-02	PUBLIC-DOCS-SOURCE-ITEM-REVIEW-V1
IT-TASAKI2020-0284	TASAKI2020	000058.0006	PG-TASAKI2020-0058	theorem	Theorem 2.4	NONE	PDF p. 58; print p. 43; §2.5; Theorem 2.4	Chapter 02	chapter-02	PUBLIC-DOCS-SOURCE-ITEM-REVIEW-V1
IT-TASAKI2020-0285	TASAKI2020	000058.0008	PG-TASAKI2020-0058	unlabeled	NONE	NONE	PDF p. 58; print p. 43; §2.5; paragraph 7	Chapter 02	chapter-02	PUBLIC-DOCS-SOURCE-ITEM-REVIEW-V1
IT-TASAKI2020-0286	TASAKI2020	000059.0001	PG-TASAKI2020-0059	unlabeled	NONE	NONE	PDF p. 59; print p. 44; §2.5; paragraph 2, atom 1	Chapter 02	chapter-02	PUBLIC-DOCS-SOURCE-ITEM-REVIEW-V1
IT-TASAKI2020-0287	TASAKI2020	000059.0002	PG-TASAKI2020-0059	unlabeled	NONE	NONE	PDF p. 59; print p. 44; §2.5; paragraph 2, atom 2	Chapter 02	chapter-02	PUBLIC-DOCS-SOURCE-ITEM-REVIEW-V1
IT-TASAKI2020-0288	TASAKI2020	000059.0003	PG-TASAKI2020-0059	unlabeled	NONE	NONE	PDF p. 59; print p. 44; §2.5; paragraph 2, atom 3	Chapter 02	chapter-02	PUBLIC-DOCS-SOURCE-ITEM-REVIEW-V1
IT-TASAKI2020-0289	TASAKI2020	000059.0004	PG-TASAKI2020-0059	equation	equation (2.5.15)	NONE	PDF p. 59; print p. 44; §2.5; equation (2.5.15)	Chapter 02	chapter-02	PUBLIC-DOCS-SOURCE-ITEM-REVIEW-V1
IT-TASAKI2020-0290	TASAKI2020	000059.0005	PG-TASAKI2020-0059	equation	equation (2.5.16)	NONE	PDF p. 59; print p. 44; §2.5; equation (2.5.16)	Chapter 02	chapter-02	PUBLIC-DOCS-SOURCE-ITEM-REVIEW-V1
IT-TASAKI2020-0291	TASAKI2020	000059.0006	PG-TASAKI2020-0059	unlabeled	NONE	NONE	PDF p. 59; print p. 44; §2.5; paragraph 4, atom 1	Chapter 02	chapter-02	PUBLIC-DOCS-SOURCE-ITEM-REVIEW-V1
IT-TASAKI2020-0292	TASAKI2020	000059.0007	PG-TASAKI2020-0059	unlabeled	NONE	NONE	PDF p. 59; print p. 44; §2.5; paragraph 4, atom 2	Chapter 02	chapter-02	PUBLIC-DOCS-SOURCE-ITEM-REVIEW-V1
IT-TASAKI2020-0293	TASAKI2020	000063.0001	PG-TASAKI2020-0063	equation	equation (3.1.1)	NONE	PDF p. 63; print p. 49; §3.1; equation (3.1.1)	Chapter 03	chapter-03	PUBLIC-DOCS-SOURCE-ITEM-REVIEW-V1
IT-TASAKI2020-0294	TASAKI2020	000063.0002	PG-TASAKI2020-0063	unlabeled	NONE	NONE	PDF p. 63; print p. 49; §3.1; paragraph 5	Chapter 03	chapter-03	PUBLIC-DOCS-SOURCE-ITEM-REVIEW-V1
IT-TASAKI2020-0295	TASAKI2020	000064.0001	PG-TASAKI2020-0064	figure	Fig. 3.1	NONE	PDF p. 64; print p. 50; §3.1; Fig. 3.1	Chapter 03	chapter-03	PUBLIC-DOCS-SOURCE-ITEM-REVIEW-V1
IT-TASAKI2020-0296	TASAKI2020	000064.0002	PG-TASAKI2020-0064	note	Note unnumbered line 31	NONE	PDF p. 64; print p. 50; §3.1; Note unnumbered line 31	Chapter 03	chapter-03	PUBLIC-DOCS-SOURCE-ITEM-REVIEW-V1
IT-TASAKI2020-0297	TASAKI2020	000065.0001	PG-TASAKI2020-0065	unlabeled	NONE	NONE	PDF p. 65; print p. 51; §3.1; paragraph 3, atom 2	Chapter 03	chapter-03	PUBLIC-DOCS-SOURCE-ITEM-REVIEW-V1
IT-TASAKI2020-0298	TASAKI2020	000065.0002	PG-TASAKI2020-0065	equation	equation (3.1.2)	NONE	PDF p. 65; print p. 51; §3.1; equation (3.1.2)	Chapter 03	chapter-03	PUBLIC-DOCS-SOURCE-ITEM-REVIEW-V1
IT-TASAKI2020-0299	TASAKI2020	000065.0003	PG-TASAKI2020-0065	equation	equation (3.1.3)	NONE	PDF p. 65; print p. 51; §3.1; equation (3.1.3)	Chapter 03	chapter-03	PUBLIC-DOCS-SOURCE-ITEM-REVIEW-V1
IT-TASAKI2020-0300	TASAKI2020	000066.0001	PG-TASAKI2020-0066	unlabeled	NONE	NONE	PDF p. 66; print p. 52; §3.2; paragraph 5, atom 1	Chapter 03	chapter-03	PUBLIC-DOCS-SOURCE-ITEM-REVIEW-V1
IT-TASAKI2020-0301	TASAKI2020	000066.0002	PG-TASAKI2020-0066	unlabeled	NONE	NONE	PDF p. 66; print p. 52; §3.2; paragraph 5, atom 2	Chapter 03	chapter-03	PUBLIC-DOCS-SOURCE-ITEM-REVIEW-V1
IT-TASAKI2020-0302	TASAKI2020	000066.0003	PG-TASAKI2020-0066	equation	equation (3.2.1)	NONE	PDF p. 66; print p. 52; §3.2; equation (3.2.1)	Chapter 03	chapter-03	PUBLIC-DOCS-SOURCE-ITEM-REVIEW-V1
IT-TASAKI2020-0303	TASAKI2020	000066.0004	PG-TASAKI2020-0066	equation	equation (3.2.2)	NONE	PDF p. 66; print p. 52; §3.2; equation (3.2.2)	Chapter 03	chapter-03	PUBLIC-DOCS-SOURCE-ITEM-REVIEW-V1
IT-TASAKI2020-0304	TASAKI2020	000066.0005	PG-TASAKI2020-0066	unlabeled	NONE	NONE	PDF p. 66; print p. 52; §3.2; paragraph 9	Chapter 03	chapter-03	PUBLIC-DOCS-SOURCE-ITEM-REVIEW-V1
IT-TASAKI2020-0305	TASAKI2020	000066.0006	PG-TASAKI2020-0066	figure	Fig. 3.2	NONE	PDF p. 66; print p. 52; §3.1; Fig. 3.2	Chapter 03	chapter-03	PUBLIC-DOCS-SOURCE-ITEM-REVIEW-V1
IT-TASAKI2020-0306	TASAKI2020	000067.0001	PG-TASAKI2020-0067	unlabeled	NONE	NONE	PDF p. 67; print p. 53; §3.2; paragraph 2	Chapter 03	chapter-03	PUBLIC-DOCS-SOURCE-ITEM-REVIEW-V1
IT-TASAKI2020-0307	TASAKI2020	000067.0002	PG-TASAKI2020-0067	equation	equation (3.2.3)	NONE	PDF p. 67; print p. 53; §3.2; equation (3.2.3)	Chapter 03	chapter-03	PUBLIC-DOCS-SOURCE-ITEM-REVIEW-V1
IT-TASAKI2020-0308	TASAKI2020	000067.0003	PG-TASAKI2020-0067	equation	equation (3.2.4)	NONE	PDF p. 67; print p. 53; §3.2; equation (3.2.4)	Chapter 03	chapter-03	PUBLIC-DOCS-SOURCE-ITEM-REVIEW-V1
IT-TASAKI2020-0309	TASAKI2020	000067.0004	PG-TASAKI2020-0067	equation	equation (3.2.5)	NONE	PDF p. 67; print p. 53; §3.2; equation (3.2.5)	Chapter 03	chapter-03	PUBLIC-DOCS-SOURCE-ITEM-REVIEW-V1
IT-TASAKI2020-0310	TASAKI2020	000067.0005	PG-TASAKI2020-0067	equation	equation (3.2.6)	NONE	PDF p. 67; print p. 53; §3.2; equation (3.2.6)	Chapter 03	chapter-03	PUBLIC-DOCS-SOURCE-ITEM-REVIEW-V1
IT-TASAKI2020-0311	TASAKI2020	000067.0006	PG-TASAKI2020-0067	equation	equation (3.2.7)	NONE	PDF p. 67; print p. 53; §3.2; equation (3.2.7)	Chapter 03	chapter-03	PUBLIC-DOCS-SOURCE-ITEM-REVIEW-V1
IT-TASAKI2020-0312	TASAKI2020	000067.0007	PG-TASAKI2020-0067	unlabeled	NONE	NONE	PDF p. 67; print p. 53; §3.2; paragraph 9	Chapter 03	chapter-03	PUBLIC-DOCS-SOURCE-ITEM-REVIEW-V1
IT-TASAKI2020-0313	TASAKI2020	000068.0001	PG-TASAKI2020-0068	equation	equation (3.2.8)	NONE	PDF p. 68; print p. 54; §3.2; equation (3.2.8)	Chapter 03	chapter-03	PUBLIC-DOCS-SOURCE-ITEM-REVIEW-V1
IT-TASAKI2020-0314	TASAKI2020	000068.0002	PG-TASAKI2020-0068	unlabeled	NONE	NONE	PDF p. 68; print p. 54; §3.2; paragraph 3	Chapter 03	chapter-03	PUBLIC-DOCS-SOURCE-ITEM-REVIEW-V1
IT-TASAKI2020-0315	TASAKI2020	000068.0003	PG-TASAKI2020-0068	equation	equation (3.2.9)	NONE	PDF p. 68; print p. 54; §3.2; equation (3.2.9)	Chapter 03	chapter-03	PUBLIC-DOCS-SOURCE-ITEM-REVIEW-V1
IT-TASAKI2020-0316	TASAKI2020	000068.0004	PG-TASAKI2020-0068	equation	equation (3.2.10)	NONE	PDF p. 68; print p. 54; §3.2; equation (3.2.10)	Chapter 03	chapter-03	PUBLIC-DOCS-SOURCE-ITEM-REVIEW-V1
IT-TASAKI2020-0317	TASAKI2020	000068.0005	PG-TASAKI2020-0068	equation	equation (3.2.11)	NONE	PDF p. 68; print p. 54; §3.2; equation (3.2.11)	Chapter 03	chapter-03	PUBLIC-DOCS-SOURCE-ITEM-REVIEW-V1
IT-TASAKI2020-0318	TASAKI2020	000068.0006	PG-TASAKI2020-0068	unlabeled	NONE	NONE	PDF p. 68; print p. 54; §3.2; paragraph 6	Chapter 03	chapter-03	PUBLIC-DOCS-SOURCE-ITEM-REVIEW-V1
IT-TASAKI2020-0319	TASAKI2020	000068.0007	PG-TASAKI2020-0068	equation	equation (3.2.12)	NONE	PDF p. 68; print p. 54; §3.2; equation (3.2.12)	Chapter 03	chapter-03	PUBLIC-DOCS-SOURCE-ITEM-REVIEW-V1
IT-TASAKI2020-0320	TASAKI2020	000069.0001	PG-TASAKI2020-0069	equation	equation (3.2.13)	NONE	PDF p. 69; print p. 55; §3.2; equation (3.2.13)	Chapter 03	chapter-03	PUBLIC-DOCS-SOURCE-ITEM-REVIEW-V1
IT-TASAKI2020-0321	TASAKI2020	000069.0002	PG-TASAKI2020-0069	equation	equation (3.2.14)	NONE	PDF p. 69; print p. 55; §3.2; equation (3.2.14)	Chapter 03	chapter-03	PUBLIC-DOCS-SOURCE-ITEM-REVIEW-V1
IT-TASAKI2020-0322	TASAKI2020	000069.0003	PG-TASAKI2020-0069	equation	equation (3.2.15)	NONE	PDF p. 69; print p. 55; §3.2; equation (3.2.15)	Chapter 03	chapter-03	PUBLIC-DOCS-SOURCE-ITEM-REVIEW-V1
IT-TASAKI2020-0323	TASAKI2020	000069.0004	PG-TASAKI2020-0069	equation	equation (3.2.16)	NONE	PDF p. 69; print p. 55; §3.2; equation (3.2.16)	Chapter 03	chapter-03	PUBLIC-DOCS-SOURCE-ITEM-REVIEW-V1
IT-TASAKI2020-0324	TASAKI2020	000069.0005	PG-TASAKI2020-0069	equation	equation (3.2.17)	NONE	PDF p. 69; print p. 55; §3.2; equation (3.2.17)	Chapter 03	chapter-03	PUBLIC-DOCS-SOURCE-ITEM-REVIEW-V1
IT-TASAKI2020-0325	TASAKI2020	000070.0001	PG-TASAKI2020-0070	unlabeled	NONE	NONE	PDF p. 70; print p. 56; §3.3; paragraph 2	Chapter 03	chapter-03	PUBLIC-DOCS-SOURCE-ITEM-REVIEW-V1
IT-TASAKI2020-0326	TASAKI2020	000070.0002	PG-TASAKI2020-0070	equation	equation (3.3.1)	NONE	PDF p. 70; print p. 56; §3.3; equation (3.3.1)	Chapter 03	chapter-03	PUBLIC-DOCS-SOURCE-ITEM-REVIEW-V1
IT-TASAKI2020-0327	TASAKI2020	000070.0003	PG-TASAKI2020-0070	unlabeled	NONE	NONE	PDF p. 70; print p. 56; §3.3; paragraph 3, atom 1	Chapter 03	chapter-03	PUBLIC-DOCS-SOURCE-ITEM-REVIEW-V1
IT-TASAKI2020-0328	TASAKI2020	000070.0004	PG-TASAKI2020-0070	unlabeled	NONE	NONE	PDF p. 70; print p. 56; §3.3; paragraph 3, atom 2	Chapter 03	chapter-03	PUBLIC-DOCS-SOURCE-ITEM-REVIEW-V1
IT-TASAKI2020-0329	TASAKI2020	000070.0005	PG-TASAKI2020-0070	equation	equation (3.3.2)	NONE	PDF p. 70; print p. 56; §3.3; equation (3.3.2)	Chapter 03	chapter-03	PUBLIC-DOCS-SOURCE-ITEM-REVIEW-V1
IT-TASAKI2020-0330	TASAKI2020	000070.0006	PG-TASAKI2020-0070	unlabeled	NONE	NONE	PDF p. 70; print p. 56; §3.3; paragraph 5, atom 1	Chapter 03	chapter-03	PUBLIC-DOCS-SOURCE-ITEM-REVIEW-V1
IT-TASAKI2020-0331	TASAKI2020	000070.0007	PG-TASAKI2020-0070	unlabeled	NONE	NONE	PDF p. 70; print p. 56; §3.3; paragraph 5, atom 2	Chapter 03	chapter-03	PUBLIC-DOCS-SOURCE-ITEM-REVIEW-V1
IT-TASAKI2020-0332	TASAKI2020	000071.0001	PG-TASAKI2020-0071	equation	equation (3.3.3)	NONE	PDF p. 71; print p. 57; §3.3; equation (3.3.3)	Chapter 03	chapter-03	PUBLIC-DOCS-SOURCE-ITEM-REVIEW-V1
IT-TASAKI2020-0333	TASAKI2020	000071.0002	PG-TASAKI2020-0071	equation	equation (3.3.4)	NONE	PDF p. 71; print p. 57; §3.3; equation (3.3.4)	Chapter 03	chapter-03	PUBLIC-DOCS-SOURCE-ITEM-REVIEW-V1
IT-TASAKI2020-0334	TASAKI2020	000071.0003	PG-TASAKI2020-0071	equation	equation (3.3.5)	NONE	PDF p. 71; print p. 57; §3.3; equation (3.3.5)	Chapter 03	chapter-03	PUBLIC-DOCS-SOURCE-ITEM-REVIEW-V1
IT-TASAKI2020-0335	TASAKI2020	000071.0004	PG-TASAKI2020-0071	equation	equation (3.3.6)	NONE	PDF p. 71; print p. 57; §3.3; equation (3.3.6)	Chapter 03	chapter-03	PUBLIC-DOCS-SOURCE-ITEM-REVIEW-V1
IT-TASAKI2020-0336	TASAKI2020	000071.0005	PG-TASAKI2020-0071	unlabeled	NONE	NONE	PDF p. 71; print p. 57; §3.3; paragraph 5, atom 1	Chapter 03	chapter-03	PUBLIC-DOCS-SOURCE-ITEM-REVIEW-V1
IT-TASAKI2020-0337	TASAKI2020	000071.0006	PG-TASAKI2020-0071	unlabeled	NONE	NONE	PDF p. 71; print p. 57; §3.3; paragraph 5, atom 2	Chapter 03	chapter-03	PUBLIC-DOCS-SOURCE-ITEM-REVIEW-V1
IT-TASAKI2020-0338	TASAKI2020	000071.0007	PG-TASAKI2020-0071	unlabeled	NONE	NONE	PDF p. 71; print p. 57; §3.3; paragraph 5, atom 3	Chapter 03	chapter-03	PUBLIC-DOCS-SOURCE-ITEM-REVIEW-V1
IT-TASAKI2020-0339	TASAKI2020	000071.0008	PG-TASAKI2020-0071	equation	equation (3.3.7)	NONE	PDF p. 71; print p. 57; §3.3; equation (3.3.7)	Chapter 03	chapter-03	PUBLIC-DOCS-SOURCE-ITEM-REVIEW-V1
IT-TASAKI2020-0340	TASAKI2020	000072.0001	PG-TASAKI2020-0072	unlabeled	NONE	NONE	PDF p. 72; print p. 58; §3.3; paragraph 6	Chapter 03	chapter-03	PUBLIC-DOCS-SOURCE-ITEM-REVIEW-V1
IT-TASAKI2020-0341	TASAKI2020	000072.0002	PG-TASAKI2020-0072	equation	equation (3.3.8)	NONE	PDF p. 72; print p. 58; §3.3; equation (3.3.8)	Chapter 03	chapter-03	PUBLIC-DOCS-SOURCE-ITEM-REVIEW-V1
IT-TASAKI2020-0342	TASAKI2020	000072.0003	PG-TASAKI2020-0072	equation	equation (3.3.9)	NONE	PDF p. 72; print p. 58; §3.3; equation (3.3.9)	Chapter 03	chapter-03	PUBLIC-DOCS-SOURCE-ITEM-REVIEW-V1
IT-TASAKI2020-0343	TASAKI2020	000072.0004	PG-TASAKI2020-0072	unlabeled	NONE	NONE	PDF p. 72; print p. 58; §3.3; paragraph 11	Chapter 03	chapter-03	PUBLIC-DOCS-SOURCE-ITEM-REVIEW-V1
IT-TASAKI2020-0344	TASAKI2020	000072.0005	PG-TASAKI2020-0072	figure	Fig. 3.3	NONE	PDF p. 72; print p. 58; §3.3; Fig. 3.3	Chapter 03	chapter-03	PUBLIC-DOCS-SOURCE-ITEM-REVIEW-V1
IT-TASAKI2020-0345	TASAKI2020	000073.0001	PG-TASAKI2020-0073	problem	Problem 3.3.a	NONE	PDF p. 73; print p. 59; §3.3; Problem 3.3.a	Chapter 03	chapter-03	PUBLIC-DOCS-SOURCE-ITEM-REVIEW-V1
IT-TASAKI2020-0346	TASAKI2020	000073.0002	PG-TASAKI2020-0073	equation	equation (3.3.10)	NONE	PDF p. 73; print p. 59; §3.3; equation (3.3.10)	Chapter 03	chapter-03	PUBLIC-DOCS-SOURCE-ITEM-REVIEW-V1
IT-TASAKI2020-0347	TASAKI2020	000073.0003	PG-TASAKI2020-0073	equation	equation (3.3.11)	NONE	PDF p. 73; print p. 59; §3.3; equation (3.3.11)	Chapter 03	chapter-03	PUBLIC-DOCS-SOURCE-ITEM-REVIEW-V1
IT-TASAKI2020-0348	TASAKI2020	000073.0004	PG-TASAKI2020-0073	equation	equation (3.3.12)	NONE	PDF p. 73; print p. 59; §3.3; equation (3.3.12)	Chapter 03	chapter-03	PUBLIC-DOCS-SOURCE-ITEM-REVIEW-V1
IT-TASAKI2020-0349	TASAKI2020	000074.0001	PG-TASAKI2020-0074	unlabeled	NONE	NONE	PDF p. 74; print p. 60; §3.3; paragraph 2	Chapter 03	chapter-03	PUBLIC-DOCS-SOURCE-ITEM-REVIEW-V1
IT-TASAKI2020-0350	TASAKI2020	000074.0002	PG-TASAKI2020-0074	equation	equation (3.3.13)	NONE	PDF p. 74; print p. 60; §3.3; equation (3.3.13)	Chapter 03	chapter-03	PUBLIC-DOCS-SOURCE-ITEM-REVIEW-V1
IT-TASAKI2020-0351	TASAKI2020	000074.0003	PG-TASAKI2020-0074	equation	equation (3.3.14)	NONE	PDF p. 74; print p. 60; §3.3; equation (3.3.14)	Chapter 03	chapter-03	PUBLIC-DOCS-SOURCE-ITEM-REVIEW-V1
IT-TASAKI2020-0352	TASAKI2020	000074.0004	PG-TASAKI2020-0074	equation	equation (3.3.15)	NONE	PDF p. 74; print p. 60; §3.3; equation (3.3.15)	Chapter 03	chapter-03	PUBLIC-DOCS-SOURCE-ITEM-REVIEW-V1
IT-TASAKI2020-0353	TASAKI2020	000075.0001	PG-TASAKI2020-0075	unlabeled	NONE	NONE	PDF p. 75; print p. 61; §3.3; paragraph 2, atom 1	Chapter 03	chapter-03	PUBLIC-DOCS-SOURCE-ITEM-REVIEW-V1
IT-TASAKI2020-0354	TASAKI2020	000075.0002	PG-TASAKI2020-0075	unlabeled	NONE	NONE	PDF p. 75; print p. 61; §3.3; paragraph 2, atom 2	Chapter 03	chapter-03	PUBLIC-DOCS-SOURCE-ITEM-REVIEW-V1
IT-TASAKI2020-0355	TASAKI2020	000075.0003	PG-TASAKI2020-0075	unlabeled	NONE	NONE	PDF p. 75; print p. 61; §3.3; paragraph 2, atom 3	Chapter 03	chapter-03	PUBLIC-DOCS-SOURCE-ITEM-REVIEW-V1
IT-TASAKI2020-0356	TASAKI2020	000075.0004	PG-TASAKI2020-0075	equation	equation (3.3.16)	NONE	PDF p. 75; print p. 61; §3.3; equation (3.3.16)	Chapter 03	chapter-03	PUBLIC-DOCS-SOURCE-ITEM-REVIEW-V1
IT-TASAKI2020-0357	TASAKI2020	000075.0005	PG-TASAKI2020-0075	unlabeled	NONE	NONE	PDF p. 75; print p. 61; §3.3; paragraph 4	Chapter 03	chapter-03	PUBLIC-DOCS-SOURCE-ITEM-REVIEW-V1
IT-TASAKI2020-0358	TASAKI2020	000076.0001	PG-TASAKI2020-0076	unlabeled	NONE	NONE	PDF p. 76; print p. 62; §3.3; paragraph 3	Chapter 03	chapter-03	PUBLIC-DOCS-SOURCE-ITEM-REVIEW-V1
IT-TASAKI2020-0359	TASAKI2020	000076.0002	PG-TASAKI2020-0076	unlabeled	NONE	NONE	PDF p. 76; print p. 62; §3.3; paragraph 6	Chapter 03	chapter-03	PUBLIC-DOCS-SOURCE-ITEM-REVIEW-V1
IT-TASAKI2020-0360	TASAKI2020	000077.0001	PG-TASAKI2020-0077	equation	equation (3.3.17)	NONE	PDF p. 77; print p. 63; §3.3; equation (3.3.17)	Chapter 03	chapter-03	PUBLIC-DOCS-SOURCE-ITEM-REVIEW-V1
IT-TASAKI2020-0361	TASAKI2020	000077.0002	PG-TASAKI2020-0077	unlabeled	NONE	NONE	PDF p. 77; print p. 63; §3.3; paragraph 8, atom 1	Chapter 03	chapter-03	PUBLIC-DOCS-SOURCE-ITEM-REVIEW-V1
IT-TASAKI2020-0362	TASAKI2020	000077.0003	PG-TASAKI2020-0077	unlabeled	NONE	NONE	PDF p. 77; print p. 63; §3.3; paragraph 8, atom 2	Chapter 03	chapter-03	PUBLIC-DOCS-SOURCE-ITEM-REVIEW-V1
IT-TASAKI2020-0363	TASAKI2020	000079.0001	PG-TASAKI2020-0079	equation	equation (3.4.1)	NONE	PDF p. 79; print p. 65; §3.4; equation (3.4.1)	Chapter 03	chapter-03	PUBLIC-DOCS-SOURCE-ITEM-REVIEW-V1
IT-TASAKI2020-0364	TASAKI2020	000079.0002	PG-TASAKI2020-0079	unlabeled	NONE	NONE	PDF p. 79; print p. 65; §3.4; paragraph 3, atom 1	Chapter 03	chapter-03	PUBLIC-DOCS-SOURCE-ITEM-REVIEW-V1
IT-TASAKI2020-0365	TASAKI2020	000079.0003	PG-TASAKI2020-0079	equation	equation (3.4.2)	NONE	PDF p. 79; print p. 65; §3.4; equation (3.4.2)	Chapter 03	chapter-03	PUBLIC-DOCS-SOURCE-ITEM-REVIEW-V1
IT-TASAKI2020-0366	TASAKI2020	000079.0004	PG-TASAKI2020-0079	unlabeled	NONE	NONE	PDF p. 79; print p. 65; §3.4; paragraph 4, atom 1	Chapter 03	chapter-03	PUBLIC-DOCS-SOURCE-ITEM-REVIEW-V1
IT-TASAKI2020-0367	TASAKI2020	000079.0005	PG-TASAKI2020-0079	unlabeled	NONE	NONE	PDF p. 79; print p. 65; §3.4; paragraph 4, atom 2	Chapter 03	chapter-03	PUBLIC-DOCS-SOURCE-ITEM-REVIEW-V1
IT-TASAKI2020-0368	TASAKI2020	000079.0006	PG-TASAKI2020-0079	equation	equation (3.4.3)	NONE	PDF p. 79; print p. 65; §3.4; equation (3.4.3)	Chapter 03	chapter-03	PUBLIC-DOCS-SOURCE-ITEM-REVIEW-V1
IT-TASAKI2020-0369	TASAKI2020	000079.0007	PG-TASAKI2020-0079	equation	equation (3.4.4)	NONE	PDF p. 79; print p. 65; §3.4; equation (3.4.4)	Chapter 03	chapter-03	PUBLIC-DOCS-SOURCE-ITEM-REVIEW-V1
IT-TASAKI2020-0370	TASAKI2020	000079.0008	PG-TASAKI2020-0079	unlabeled	NONE	NONE	PDF p. 79; print p. 65; §3.4; paragraph 9, atom 1	Chapter 03	chapter-03	PUBLIC-DOCS-SOURCE-ITEM-REVIEW-V1
IT-TASAKI2020-0371	TASAKI2020	000079.0009	PG-TASAKI2020-0079	unlabeled	NONE	NONE	PDF p. 79; print p. 65; §3.4; paragraph 9, atom 2	Chapter 03	chapter-03	PUBLIC-DOCS-SOURCE-ITEM-REVIEW-V1
IT-TASAKI2020-0372	TASAKI2020	000079.0010	PG-TASAKI2020-0079	unlabeled	NONE	NONE	PDF p. 79; print p. 65; §3.4; paragraph 9, atom 3	Chapter 03	chapter-03	PUBLIC-DOCS-SOURCE-ITEM-REVIEW-V1
IT-TASAKI2020-0373	TASAKI2020	000080.0001	PG-TASAKI2020-0080	equation	equation (3.4.5)	NONE	PDF p. 80; print p. 66; §3.4; equation (3.4.5)	Chapter 03	chapter-03	PUBLIC-DOCS-SOURCE-ITEM-REVIEW-V1
IT-TASAKI2020-0374	TASAKI2020	000080.0002	PG-TASAKI2020-0080	unlabeled	NONE	NONE	PDF p. 80; print p. 66; §3.4; paragraph 3	Chapter 03	chapter-03	PUBLIC-DOCS-SOURCE-ITEM-REVIEW-V1
IT-TASAKI2020-0375	TASAKI2020	000080.0003	PG-TASAKI2020-0080	equation	equation (3.4.6)	NONE	PDF p. 80; print p. 66; §3.4; equation (3.4.6)	Chapter 03	chapter-03	PUBLIC-DOCS-SOURCE-ITEM-REVIEW-V1
IT-TASAKI2020-0376	TASAKI2020	000080.0004	PG-TASAKI2020-0080	equation	equation (3.4.7)	NONE	PDF p. 80; print p. 66; §3.4; equation (3.4.7)	Chapter 03	chapter-03	PUBLIC-DOCS-SOURCE-ITEM-REVIEW-V1
IT-TASAKI2020-0377	TASAKI2020	000080.0005	PG-TASAKI2020-0080	unlabeled	NONE	NONE	PDF p. 80; print p. 66; §3.4; paragraph 7	Chapter 03	chapter-03	PUBLIC-DOCS-SOURCE-ITEM-REVIEW-V1
IT-TASAKI2020-0378	TASAKI2020	000080.0006	PG-TASAKI2020-0080	equation	equation (3.4.8)	NONE	PDF p. 80; print p. 66; §3.4; equation (3.4.8)	Chapter 03	chapter-03	PUBLIC-DOCS-SOURCE-ITEM-REVIEW-V1
IT-TASAKI2020-0379	TASAKI2020	000080.0007	PG-TASAKI2020-0080	equation	equation (3.4.9)	NONE	PDF p. 80; print p. 66; §3.4; equation (3.4.9)	Chapter 03	chapter-03	PUBLIC-DOCS-SOURCE-ITEM-REVIEW-V1
IT-TASAKI2020-0380	TASAKI2020	000081.0001	PG-TASAKI2020-0081	equation	equation (3.4.10)	NONE	PDF p. 81; print p. 67; §3.4; equation (3.4.10)	Chapter 03	chapter-03	PUBLIC-DOCS-SOURCE-ITEM-REVIEW-V1
IT-TASAKI2020-0381	TASAKI2020	000081.0002	PG-TASAKI2020-0081	equation	equation (3.4.11)	NONE	PDF p. 81; print p. 67; §3.4; equation (3.4.11)	Chapter 03	chapter-03	PUBLIC-DOCS-SOURCE-ITEM-REVIEW-V1
IT-TASAKI2020-0382	TASAKI2020	000081.0003	PG-TASAKI2020-0081	equation	equation (3.4.12)	NONE	PDF p. 81; print p. 67; §3.4; equation (3.4.12)	Chapter 03	chapter-03	PUBLIC-DOCS-SOURCE-ITEM-REVIEW-V1
IT-TASAKI2020-0383	TASAKI2020	000081.0004	PG-TASAKI2020-0081	theorem	Theorem 3.1	NONE	PDF p. 81; print p. 67; §3.4; Theorem 3.1	Chapter 03	chapter-03	PUBLIC-DOCS-SOURCE-ITEM-REVIEW-V1
IT-TASAKI2020-0384	TASAKI2020	000081.0005	PG-TASAKI2020-0081	unlabeled	NONE	NONE	PDF p. 81; print p. 67; §3.4; paragraph 4, atom 1	Chapter 03	chapter-03	PUBLIC-DOCS-SOURCE-ITEM-REVIEW-V1
IT-TASAKI2020-0385	TASAKI2020	000081.0006	PG-TASAKI2020-0081	problem	Problem 3.4.a	NONE	PDF p. 81; print p. 67; §3.4; Problem 3.4.a	Chapter 03	chapter-03	PUBLIC-DOCS-SOURCE-ITEM-REVIEW-V1
IT-TASAKI2020-0386	TASAKI2020	000082.0001	PG-TASAKI2020-0082	unlabeled	NONE	NONE	PDF p. 82; print p. 68; §3.4; paragraph 2	Chapter 03	chapter-03	PUBLIC-DOCS-SOURCE-ITEM-REVIEW-V1
IT-TASAKI2020-0387	TASAKI2020	000082.0002	PG-TASAKI2020-0082	equation	equation (3.4.13)	NONE	PDF p. 82; print p. 68; §3.4; equation (3.4.13)	Chapter 03	chapter-03	PUBLIC-DOCS-SOURCE-ITEM-REVIEW-V1
IT-TASAKI2020-0388	TASAKI2020	000082.0003	PG-TASAKI2020-0082	equation	equation (3.4.14)	NONE	PDF p. 82; print p. 68; §3.4; equation (3.4.14)	Chapter 03	chapter-03	PUBLIC-DOCS-SOURCE-ITEM-REVIEW-V1
IT-TASAKI2020-0389	TASAKI2020	000082.0004	PG-TASAKI2020-0082	unlabeled	NONE	NONE	PDF p. 82; print p. 68; §3.4; paragraph 5	Chapter 03	chapter-03	PUBLIC-DOCS-SOURCE-ITEM-REVIEW-V1
IT-TASAKI2020-0390	TASAKI2020	000082.0005	PG-TASAKI2020-0082	equation	equation (3.4.15)	NONE	PDF p. 82; print p. 68; §3.4; equation (3.4.15)	Chapter 03	chapter-03	PUBLIC-DOCS-SOURCE-ITEM-REVIEW-V1
IT-TASAKI2020-0391	TASAKI2020	000082.0006	PG-TASAKI2020-0082	equation	equation (3.4.16)	NONE	PDF p. 82; print p. 68; §3.4; equation (3.4.16)	Chapter 03	chapter-03	PUBLIC-DOCS-SOURCE-ITEM-REVIEW-V1
IT-TASAKI2020-0392	TASAKI2020	000082.0007	PG-TASAKI2020-0082	unlabeled	NONE	NONE	PDF p. 82; print p. 68; §3.4; paragraph 7, atom 1	Chapter 03	chapter-03	PUBLIC-DOCS-SOURCE-ITEM-REVIEW-V1
IT-TASAKI2020-0393	TASAKI2020	000082.0008	PG-TASAKI2020-0082	unlabeled	NONE	NONE	PDF p. 82; print p. 68; §3.4; paragraph 7, atom 2	Chapter 03	chapter-03	PUBLIC-DOCS-SOURCE-ITEM-REVIEW-V1
IT-TASAKI2020-0394	TASAKI2020	000083.0001	PG-TASAKI2020-0083	unlabeled	NONE	NONE	PDF p. 83; print p. 69; §3.4; paragraph 3	Chapter 03	chapter-03	PUBLIC-DOCS-SOURCE-ITEM-REVIEW-V1
IT-TASAKI2020-0395	TASAKI2020	000083.0002	PG-TASAKI2020-0083	equation	equation (3.4.17)	NONE	PDF p. 83; print p. 69; §3.4; equation (3.4.17)	Chapter 03	chapter-03	PUBLIC-DOCS-SOURCE-ITEM-REVIEW-V1
IT-TASAKI2020-0396	TASAKI2020	000083.0003	PG-TASAKI2020-0083	problem	Problem 3.4.b	NONE	PDF p. 83; print p. 69; §3.4; Problem 3.4.b	Chapter 03	chapter-03	PUBLIC-DOCS-SOURCE-ITEM-REVIEW-V1
IT-TASAKI2020-0397	TASAKI2020	000083.0004	PG-TASAKI2020-0083	equation	equation (3.4.18)	NONE	PDF p. 83; print p. 69; §3.4; equation (3.4.18)	Chapter 03	chapter-03	PUBLIC-DOCS-SOURCE-ITEM-REVIEW-V1
IT-TASAKI2020-0398	TASAKI2020	000083.0005	PG-TASAKI2020-0083	equation	equation (3.4.19)	NONE	PDF p. 83; print p. 69; §3.4; equation (3.4.19)	Chapter 03	chapter-03	PUBLIC-DOCS-SOURCE-ITEM-REVIEW-V1
IT-TASAKI2020-0399	TASAKI2020	000084.0001	PG-TASAKI2020-0084	equation	equation (3.4.20)	NONE	PDF p. 84; print p. 70; §3.4; equation (3.4.20)	Chapter 03	chapter-03	PUBLIC-DOCS-SOURCE-ITEM-REVIEW-V1
IT-TASAKI2020-0400	TASAKI2020	000084.0002	PG-TASAKI2020-0084	equation	equation (3.4.21)	NONE	PDF p. 84; print p. 70; §3.4; equation (3.4.21)	Chapter 03	chapter-03	PUBLIC-DOCS-SOURCE-ITEM-REVIEW-V1
IT-TASAKI2020-0401	TASAKI2020	000084.0003	PG-TASAKI2020-0084	unlabeled	NONE	NONE	PDF p. 84; print p. 70; §3.4; paragraph 5	Chapter 03	chapter-03	PUBLIC-DOCS-SOURCE-ITEM-REVIEW-V1
IT-TASAKI2020-0402	TASAKI2020	000084.0004	PG-TASAKI2020-0084	theorem	Theorem 3.2	NONE	PDF p. 84; print p. 70; §3.4; Theorem 3.2	Chapter 03	chapter-03	PUBLIC-DOCS-SOURCE-ITEM-REVIEW-V1
IT-TASAKI2020-0403	TASAKI2020	000084.0005	PG-TASAKI2020-0084	equation	equation (3.4.22)	NONE	PDF p. 84; print p. 70; §3.4; equation (3.4.22)	Chapter 03	chapter-03	PUBLIC-DOCS-SOURCE-ITEM-REVIEW-V1
IT-TASAKI2020-0404	TASAKI2020	000084.0006	PG-TASAKI2020-0084	note	Note unnumbered line 35	NONE	PDF p. 84; print p. 70; §3.4; Note unnumbered line 35	Chapter 03	chapter-03	PUBLIC-DOCS-SOURCE-ITEM-REVIEW-V1
IT-TASAKI2020-0405	TASAKI2020	000087.0001	PG-TASAKI2020-0087	equation	equation (4.1.1)	NONE	PDF p. 87; print p. 74; §4.1.1; equation (4.1.1)	Chapter 04	chapter-04	PUBLIC-DOCS-SOURCE-ITEM-REVIEW-V1
IT-TASAKI2020-0406	TASAKI2020	000087.0002	PG-TASAKI2020-0087	equation	equation (4.1.2)	NONE	PDF p. 87; print p. 74; §4.1.1; equation (4.1.2)	Chapter 04	chapter-04	PUBLIC-DOCS-SOURCE-ITEM-REVIEW-V1
IT-TASAKI2020-0407	TASAKI2020	000087.0003	PG-TASAKI2020-0087	equation	equation (4.1.3)	NONE	PDF p. 87; print p. 74; §4.1.1; equation (4.1.3)	Chapter 04	chapter-04	PUBLIC-DOCS-SOURCE-ITEM-REVIEW-V1
IT-TASAKI2020-0408	TASAKI2020	000087.0004	PG-TASAKI2020-0087	unlabeled	NONE	NONE	PDF p. 87; print p. 74; §4.1.1; paragraph 7, atom 1	Chapter 04	chapter-04	PUBLIC-DOCS-SOURCE-ITEM-REVIEW-V1
IT-TASAKI2020-0409	TASAKI2020	000087.0005	PG-TASAKI2020-0087	unlabeled	NONE	NONE	PDF p. 87; print p. 74; §4.1.1; paragraph 7, atom 2	Chapter 04	chapter-04	PUBLIC-DOCS-SOURCE-ITEM-REVIEW-V1
IT-TASAKI2020-0410	TASAKI2020	000087.0006	PG-TASAKI2020-0087	equation	equation (4.1.4)	NONE	PDF p. 87; print p. 74; §4.1.1; equation (4.1.4)	Chapter 04	chapter-04	PUBLIC-DOCS-SOURCE-ITEM-REVIEW-V1
IT-TASAKI2020-0411	TASAKI2020	000087.0007	PG-TASAKI2020-0087	equation	equation (4.1.5)	NONE	PDF p. 87; print p. 74; §4.1.1; equation (4.1.5)	Chapter 04	chapter-04	PUBLIC-DOCS-SOURCE-ITEM-REVIEW-V1
IT-TASAKI2020-0412	TASAKI2020	000087.0008	PG-TASAKI2020-0087	unlabeled	NONE	NONE	PDF p. 87; print p. 74; §4.1.1; paragraph 8	Chapter 04	chapter-04	PUBLIC-DOCS-SOURCE-ITEM-REVIEW-V1
IT-TASAKI2020-0413	TASAKI2020	000087.0009	PG-TASAKI2020-0087	unlabeled	NONE	NONE	PDF p. 87; print p. 74; §4.1.1; paragraph 9	Chapter 04	chapter-04	PUBLIC-DOCS-SOURCE-ITEM-REVIEW-V1
IT-TASAKI2020-0414	TASAKI2020	000087.0010	PG-TASAKI2020-0087	equation	equation (4.1.6)	NONE	PDF p. 87; print p. 74; §4.1.1; equation (4.1.6)	Chapter 04	chapter-04	PUBLIC-DOCS-SOURCE-ITEM-REVIEW-V1
IT-TASAKI2020-0415	TASAKI2020	000087.0011	PG-TASAKI2020-0087	note	Note unnumbered line 13	NONE	PDF p. 87; print p. 74; §4.1.1; Note unnumbered line 13	Chapter 04	chapter-04	PUBLIC-DOCS-SOURCE-ITEM-REVIEW-V1
IT-TASAKI2020-0416	TASAKI2020	000088.0001	PG-TASAKI2020-0088	unlabeled	NONE	NONE	PDF p. 88; print p. 75; §4.1.1; paragraph 2, atom 1	Chapter 04	chapter-04	PUBLIC-DOCS-SOURCE-ITEM-REVIEW-V1
IT-TASAKI2020-0417	TASAKI2020	000088.0002	PG-TASAKI2020-0088	theorem	Theorem 4.1	NONE	PDF p. 88; print p. 75; §4.1.1; Theorem 4.1	Chapter 04	chapter-04	PUBLIC-DOCS-SOURCE-ITEM-REVIEW-V1
IT-TASAKI2020-0418	TASAKI2020	000088.0003	PG-TASAKI2020-0088	equation	equation (4.1.7)	NONE	PDF p. 88; print p. 75; §4.1.1; equation (4.1.7)	Chapter 04	chapter-04	PUBLIC-DOCS-SOURCE-ITEM-REVIEW-V1
IT-TASAKI2020-0419	TASAKI2020	000088.0004	PG-TASAKI2020-0088	unlabeled	NONE	NONE	PDF p. 88; print p. 75; §4.1.1; paragraph 3	Chapter 04	chapter-04	PUBLIC-DOCS-SOURCE-ITEM-REVIEW-V1
IT-TASAKI2020-0420	TASAKI2020	000088.0005	PG-TASAKI2020-0088	unlabeled	NONE	NONE	PDF p. 88; print p. 75; §4.1.1; paragraph 4, atom 1	Chapter 04	chapter-04	PUBLIC-DOCS-SOURCE-ITEM-REVIEW-V1
IT-TASAKI2020-0421	TASAKI2020	000088.0006	PG-TASAKI2020-0088	unlabeled	NONE	NONE	PDF p. 88; print p. 75; §4.1.1; paragraph 4, atom 2	Chapter 04	chapter-04	PUBLIC-DOCS-SOURCE-ITEM-REVIEW-V1
IT-TASAKI2020-0422	TASAKI2020	000088.0007	PG-TASAKI2020-0088	note	Note unnumbered line 38	NONE	PDF p. 88; print p. 75; §4.1.1; Note unnumbered line 38	Chapter 04	chapter-04	PUBLIC-DOCS-SOURCE-ITEM-REVIEW-V1
IT-TASAKI2020-0423	TASAKI2020	000089.0001	PG-TASAKI2020-0089	equation	equation (4.1.8)	NONE	PDF p. 89; print p. 76; §4.1.1; equation (4.1.8)	Chapter 04	chapter-04	PUBLIC-DOCS-SOURCE-ITEM-REVIEW-V1
IT-TASAKI2020-0424	TASAKI2020	000089.0002	PG-TASAKI2020-0089	equation	equation (4.1.9)	NONE	PDF p. 89; print p. 76; §4.1.1; equation (4.1.9)	Chapter 04	chapter-04	PUBLIC-DOCS-SOURCE-ITEM-REVIEW-V1
IT-TASAKI2020-0425	TASAKI2020	000089.0003	PG-TASAKI2020-0089	unlabeled	NONE	NONE	PDF p. 89; print p. 76; §4.1.1; paragraph 4	Chapter 04	chapter-04	PUBLIC-DOCS-SOURCE-ITEM-REVIEW-V1
IT-TASAKI2020-0426	TASAKI2020	000089.0004	PG-TASAKI2020-0089	theorem	Theorem 4.2	NONE	PDF p. 89; print p. 76; §4.1.1; Theorem 4.2	Chapter 04	chapter-04	PUBLIC-DOCS-SOURCE-ITEM-REVIEW-V1
IT-TASAKI2020-0427	TASAKI2020	000090.0001	PG-TASAKI2020-0090	equation	equation (4.1.10)	NONE	PDF p. 90; print p. 77; §4.1.1; equation (4.1.10)	Chapter 04	chapter-04	PUBLIC-DOCS-SOURCE-ITEM-REVIEW-V1
IT-TASAKI2020-0428	TASAKI2020	000090.0002	PG-TASAKI2020-0090	corollary	Corollary 4.3	NONE	PDF p. 90; print p. 77; §4.1.1; Corollary 4.3	Chapter 04	chapter-04	PUBLIC-DOCS-SOURCE-ITEM-REVIEW-V1
IT-TASAKI2020-0429	TASAKI2020	000090.0003	PG-TASAKI2020-0090	equation	equation (4.1.11)	NONE	PDF p. 90; print p. 77; §4.1.1; equation (4.1.11)	Chapter 04	chapter-04	PUBLIC-DOCS-SOURCE-ITEM-REVIEW-V1
IT-TASAKI2020-0430	TASAKI2020	000090.0004	PG-TASAKI2020-0090	unlabeled	NONE	NONE	PDF p. 90; print p. 77; §4.1.1; paragraph 4, atom 1	Chapter 04	chapter-04	PUBLIC-DOCS-SOURCE-ITEM-REVIEW-V1
IT-TASAKI2020-0431	TASAKI2020	000090.0005	PG-TASAKI2020-0090	unlabeled	NONE	NONE	PDF p. 90; print p. 77; §4.1.1; paragraph 4, atom 2	Chapter 04	chapter-04	PUBLIC-DOCS-SOURCE-ITEM-REVIEW-V1
IT-TASAKI2020-0432	TASAKI2020	000090.0006	PG-TASAKI2020-0090	equation	equation (4.1.12)	NONE	PDF p. 90; print p. 77; §4.1.1; equation (4.1.12)	Chapter 04	chapter-04	PUBLIC-DOCS-SOURCE-ITEM-REVIEW-V1
IT-TASAKI2020-0433	TASAKI2020	000091.0001	PG-TASAKI2020-0091	unlabeled	NONE	NONE	PDF p. 91; print p. 78; §4.1.1; paragraph 2	Chapter 04	chapter-04	PUBLIC-DOCS-SOURCE-ITEM-REVIEW-V1
IT-TASAKI2020-0434	TASAKI2020	000091.0002	PG-TASAKI2020-0091	theorem	Theorem 4.4	NONE	PDF p. 91; print p. 78; §4.1.1; Theorem 4.4	Chapter 04	chapter-04	PUBLIC-DOCS-SOURCE-ITEM-REVIEW-V1
IT-TASAKI2020-0435	TASAKI2020	000091.0003	PG-TASAKI2020-0091	equation	equation (4.1.13)	NONE	PDF p. 91; print p. 78; §4.1.1; equation (4.1.13)	Chapter 04	chapter-04	PUBLIC-DOCS-SOURCE-ITEM-REVIEW-V1
IT-TASAKI2020-0436	TASAKI2020	000091.0004	PG-TASAKI2020-0091	unlabeled	NONE	NONE	PDF p. 91; print p. 78; §4.1.1; paragraph 4, atom 1	Chapter 04	chapter-04	PUBLIC-DOCS-SOURCE-ITEM-REVIEW-V1
IT-TASAKI2020-0437	TASAKI2020	000091.0005	PG-TASAKI2020-0091	unlabeled	NONE	NONE	PDF p. 91; print p. 78; §4.1.1; paragraph 4, atom 2	Chapter 04	chapter-04	PUBLIC-DOCS-SOURCE-ITEM-REVIEW-V1
IT-TASAKI2020-0438	TASAKI2020	000091.0006	PG-TASAKI2020-0091	equation	equation (4.1.14)	NONE	PDF p. 91; print p. 78; §4.1.1; equation (4.1.14)	Chapter 04	chapter-04	PUBLIC-DOCS-SOURCE-ITEM-REVIEW-V1
IT-TASAKI2020-0439	TASAKI2020	000091.0007	PG-TASAKI2020-0091	equation	equation (4.1.15)	NONE	PDF p. 91; print p. 78; §4.1.1; equation (4.1.15)	Chapter 04	chapter-04	PUBLIC-DOCS-SOURCE-ITEM-REVIEW-V1
IT-TASAKI2020-0440	TASAKI2020	000091.0008	PG-TASAKI2020-0091	equation	equation (4.1.16)	NONE	PDF p. 91; print p. 78; §4.1.1; equation (4.1.16)	Chapter 04	chapter-04	PUBLIC-DOCS-SOURCE-ITEM-REVIEW-V1
IT-TASAKI2020-0441	TASAKI2020	000092.0001	PG-TASAKI2020-0092	unlabeled	NONE	NONE	PDF p. 92; print p. 79; §4.1.2; opening paragraph	Chapter 04	chapter-04	PUBLIC-DOCS-SOURCE-ITEM-REVIEW-V1
IT-TASAKI2020-0442	TASAKI2020	000092.0005	PG-TASAKI2020-0092	unlabeled	NONE	NONE	PDF p. 92; print p. 79; §4.1.2; mathematical-core paragraph	Chapter 04	chapter-04	PUBLIC-DOCS-SOURCE-ITEM-REVIEW-V1
IT-TASAKI2020-0443	TASAKI2020	000092.0009	PG-TASAKI2020-0092	unlabeled	NONE	NONE	PDF p. 92; print p. 79; §4.1.2; limitations paragraph	Chapter 04	chapter-04	PUBLIC-DOCS-SOURCE-ITEM-REVIEW-V1
IT-TASAKI2020-0444	TASAKI2020	000092.0012	PG-TASAKI2020-0092	unlabeled	NONE	NONE	PDF p. 92; print p. 79; §4.1.2; “Long-range order and the infrared bound”; opening paragraph	Chapter 04	chapter-04	PUBLIC-DOCS-SOURCE-ITEM-REVIEW-V1
IT-TASAKI2020-0445	TASAKI2020	000093.0001	PG-TASAKI2020-0093	equation	equation (4.1.17)	NONE	PDF p. 93; print p. 80; §4.1.2; equation (4.1.17)	Chapter 04	chapter-04	PUBLIC-DOCS-SOURCE-ITEM-REVIEW-V1
IT-TASAKI2020-0446	TASAKI2020	000093.0002	PG-TASAKI2020-0093	equation	equation (4.1.18)	NONE	PDF p. 93; print p. 80; §4.1.2; equation (4.1.18)	Chapter 04	chapter-04	PUBLIC-DOCS-SOURCE-ITEM-REVIEW-V1
IT-TASAKI2020-0447	TASAKI2020	000093.0003	PG-TASAKI2020-0093	equation	equation (4.1.19)	NONE	PDF p. 93; print p. 80; §4.1.2; equation (4.1.19)	Chapter 04	chapter-04	PUBLIC-DOCS-SOURCE-ITEM-REVIEW-V1
IT-TASAKI2020-0448	TASAKI2020	000093.0004	PG-TASAKI2020-0093	equation	equation (4.1.20)	NONE	PDF p. 93; print p. 80; §4.1.2; equation (4.1.20)	Chapter 04	chapter-04	PUBLIC-DOCS-SOURCE-ITEM-REVIEW-V1
IT-TASAKI2020-0449	TASAKI2020	000093.0005	PG-TASAKI2020-0093	equation	equation (4.1.21)	NONE	PDF p. 93; print p. 80; §4.1.2; equation (4.1.21)	Chapter 04	chapter-04	PUBLIC-DOCS-SOURCE-ITEM-REVIEW-V1
IT-TASAKI2020-0450	TASAKI2020	000093.0006	PG-TASAKI2020-0093	equation	equation (4.1.22)	NONE	PDF p. 93; print p. 80; §4.1.2; equation (4.1.22)	Chapter 04	chapter-04	PUBLIC-DOCS-SOURCE-ITEM-REVIEW-V1
IT-TASAKI2020-0451	TASAKI2020	000094.0001	PG-TASAKI2020-0094	equation	equation (4.1.23)	NONE	PDF p. 94; print p. 81; §4.1.2; equation (4.1.23)	Chapter 04	chapter-04	PUBLIC-DOCS-SOURCE-ITEM-REVIEW-V1
IT-TASAKI2020-0452	TASAKI2020	000094.0002	PG-TASAKI2020-0094	equation	equation (4.1.24)	NONE	PDF p. 94; print p. 81; §4.1.2; equation (4.1.24)	Chapter 04	chapter-04	PUBLIC-DOCS-SOURCE-ITEM-REVIEW-V1
IT-TASAKI2020-0453	TASAKI2020	000094.0003	PG-TASAKI2020-0094	equation	equation (4.1.25)	NONE	PDF p. 94; print p. 81; §4.1.2; equation (4.1.25)	Chapter 04	chapter-04	PUBLIC-DOCS-SOURCE-ITEM-REVIEW-V1
IT-TASAKI2020-0454	TASAKI2020	000094.0004	PG-TASAKI2020-0094	equation	equation (4.1.26)	NONE	PDF p. 94; print p. 81; §4.1.2; equation (4.1.26)	Chapter 04	chapter-04	PUBLIC-DOCS-SOURCE-ITEM-REVIEW-V1
IT-TASAKI2020-0455	TASAKI2020	000094.0005	PG-TASAKI2020-0094	unlabeled	NONE	NONE	PDF p. 94; print p. 81; §4.1.2; paragraph 7; atom 1	Chapter 04	chapter-04	PUBLIC-DOCS-SOURCE-ITEM-REVIEW-V1
IT-TASAKI2020-0456	TASAKI2020	000094.0006	PG-TASAKI2020-0094	unlabeled	NONE	NONE	PDF p. 94; print p. 81; §4.1.2; paragraph 7; atom 2	Chapter 04	chapter-04	PUBLIC-DOCS-SOURCE-ITEM-REVIEW-V1
IT-TASAKI2020-0457	TASAKI2020	000094.0007	PG-TASAKI2020-0094	unlabeled	NONE	NONE	PDF p. 94; print p. 81; §4.1.2; paragraph 7; audit split atom 4/4	Chapter 04	chapter-04	PUBLIC-DOCS-SOURCE-ITEM-REVIEW-V1
IT-TASAKI2020-0458	TASAKI2020	000094.0008	PG-TASAKI2020-0094	equation	equation (4.1.27)	NONE	PDF p. 94; print p. 81; §4.1.2; equation (4.1.27)	Chapter 04	chapter-04	PUBLIC-DOCS-SOURCE-ITEM-REVIEW-V1
IT-TASAKI2020-0459	TASAKI2020	000094.0009	PG-TASAKI2020-0094	equation	equation (4.1.28)	NONE	PDF p. 94; print p. 81; §4.1.2; equation (4.1.28)	Chapter 04	chapter-04	PUBLIC-DOCS-SOURCE-ITEM-REVIEW-V1
IT-TASAKI2020-0460	TASAKI2020	000095.0001	PG-TASAKI2020-0095	equation	equation (4.1.29)	NONE	PDF p. 95; print p. 82; §4.1.2; equation (4.1.29)	Chapter 04	chapter-04	PUBLIC-DOCS-SOURCE-ITEM-REVIEW-V1
IT-TASAKI2020-0461	TASAKI2020	000095.0002	PG-TASAKI2020-0095	unlabeled	NONE	NONE	PDF p. 95; print p. 82; §4.1.2; paragraph 3	Chapter 04	chapter-04	PUBLIC-DOCS-SOURCE-ITEM-REVIEW-V1
IT-TASAKI2020-0462	TASAKI2020	000095.0003	PG-TASAKI2020-0095	unlabeled	NONE	NONE	PDF p. 95; print p. 82; §4.1.2; paragraph 4, atom 1	Chapter 04	chapter-04	PUBLIC-DOCS-SOURCE-ITEM-REVIEW-V1
IT-TASAKI2020-0463	TASAKI2020	000095.0004	PG-TASAKI2020-0095	unlabeled	NONE	NONE	PDF p. 95; print p. 82; §4.1.2; paragraph 4, atom 2	Chapter 04	chapter-04	PUBLIC-DOCS-SOURCE-ITEM-REVIEW-V1
IT-TASAKI2020-0464	TASAKI2020	000095.0005	PG-TASAKI2020-0095	equation	equation (4.1.30)	NONE	PDF p. 95; print p. 82; §4.1.2; equation (4.1.30)	Chapter 04	chapter-04	PUBLIC-DOCS-SOURCE-ITEM-REVIEW-V1
IT-TASAKI2020-0465	TASAKI2020	000095.0006	PG-TASAKI2020-0095	equation	equation (4.1.31)	NONE	PDF p. 95; print p. 82; §4.1.2; equation (4.1.31)	Chapter 04	chapter-04	PUBLIC-DOCS-SOURCE-ITEM-REVIEW-V1
IT-TASAKI2020-0466	TASAKI2020	000096.0001	PG-TASAKI2020-0096	equation	equation (4.1.32)	NONE	PDF p. 96; print p. 83; §4.1.2; equation (4.1.32)	Chapter 04	chapter-04	PUBLIC-DOCS-SOURCE-ITEM-REVIEW-V1
IT-TASAKI2020-0467	TASAKI2020	000096.0002	PG-TASAKI2020-0096	equation	equation (4.1.33)	NONE	PDF p. 96; print p. 83; §4.1.2; equation (4.1.33)	Chapter 04	chapter-04	PUBLIC-DOCS-SOURCE-ITEM-REVIEW-V1
IT-TASAKI2020-0468	TASAKI2020	000096.0003	PG-TASAKI2020-0096	unlabeled	NONE	NONE	PDF p. 96; print p. 83; §4.1.2; paragraph 4	Chapter 04	chapter-04	PUBLIC-DOCS-SOURCE-ITEM-REVIEW-V1
IT-TASAKI2020-0469	TASAKI2020	000096.0004	PG-TASAKI2020-0096	equation	equation (4.1.34)	NONE	PDF p. 96; print p. 83; §4.1.2; equation (4.1.34)	Chapter 04	chapter-04	PUBLIC-DOCS-SOURCE-ITEM-REVIEW-V1
IT-TASAKI2020-0470	TASAKI2020	000096.0005	PG-TASAKI2020-0096	equation	equation (4.1.35)	NONE	PDF p. 96; print p. 83; §4.1.2; equation (4.1.35)	Chapter 04	chapter-04	PUBLIC-DOCS-SOURCE-ITEM-REVIEW-V1
IT-TASAKI2020-0471	TASAKI2020	000096.0006	PG-TASAKI2020-0096	unlabeled	NONE	NONE	PDF p. 96; print p. 83; §4.1.2; paragraph 5, atom 1	Chapter 04	chapter-04	PUBLIC-DOCS-SOURCE-ITEM-REVIEW-V1
IT-TASAKI2020-0472	TASAKI2020	000096.0007	PG-TASAKI2020-0096	unlabeled	NONE	NONE	PDF p. 96; print p. 83; §4.1.2; paragraph 5, atom 2	Chapter 04	chapter-04	PUBLIC-DOCS-SOURCE-ITEM-REVIEW-V1
IT-TASAKI2020-0473	TASAKI2020	000096.0008	PG-TASAKI2020-0096	equation	equation (4.1.36)	NONE	PDF p. 96; print p. 83; §4.1.2; equation (4.1.36)	Chapter 04	chapter-04	PUBLIC-DOCS-SOURCE-ITEM-REVIEW-V1
IT-TASAKI2020-0474	TASAKI2020	000096.0009	PG-TASAKI2020-0096	unlabeled	NONE	NONE	PDF p. 96; print p. 83; §4.1.2; paragraph 6, atom 1	Chapter 04	chapter-04	PUBLIC-DOCS-SOURCE-ITEM-REVIEW-V1
IT-TASAKI2020-0475	TASAKI2020	000096.0010	PG-TASAKI2020-0096	unlabeled	NONE	NONE	PDF p. 96; print p. 83; §4.1.2; paragraph 6, atom 2	Chapter 04	chapter-04	PUBLIC-DOCS-SOURCE-ITEM-REVIEW-V1
IT-TASAKI2020-0476	TASAKI2020	000097.0001	PG-TASAKI2020-0097	equation	equation (4.1.37)	NONE	PDF p. 97; print p. 84; §4.1.2; equation (4.1.37)	Chapter 04	chapter-04	PUBLIC-DOCS-SOURCE-ITEM-REVIEW-V1
IT-TASAKI2020-0477	TASAKI2020	000097.0002	PG-TASAKI2020-0097	unlabeled	NONE	NONE	PDF p. 97; print p. 84; §4.1.2; paragraph 4, atom 1	Chapter 04	chapter-04	PUBLIC-DOCS-SOURCE-ITEM-REVIEW-V1
IT-TASAKI2020-0478	TASAKI2020	000097.0003	PG-TASAKI2020-0097	equation	equation (4.1.38)	NONE	PDF p. 97; print p. 84; §4.1.2; equation (4.1.38)	Chapter 04	chapter-04	PUBLIC-DOCS-SOURCE-ITEM-REVIEW-V1
IT-TASAKI2020-0479	TASAKI2020	000097.0004	PG-TASAKI2020-0097	unlabeled	NONE	NONE	PDF p. 97; print p. 84; §4.1.2; paragraph 6	Chapter 04	chapter-04	PUBLIC-DOCS-SOURCE-ITEM-REVIEW-V1
IT-TASAKI2020-0480	TASAKI2020	000097.0005	PG-TASAKI2020-0097	equation	equation (4.1.39)	NONE	PDF p. 97; print p. 84; §4.1.2; equation (4.1.39)	Chapter 04	chapter-04	PUBLIC-DOCS-SOURCE-ITEM-REVIEW-V1
IT-TASAKI2020-0481	TASAKI2020	000097.0006	PG-TASAKI2020-0097	equation	equation (4.1.40)	NONE	PDF p. 97; print p. 84; §4.1.2; equation (4.1.40)	Chapter 04	chapter-04	PUBLIC-DOCS-SOURCE-ITEM-REVIEW-V1
IT-TASAKI2020-0482	TASAKI2020	000097.0007	PG-TASAKI2020-0097	unlabeled	NONE	NONE	PDF p. 97; print p. 84; §4.1.2; paragraph 10	Chapter 04	chapter-04	PUBLIC-DOCS-SOURCE-ITEM-REVIEW-V1
IT-TASAKI2020-0483	TASAKI2020	000097.0008	PG-TASAKI2020-0097	equation	equation (4.1.41)	NONE	PDF p. 97; print p. 84; §4.1.2; equation (4.1.41)	Chapter 04	chapter-04	PUBLIC-DOCS-SOURCE-ITEM-REVIEW-V1
IT-TASAKI2020-0484	TASAKI2020	000097.0009	PG-TASAKI2020-0097	unlabeled	NONE	NONE	PDF p. 97; print p. 84; §4.1.2; paragraph 11	Chapter 04	chapter-04	PUBLIC-DOCS-SOURCE-ITEM-REVIEW-V1
IT-TASAKI2020-0485	TASAKI2020	000098.0001	PG-TASAKI2020-0098	equation	equation (4.1.42)	NONE	PDF p. 98; print p. 85; §4.1.2; equation (4.1.42)	Chapter 04	chapter-04	PUBLIC-DOCS-SOURCE-ITEM-REVIEW-V1
IT-TASAKI2020-0486	TASAKI2020	000098.0002	PG-TASAKI2020-0098	equation	equation (4.1.43)	NONE	PDF p. 98; print p. 85; §4.1.2; equation (4.1.43)	Chapter 04	chapter-04	PUBLIC-DOCS-SOURCE-ITEM-REVIEW-V1
IT-TASAKI2020-0487	TASAKI2020	000098.0003	PG-TASAKI2020-0098	equation	equation (4.1.44)	NONE	PDF p. 98; print p. 85; §4.1.2; equation (4.1.44)	Chapter 04	chapter-04	PUBLIC-DOCS-SOURCE-ITEM-REVIEW-V1
IT-TASAKI2020-0488	TASAKI2020	000098.0004	PG-TASAKI2020-0098	equation	equation (4.1.45)	NONE	PDF p. 98; print p. 85; §4.1.2; equation (4.1.45)	Chapter 04	chapter-04	PUBLIC-DOCS-SOURCE-ITEM-REVIEW-V1
IT-TASAKI2020-0489	TASAKI2020	000098.0005	PG-TASAKI2020-0098	equation	equation (4.1.46)	NONE	PDF p. 98; print p. 85; §4.1.2; equation (4.1.46)	Chapter 04	chapter-04	PUBLIC-DOCS-SOURCE-ITEM-REVIEW-V1
IT-TASAKI2020-0490	TASAKI2020	000098.0006	PG-TASAKI2020-0098	unlabeled	NONE	NONE	PDF p. 98; print p. 85; §4.1.2; paragraph 9, atom 1	Chapter 04	chapter-04	PUBLIC-DOCS-SOURCE-ITEM-REVIEW-V1
IT-TASAKI2020-0491	TASAKI2020	000098.0007	PG-TASAKI2020-0098	unlabeled	NONE	NONE	PDF p. 98; print p. 85; §4.1.2; paragraph 9, atom 2	Chapter 04	chapter-04	PUBLIC-DOCS-SOURCE-ITEM-REVIEW-V1
IT-TASAKI2020-0492	TASAKI2020	000098.0008	PG-TASAKI2020-0098	equation	equation (4.1.47)	NONE	PDF p. 98; print p. 85; §4.1.2; equation (4.1.47)	Chapter 04	chapter-04	PUBLIC-DOCS-SOURCE-ITEM-REVIEW-V1
IT-TASAKI2020-0493	TASAKI2020	000099.0001	PG-TASAKI2020-0099	equation	equation (4.1.48)	NONE	PDF p. 99; print p. 86; §4.1.2; equation (4.1.48)	Chapter 04	chapter-04	PUBLIC-DOCS-SOURCE-ITEM-REVIEW-V1
IT-TASAKI2020-0494	TASAKI2020	000099.0002	PG-TASAKI2020-0099	unlabeled	NONE	NONE	PDF p. 99; print p. 86; §4.1.2; paragraph 5, atom 1	Chapter 04	chapter-04	PUBLIC-DOCS-SOURCE-ITEM-REVIEW-V1
IT-TASAKI2020-0495	TASAKI2020	000099.0003	PG-TASAKI2020-0099	unlabeled	NONE	NONE	PDF p. 99; print p. 86; §4.1.2; paragraph 5, atom 2	Chapter 04	chapter-04	PUBLIC-DOCS-SOURCE-ITEM-REVIEW-V1
IT-TASAKI2020-0496	TASAKI2020	000099.0004	PG-TASAKI2020-0099	equation	equation (4.1.49)	NONE	PDF p. 99; print p. 86; §4.1.2; equation (4.1.49)	Chapter 04	chapter-04	PUBLIC-DOCS-SOURCE-ITEM-REVIEW-V1
IT-TASAKI2020-0497	TASAKI2020	000099.0005	PG-TASAKI2020-0099	equation	equation (4.1.50)	NONE	PDF p. 99; print p. 86; §4.1.2; equation (4.1.50)	Chapter 04	chapter-04	PUBLIC-DOCS-SOURCE-ITEM-REVIEW-V1
IT-TASAKI2020-0498	TASAKI2020	000099.0006	PG-TASAKI2020-0099	equation	equation (4.1.51)	NONE	PDF p. 99; print p. 86; §4.1.2; equation (4.1.51)	Chapter 04	chapter-04	PUBLIC-DOCS-SOURCE-ITEM-REVIEW-V1
IT-TASAKI2020-0499	TASAKI2020	000099.0007	PG-TASAKI2020-0099	unlabeled	NONE	NONE	PDF p. 99; print p. 86; §4.1.2; paragraph 8	Chapter 04	chapter-04	PUBLIC-DOCS-SOURCE-ITEM-REVIEW-V1
IT-TASAKI2020-0500	TASAKI2020	000099.0008	PG-TASAKI2020-0099	figure	Fig. 4.1	NONE	PDF p. 99; print p. 86; §4.1.2; Fig. 4.1	Chapter 04	chapter-04	PUBLIC-DOCS-SOURCE-ITEM-REVIEW-V1
IT-TASAKI2020-0501	TASAKI2020	000100.0001	PG-TASAKI2020-0100	unlabeled	NONE	NONE	PDF p. 100; print p. 87; §4.1.2; paragraph 3	Chapter 04	chapter-04	PUBLIC-DOCS-SOURCE-ITEM-REVIEW-V1
IT-TASAKI2020-0502	TASAKI2020	000100.0002	PG-TASAKI2020-0100	equation	equation (4.1.52)	NONE	PDF p. 100; print p. 87; §4.1.2; equation (4.1.52)	Chapter 04	chapter-04	PUBLIC-DOCS-SOURCE-ITEM-REVIEW-V1
IT-TASAKI2020-0503	TASAKI2020	000100.0003	PG-TASAKI2020-0100	equation	equation (4.1.53)	NONE	PDF p. 100; print p. 87; §4.1.2; equation (4.1.53)	Chapter 04	chapter-04	PUBLIC-DOCS-SOURCE-ITEM-REVIEW-V1
IT-TASAKI2020-0504	TASAKI2020	000100.0004	PG-TASAKI2020-0100	equation	equation (4.1.54)	NONE	PDF p. 100; print p. 87; §4.1.2; equation (4.1.54)	Chapter 04	chapter-04	PUBLIC-DOCS-SOURCE-ITEM-REVIEW-V1
IT-TASAKI2020-0505	TASAKI2020	000100.0005	PG-TASAKI2020-0100	lemma	Lemma 4.5	NONE	PDF p. 100; print p. 87; §4.1.2; Lemma 4.5	Chapter 04	chapter-04	PUBLIC-DOCS-SOURCE-ITEM-REVIEW-V1
IT-TASAKI2020-0506	TASAKI2020	000100.0006	PG-TASAKI2020-0100	equation	equation (4.1.55)	NONE	PDF p. 100; print p. 87; §4.1.2; equation (4.1.55)	Chapter 04	chapter-04	PUBLIC-DOCS-SOURCE-ITEM-REVIEW-V1
IT-TASAKI2020-0507	TASAKI2020	000100.0007	PG-TASAKI2020-0100	figure	Fig. 4.2	NONE	PDF p. 100; print p. 87; §4.1.2; Fig. 4.2	Chapter 04	chapter-04	PUBLIC-DOCS-SOURCE-ITEM-REVIEW-V1
IT-TASAKI2020-0508	TASAKI2020	000101.0001	PG-TASAKI2020-0101	equation	equation (4.1.56)	NONE	PDF p. 101; print p. 88; §4.1.2; equation (4.1.56)	Chapter 04	chapter-04	PUBLIC-DOCS-SOURCE-ITEM-REVIEW-V1
IT-TASAKI2020-0509	TASAKI2020	000101.0002	PG-TASAKI2020-0101	equation	equation (4.1.57)	NONE	PDF p. 101; print p. 88; §4.1.2; equation (4.1.57)	Chapter 04	chapter-04	PUBLIC-DOCS-SOURCE-ITEM-REVIEW-V1
IT-TASAKI2020-0510	TASAKI2020	000101.0003	PG-TASAKI2020-0101	unlabeled	NONE	NONE	PDF p. 101; print p. 88; §4.1.2; paragraph 6, atom 1	Chapter 04	chapter-04	PUBLIC-DOCS-SOURCE-ITEM-REVIEW-V1
IT-TASAKI2020-0511	TASAKI2020	000101.0004	PG-TASAKI2020-0101	unlabeled	NONE	NONE	PDF p. 101; print p. 88; §4.1.2; paragraph 6, atom 2	Chapter 04	chapter-04	PUBLIC-DOCS-SOURCE-ITEM-REVIEW-V1
IT-TASAKI2020-0512	TASAKI2020	000101.0005	PG-TASAKI2020-0101	unlabeled	NONE	NONE	PDF p. 101; print p. 88; §4.1.2; paragraph 6, atom 3	Chapter 04	chapter-04	PUBLIC-DOCS-SOURCE-ITEM-REVIEW-V1
IT-TASAKI2020-0513	TASAKI2020	000101.0006	PG-TASAKI2020-0101	equation	equation (4.1.58)	NONE	PDF p. 101; print p. 88; §4.1.2; equation (4.1.58)	Chapter 04	chapter-04	PUBLIC-DOCS-SOURCE-ITEM-REVIEW-V1
IT-TASAKI2020-0514	TASAKI2020	000101.0007	PG-TASAKI2020-0101	unlabeled	NONE	NONE	PDF p. 101; print p. 88; §4.1.2; paragraph 9	Chapter 04	chapter-04	PUBLIC-DOCS-SOURCE-ITEM-REVIEW-V1
IT-TASAKI2020-0515	TASAKI2020	000101.0008	PG-TASAKI2020-0101	equation	equation (4.1.59)	NONE	PDF p. 101; print p. 88; §4.1.2; equation (4.1.59)	Chapter 04	chapter-04	PUBLIC-DOCS-SOURCE-ITEM-REVIEW-V1
IT-TASAKI2020-0516	TASAKI2020	000102.0001	PG-TASAKI2020-0102	equation	equation (4.1.60)	NONE	PDF p. 102; print p. 89; §4.1.2; equation (4.1.60)	Chapter 04	chapter-04	PUBLIC-DOCS-SOURCE-ITEM-REVIEW-V1
IT-TASAKI2020-0517	TASAKI2020	000102.0002	PG-TASAKI2020-0102	equation	equation (4.1.61)	NONE	PDF p. 102; print p. 89; §4.1.2; equation (4.1.61)	Chapter 04	chapter-04	PUBLIC-DOCS-SOURCE-ITEM-REVIEW-V1
IT-TASAKI2020-0518	TASAKI2020	000102.0003	PG-TASAKI2020-0102	equation	equation (4.1.62)	NONE	PDF p. 102; print p. 89; §4.1.2; equation (4.1.62)	Chapter 04	chapter-04	PUBLIC-DOCS-SOURCE-ITEM-REVIEW-V1
IT-TASAKI2020-0519	TASAKI2020	000102.0004	PG-TASAKI2020-0102	unlabeled	NONE	NONE	PDF p. 102; print p. 89; §4.1.2; paragraph 8, atom 1	Chapter 04	chapter-04	PUBLIC-DOCS-SOURCE-ITEM-REVIEW-V1
IT-TASAKI2020-0520	TASAKI2020	000102.0005	PG-TASAKI2020-0102	equation	equation (4.1.63)	NONE	PDF p. 102; print p. 89; §4.1.2; equation (4.1.63)	Chapter 04	chapter-04	PUBLIC-DOCS-SOURCE-ITEM-REVIEW-V1
IT-TASAKI2020-0521	TASAKI2020	000102.0006	PG-TASAKI2020-0102	equation	equation (4.1.64)	NONE	PDF p. 102; print p. 89; §4.1.2; equation (4.1.64)	Chapter 04	chapter-04	PUBLIC-DOCS-SOURCE-ITEM-REVIEW-V1
IT-TASAKI2020-0522	TASAKI2020	000102.0007	PG-TASAKI2020-0102	note	Note unnumbered line 12	NONE	PDF p. 102; print p. 89; §4.1.2; Note unnumbered line 12	Chapter 04	chapter-04	PUBLIC-DOCS-SOURCE-ITEM-REVIEW-V1
IT-TASAKI2020-0523	TASAKI2020	000103.0001	PG-TASAKI2020-0103	equation	equation (4.1.65)	NONE	PDF p. 103; print p. 90; §4.1.2; equation (4.1.65)	Chapter 04	chapter-04	PUBLIC-DOCS-SOURCE-ITEM-REVIEW-V1
IT-TASAKI2020-0524	TASAKI2020	000103.0002	PG-TASAKI2020-0103	equation	equation (4.1.66)	NONE	PDF p. 103; print p. 90; §4.1.2; equation (4.1.66)	Chapter 04	chapter-04	PUBLIC-DOCS-SOURCE-ITEM-REVIEW-V1
IT-TASAKI2020-0525	TASAKI2020	000103.0003	PG-TASAKI2020-0103	equation	equation (4.1.67)	NONE	PDF p. 103; print p. 90; §4.1.2; equation (4.1.67)	Chapter 04	chapter-04	PUBLIC-DOCS-SOURCE-ITEM-REVIEW-V1
IT-TASAKI2020-0526	TASAKI2020	000103.0004	PG-TASAKI2020-0103	equation	equation (4.1.68)	NONE	PDF p. 103; print p. 90; §4.1.2; equation (4.1.68)	Chapter 04	chapter-04	PUBLIC-DOCS-SOURCE-ITEM-REVIEW-V1
IT-TASAKI2020-0527	TASAKI2020	000103.0005	PG-TASAKI2020-0103	equation	equation (4.1.69)	NONE	PDF p. 103; print p. 90; §4.1.2; equation (4.1.69)	Chapter 04	chapter-04	PUBLIC-DOCS-SOURCE-ITEM-REVIEW-V1
IT-TASAKI2020-0528	TASAKI2020	000103.0006	PG-TASAKI2020-0103	equation	equation (4.1.70)	NONE	PDF p. 103; print p. 90; §4.1.2; equation (4.1.70)	Chapter 04	chapter-04	PUBLIC-DOCS-SOURCE-ITEM-REVIEW-V1
IT-TASAKI2020-0529	TASAKI2020	000104.0001	PG-TASAKI2020-0104	unlabeled	NONE	NONE	PDF p. 104; print p. 91; §4.1.2; paragraph 3	Chapter 04	chapter-04	PUBLIC-DOCS-SOURCE-ITEM-REVIEW-V1
IT-TASAKI2020-0530	TASAKI2020	000104.0002	PG-TASAKI2020-0104	equation	equation (4.1.71)	NONE	PDF p. 104; print p. 91; §4.1.2; equation (4.1.71)	Chapter 04	chapter-04	PUBLIC-DOCS-SOURCE-ITEM-REVIEW-V1
IT-TASAKI2020-0531	TASAKI2020	000104.0003	PG-TASAKI2020-0104	equation	equation (4.1.72)	NONE	PDF p. 104; print p. 91; §4.1.2; equation (4.1.72)	Chapter 04	chapter-04	PUBLIC-DOCS-SOURCE-ITEM-REVIEW-V1
IT-TASAKI2020-0532	TASAKI2020	000104.0004	PG-TASAKI2020-0104	equation	equation (4.1.73)	NONE	PDF p. 104; print p. 91; §4.1.2; equation (4.1.73)	Chapter 04	chapter-04	PUBLIC-DOCS-SOURCE-ITEM-REVIEW-V1
IT-TASAKI2020-0533	TASAKI2020	000104.0005	PG-TASAKI2020-0104	unlabeled	NONE	NONE	PDF p. 104; print p. 91; §4.1.2; paragraph 7, atom 1	Chapter 04	chapter-04	PUBLIC-DOCS-SOURCE-ITEM-REVIEW-V1
IT-TASAKI2020-0534	TASAKI2020	000104.0006	PG-TASAKI2020-0104	unlabeled	NONE	NONE	PDF p. 104; print p. 91; §4.1.2; paragraph 7, atom 2	Chapter 04	chapter-04	PUBLIC-DOCS-SOURCE-ITEM-REVIEW-V1
IT-TASAKI2020-0535	TASAKI2020	000104.0007	PG-TASAKI2020-0104	equation	equation (4.1.74)	NONE	PDF p. 104; print p. 91; §4.1.2; equation (4.1.74)	Chapter 04	chapter-04	PUBLIC-DOCS-SOURCE-ITEM-REVIEW-V1
IT-TASAKI2020-0536	TASAKI2020	000104.0008	PG-TASAKI2020-0104	note	Note unnumbered line 57	NONE	PDF p. 104; print p. 91; §4.1.2; Note unnumbered line 57	Chapter 04	chapter-04	PUBLIC-DOCS-SOURCE-ITEM-REVIEW-V1
IT-TASAKI2020-0537	TASAKI2020	000105.0001	PG-TASAKI2020-0105	equation	equation (4.1.75)	NONE	PDF p. 105; print p. 92; §4.1.2; equation (4.1.75)	Chapter 04	chapter-04	PUBLIC-DOCS-SOURCE-ITEM-REVIEW-V1
IT-TASAKI2020-0538	TASAKI2020	000105.0002	PG-TASAKI2020-0105	equation	equation (4.1.76)	NONE	PDF p. 105; print p. 92; §4.1.2; equation (4.1.76)	Chapter 04	chapter-04	PUBLIC-DOCS-SOURCE-ITEM-REVIEW-V1
IT-TASAKI2020-0539	TASAKI2020	000105.0003	PG-TASAKI2020-0105	equation	equation (4.1.77)	NONE	PDF p. 105; print p. 92; §4.1.2; equation (4.1.77)	Chapter 04	chapter-04	PUBLIC-DOCS-SOURCE-ITEM-REVIEW-V1
IT-TASAKI2020-0540	TASAKI2020	000105.0004	PG-TASAKI2020-0105	equation	equation (4.1.78)	NONE	PDF p. 105; print p. 92; §4.1.2; equation (4.1.78)	Chapter 04	chapter-04	PUBLIC-DOCS-SOURCE-ITEM-REVIEW-V1
IT-TASAKI2020-0541	TASAKI2020	000105.0005	PG-TASAKI2020-0105	equation	equation (4.1.79)	NONE	PDF p. 105; print p. 92; §4.1.2; equation (4.1.79)	Chapter 04	chapter-04	PUBLIC-DOCS-SOURCE-ITEM-REVIEW-V1
IT-TASAKI2020-0542	TASAKI2020	000105.0006	PG-TASAKI2020-0105	equation	equation (4.1.80)	NONE	PDF p. 105; print p. 92; §4.1.2; equation (4.1.80)	Chapter 04	chapter-04	PUBLIC-DOCS-SOURCE-ITEM-REVIEW-V1
IT-TASAKI2020-0543	TASAKI2020	000105.0007	PG-TASAKI2020-0105	unlabeled	NONE	NONE	PDF p. 105; print p. 92; §4.1.2; paragraph 8	Chapter 04	chapter-04	PUBLIC-DOCS-SOURCE-ITEM-REVIEW-V1
IT-TASAKI2020-0544	TASAKI2020	000106.0001	PG-TASAKI2020-0106	equation	equation (4.1.81)	NONE	PDF p. 106; print p. 93; §4.1.2; equation (4.1.81)	Chapter 04	chapter-04	PUBLIC-DOCS-SOURCE-ITEM-REVIEW-V1
IT-TASAKI2020-0545	TASAKI2020	000106.0002	PG-TASAKI2020-0106	equation	equation (4.1.82)	NONE	PDF p. 106; print p. 93; §4.1.2; equation (4.1.82)	Chapter 04	chapter-04	PUBLIC-DOCS-SOURCE-ITEM-REVIEW-V1
IT-TASAKI2020-0546	TASAKI2020	000106.0003	PG-TASAKI2020-0106	unlabeled	NONE	NONE	PDF p. 106; print p. 93; §4.1.2; paragraph 3	Chapter 04	chapter-04	PUBLIC-DOCS-SOURCE-ITEM-REVIEW-V1
IT-TASAKI2020-0547	TASAKI2020	000106.0004	PG-TASAKI2020-0106	unlabeled	NONE	NONE	PDF p. 106; print p. 93; §4.2; paragraph 5	Chapter 04	chapter-04	PUBLIC-DOCS-SOURCE-ITEM-REVIEW-V1
IT-TASAKI2020-0548	TASAKI2020	000106.0005	PG-TASAKI2020-0106	equation	equation (4.2.1)	NONE	PDF p. 106; print p. 93; §4.2; equation (4.2.1)	Chapter 04	chapter-04	PUBLIC-DOCS-SOURCE-ITEM-REVIEW-V1
IT-TASAKI2020-0549	TASAKI2020	000107.0001	PG-TASAKI2020-0107	equation	equation (4.2.2)	NONE	PDF p. 107; print p. 94; §4.2.1; equation (4.2.2)	Chapter 04	chapter-04	PUBLIC-DOCS-SOURCE-ITEM-REVIEW-V1
IT-TASAKI2020-0550	TASAKI2020	000107.0002	PG-TASAKI2020-0107	equation	equation (4.2.3)	NONE	PDF p. 107; print p. 94; §4.2.1; equation (4.2.3)	Chapter 04	chapter-04	PUBLIC-DOCS-SOURCE-ITEM-REVIEW-V1
IT-TASAKI2020-0551	TASAKI2020	000107.0003	PG-TASAKI2020-0107	theorem	Theorem 4.6	NONE	PDF p. 107; print p. 94; §4.2.1; Theorem 4.6	Chapter 04	chapter-04	PUBLIC-DOCS-SOURCE-ITEM-REVIEW-V1
IT-TASAKI2020-0552	TASAKI2020	000107.0004	PG-TASAKI2020-0107	equation	equation (4.2.4)	NONE	PDF p. 107; print p. 94; §4.2.1; equation (4.2.4)	Chapter 04	chapter-04	PUBLIC-DOCS-SOURCE-ITEM-REVIEW-V1
IT-TASAKI2020-0553	TASAKI2020	000108.0001	PG-TASAKI2020-0108	unlabeled	NONE	NONE	PDF p. 108; print p. 95; §4.2.1; paragraph 2	Chapter 04	chapter-04	PUBLIC-DOCS-SOURCE-ITEM-REVIEW-V1
IT-TASAKI2020-0554	TASAKI2020	000108.0002	PG-TASAKI2020-0108	equation	equation (4.2.5)	NONE	PDF p. 108; print p. 95; §4.2.1; equation (4.2.5)	Chapter 04	chapter-04	PUBLIC-DOCS-SOURCE-ITEM-REVIEW-V1
IT-TASAKI2020-0555	TASAKI2020	000108.0003	PG-TASAKI2020-0108	equation	equation (4.2.6)	NONE	PDF p. 108; print p. 95; §4.2.1; equation (4.2.6)	Chapter 04	chapter-04	PUBLIC-DOCS-SOURCE-ITEM-REVIEW-V1
IT-TASAKI2020-0556	TASAKI2020	000108.0004	PG-TASAKI2020-0108	unlabeled	NONE	NONE	PDF p. 108; print p. 95; §4.2.1; paragraph 6, atom 1	Chapter 04	chapter-04	PUBLIC-DOCS-SOURCE-ITEM-REVIEW-V1
IT-TASAKI2020-0557	TASAKI2020	000108.0005	PG-TASAKI2020-0108	corollary	Corollary 4.7	NONE	PDF p. 108; print p. 95; §4.2.1; Corollary 4.7	Chapter 04	chapter-04	PUBLIC-DOCS-SOURCE-ITEM-REVIEW-V1
IT-TASAKI2020-0558	TASAKI2020	000108.0006	PG-TASAKI2020-0108	equation	equation (4.2.7)	NONE	PDF p. 108; print p. 95; §4.2.1; equation (4.2.7)	Chapter 04	chapter-04	PUBLIC-DOCS-SOURCE-ITEM-REVIEW-V1
IT-TASAKI2020-0559	TASAKI2020	000109.0001	PG-TASAKI2020-0109	unlabeled	NONE	NONE	PDF p. 109; print p. 96; §4.2.1; paragraph 2	Chapter 04	chapter-04	PUBLIC-DOCS-SOURCE-ITEM-REVIEW-V1
IT-TASAKI2020-0560	TASAKI2020	000109.0002	PG-TASAKI2020-0109	equation	equation (4.2.8)	NONE	PDF p. 109; print p. 96; §4.2.1; equation (4.2.8)	Chapter 04	chapter-04	PUBLIC-DOCS-SOURCE-ITEM-REVIEW-V1
IT-TASAKI2020-0561	TASAKI2020	000109.0003	PG-TASAKI2020-0109	remark	Remark unnumbered line 29	NONE	PDF p. 109; print p. 96; §4.2.1; Remark unnumbered line 29	Chapter 04	chapter-04	PUBLIC-DOCS-SOURCE-ITEM-REVIEW-V1
IT-TASAKI2020-0562	TASAKI2020	000110.0001	PG-TASAKI2020-0110	equation	equation (4.2.9)	NONE	PDF p. 110; print p. 97; §4.2.1; equation (4.2.9)	Chapter 04	chapter-04	PUBLIC-DOCS-SOURCE-ITEM-REVIEW-V1
IT-TASAKI2020-0563	TASAKI2020	000110.0002	PG-TASAKI2020-0110	unlabeled	NONE	NONE	PDF p. 110; print p. 97; §4.2.1; paragraph 4, atom 1; audit split atom 1/2	Chapter 04	chapter-04	PUBLIC-DOCS-SOURCE-ITEM-REVIEW-V1
IT-TASAKI2020-0564	TASAKI2020	000110.0003	PG-TASAKI2020-0110	unlabeled	NONE	NONE	PDF p. 110; print p. 97; §4.2.1; paragraph 4, atom 1; audit split atom 2/2	Chapter 04	chapter-04	PUBLIC-DOCS-SOURCE-ITEM-REVIEW-V1
IT-TASAKI2020-0565	TASAKI2020	000110.0004	PG-TASAKI2020-0110	unlabeled	NONE	NONE	PDF p. 110; print p. 97; §4.2.1; paragraph 4, atom 2	Chapter 04	chapter-04	PUBLIC-DOCS-SOURCE-ITEM-REVIEW-V1
IT-TASAKI2020-0566	TASAKI2020	000110.0005	PG-TASAKI2020-0110	unlabeled	NONE	NONE	PDF p. 110; print p. 97; §4.2.1; paragraph 4, atom 3	Chapter 04	chapter-04	PUBLIC-DOCS-SOURCE-ITEM-REVIEW-V1
IT-TASAKI2020-0567	TASAKI2020	000110.0006	PG-TASAKI2020-0110	unlabeled	NONE	NONE	PDF p. 110; print p. 97; §4.2.1; paragraph 4, atom 4	Chapter 04	chapter-04	PUBLIC-DOCS-SOURCE-ITEM-REVIEW-V1
IT-TASAKI2020-0568	TASAKI2020	000110.0007	PG-TASAKI2020-0110	equation	equation (4.2.10)	NONE	PDF p. 110; print p. 97; §4.2.1; equation (4.2.10)	Chapter 04	chapter-04	PUBLIC-DOCS-SOURCE-ITEM-REVIEW-V1
IT-TASAKI2020-0569	TASAKI2020	000110.0008	PG-TASAKI2020-0110	unlabeled	NONE	NONE	PDF p. 110; print p. 97; §4.2.1; paragraph 6	Chapter 04	chapter-04	PUBLIC-DOCS-SOURCE-ITEM-REVIEW-V1
IT-TASAKI2020-0570	TASAKI2020	000111.0001	PG-TASAKI2020-0111	unlabeled	NONE	NONE	PDF p. 111; print p. 98; §4.2.1; paragraph 2	Chapter 04	chapter-04	PUBLIC-DOCS-SOURCE-ITEM-REVIEW-V1
IT-TASAKI2020-0571	TASAKI2020	000111.0002	PG-TASAKI2020-0111	theorem	Theorem 4.8	NONE	PDF p. 111; print p. 98; §4.2.1; Theorem 4.8	Chapter 04	chapter-04	PUBLIC-DOCS-SOURCE-ITEM-REVIEW-V1
IT-TASAKI2020-0572	TASAKI2020	000111.0003	PG-TASAKI2020-0111	equation	equation (4.2.11)	NONE	PDF p. 111; print p. 98; §4.2.1; equation (4.2.11)	Chapter 04	chapter-04	PUBLIC-DOCS-SOURCE-ITEM-REVIEW-V1
IT-TASAKI2020-0573	TASAKI2020	000111.0004	PG-TASAKI2020-0111	theorem	Theorem 4.9	NONE	PDF p. 111; print p. 98; §4.2.1; Theorem 4.9	Chapter 04	chapter-04	PUBLIC-DOCS-SOURCE-ITEM-REVIEW-V1
IT-TASAKI2020-0574	TASAKI2020	000111.0005	PG-TASAKI2020-0111	equation	equation (4.2.12)	NONE	PDF p. 111; print p. 98; §4.2.1; equation (4.2.12)	Chapter 04	chapter-04	PUBLIC-DOCS-SOURCE-ITEM-REVIEW-V1
IT-TASAKI2020-0575	TASAKI2020	000111.0006	PG-TASAKI2020-0111	equation	equation (4.2.13)	NONE	PDF p. 111; print p. 98; §4.2.1; equation (4.2.13)	Chapter 04	chapter-04	PUBLIC-DOCS-SOURCE-ITEM-REVIEW-V1
IT-TASAKI2020-0576	TASAKI2020	000111.0007	PG-TASAKI2020-0111	equation	equation (4.2.14)	NONE	PDF p. 111; print p. 98; §4.2.1; equation (4.2.14)	Chapter 04	chapter-04	PUBLIC-DOCS-SOURCE-ITEM-REVIEW-V1
IT-TASAKI2020-0577	TASAKI2020	000111.0008	PG-TASAKI2020-0111	equation	equation (4.2.15)	NONE	PDF p. 111; print p. 98; §4.2.1; equation (4.2.15)	Chapter 04	chapter-04	PUBLIC-DOCS-SOURCE-ITEM-REVIEW-V1
IT-TASAKI2020-0578	TASAKI2020	000111.0009	PG-TASAKI2020-0111	equation	equation (4.2.16)	NONE	PDF p. 111; print p. 98; §4.2.1; equation (4.2.16)	Chapter 04	chapter-04	PUBLIC-DOCS-SOURCE-ITEM-REVIEW-V1
IT-TASAKI2020-0579	TASAKI2020	000112.0001	PG-TASAKI2020-0112	unlabeled	NONE	NONE	PDF p. 112; print p. 99; §4.2.1; paragraph 2; audit split atom 1/8	Chapter 04	chapter-04	PUBLIC-DOCS-SOURCE-ITEM-REVIEW-V1
IT-TASAKI2020-0580	TASAKI2020	000112.0002	PG-TASAKI2020-0112	unlabeled	NONE	NONE	PDF p. 112; print p. 99; §4.2.1; paragraph 3	Chapter 04	chapter-04	PUBLIC-DOCS-SOURCE-ITEM-REVIEW-V1
IT-TASAKI2020-0581	TASAKI2020	000112.0005	PG-TASAKI2020-0112	unlabeled	NONE	NONE	PDF p. 112; print p. 99; §4.2.1; paragraph 4	Chapter 04	chapter-04	PUBLIC-DOCS-SOURCE-ITEM-REVIEW-V1
IT-TASAKI2020-0582	TASAKI2020	000112.0007	PG-TASAKI2020-0112	equation	equation (4.2.17)	NONE	PDF p. 112; print p. 99; §4.2.1; equation (4.2.17)	Chapter 04	chapter-04	PUBLIC-DOCS-SOURCE-ITEM-REVIEW-V1
IT-TASAKI2020-0583	TASAKI2020	000112.0008	PG-TASAKI2020-0112	unlabeled	NONE	NONE	PDF p. 112; print p. 99; §4.2.1; paragraph 5; audit split atom 1/2	Chapter 04	chapter-04	PUBLIC-DOCS-SOURCE-ITEM-REVIEW-V1
IT-TASAKI2020-0584	TASAKI2020	000112.0009	PG-TASAKI2020-0112	unlabeled	NONE	NONE	PDF p. 112; print p. 99; §4.2.1; paragraph 5; audit split atom 2/2	Chapter 04	chapter-04	PUBLIC-DOCS-SOURCE-ITEM-REVIEW-V1
IT-TASAKI2020-0585	TASAKI2020	000112.0010	PG-TASAKI2020-0112	equation	equation (4.2.18)	NONE	PDF p. 112; print p. 99; §4.2.1; equation (4.2.18)	Chapter 04	chapter-04	PUBLIC-DOCS-SOURCE-ITEM-REVIEW-V1
IT-TASAKI2020-0586	TASAKI2020	000112.0011	PG-TASAKI2020-0112	unlabeled	NONE	NONE	PDF p. 112; print p. 99; §4.2.1; paragraph 7, atom 1	Chapter 04	chapter-04	PUBLIC-DOCS-SOURCE-ITEM-REVIEW-V1
IT-TASAKI2020-0587	TASAKI2020	000112.0012	PG-TASAKI2020-0112	equation	equation (4.2.19)	NONE	PDF p. 112; print p. 99; §4.2.1; equation (4.2.19)	Chapter 04	chapter-04	PUBLIC-DOCS-SOURCE-ITEM-REVIEW-V1
IT-TASAKI2020-0588	TASAKI2020	000113.0001	PG-TASAKI2020-0113	equation	equation (4.2.20)	NONE	PDF p. 113; print p. 100; §4.2.1; equation (4.2.20)	Chapter 04	chapter-04	PUBLIC-DOCS-SOURCE-ITEM-REVIEW-V1
IT-TASAKI2020-0589	TASAKI2020	000113.0002	PG-TASAKI2020-0113	equation	equation (4.2.21)	NONE	PDF p. 113; print p. 100; §4.2.1; equation (4.2.21)	Chapter 04	chapter-04	PUBLIC-DOCS-SOURCE-ITEM-REVIEW-V1
IT-TASAKI2020-0590	TASAKI2020	000113.0003	PG-TASAKI2020-0113	proposition	Proposition 4.10	NONE	PDF p. 113; print p. 100; §4.2.1; Proposition 4.10	Chapter 04	chapter-04	PUBLIC-DOCS-SOURCE-ITEM-REVIEW-V1
IT-TASAKI2020-0591	TASAKI2020	000113.0004	PG-TASAKI2020-0113	equation	equation (4.2.22)	NONE	PDF p. 113; print p. 100; §4.2.1; equation (4.2.22)	Chapter 04	chapter-04	PUBLIC-DOCS-SOURCE-ITEM-REVIEW-V1
IT-TASAKI2020-0592	TASAKI2020	000113.0005	PG-TASAKI2020-0113	unlabeled	NONE	NONE	PDF p. 113; print p. 100; §4.2.1; paragraph 9	Chapter 04	chapter-04	PUBLIC-DOCS-SOURCE-ITEM-REVIEW-V1
IT-TASAKI2020-0593	TASAKI2020	000114.0001	PG-TASAKI2020-0114	theorem	Theorem 4.11	NONE	PDF p. 114; print p. 101; §4.2.1; Theorem 4.11	Chapter 04	chapter-04	PUBLIC-DOCS-SOURCE-ITEM-REVIEW-V1
IT-TASAKI2020-0594	TASAKI2020	000114.0002	PG-TASAKI2020-0114	equation	equation (4.2.23)	NONE	PDF p. 114; print p. 101; §4.2.1; equation (4.2.23)	Chapter 04	chapter-04	PUBLIC-DOCS-SOURCE-ITEM-REVIEW-V1
IT-TASAKI2020-0595	TASAKI2020	000114.0003	PG-TASAKI2020-0114	unlabeled	NONE	NONE	PDF p. 114; print p. 101; §4.2.1; paragraph 2, atom 2	Chapter 04	chapter-04	PUBLIC-DOCS-SOURCE-ITEM-REVIEW-V1
IT-TASAKI2020-0596	TASAKI2020	000114.0004	PG-TASAKI2020-0114	equation	equation (4.2.24)	NONE	PDF p. 114; print p. 101; §4.2.1; equation (4.2.24)	Chapter 04	chapter-04	PUBLIC-DOCS-SOURCE-ITEM-REVIEW-V1
IT-TASAKI2020-0597	TASAKI2020	000114.0005	PG-TASAKI2020-0114	conjecture	Conjecture 4.12	NONE	PDF p. 114; print p. 101; §4.2.1; Conjecture 4.12	Chapter 04	chapter-04	PUBLIC-DOCS-SOURCE-ITEM-REVIEW-V1
IT-TASAKI2020-0598	TASAKI2020	000114.0006	PG-TASAKI2020-0114	equation	equation (4.2.25)	NONE	PDF p. 114; print p. 101; §4.2.1; equation (4.2.25)	Chapter 04	chapter-04	PUBLIC-DOCS-SOURCE-ITEM-REVIEW-V1
IT-TASAKI2020-0599	TASAKI2020	000114.0007	PG-TASAKI2020-0114	equation	equation (4.2.26)	NONE	PDF p. 114; print p. 101; §4.2.1; equation (4.2.26)	Chapter 04	chapter-04	PUBLIC-DOCS-SOURCE-ITEM-REVIEW-V1
IT-TASAKI2020-0600	TASAKI2020	000114.0008	PG-TASAKI2020-0114	unlabeled	NONE	NONE	PDF p. 114; print p. 101; §4.2.1; paragraph 7	Chapter 04	chapter-04	PUBLIC-DOCS-SOURCE-ITEM-REVIEW-V1
IT-TASAKI2020-0601	TASAKI2020	000115.0001	PG-TASAKI2020-0115	equation	equation (4.2.27)	NONE	PDF p. 115; print p. 102; §4.2.1; equation (4.2.27)	Chapter 04	chapter-04	PUBLIC-DOCS-SOURCE-ITEM-REVIEW-V1
IT-TASAKI2020-0602	TASAKI2020	000115.0002	PG-TASAKI2020-0115	theorem	Theorem 4.13	NONE	PDF p. 115; print p. 102; §4.2.1; Theorem 4.13	Chapter 04	chapter-04	PUBLIC-DOCS-SOURCE-ITEM-REVIEW-V1
IT-TASAKI2020-0603	TASAKI2020	000115.0003	PG-TASAKI2020-0115	equation	equation (4.2.28)	NONE	PDF p. 115; print p. 102; §4.2.1; equation (4.2.28)	Chapter 04	chapter-04	PUBLIC-DOCS-SOURCE-ITEM-REVIEW-V1
IT-TASAKI2020-0604	TASAKI2020	000115.0004	PG-TASAKI2020-0115	equation	equation (4.2.29)	NONE	PDF p. 115; print p. 102; §4.2.1; equation (4.2.29)	Chapter 04	chapter-04	PUBLIC-DOCS-SOURCE-ITEM-REVIEW-V1
IT-TASAKI2020-0605	TASAKI2020	000115.0005	PG-TASAKI2020-0115	remark	Remark unnumbered line 33	NONE	PDF p. 115; print p. 102; §4.2.1; Remark unnumbered line 33	Chapter 04	chapter-04	PUBLIC-DOCS-SOURCE-ITEM-REVIEW-V1
IT-TASAKI2020-0606	TASAKI2020	000116.0001	PG-TASAKI2020-0116	unlabeled	NONE	NONE	PDF p. 116; print p. 103; §4.2.1; paragraph 2	Chapter 04	chapter-04	PUBLIC-DOCS-SOURCE-ITEM-REVIEW-V1
IT-TASAKI2020-0607	TASAKI2020	000116.0002	PG-TASAKI2020-0116	remark	Remark unnumbered line 18	NONE	PDF p. 116; print p. 103; §4.2.1; Remark unnumbered line 18	Chapter 04	chapter-04	PUBLIC-DOCS-SOURCE-ITEM-REVIEW-V1
IT-TASAKI2020-0608	TASAKI2020	000117.0001	PG-TASAKI2020-0117	problem	Problem 4.2.1.a	NONE	PDF p. 117; print p. 104; §4.2.1; Problem 4.2.1.a	Chapter 04	chapter-04	PUBLIC-DOCS-SOURCE-ITEM-REVIEW-V1
IT-TASAKI2020-0609	TASAKI2020	000117.0002	PG-TASAKI2020-0117	equation	equation (4.2.30)	NONE	PDF p. 117; print p. 104; §4.2.2; equation (4.2.30)	Chapter 04	chapter-04	PUBLIC-DOCS-SOURCE-ITEM-REVIEW-V1
IT-TASAKI2020-0610	TASAKI2020	000117.0003	PG-TASAKI2020-0117	equation	equation (4.2.31)	NONE	PDF p. 117; print p. 104; §4.2.2; equation (4.2.31)	Chapter 04	chapter-04	PUBLIC-DOCS-SOURCE-ITEM-REVIEW-V1
IT-TASAKI2020-0611	TASAKI2020	000117.0004	PG-TASAKI2020-0117	equation	equation (4.2.32)	NONE	PDF p. 117; print p. 104; §4.2.2; equation (4.2.32)	Chapter 04	chapter-04	PUBLIC-DOCS-SOURCE-ITEM-REVIEW-V1
IT-TASAKI2020-0612	TASAKI2020	000117.0005	PG-TASAKI2020-0117	unlabeled	NONE	NONE	PDF p. 117; print p. 104; §4.2.2; paragraph 11	Chapter 04	chapter-04	PUBLIC-DOCS-SOURCE-ITEM-REVIEW-V1
IT-TASAKI2020-0613	TASAKI2020	000117.0006	PG-TASAKI2020-0117	lemma	Lemma 4.14	NONE	PDF p. 117; print p. 104; §4.2.2; Lemma 4.14	Chapter 04	chapter-04	PUBLIC-DOCS-SOURCE-ITEM-REVIEW-V1
IT-TASAKI2020-0614	TASAKI2020	000117.0007	PG-TASAKI2020-0117	equation	equation (4.2.33)	NONE	PDF p. 117; print p. 104; §4.2.2; equation (4.2.33)	Chapter 04	chapter-04	PUBLIC-DOCS-SOURCE-ITEM-REVIEW-V1
IT-TASAKI2020-0615	TASAKI2020	000117.0008	PG-TASAKI2020-0117	equation	equation (4.2.34)	NONE	PDF p. 117; print p. 104; §4.2.2; equation (4.2.34)	Chapter 04	chapter-04	PUBLIC-DOCS-SOURCE-ITEM-REVIEW-V1
IT-TASAKI2020-0616	TASAKI2020	000118.0001	PG-TASAKI2020-0118	unlabeled	NONE	NONE	PDF p. 118; print p. 105; §4.2.2; paragraph 2	Chapter 04	chapter-04	PUBLIC-DOCS-SOURCE-ITEM-REVIEW-V1
IT-TASAKI2020-0617	TASAKI2020	000118.0002	PG-TASAKI2020-0118	equation	equation (4.2.35)	NONE	PDF p. 118; print p. 105; §4.2.2; equation (4.2.35)	Chapter 04	chapter-04	PUBLIC-DOCS-SOURCE-ITEM-REVIEW-V1
IT-TASAKI2020-0618	TASAKI2020	000118.0003	PG-TASAKI2020-0118	equation	equation (4.2.36)	NONE	PDF p. 118; print p. 105; §4.2.2; equation (4.2.36)	Chapter 04	chapter-04	PUBLIC-DOCS-SOURCE-ITEM-REVIEW-V1
IT-TASAKI2020-0619	TASAKI2020	000118.0004	PG-TASAKI2020-0118	equation	equation (4.2.37)	NONE	PDF p. 118; print p. 105; §4.2.2; equation (4.2.37)	Chapter 04	chapter-04	PUBLIC-DOCS-SOURCE-ITEM-REVIEW-V1
IT-TASAKI2020-0620	TASAKI2020	000118.0005	PG-TASAKI2020-0118	unlabeled	NONE	NONE	PDF p. 118; print p. 105; §4.2.2; paragraph 6, atom 2	Chapter 04	chapter-04	PUBLIC-DOCS-SOURCE-ITEM-REVIEW-V1
IT-TASAKI2020-0621	TASAKI2020	000118.0006	PG-TASAKI2020-0118	unlabeled	NONE	NONE	PDF p. 118; print p. 105; §4.2.2; paragraph 7	Chapter 04	chapter-04	PUBLIC-DOCS-SOURCE-ITEM-REVIEW-V1
IT-TASAKI2020-0622	TASAKI2020	000118.0007	PG-TASAKI2020-0118	lemma	Lemma 4.15	NONE	PDF p. 118; print p. 105; §4.2.2; Lemma 4.15	Chapter 04	chapter-04	PUBLIC-DOCS-SOURCE-ITEM-REVIEW-V1
IT-TASAKI2020-0623	TASAKI2020	000118.0008	PG-TASAKI2020-0118	equation	equation (4.2.38)	NONE	PDF p. 118; print p. 105; §4.2.2; equation (4.2.38)	Chapter 04	chapter-04	PUBLIC-DOCS-SOURCE-ITEM-REVIEW-V1
IT-TASAKI2020-0624	TASAKI2020	000118.0009	PG-TASAKI2020-0118	equation	equation (4.2.39)	NONE	PDF p. 118; print p. 105; §4.2.2; equation (4.2.39)	Chapter 04	chapter-04	PUBLIC-DOCS-SOURCE-ITEM-REVIEW-V1
IT-TASAKI2020-0625	TASAKI2020	000118.0010	PG-TASAKI2020-0118	equation	equation (4.2.40)	NONE	PDF p. 118; print p. 105; §4.2.2; equation (4.2.40)	Chapter 04	chapter-04	PUBLIC-DOCS-SOURCE-ITEM-REVIEW-V1
IT-TASAKI2020-0626	TASAKI2020	000119.0001	PG-TASAKI2020-0119	equation	equation (4.2.41)	NONE	PDF p. 119; print p. 106; §4.2.2; equation (4.2.41)	Chapter 04	chapter-04	PUBLIC-DOCS-SOURCE-ITEM-REVIEW-V1
IT-TASAKI2020-0627	TASAKI2020	000119.0002	PG-TASAKI2020-0119	unlabeled	NONE	NONE	PDF p. 119; print p. 106; §4.2.2; paragraph 4	Chapter 04	chapter-04	PUBLIC-DOCS-SOURCE-ITEM-REVIEW-V1
IT-TASAKI2020-0628	TASAKI2020	000119.0003	PG-TASAKI2020-0119	equation	equation (4.2.42)	NONE	PDF p. 119; print p. 106; §4.2.2; equation (4.2.42)	Chapter 04	chapter-04	PUBLIC-DOCS-SOURCE-ITEM-REVIEW-V1
IT-TASAKI2020-0629	TASAKI2020	000119.0004	PG-TASAKI2020-0119	equation	equation (4.2.43)	NONE	PDF p. 119; print p. 106; §4.2.2; equation (4.2.43)	Chapter 04	chapter-04	PUBLIC-DOCS-SOURCE-ITEM-REVIEW-V1
IT-TASAKI2020-0630	TASAKI2020	000119.0005	PG-TASAKI2020-0119	equation	equation (4.2.44)	NONE	PDF p. 119; print p. 106; §4.2.2; equation (4.2.44)	Chapter 04	chapter-04	PUBLIC-DOCS-SOURCE-ITEM-REVIEW-V1
IT-TASAKI2020-0631	TASAKI2020	000119.0006	PG-TASAKI2020-0119	equation	equation (4.2.45)	NONE	PDF p. 119; print p. 106; §4.2.2; equation (4.2.45)	Chapter 04	chapter-04	PUBLIC-DOCS-SOURCE-ITEM-REVIEW-V1
IT-TASAKI2020-0632	TASAKI2020	000119.0007	PG-TASAKI2020-0119	equation	equation (4.2.46)	NONE	PDF p. 119; print p. 106; §4.2.2; equation (4.2.46)	Chapter 04	chapter-04	PUBLIC-DOCS-SOURCE-ITEM-REVIEW-V1
IT-TASAKI2020-0633	TASAKI2020	000119.0010	PG-TASAKI2020-0119	equation	equation (4.2.47)	NONE	PDF p. 119; print p. 106; §4.2.2; equation (4.2.47)	Chapter 04	chapter-04	PUBLIC-DOCS-SOURCE-ITEM-REVIEW-V1
IT-TASAKI2020-0634	TASAKI2020	000120.0001	PG-TASAKI2020-0120	equation	equation (4.2.48)	NONE	PDF p. 120; print p. 107; §4.2.2; equation (4.2.48)	Chapter 04	chapter-04	PUBLIC-DOCS-SOURCE-ITEM-REVIEW-V1
IT-TASAKI2020-0635	TASAKI2020	000120.0002	PG-TASAKI2020-0120	unlabeled	NONE	NONE	PDF p. 120; print p. 107; §4.2.2; paragraph 4, atom 1	Chapter 04	chapter-04	PUBLIC-DOCS-SOURCE-ITEM-REVIEW-V1
IT-TASAKI2020-0636	TASAKI2020	000120.0003	PG-TASAKI2020-0120	unlabeled	NONE	NONE	PDF p. 120; print p. 107; §4.2.2; paragraph 4, atom 2	Chapter 04	chapter-04	PUBLIC-DOCS-SOURCE-ITEM-REVIEW-V1
IT-TASAKI2020-0637	TASAKI2020	000120.0004	PG-TASAKI2020-0120	equation	equation (4.2.49)	NONE	PDF p. 120; print p. 107; §4.2.2; equation (4.2.49)	Chapter 04	chapter-04	PUBLIC-DOCS-SOURCE-ITEM-REVIEW-V1
IT-TASAKI2020-0638	TASAKI2020	000120.0005	PG-TASAKI2020-0120	unlabeled	NONE	NONE	PDF p. 120; print p. 107; §4.2.2; paragraph 7	Chapter 04	chapter-04	PUBLIC-DOCS-SOURCE-ITEM-REVIEW-V1
IT-TASAKI2020-0639	TASAKI2020	000120.0006	PG-TASAKI2020-0120	equation	equation (4.2.50)	NONE	PDF p. 120; print p. 107; §4.2.2; equation (4.2.50)	Chapter 04	chapter-04	PUBLIC-DOCS-SOURCE-ITEM-REVIEW-V1
IT-TASAKI2020-0640	TASAKI2020	000120.0007	PG-TASAKI2020-0120	equation	equation (4.2.51)	NONE	PDF p. 120; print p. 107; §4.2.2; equation (4.2.51)	Chapter 04	chapter-04	PUBLIC-DOCS-SOURCE-ITEM-REVIEW-V1
IT-TASAKI2020-0641	TASAKI2020	000120.0008	PG-TASAKI2020-0120	equation	equation (4.2.52)	NONE	PDF p. 120; print p. 107; §4.2.2; equation (4.2.52)	Chapter 04	chapter-04	PUBLIC-DOCS-SOURCE-ITEM-REVIEW-V1
IT-TASAKI2020-0642	TASAKI2020	000120.0009	PG-TASAKI2020-0120	equation	equation (4.2.53)	NONE	PDF p. 120; print p. 107; §4.2.2; equation (4.2.53)	Chapter 04	chapter-04	PUBLIC-DOCS-SOURCE-ITEM-REVIEW-V1
IT-TASAKI2020-0643	TASAKI2020	000120.0010	PG-TASAKI2020-0120	equation	equation (4.2.54)	NONE	PDF p. 120; print p. 107; §4.2.2; equation (4.2.54)	Chapter 04	chapter-04	PUBLIC-DOCS-SOURCE-ITEM-REVIEW-V1
IT-TASAKI2020-0644	TASAKI2020	000120.0011	PG-TASAKI2020-0120	equation	equation (4.2.55)	NONE	PDF p. 120; print p. 107; §4.2.2; equation (4.2.55)	Chapter 04	chapter-04	PUBLIC-DOCS-SOURCE-ITEM-REVIEW-V1
IT-TASAKI2020-0645	TASAKI2020	000121.0001	PG-TASAKI2020-0121	equation	equation (4.2.56)	NONE	PDF p. 121; print p. 108; §4.2.2; equation (4.2.56)	Chapter 04	chapter-04	PUBLIC-DOCS-SOURCE-ITEM-REVIEW-V1
IT-TASAKI2020-0646	TASAKI2020	000121.0002	PG-TASAKI2020-0121	unlabeled	NONE	NONE	PDF p. 121; print p. 108; §4.2.2; paragraph 4, atom 1	Chapter 04	chapter-04	PUBLIC-DOCS-SOURCE-ITEM-REVIEW-V1
IT-TASAKI2020-0647	TASAKI2020	000121.0003	PG-TASAKI2020-0121	unlabeled	NONE	NONE	PDF p. 121; print p. 108; §4.2.2; paragraph 4, atom 2	Chapter 04	chapter-04	PUBLIC-DOCS-SOURCE-ITEM-REVIEW-V1
IT-TASAKI2020-0648	TASAKI2020	000121.0004	PG-TASAKI2020-0121	lemma	Lemma 4.16	NONE	PDF p. 121; print p. 108; §4.2.2; Lemma 4.16	Chapter 04	chapter-04	PUBLIC-DOCS-SOURCE-ITEM-REVIEW-V1
IT-TASAKI2020-0649	TASAKI2020	000121.0005	PG-TASAKI2020-0121	unlabeled	NONE	NONE	PDF p. 121; print p. 108; §4.2.2; paragraph 4, atom 3	Chapter 04	chapter-04	PUBLIC-DOCS-SOURCE-ITEM-REVIEW-V1
IT-TASAKI2020-0650	TASAKI2020	000121.0006	PG-TASAKI2020-0121	equation	equation (4.2.57)	NONE	PDF p. 121; print p. 108; §4.2.2; equation (4.2.57)	Chapter 04	chapter-04	PUBLIC-DOCS-SOURCE-ITEM-REVIEW-V1
IT-TASAKI2020-0651	TASAKI2020	000121.0007	PG-TASAKI2020-0121	equation	equation (4.2.58)	NONE	PDF p. 121; print p. 108; §4.2.2; equation (4.2.58)	Chapter 04	chapter-04	PUBLIC-DOCS-SOURCE-ITEM-REVIEW-V1
IT-TASAKI2020-0652	TASAKI2020	000121.0008	PG-TASAKI2020-0121	equation	equation (4.2.59)	NONE	PDF p. 121; print p. 108; §4.2.2; equation (4.2.59)	Chapter 04	chapter-04	PUBLIC-DOCS-SOURCE-ITEM-REVIEW-V1
IT-TASAKI2020-0653	TASAKI2020	000122.0001	PG-TASAKI2020-0122	unlabeled	NONE	NONE	PDF p. 122; print p. 109; §4.2.2; paragraph 6, atom 1	Chapter 04	chapter-04	PUBLIC-DOCS-SOURCE-ITEM-REVIEW-V1
IT-TASAKI2020-0654	TASAKI2020	000122.0002	PG-TASAKI2020-0122	unlabeled	NONE	NONE	PDF p. 122; print p. 109; §4.2.2; paragraph 6, atom 2	Chapter 04	chapter-04	PUBLIC-DOCS-SOURCE-ITEM-REVIEW-V1
IT-TASAKI2020-0655	TASAKI2020	000122.0003	PG-TASAKI2020-0122	unlabeled	NONE	NONE	PDF p. 122; print p. 109; §4.2.2; paragraph 13	Chapter 04	chapter-04	PUBLIC-DOCS-SOURCE-ITEM-REVIEW-V1
IT-TASAKI2020-0656	TASAKI2020	000122.0004	PG-TASAKI2020-0122	equation	equation (4.2.62)	NONE	PDF p. 122; print p. 109; §4.2.2; equation (4.2.62)	Chapter 04	chapter-04	PUBLIC-DOCS-SOURCE-ITEM-REVIEW-V1
IT-TASAKI2020-0657	TASAKI2020	000122.0005	PG-TASAKI2020-0122	equation	equation (4.2.60)	NONE	PDF p. 122; print p. 109; §4.2.2; equation (4.2.60)	Chapter 04	chapter-04	PUBLIC-DOCS-SOURCE-ITEM-REVIEW-V1
IT-TASAKI2020-0658	TASAKI2020	000122.0006	PG-TASAKI2020-0122	equation	equation (4.2.61)	NONE	PDF p. 122; print p. 109; §4.2.2; equation (4.2.61)	Chapter 04	chapter-04	PUBLIC-DOCS-SOURCE-ITEM-REVIEW-V1
IT-TASAKI2020-0659	TASAKI2020	000123.0001	PG-TASAKI2020-0123	equation	equation (4.2.63)	NONE	PDF p. 123; print p. 110; §4.2.2; equation (4.2.63)	Chapter 04	chapter-04	PUBLIC-DOCS-SOURCE-ITEM-REVIEW-V1
IT-TASAKI2020-0660	TASAKI2020	000123.0002	PG-TASAKI2020-0123	equation	equation (4.2.64)	NONE	PDF p. 123; print p. 110; §4.2.2; equation (4.2.64)	Chapter 04	chapter-04	PUBLIC-DOCS-SOURCE-ITEM-REVIEW-V1
IT-TASAKI2020-0661	TASAKI2020	000123.0003	PG-TASAKI2020-0123	unlabeled	NONE	NONE	PDF p. 123; print p. 110; §4.2.2; paragraph 12, atom 1	Chapter 04	chapter-04	PUBLIC-DOCS-SOURCE-ITEM-REVIEW-V1
IT-TASAKI2020-0662	TASAKI2020	000123.0004	PG-TASAKI2020-0123	equation	equation (4.2.66)	NONE	PDF p. 123; print p. 110; §4.2.2; equation (4.2.66)	Chapter 04	chapter-04	PUBLIC-DOCS-SOURCE-ITEM-REVIEW-V1
IT-TASAKI2020-0663	TASAKI2020	000123.0005	PG-TASAKI2020-0123	unlabeled	NONE	NONE	PDF p. 123; print p. 110; §4.2.2; paragraph 12, atom 2	Chapter 04	chapter-04	PUBLIC-DOCS-SOURCE-ITEM-REVIEW-V1
IT-TASAKI2020-0664	TASAKI2020	000123.0006	PG-TASAKI2020-0123	equation	equation (4.2.65)	NONE	PDF p. 123; print p. 110; §4.2.2; equation (4.2.65)	Chapter 04	chapter-04	PUBLIC-DOCS-SOURCE-ITEM-REVIEW-V1
IT-TASAKI2020-0665	TASAKI2020	000124.0001	PG-TASAKI2020-0124	unlabeled	NONE	NONE	PDF p. 124; print p. 111; §4.2.2; paragraph 2	Chapter 04	chapter-04	PUBLIC-DOCS-SOURCE-ITEM-REVIEW-V1
IT-TASAKI2020-0666	TASAKI2020	000124.0002	PG-TASAKI2020-0124	equation	equation (4.2.67)	NONE	PDF p. 124; print p. 111; §4.2.2; equation (4.2.67)	Chapter 04	chapter-04	PUBLIC-DOCS-SOURCE-ITEM-REVIEW-V1
IT-TASAKI2020-0667	TASAKI2020	000124.0003	PG-TASAKI2020-0124	equation	equation (4.2.68)	NONE	PDF p. 124; print p. 111; §4.2.2; equation (4.2.68)	Chapter 04	chapter-04	PUBLIC-DOCS-SOURCE-ITEM-REVIEW-V1
IT-TASAKI2020-0668	TASAKI2020	000124.0004	PG-TASAKI2020-0124	unlabeled	NONE	NONE	PDF p. 124; print p. 111; §4.2.2; paragraph 4	Chapter 04	chapter-04	PUBLIC-DOCS-SOURCE-ITEM-REVIEW-V1
IT-TASAKI2020-0669	TASAKI2020	000124.0005	PG-TASAKI2020-0124	equation	equation (4.2.69)	NONE	PDF p. 124; print p. 111; §4.2.2; equation (4.2.69)	Chapter 04	chapter-04	PUBLIC-DOCS-SOURCE-ITEM-REVIEW-V1
IT-TASAKI2020-0670	TASAKI2020	000124.0006	PG-TASAKI2020-0124	equation	equation (4.2.70)	NONE	PDF p. 124; print p. 111; §4.2.2; equation (4.2.70)	Chapter 04	chapter-04	PUBLIC-DOCS-SOURCE-ITEM-REVIEW-V1
IT-TASAKI2020-0671	TASAKI2020	000125.0001	PG-TASAKI2020-0125	equation	equation (4.2.71)	NONE	PDF p. 125; print p. 112; §4.2.2; equation (4.2.71)	Chapter 04	chapter-04	PUBLIC-DOCS-SOURCE-ITEM-REVIEW-V1
IT-TASAKI2020-0672	TASAKI2020	000125.0002	PG-TASAKI2020-0125	equation	equation (4.3.1)	NONE	PDF p. 125; print p. 112; §4.3.1; equation (4.3.1)	Chapter 04	chapter-04	PUBLIC-DOCS-SOURCE-ITEM-REVIEW-V1
IT-TASAKI2020-0673	TASAKI2020	000125.0003	PG-TASAKI2020-0125	equation	equation (4.3.2)	NONE	PDF p. 125; print p. 112; §4.3.1; equation (4.3.2)	Chapter 04	chapter-04	PUBLIC-DOCS-SOURCE-ITEM-REVIEW-V1
IT-TASAKI2020-0674	TASAKI2020	000125.0004	PG-TASAKI2020-0125	unlabeled	NONE	NONE	PDF p. 125; print p. 112; §4.3.1; paragraph 9	Chapter 04	chapter-04	PUBLIC-DOCS-SOURCE-ITEM-REVIEW-V1
IT-TASAKI2020-0675	TASAKI2020	000126.0001	PG-TASAKI2020-0126	unlabeled	NONE	NONE	PDF p. 126; print p. 113; §4.3.1; paragraph 2, atom 1	Chapter 04	chapter-04	PUBLIC-DOCS-SOURCE-ITEM-REVIEW-V1
IT-TASAKI2020-0676	TASAKI2020	000126.0002	PG-TASAKI2020-0126	unlabeled	NONE	NONE	PDF p. 126; print p. 113; §4.3.1; paragraph 2, atom 2	Chapter 04	chapter-04	PUBLIC-DOCS-SOURCE-ITEM-REVIEW-V1
IT-TASAKI2020-0677	TASAKI2020	000126.0003	PG-TASAKI2020-0126	equation	equation (4.3.3)	NONE	PDF p. 126; print p. 113; §4.3.1; equation (4.3.3)	Chapter 04	chapter-04	PUBLIC-DOCS-SOURCE-ITEM-REVIEW-V1
IT-TASAKI2020-0678	TASAKI2020	000126.0004	PG-TASAKI2020-0126	unlabeled	NONE	NONE	PDF p. 126; print p. 113; §4.3.1; paragraph 4, atom 1	Chapter 04	chapter-04	PUBLIC-DOCS-SOURCE-ITEM-REVIEW-V1
IT-TASAKI2020-0679	TASAKI2020	000126.0005	PG-TASAKI2020-0126	unlabeled	NONE	NONE	PDF p. 126; print p. 113; §4.3.1; paragraph 4, atom 2	Chapter 04	chapter-04	PUBLIC-DOCS-SOURCE-ITEM-REVIEW-V1
IT-TASAKI2020-0680	TASAKI2020	000126.0006	PG-TASAKI2020-0126	unlabeled	NONE	NONE	PDF p. 126; print p. 113; §4.3.1; paragraph 4, atom 3	Chapter 04	chapter-04	PUBLIC-DOCS-SOURCE-ITEM-REVIEW-V1
IT-TASAKI2020-0681	TASAKI2020	000126.0007	PG-TASAKI2020-0126	equation	equation (4.3.4)	NONE	PDF p. 126; print p. 113; §4.3.1; equation (4.3.4)	Chapter 04	chapter-04	PUBLIC-DOCS-SOURCE-ITEM-REVIEW-V1
IT-TASAKI2020-0682	TASAKI2020	000126.0008	PG-TASAKI2020-0126	unlabeled	NONE	NONE	PDF p. 126; print p. 113; §4.3.1; paragraph 5, atom 1	Chapter 04	chapter-04	PUBLIC-DOCS-SOURCE-ITEM-REVIEW-V1
IT-TASAKI2020-0683	TASAKI2020	000126.0009	PG-TASAKI2020-0126	definition	Definition 4.17	NONE	PDF p. 126; print p. 113; §4.3.1; Definition 4.17	Chapter 04	chapter-04	PUBLIC-DOCS-SOURCE-ITEM-REVIEW-V1
IT-TASAKI2020-0684	TASAKI2020	000127.0001	PG-TASAKI2020-0127	unlabeled	NONE	NONE	PDF p. 127; print p. 114; §4.3.1; paragraph 2	Chapter 04	chapter-04	PUBLIC-DOCS-SOURCE-ITEM-REVIEW-V1
IT-TASAKI2020-0685	TASAKI2020	000127.0002	PG-TASAKI2020-0127	equation	equation (4.3.5)	NONE	PDF p. 127; print p. 114; §4.3.1; equation (4.3.5)	Chapter 04	chapter-04	PUBLIC-DOCS-SOURCE-ITEM-REVIEW-V1
IT-TASAKI2020-0686	TASAKI2020	000127.0003	PG-TASAKI2020-0127	definition	Definition 4.18	NONE	PDF p. 127; print p. 114; §4.3.1; Definition 4.18	Chapter 04	chapter-04	PUBLIC-DOCS-SOURCE-ITEM-REVIEW-V1
IT-TASAKI2020-0687	TASAKI2020	000127.0004	PG-TASAKI2020-0127	equation	equation (4.3.6)	NONE	PDF p. 127; print p. 114; §4.3.1; equation (4.3.6)	Chapter 04	chapter-04	PUBLIC-DOCS-SOURCE-ITEM-REVIEW-V1
IT-TASAKI2020-0688	TASAKI2020	000127.0005	PG-TASAKI2020-0127	definition	Definition 4.19	NONE	PDF p. 127; print p. 114; §4.3.1; Definition 4.19	Chapter 04	chapter-04	PUBLIC-DOCS-SOURCE-ITEM-REVIEW-V1
IT-TASAKI2020-0689	TASAKI2020	000127.0006	PG-TASAKI2020-0127	equation	equation (4.3.7)	NONE	PDF p. 127; print p. 114; §4.3.1; equation (4.3.7)	Chapter 04	chapter-04	PUBLIC-DOCS-SOURCE-ITEM-REVIEW-V1
IT-TASAKI2020-0690	TASAKI2020	000127.0007	PG-TASAKI2020-0127	unlabeled	NONE	NONE	PDF p. 127; print p. 114; §4.3.1; paragraph 10; atom 1	Chapter 04	chapter-04	PUBLIC-DOCS-SOURCE-ITEM-REVIEW-V1
IT-TASAKI2020-0691	TASAKI2020	000127.0008	PG-TASAKI2020-0127	unlabeled	NONE	NONE	PDF p. 127; print p. 114; §4.3.1; paragraph 10; atom 2	Chapter 04	chapter-04	PUBLIC-DOCS-SOURCE-ITEM-REVIEW-V1
IT-TASAKI2020-0692	TASAKI2020	000128.0001	PG-TASAKI2020-0128	unlabeled	NONE	NONE	PDF p. 128; print p. 115; §4.3.1; paragraph 2, atom 1	Chapter 04	chapter-04	PUBLIC-DOCS-SOURCE-ITEM-REVIEW-V1
IT-TASAKI2020-0693	TASAKI2020	000128.0002	PG-TASAKI2020-0128	equation	equation (4.3.8)	NONE	PDF p. 128; print p. 115; §4.3.1; equation (4.3.8)	Chapter 04	chapter-04	PUBLIC-DOCS-SOURCE-ITEM-REVIEW-V1
IT-TASAKI2020-0694	TASAKI2020	000128.0003	PG-TASAKI2020-0128	theorem	Theorem 4.20	NONE	PDF p. 128; print p. 115; §4.3.1; Theorem 4.20	Chapter 04	chapter-04	PUBLIC-DOCS-SOURCE-ITEM-REVIEW-V1
IT-TASAKI2020-0695	TASAKI2020	000128.0004	PG-TASAKI2020-0128	equation	equation (4.3.10)	NONE	PDF p. 128; print p. 115; §4.3.1; equation (4.3.10)	Chapter 04	chapter-04	PUBLIC-DOCS-SOURCE-ITEM-REVIEW-V1
IT-TASAKI2020-0696	TASAKI2020	000128.0005	PG-TASAKI2020-0128	equation	equation (4.3.9)	NONE	PDF p. 128; print p. 115; §4.3.1; equation (4.3.9)	Chapter 04	chapter-04	PUBLIC-DOCS-SOURCE-ITEM-REVIEW-V1
IT-TASAKI2020-0697	TASAKI2020	000128.0006	PG-TASAKI2020-0128	conjecture	Conjecture 4.21	NONE	PDF p. 128; print p. 115; §4.3.1; Conjecture 4.21	Chapter 04	chapter-04	PUBLIC-DOCS-SOURCE-ITEM-REVIEW-V1
IT-TASAKI2020-0698	TASAKI2020	000128.0007	PG-TASAKI2020-0128	unlabeled	NONE	NONE	PDF p. 128; print p. 115; §4.3.1; paragraph immediately following Conjecture 4.21	Chapter 04	chapter-04	PUBLIC-DOCS-SOURCE-ITEM-REVIEW-V1
IT-TASAKI2020-0699	TASAKI2020	000128.0009	PG-TASAKI2020-0128	unlabeled	NONE	NONE	PDF p. 128; print p. 115; §4.3.1; paragraph beginning “The property (4.2.16)”	Chapter 04	chapter-04	PUBLIC-DOCS-SOURCE-ITEM-REVIEW-V1
IT-TASAKI2020-0700	TASAKI2020	000128.0015	PG-TASAKI2020-0128	unlabeled	NONE	NONE	PDF p. 128; print p. 115; §4.3.1; mean-field paragraph	Chapter 04	chapter-04	PUBLIC-DOCS-SOURCE-ITEM-REVIEW-V1
IT-TASAKI2020-0701	TASAKI2020	000128.0017	PG-TASAKI2020-0128	note	Note unnumbered line 45	NONE	PDF p. 128; print p. 115; §4.3.1; Note unnumbered line 45	Chapter 04	chapter-04	PUBLIC-DOCS-SOURCE-ITEM-REVIEW-V1
IT-TASAKI2020-0702	TASAKI2020	000129.0001	PG-TASAKI2020-0129	equation	equation (4.3.11)	NONE	PDF p. 129; print p. 116; §4.3.1; equation (4.3.11)	Chapter 04	chapter-04	PUBLIC-DOCS-SOURCE-ITEM-REVIEW-V1
IT-TASAKI2020-0703	TASAKI2020	000129.0002	PG-TASAKI2020-0129	unlabeled	NONE	NONE	PDF p. 129; print p. 116; §4.3.2; assertion prose line 35	Chapter 04	chapter-04	PUBLIC-DOCS-SOURCE-ITEM-REVIEW-V1
IT-TASAKI2020-0704	TASAKI2020	000129.0003	PG-TASAKI2020-0129	unlabeled	NONE	NONE	PDF p. 129; print p. 116; §4.3.2; paragraph 5	Chapter 04	chapter-04	PUBLIC-DOCS-SOURCE-ITEM-REVIEW-V1
IT-TASAKI2020-0705	TASAKI2020	000129.0004	PG-TASAKI2020-0129	equation	equation (4.3.12)	NONE	PDF p. 129; print p. 116; §4.3.2; equation (4.3.12)	Chapter 04	chapter-04	PUBLIC-DOCS-SOURCE-ITEM-REVIEW-V1
IT-TASAKI2020-0706	TASAKI2020	000129.0005	PG-TASAKI2020-0129	unlabeled	NONE	NONE	PDF p. 129; print p. 116; §4.3.2; paragraph 6	Chapter 04	chapter-04	PUBLIC-DOCS-SOURCE-ITEM-REVIEW-V1
IT-TASAKI2020-0707	TASAKI2020	000130.0001	PG-TASAKI2020-0130	equation	equation (4.3.13)	NONE	PDF p. 130; print p. 117; §4.3.2; equation (4.3.13)	Chapter 04	chapter-04	PUBLIC-DOCS-SOURCE-ITEM-REVIEW-V1
IT-TASAKI2020-0708	TASAKI2020	000130.0002	PG-TASAKI2020-0130	equation	equation (4.3.14)	NONE	PDF p. 130; print p. 117; §4.3.2; equation (4.3.14)	Chapter 04	chapter-04	PUBLIC-DOCS-SOURCE-ITEM-REVIEW-V1
IT-TASAKI2020-0709	TASAKI2020	000130.0003	PG-TASAKI2020-0130	remark	Remark unnumbered line 30	NONE	PDF p. 130; print p. 117; §4.3.2; Remark unnumbered line 30	Chapter 04	chapter-04	PUBLIC-DOCS-SOURCE-ITEM-REVIEW-V1
IT-TASAKI2020-0710	TASAKI2020	000131.0001	PG-TASAKI2020-0131	equation	equation (4.4.1)	NONE	PDF p. 131; print p. 118; §4.4; equation (4.4.1)	Chapter 04	chapter-04	PUBLIC-DOCS-SOURCE-ITEM-REVIEW-V1
IT-TASAKI2020-0711	TASAKI2020	000131.0002	PG-TASAKI2020-0131	equation	equation (4.4.2)	NONE	PDF p. 131; print p. 118; §4.4; equation (4.4.2)	Chapter 04	chapter-04	PUBLIC-DOCS-SOURCE-ITEM-REVIEW-V1
IT-TASAKI2020-0712	TASAKI2020	000131.0003	PG-TASAKI2020-0131	equation	equation (4.4.3)	NONE	PDF p. 131; print p. 118; §4.4; equation (4.4.3)	Chapter 04	chapter-04	PUBLIC-DOCS-SOURCE-ITEM-REVIEW-V1
IT-TASAKI2020-0713	TASAKI2020	000132.0001	PG-TASAKI2020-0132	equation	equation (4.4.4)	NONE	PDF p. 132; print p. 119; §4.4.1; equation (4.4.4)	Chapter 04	chapter-04	PUBLIC-DOCS-SOURCE-ITEM-REVIEW-V1
IT-TASAKI2020-0714	TASAKI2020	000132.0002	PG-TASAKI2020-0132	theorem	Theorem 4.22	NONE	PDF p. 132; print p. 119; §4.4.1; Theorem 4.22	Chapter 04	chapter-04	PUBLIC-DOCS-SOURCE-ITEM-REVIEW-V1
IT-TASAKI2020-0715	TASAKI2020	000132.0003	PG-TASAKI2020-0132	equation	equation (4.4.5)	NONE	PDF p. 132; print p. 119; §4.4.1; equation (4.4.5)	Chapter 04	chapter-04	PUBLIC-DOCS-SOURCE-ITEM-REVIEW-V1
IT-TASAKI2020-0716	TASAKI2020	000132.0004	PG-TASAKI2020-0132	equation	equation (4.4.6)	NONE	PDF p. 132; print p. 119; §4.4.1; equation (4.4.6)	Chapter 04	chapter-04	PUBLIC-DOCS-SOURCE-ITEM-REVIEW-V1
IT-TASAKI2020-0717	TASAKI2020	000132.0005	PG-TASAKI2020-0132	equation	equation (4.4.8)	NONE	PDF p. 132; print p. 119; §4.4.1; equation (4.4.8)	Chapter 04	chapter-04	PUBLIC-DOCS-SOURCE-ITEM-REVIEW-V1
IT-TASAKI2020-0718	TASAKI2020	000132.0006	PG-TASAKI2020-0132	theorem	Theorem 4.23	NONE	PDF p. 132; print p. 119; §4.4.1; Theorem 4.23	Chapter 04	chapter-04	PUBLIC-DOCS-SOURCE-ITEM-REVIEW-V1
IT-TASAKI2020-0719	TASAKI2020	000132.0007	PG-TASAKI2020-0132	equation	equation (4.4.7)	NONE	PDF p. 132; print p. 119; §4.4.1; equation (4.4.7)	Chapter 04	chapter-04	PUBLIC-DOCS-SOURCE-ITEM-REVIEW-V1
IT-TASAKI2020-0720	TASAKI2020	000132.0008	PG-TASAKI2020-0132	note	Note unnumbered line 33	NONE	PDF p. 132; print p. 119; §4.4.1; Note unnumbered line 33	Chapter 04	chapter-04	PUBLIC-DOCS-SOURCE-ITEM-REVIEW-V1
IT-TASAKI2020-0721	TASAKI2020	000133.0001	PG-TASAKI2020-0133	equation	equation (4.4.9)	NONE	PDF p. 133; print p. 120; §4.4.1; equation (4.4.9)	Chapter 04	chapter-04	PUBLIC-DOCS-SOURCE-ITEM-REVIEW-V1
IT-TASAKI2020-0722	TASAKI2020	000133.0002	PG-TASAKI2020-0133	equation	equation (4.4.10)	NONE	PDF p. 133; print p. 120; §4.4.2; equation (4.4.10)	Chapter 04	chapter-04	PUBLIC-DOCS-SOURCE-ITEM-REVIEW-V1
IT-TASAKI2020-0723	TASAKI2020	000134.0001	PG-TASAKI2020-0134	equation	equation (4.4.11)	NONE	PDF p. 134; print p. 121; §4.4.2; equation (4.4.11)	Chapter 04	chapter-04	PUBLIC-DOCS-SOURCE-ITEM-REVIEW-V1
IT-TASAKI2020-0724	TASAKI2020	000134.0002	PG-TASAKI2020-0134	unlabeled	NONE	NONE	PDF p. 134; print p. 121; §4.4.2; paragraph 2, atom 1	Chapter 04	chapter-04	PUBLIC-DOCS-SOURCE-ITEM-REVIEW-V1
IT-TASAKI2020-0725	TASAKI2020	000134.0003	PG-TASAKI2020-0134	unlabeled	NONE	NONE	PDF p. 134; print p. 121; §4.4.2; paragraph 2, atom 2	Chapter 04	chapter-04	PUBLIC-DOCS-SOURCE-ITEM-REVIEW-V1
IT-TASAKI2020-0726	TASAKI2020	000134.0004	PG-TASAKI2020-0134	equation	equation (4.4.12)	NONE	PDF p. 134; print p. 121; §4.4.2; equation (4.4.12)	Chapter 04	chapter-04	PUBLIC-DOCS-SOURCE-ITEM-REVIEW-V1
IT-TASAKI2020-0727	TASAKI2020	000134.0005	PG-TASAKI2020-0134	equation	equation (4.4.13)	NONE	PDF p. 134; print p. 121; §4.4.2; equation (4.4.13)	Chapter 04	chapter-04	PUBLIC-DOCS-SOURCE-ITEM-REVIEW-V1
IT-TASAKI2020-0728	TASAKI2020	000134.0006	PG-TASAKI2020-0134	equation	equation (4.4.14)	NONE	PDF p. 134; print p. 121; §4.4.2; equation (4.4.14)	Chapter 04	chapter-04	PUBLIC-DOCS-SOURCE-ITEM-REVIEW-V1
IT-TASAKI2020-0729	TASAKI2020	000134.0007	PG-TASAKI2020-0134	unlabeled	NONE	NONE	PDF p. 134; print p. 121; §4.4.2; paragraph 6	Chapter 04	chapter-04	PUBLIC-DOCS-SOURCE-ITEM-REVIEW-V1
IT-TASAKI2020-0730	TASAKI2020	000134.0008	PG-TASAKI2020-0134	equation	equation (4.4.15)	NONE	PDF p. 134; print p. 121; §4.4.2; equation (4.4.15)	Chapter 04	chapter-04	PUBLIC-DOCS-SOURCE-ITEM-REVIEW-V1
IT-TASAKI2020-0731	TASAKI2020	000134.0009	PG-TASAKI2020-0134	unlabeled	NONE	NONE	PDF p. 134; print p. 121; §4.4.2; paragraph 8	Chapter 04	chapter-04	PUBLIC-DOCS-SOURCE-ITEM-REVIEW-V1
IT-TASAKI2020-0732	TASAKI2020	000134.0010	PG-TASAKI2020-0134	unlabeled	NONE	NONE	PDF p. 134; print p. 121; §4.4.2; paragraph 9	Chapter 04	chapter-04	PUBLIC-DOCS-SOURCE-ITEM-REVIEW-V1
IT-TASAKI2020-0733	TASAKI2020	000135.0001	PG-TASAKI2020-0135	equation	equation (4.4.16)	NONE	PDF p. 135; print p. 122; §4.4.2; equation (4.4.16)	Chapter 04	chapter-04	PUBLIC-DOCS-SOURCE-ITEM-REVIEW-V1
IT-TASAKI2020-0734	TASAKI2020	000135.0002	PG-TASAKI2020-0135	equation	equation (4.4.17)	NONE	PDF p. 135; print p. 122; §4.4.2; equation (4.4.17)	Chapter 04	chapter-04	PUBLIC-DOCS-SOURCE-ITEM-REVIEW-V1
IT-TASAKI2020-0735	TASAKI2020	000135.0003	PG-TASAKI2020-0135	equation	equation (4.4.18)	NONE	PDF p. 135; print p. 122; §4.4.2; equation (4.4.18)	Chapter 04	chapter-04	PUBLIC-DOCS-SOURCE-ITEM-REVIEW-V1
IT-TASAKI2020-0736	TASAKI2020	000135.0004	PG-TASAKI2020-0135	equation	equation (4.4.19)	NONE	PDF p. 135; print p. 122; §4.4.2; equation (4.4.19)	Chapter 04	chapter-04	PUBLIC-DOCS-SOURCE-ITEM-REVIEW-V1
IT-TASAKI2020-0737	TASAKI2020	000135.0005	PG-TASAKI2020-0135	unlabeled	NONE	NONE	PDF p. 135; print p. 122; §4.4.2; paragraph 6	Chapter 04	chapter-04	PUBLIC-DOCS-SOURCE-ITEM-REVIEW-V1
IT-TASAKI2020-0738	TASAKI2020	000135.0006	PG-TASAKI2020-0135	unlabeled	NONE	NONE	PDF p. 135; print p. 122; §4.4.2; paragraph 7	Chapter 04	chapter-04	PUBLIC-DOCS-SOURCE-ITEM-REVIEW-V1
IT-TASAKI2020-0739	TASAKI2020	000135.0007	PG-TASAKI2020-0135	note	Note unnumbered line 66	NONE	PDF p. 135; print p. 122; §4.4.2; Note unnumbered line 66	Chapter 04	chapter-04	PUBLIC-DOCS-SOURCE-ITEM-REVIEW-V1
IT-TASAKI2020-0740	TASAKI2020	000136.0001	PG-TASAKI2020-0136	equation	equation (4.4.20)	NONE	PDF p. 136; print p. 123; §4.4.2; equation (4.4.20)	Chapter 04	chapter-04	PUBLIC-DOCS-SOURCE-ITEM-REVIEW-V1
IT-TASAKI2020-0741	TASAKI2020	000136.0002	PG-TASAKI2020-0136	unlabeled	NONE	NONE	PDF p. 136; print p. 123; §4.4.2; paragraph 3, atom 1	Chapter 04	chapter-04	PUBLIC-DOCS-SOURCE-ITEM-REVIEW-V1
IT-TASAKI2020-0742	TASAKI2020	000136.0003	PG-TASAKI2020-0136	unlabeled	NONE	NONE	PDF p. 136; print p. 123; §4.4.2; paragraph 3, atom 2	Chapter 04	chapter-04	PUBLIC-DOCS-SOURCE-ITEM-REVIEW-V1
IT-TASAKI2020-0743	TASAKI2020	000137.0001	PG-TASAKI2020-0137	equation	equation (4.4.21)	NONE	PDF p. 137; print p. 124; §4.4.3; equation (4.4.21)	Chapter 04	chapter-04	PUBLIC-DOCS-SOURCE-ITEM-REVIEW-V1
IT-TASAKI2020-0744	TASAKI2020	000137.0002	PG-TASAKI2020-0137	theorem	Theorem 4.24	NONE	PDF p. 137; print p. 124; §4.4.3; Theorem 4.24	Chapter 04	chapter-04	PUBLIC-DOCS-SOURCE-ITEM-REVIEW-V1
IT-TASAKI2020-0745	TASAKI2020	000137.0003	PG-TASAKI2020-0137	equation	equation (4.4.22)	NONE	PDF p. 137; print p. 124; §4.4.3; equation (4.4.22)	Chapter 04	chapter-04	PUBLIC-DOCS-SOURCE-ITEM-REVIEW-V1
IT-TASAKI2020-0746	TASAKI2020	000138.0001	PG-TASAKI2020-0138	theorem	Theorem 4.25	NONE	PDF p. 138; print p. 125; §4.4.3; Theorem 4.25	Chapter 04	chapter-04	PUBLIC-DOCS-SOURCE-ITEM-REVIEW-V1
IT-TASAKI2020-0747	TASAKI2020	000138.0002	PG-TASAKI2020-0138	equation	equation (4.4.23)	NONE	PDF p. 138; print p. 125; §4.4.3; equation (4.4.23)	Chapter 04	chapter-04	PUBLIC-DOCS-SOURCE-ITEM-REVIEW-V1
IT-TASAKI2020-0748	TASAKI2020	000138.0003	PG-TASAKI2020-0138	equation	equation (4.4.24)	NONE	PDF p. 138; print p. 125; §4.4.3; equation (4.4.24)	Chapter 04	chapter-04	PUBLIC-DOCS-SOURCE-ITEM-REVIEW-V1
IT-TASAKI2020-0749	TASAKI2020	000138.0004	PG-TASAKI2020-0138	note	Note unnumbered line 29	NONE	PDF p. 138; print p. 125; §4.4.3; Note unnumbered line 29	Chapter 04	chapter-04	PUBLIC-DOCS-SOURCE-ITEM-REVIEW-V1
IT-TASAKI2020-0750	TASAKI2020	000139.0001	PG-TASAKI2020-0139	equation	equation (4.4.25)	NONE	PDF p. 139; print p. 126; §4.4.3; equation (4.4.25)	Chapter 04	chapter-04	PUBLIC-DOCS-SOURCE-ITEM-REVIEW-V1
IT-TASAKI2020-0751	TASAKI2020	000139.0002	PG-TASAKI2020-0139	unlabeled	NONE	NONE	PDF p. 139; print p. 126; §4.4.3; paragraph 3	Chapter 04	chapter-04	PUBLIC-DOCS-SOURCE-ITEM-REVIEW-V1
IT-TASAKI2020-0752	TASAKI2020	000139.0003	PG-TASAKI2020-0139	equation	equation (4.4.26)	NONE	PDF p. 139; print p. 126; §4.4.3; equation (4.4.26)	Chapter 04	chapter-04	PUBLIC-DOCS-SOURCE-ITEM-REVIEW-V1
IT-TASAKI2020-0753	TASAKI2020	000139.0004	PG-TASAKI2020-0139	equation	equation (4.4.27)	NONE	PDF p. 139; print p. 126; §4.4.3; equation (4.4.27)	Chapter 04	chapter-04	PUBLIC-DOCS-SOURCE-ITEM-REVIEW-V1
IT-TASAKI2020-0754	TASAKI2020	000139.0005	PG-TASAKI2020-0139	equation	equation (4.4.28)	NONE	PDF p. 139; print p. 126; §4.4.3; equation (4.4.28)	Chapter 04	chapter-04	PUBLIC-DOCS-SOURCE-ITEM-REVIEW-V1
IT-TASAKI2020-0755	TASAKI2020	000139.0006	PG-TASAKI2020-0139	equation	equation (4.4.29)	NONE	PDF p. 139; print p. 126; §4.4.3; equation (4.4.29)	Chapter 04	chapter-04	PUBLIC-DOCS-SOURCE-ITEM-REVIEW-V1
IT-TASAKI2020-0756	TASAKI2020	000139.0007	PG-TASAKI2020-0139	equation	equation (4.4.30)	NONE	PDF p. 139; print p. 126; §4.4.3; equation (4.4.30)	Chapter 04	chapter-04	PUBLIC-DOCS-SOURCE-ITEM-REVIEW-V1
IT-TASAKI2020-0757	TASAKI2020	000140.0001	PG-TASAKI2020-0140	equation	equation (4.4.31)	NONE	PDF p. 140; print p. 127; §4.4.3; equation (4.4.31)	Chapter 04	chapter-04	PUBLIC-DOCS-SOURCE-ITEM-REVIEW-V1
IT-TASAKI2020-0758	TASAKI2020	000140.0002	PG-TASAKI2020-0140	equation	equation (4.4.32)	NONE	PDF p. 140; print p. 127; §4.4.3; equation (4.4.32)	Chapter 04	chapter-04	PUBLIC-DOCS-SOURCE-ITEM-REVIEW-V1
IT-TASAKI2020-0759	TASAKI2020	000140.0003	PG-TASAKI2020-0140	equation	equation (4.4.33)	NONE	PDF p. 140; print p. 127; §4.4.3; equation (4.4.33)	Chapter 04	chapter-04	PUBLIC-DOCS-SOURCE-ITEM-REVIEW-V1
IT-TASAKI2020-0760	TASAKI2020	000140.0004	PG-TASAKI2020-0140	equation	equation (4.4.34)	NONE	PDF p. 140; print p. 127; §4.4.3; equation (4.4.34)	Chapter 04	chapter-04	PUBLIC-DOCS-SOURCE-ITEM-REVIEW-V1
IT-TASAKI2020-0761	TASAKI2020	000140.0005	PG-TASAKI2020-0140	equation	equation (4.4.35)	NONE	PDF p. 140; print p. 127; §4.4.3; equation (4.4.35)	Chapter 04	chapter-04	PUBLIC-DOCS-SOURCE-ITEM-REVIEW-V1
IT-TASAKI2020-0762	TASAKI2020	000140.0006	PG-TASAKI2020-0140	equation	equation (4.4.36)	NONE	PDF p. 140; print p. 127; §4.4.3; equation (4.4.36)	Chapter 04	chapter-04	PUBLIC-DOCS-SOURCE-ITEM-REVIEW-V1
IT-TASAKI2020-0763	TASAKI2020	000140.0007	PG-TASAKI2020-0140	unlabeled	NONE	NONE	PDF p. 140; print p. 127; §4.4.3; paragraph 7	Chapter 04	chapter-04	PUBLIC-DOCS-SOURCE-ITEM-REVIEW-V1
IT-TASAKI2020-0764	TASAKI2020	000140.0008	PG-TASAKI2020-0140	equation	equation (4.4.37)	NONE	PDF p. 140; print p. 127; §4.4.3; equation (4.4.37)	Chapter 04	chapter-04	PUBLIC-DOCS-SOURCE-ITEM-REVIEW-V1
IT-TASAKI2020-0765	TASAKI2020	000141.0001	PG-TASAKI2020-0141	unlabeled	NONE	NONE	PDF p. 141; print p. 128; §4.4.3; paragraph 2	Chapter 04	chapter-04	PUBLIC-DOCS-SOURCE-ITEM-REVIEW-V1
IT-TASAKI2020-0766	TASAKI2020	000141.0002	PG-TASAKI2020-0141	equation	equation (4.4.38)	NONE	PDF p. 141; print p. 128; §4.4.3; equation (4.4.38)	Chapter 04	chapter-04	PUBLIC-DOCS-SOURCE-ITEM-REVIEW-V1
IT-TASAKI2020-0767	TASAKI2020	000141.0003	PG-TASAKI2020-0141	equation	equation (4.4.39)	NONE	PDF p. 141; print p. 128; §4.4.3; equation (4.4.39)	Chapter 04	chapter-04	PUBLIC-DOCS-SOURCE-ITEM-REVIEW-V1
IT-TASAKI2020-0768	TASAKI2020	000141.0004	PG-TASAKI2020-0141	unlabeled	NONE	NONE	PDF p. 141; print p. 128; §4.4.3; paragraph 5	Chapter 04	chapter-04	PUBLIC-DOCS-SOURCE-ITEM-REVIEW-V1
IT-TASAKI2020-0769	TASAKI2020	000141.0005	PG-TASAKI2020-0141	equation	equation (4.4.40)	NONE	PDF p. 141; print p. 128; §4.4.3; equation (4.4.40)	Chapter 04	chapter-04	PUBLIC-DOCS-SOURCE-ITEM-REVIEW-V1
IT-TASAKI2020-0770	TASAKI2020	000141.0006	PG-TASAKI2020-0141	equation	equation (4.4.41)	NONE	PDF p. 141; print p. 128; §4.4.3; equation (4.4.41)	Chapter 04	chapter-04	PUBLIC-DOCS-SOURCE-ITEM-REVIEW-V1
IT-TASAKI2020-0771	TASAKI2020	000141.0007	PG-TASAKI2020-0141	equation	equation (4.4.42)	NONE	PDF p. 141; print p. 128; §4.4.3; equation (4.4.42)	Chapter 04	chapter-04	PUBLIC-DOCS-SOURCE-ITEM-REVIEW-V1
IT-TASAKI2020-0772	TASAKI2020	000142.0001	PG-TASAKI2020-0142	equation	equation (4.4.43)	NONE	PDF p. 142; print p. 129; §4.4.3; equation (4.4.43)	Chapter 04	chapter-04	PUBLIC-DOCS-SOURCE-ITEM-REVIEW-V1
IT-TASAKI2020-0773	TASAKI2020	000142.0002	PG-TASAKI2020-0142	unlabeled	NONE	NONE	PDF p. 142; print p. 129; §4.4.3; paragraph 2	Chapter 04	chapter-04	PUBLIC-DOCS-SOURCE-ITEM-REVIEW-V1
IT-TASAKI2020-0774	TASAKI2020	000142.0003	PG-TASAKI2020-0142	equation	equation (4.4.44)	NONE	PDF p. 142; print p. 129; §4.4.3; equation (4.4.44)	Chapter 04	chapter-04	PUBLIC-DOCS-SOURCE-ITEM-REVIEW-V1
IT-TASAKI2020-0775	TASAKI2020	000142.0004	PG-TASAKI2020-0142	unlabeled	NONE	NONE	PDF p. 142; print p. 129; §4.4.3; paragraph 3, atom 1	Chapter 04	chapter-04	PUBLIC-DOCS-SOURCE-ITEM-REVIEW-V1
IT-TASAKI2020-0776	TASAKI2020	000142.0005	PG-TASAKI2020-0142	unlabeled	NONE	NONE	PDF p. 142; print p. 129; §4.4.3; paragraph 3, atom 2	Chapter 04	chapter-04	PUBLIC-DOCS-SOURCE-ITEM-REVIEW-V1
IT-TASAKI2020-0777	TASAKI2020	000142.0006	PG-TASAKI2020-0142	equation	equation (4.4.45)	NONE	PDF p. 142; print p. 129; §4.4.3; equation (4.4.45)	Chapter 04	chapter-04	PUBLIC-DOCS-SOURCE-ITEM-REVIEW-V1
IT-TASAKI2020-0778	TASAKI2020	000142.0007	PG-TASAKI2020-0142	unlabeled	NONE	NONE	PDF p. 142; print p. 129; §4.4.3; paragraph 6	Chapter 04	chapter-04	PUBLIC-DOCS-SOURCE-ITEM-REVIEW-V1
IT-TASAKI2020-0779	TASAKI2020	000142.0008	PG-TASAKI2020-0142	equation	equation (4.4.46)	NONE	PDF p. 142; print p. 129; §4.4.3; equation (4.4.46)	Chapter 04	chapter-04	PUBLIC-DOCS-SOURCE-ITEM-REVIEW-V1
IT-TASAKI2020-0780	TASAKI2020	000142.0009	PG-TASAKI2020-0142	unlabeled	NONE	NONE	PDF p. 142; print p. 129; §4.4.3; paragraph 8	Chapter 04	chapter-04	PUBLIC-DOCS-SOURCE-ITEM-REVIEW-V1
IT-TASAKI2020-0781	TASAKI2020	000142.0010	PG-TASAKI2020-0142	equation	equation (4.4.47)	NONE	PDF p. 142; print p. 129; §4.4.3; equation (4.4.47)	Chapter 04	chapter-04	PUBLIC-DOCS-SOURCE-ITEM-REVIEW-V1
IT-TASAKI2020-0782	TASAKI2020	000142.0011	PG-TASAKI2020-0142	equation	equation (4.4.48)	NONE	PDF p. 142; print p. 129; §4.4.3; equation (4.4.48)	Chapter 04	chapter-04	PUBLIC-DOCS-SOURCE-ITEM-REVIEW-V1
IT-TASAKI2020-0783	TASAKI2020	000142.0012	PG-TASAKI2020-0142	equation	equation (4.4.49)	NONE	PDF p. 142; print p. 129; §4.4.3; equation (4.4.49)	Chapter 04	chapter-04	PUBLIC-DOCS-SOURCE-ITEM-REVIEW-V1
IT-TASAKI2020-0784	TASAKI2020	000142.0013	PG-TASAKI2020-0142	unlabeled	NONE	NONE	PDF p. 142; print p. 129; §4.4.3; paragraph 3, atom 3	Chapter 04	chapter-04	PUBLIC-DOCS-SOURCE-ITEM-REVIEW-V1
IT-TASAKI2020-0785	TASAKI2020	000143.0001	PG-TASAKI2020-0143	equation	equation (4.4.50)	NONE	PDF p. 143; print p. 130; §4.4.3; equation (4.4.50)	Chapter 04	chapter-04	PUBLIC-DOCS-SOURCE-ITEM-REVIEW-V1
IT-TASAKI2020-0786	TASAKI2020	000143.0002	PG-TASAKI2020-0143	equation	equation (4.4.51)	NONE	PDF p. 143; print p. 130; §4.4.3; equation (4.4.51)	Chapter 04	chapter-04	PUBLIC-DOCS-SOURCE-ITEM-REVIEW-V1
IT-TASAKI2020-0787	TASAKI2020	000143.0003	PG-TASAKI2020-0143	problem	Problem 4.4.3.a	NONE	PDF p. 143; print p. 130; §4.4.3; Problem 4.4.3.a	Chapter 04	chapter-04	PUBLIC-DOCS-SOURCE-ITEM-REVIEW-V1
IT-TASAKI2020-0788	TASAKI2020	000143.0004	PG-TASAKI2020-0143	unlabeled	NONE	NONE	PDF p. 143; print p. 130; §4.4.4; paragraph 9, atom 1	Chapter 04	chapter-04	PUBLIC-DOCS-SOURCE-ITEM-REVIEW-V1
IT-TASAKI2020-0789	TASAKI2020	000143.0005	PG-TASAKI2020-0143	theorem	Theorem 4.26	NONE	PDF p. 143; print p. 130; §4.4.4; Theorem 4.26	Chapter 04	chapter-04	PUBLIC-DOCS-SOURCE-ITEM-REVIEW-V1
IT-TASAKI2020-0790	TASAKI2020	000143.0006	PG-TASAKI2020-0143	equation	equation (4.4.52)	NONE	PDF p. 143; print p. 130; §4.4.4; equation (4.4.52)	Chapter 04	chapter-04	PUBLIC-DOCS-SOURCE-ITEM-REVIEW-V1
IT-TASAKI2020-0791	TASAKI2020	000144.0001	PG-TASAKI2020-0144	unlabeled	NONE	NONE	PDF p. 144; print p. 131; §4.4.4; paragraph 2	Chapter 04	chapter-04	PUBLIC-DOCS-SOURCE-ITEM-REVIEW-V1
IT-TASAKI2020-0792	TASAKI2020	000144.0002	PG-TASAKI2020-0144	theorem	Theorem 4.27	NONE	PDF p. 144; print p. 131; §4.4.4; Theorem 4.27	Chapter 04	chapter-04	PUBLIC-DOCS-SOURCE-ITEM-REVIEW-V1
IT-TASAKI2020-0793	TASAKI2020	000144.0003	PG-TASAKI2020-0144	equation	equation (4.4.53)	NONE	PDF p. 144; print p. 131; §4.4.4; equation (4.4.53)	Chapter 04	chapter-04	PUBLIC-DOCS-SOURCE-ITEM-REVIEW-V1
IT-TASAKI2020-0794	TASAKI2020	000144.0004	PG-TASAKI2020-0144	unlabeled	NONE	NONE	PDF p. 144; print p. 131; §4.4.4; paragraph 4; audit split atom 1/6	Chapter 04	chapter-04	PUBLIC-DOCS-SOURCE-ITEM-REVIEW-V1
IT-TASAKI2020-0795	TASAKI2020	000144.0005	PG-TASAKI2020-0144	unlabeled	NONE	NONE	PDF p. 144; print p. 131; §4.4.4; paragraph 4; audit split atom 2/6	Chapter 04	chapter-04	PUBLIC-DOCS-SOURCE-ITEM-REVIEW-V1
IT-TASAKI2020-0796	TASAKI2020	000144.0006	PG-TASAKI2020-0144	unlabeled	NONE	NONE	PDF p. 144; print p. 131; §4.4.4; final prose paragraph	Chapter 04	chapter-04	PUBLIC-DOCS-SOURCE-ITEM-REVIEW-V1
IT-TASAKI2020-0797	TASAKI2020	000148.0001	PG-TASAKI2020-0148	unlabeled	NONE	NONE	PDF p. 148; print p. 135; §5.1; paragraph 4	Chapter 05	chapter-05	PUBLIC-DOCS-SOURCE-ITEM-REVIEW-V1
IT-TASAKI2020-0798	TASAKI2020	000149.0001	PG-TASAKI2020-0149	unlabeled	NONE	NONE	PDF p. 149; print p. 136; §5.1; paragraph 2	Chapter 05	chapter-05	PUBLIC-DOCS-SOURCE-ITEM-REVIEW-V1
IT-TASAKI2020-0799	TASAKI2020	000149.0002	PG-TASAKI2020-0149	equation	equation (5.1.1)	NONE	PDF p. 149; print p. 136; §5.1; equation (5.1.1)	Chapter 05	chapter-05	PUBLIC-DOCS-SOURCE-ITEM-REVIEW-V1
IT-TASAKI2020-0800	TASAKI2020	000149.0003	PG-TASAKI2020-0149	unlabeled	NONE	NONE	PDF p. 149; print p. 136; §5.1; paragraph 4, atom 1	Chapter 05	chapter-05	PUBLIC-DOCS-SOURCE-ITEM-REVIEW-V1
IT-TASAKI2020-0801	TASAKI2020	000149.0004	PG-TASAKI2020-0149	unlabeled	NONE	NONE	PDF p. 149; print p. 136; §5.1; paragraph 4, atom 2	Chapter 05	chapter-05	PUBLIC-DOCS-SOURCE-ITEM-REVIEW-V1
IT-TASAKI2020-0802	TASAKI2020	000149.0005	PG-TASAKI2020-0149	unlabeled	NONE	NONE	PDF p. 149; print p. 136; §5.1; paragraph 4, atom 3	Chapter 05	chapter-05	PUBLIC-DOCS-SOURCE-ITEM-REVIEW-V1
IT-TASAKI2020-0803	TASAKI2020	000149.0006	PG-TASAKI2020-0149	equation	equation (5.1.2)	NONE	PDF p. 149; print p. 136; §5.1; equation (5.1.2)	Chapter 05	chapter-05	PUBLIC-DOCS-SOURCE-ITEM-REVIEW-V1
IT-TASAKI2020-0804	TASAKI2020	000149.0007	PG-TASAKI2020-0149	unlabeled	NONE	NONE	PDF p. 149; print p. 136; §5.1; paragraph 6	Chapter 05	chapter-05	PUBLIC-DOCS-SOURCE-ITEM-REVIEW-V1
IT-TASAKI2020-0805	TASAKI2020	000149.0008	PG-TASAKI2020-0149	equation	equation (5.1.3)	NONE	PDF p. 149; print p. 136; §5.1; equation (5.1.3)	Chapter 05	chapter-05	PUBLIC-DOCS-SOURCE-ITEM-REVIEW-V1
IT-TASAKI2020-0806	TASAKI2020	000149.0009	PG-TASAKI2020-0149	unlabeled	NONE	NONE	PDF p. 149; print p. 136; §5.1; paragraph 7, atom 1; audit split atom 1/3	Chapter 05	chapter-05	PUBLIC-DOCS-SOURCE-ITEM-REVIEW-V1
IT-TASAKI2020-0807	TASAKI2020	000149.0010	PG-TASAKI2020-0149	unlabeled	NONE	NONE	PDF p. 149; print p. 136; §5.1; paragraph beginning “Unfortunately”	Chapter 05	chapter-05	PUBLIC-DOCS-SOURCE-ITEM-REVIEW-V1
IT-TASAKI2020-0808	TASAKI2020	000149.0012	PG-TASAKI2020-0149	footnote	Footnote 2	NONE	PDF p. 149; print p. 136; §5.1; Footnote 2	Chapter 05	chapter-05	PUBLIC-DOCS-SOURCE-ITEM-REVIEW-V1
IT-TASAKI2020-0809	TASAKI2020	000149.0013	PG-TASAKI2020-0149	footnote	Footnote 3	NONE	PDF p. 149; print p. 136; §5.1; Footnote 3	Chapter 05	chapter-05	PUBLIC-DOCS-SOURCE-ITEM-REVIEW-V1
IT-TASAKI2020-0810	TASAKI2020	000150.0001	PG-TASAKI2020-0150	equation	equation (5.1.4)	NONE	PDF p. 150; print p. 137; §5.1; equation (5.1.4)	Chapter 05	chapter-05	PUBLIC-DOCS-SOURCE-ITEM-REVIEW-V1
IT-TASAKI2020-0811	TASAKI2020	000150.0002	PG-TASAKI2020-0150	unlabeled	NONE	NONE	PDF p. 150; print p. 137; §5.1; paragraph 3	Chapter 05	chapter-05	PUBLIC-DOCS-SOURCE-ITEM-REVIEW-V1
IT-TASAKI2020-0812	TASAKI2020	000150.0003	PG-TASAKI2020-0150	equation	equation (5.1.5)	NONE	PDF p. 150; print p. 137; §5.1; equation (5.1.5)	Chapter 05	chapter-05	PUBLIC-DOCS-SOURCE-ITEM-REVIEW-V1
IT-TASAKI2020-0813	TASAKI2020	000150.0004	PG-TASAKI2020-0150	equation	equation (5.1.6)	NONE	PDF p. 150; print p. 137; §5.1; equation (5.1.6)	Chapter 05	chapter-05	PUBLIC-DOCS-SOURCE-ITEM-REVIEW-V1
IT-TASAKI2020-0814	TASAKI2020	000150.0005	PG-TASAKI2020-0150	equation	equation (5.1.7)	NONE	PDF p. 150; print p. 137; §5.1; equation (5.1.7)	Chapter 05	chapter-05	PUBLIC-DOCS-SOURCE-ITEM-REVIEW-V1
IT-TASAKI2020-0815	TASAKI2020	000150.0006	PG-TASAKI2020-0150	unlabeled	NONE	NONE	PDF p. 150; print p. 137; §5.1; paragraph 6	Chapter 05	chapter-05	PUBLIC-DOCS-SOURCE-ITEM-REVIEW-V1
IT-TASAKI2020-0816	TASAKI2020	000151.0001	PG-TASAKI2020-0151	equation	equation (5.2.1)	NONE	PDF p. 151; print p. 138; §5.2; equation (5.2.1)	Chapter 05	chapter-05	PUBLIC-DOCS-SOURCE-ITEM-REVIEW-V1
IT-TASAKI2020-0817	TASAKI2020	000151.0002	PG-TASAKI2020-0151	unlabeled	NONE	NONE	PDF p. 151; print p. 138; §5.2; paragraph 5	Chapter 05	chapter-05	PUBLIC-DOCS-SOURCE-ITEM-REVIEW-V1
IT-TASAKI2020-0818	TASAKI2020	000151.0003	PG-TASAKI2020-0151	equation	equation (5.2.2)	NONE	PDF p. 151; print p. 138; §5.2; equation (5.2.2)	Chapter 05	chapter-05	PUBLIC-DOCS-SOURCE-ITEM-REVIEW-V1
IT-TASAKI2020-0819	TASAKI2020	000151.0004	PG-TASAKI2020-0151	equation	equation (5.2.3)	NONE	PDF p. 151; print p. 138; §5.2; equation (5.2.3)	Chapter 05	chapter-05	PUBLIC-DOCS-SOURCE-ITEM-REVIEW-V1
IT-TASAKI2020-0820	TASAKI2020	000151.0005	PG-TASAKI2020-0151	equation	equation (5.2.4)	NONE	PDF p. 151; print p. 138; §5.2; equation (5.2.4)	Chapter 05	chapter-05	PUBLIC-DOCS-SOURCE-ITEM-REVIEW-V1
IT-TASAKI2020-0821	TASAKI2020	000151.0006	PG-TASAKI2020-0151	equation	equation (5.2.5)	NONE	PDF p. 151; print p. 138; §5.2; equation (5.2.5)	Chapter 05	chapter-05	PUBLIC-DOCS-SOURCE-ITEM-REVIEW-V1
IT-TASAKI2020-0822	TASAKI2020	000151.0007	PG-TASAKI2020-0151	unlabeled	NONE	NONE	PDF p. 151; print p. 138; §5.2; paragraph 9	Chapter 05	chapter-05	PUBLIC-DOCS-SOURCE-ITEM-REVIEW-V1
IT-TASAKI2020-0823	TASAKI2020	000151.0008	PG-TASAKI2020-0151	problem	Problem 5.2.a	NONE	PDF p. 151; print p. 138; §5.2; Problem 5.2.a	Chapter 05	chapter-05	PUBLIC-DOCS-SOURCE-ITEM-REVIEW-V1
IT-TASAKI2020-0824	TASAKI2020	000152.0001	PG-TASAKI2020-0152	equation	equation (5.2.6)	NONE	PDF p. 152; print p. 139; §5.2; equation (5.2.6)	Chapter 05	chapter-05	PUBLIC-DOCS-SOURCE-ITEM-REVIEW-V1
IT-TASAKI2020-0825	TASAKI2020	000152.0002	PG-TASAKI2020-0152	equation	equation (5.2.7)	NONE	PDF p. 152; print p. 139; §5.2; equation (5.2.7)	Chapter 05	chapter-05	PUBLIC-DOCS-SOURCE-ITEM-REVIEW-V1
IT-TASAKI2020-0826	TASAKI2020	000152.0003	PG-TASAKI2020-0152	unlabeled	NONE	NONE	PDF p. 152; print p. 139; §5.2; paragraph 5, atom 1	Chapter 05	chapter-05	PUBLIC-DOCS-SOURCE-ITEM-REVIEW-V1
IT-TASAKI2020-0827	TASAKI2020	000152.0004	PG-TASAKI2020-0152	unlabeled	NONE	NONE	PDF p. 152; print p. 139; §5.2; paragraph 5, atom 2	Chapter 05	chapter-05	PUBLIC-DOCS-SOURCE-ITEM-REVIEW-V1
IT-TASAKI2020-0828	TASAKI2020	000152.0005	PG-TASAKI2020-0152	theorem	Theorem 5.1	NONE	PDF p. 152; print p. 139; §5.2; Theorem 5.1	Chapter 05	chapter-05	PUBLIC-DOCS-SOURCE-ITEM-REVIEW-V1
IT-TASAKI2020-0829	TASAKI2020	000152.0006	PG-TASAKI2020-0152	equation	equation (5.2.8)	NONE	PDF p. 152; print p. 139; §5.2; equation (5.2.8)	Chapter 05	chapter-05	PUBLIC-DOCS-SOURCE-ITEM-REVIEW-V1
IT-TASAKI2020-0830	TASAKI2020	000153.0001	PG-TASAKI2020-0153	unlabeled	NONE	NONE	PDF p. 153; print p. 140; §5.3; paragraph 3	Chapter 05	chapter-05	PUBLIC-DOCS-SOURCE-ITEM-REVIEW-V1
IT-TASAKI2020-0831	TASAKI2020	000153.0002	PG-TASAKI2020-0153	equation	equation (5.3.1)	NONE	PDF p. 153; print p. 140; §5.3; equation (5.3.1)	Chapter 05	chapter-05	PUBLIC-DOCS-SOURCE-ITEM-REVIEW-V1
IT-TASAKI2020-0832	TASAKI2020	000153.0003	PG-TASAKI2020-0153	equation	equation (5.3.2)	NONE	PDF p. 153; print p. 140; §5.3; equation (5.3.2)	Chapter 05	chapter-05	PUBLIC-DOCS-SOURCE-ITEM-REVIEW-V1
IT-TASAKI2020-0833	TASAKI2020	000153.0004	PG-TASAKI2020-0153	unlabeled	NONE	NONE	PDF p. 153; print p. 140; §5.3; paragraph 5, atom 1	Chapter 05	chapter-05	PUBLIC-DOCS-SOURCE-ITEM-REVIEW-V1
IT-TASAKI2020-0834	TASAKI2020	000153.0005	PG-TASAKI2020-0153	equation	equation (5.3.3)	NONE	PDF p. 153; print p. 140; §5.3; equation (5.3.3)	Chapter 05	chapter-05	PUBLIC-DOCS-SOURCE-ITEM-REVIEW-V1
IT-TASAKI2020-0835	TASAKI2020	000153.0006	PG-TASAKI2020-0153	theorem	Theorem 5.2	NONE	PDF p. 153; print p. 140; §5.3; Theorem 5.2	Chapter 05	chapter-05	PUBLIC-DOCS-SOURCE-ITEM-REVIEW-V1
IT-TASAKI2020-0836	TASAKI2020	000154.0001	PG-TASAKI2020-0154	equation	equation (5.3.4)	NONE	PDF p. 154; print p. 141; §5.3; equation (5.3.4)	Chapter 05	chapter-05	PUBLIC-DOCS-SOURCE-ITEM-REVIEW-V1
IT-TASAKI2020-0837	TASAKI2020	000154.0002	PG-TASAKI2020-0154	equation	equation (5.3.5)	NONE	PDF p. 154; print p. 141; §5.3; equation (5.3.5)	Chapter 05	chapter-05	PUBLIC-DOCS-SOURCE-ITEM-REVIEW-V1
IT-TASAKI2020-0838	TASAKI2020	000154.0003	PG-TASAKI2020-0154	unlabeled	NONE	NONE	PDF p. 154; print p. 141; §5.3; paragraph 5	Chapter 05	chapter-05	PUBLIC-DOCS-SOURCE-ITEM-REVIEW-V1
IT-TASAKI2020-0839	TASAKI2020	000154.0004	PG-TASAKI2020-0154	theorem	Theorem 5.3	NONE	PDF p. 154; print p. 141; §5.3; Theorem 5.3	Chapter 05	chapter-05	PUBLIC-DOCS-SOURCE-ITEM-REVIEW-V1
IT-TASAKI2020-0840	TASAKI2020	000154.0005	PG-TASAKI2020-0154	equation	equation (5.3.6)	NONE	PDF p. 154; print p. 141; §5.3; equation (5.3.6)	Chapter 05	chapter-05	PUBLIC-DOCS-SOURCE-ITEM-REVIEW-V1
IT-TASAKI2020-0841	TASAKI2020	000154.0006	PG-TASAKI2020-0154	equation	equation (5.3.7)	NONE	PDF p. 154; print p. 141; §5.3; equation (5.3.7)	Chapter 05	chapter-05	PUBLIC-DOCS-SOURCE-ITEM-REVIEW-V1
IT-TASAKI2020-0842	TASAKI2020	000154.0007	PG-TASAKI2020-0154	equation	equation (5.3.8)	NONE	PDF p. 154; print p. 141; §5.3; equation (5.3.8)	Chapter 05	chapter-05	PUBLIC-DOCS-SOURCE-ITEM-REVIEW-V1
IT-TASAKI2020-0843	TASAKI2020	000154.0008	PG-TASAKI2020-0154	unlabeled	NONE	NONE	PDF p. 154; print p. 141; §5.3; paragraph 7	Chapter 05	chapter-05	PUBLIC-DOCS-SOURCE-ITEM-REVIEW-V1
IT-TASAKI2020-0844	TASAKI2020	000154.0009	PG-TASAKI2020-0154	equation	equation (5.3.9)	NONE	PDF p. 154; print p. 141; §5.3; equation (5.3.9)	Chapter 05	chapter-05	PUBLIC-DOCS-SOURCE-ITEM-REVIEW-V1
IT-TASAKI2020-0845	TASAKI2020	000155.0001	PG-TASAKI2020-0155	equation	equation (5.3.10)	NONE	PDF p. 155; print p. 142; §5.3; equation (5.3.10)	Chapter 05	chapter-05	PUBLIC-DOCS-SOURCE-ITEM-REVIEW-V1
IT-TASAKI2020-0846	TASAKI2020	000155.0002	PG-TASAKI2020-0155	equation	equation (5.3.11)	NONE	PDF p. 155; print p. 142; §5.3; equation (5.3.11)	Chapter 05	chapter-05	PUBLIC-DOCS-SOURCE-ITEM-REVIEW-V1
IT-TASAKI2020-0847	TASAKI2020	000155.0003	PG-TASAKI2020-0155	note	Note unnumbered line 11	NONE	PDF p. 155; print p. 142; §5.3; Note unnumbered line 11	Chapter 05	chapter-05	PUBLIC-DOCS-SOURCE-ITEM-REVIEW-V1
IT-TASAKI2020-0848	TASAKI2020	000155.0004	PG-TASAKI2020-0155	unlabeled	NONE	NONE	PDF p. 155; print p. 142; §5.3; paragraph after equation (5.3.11)	Chapter 05	chapter-05	PUBLIC-DOCS-SOURCE-ITEM-REVIEW-V1
IT-TASAKI2020-0849	TASAKI2020	000156.0001	PG-TASAKI2020-0156	equation	equation (5.4.1)	NONE	PDF p. 156; print p. 143; §5.4; equation (5.4.1)	Chapter 05	chapter-05	PUBLIC-DOCS-SOURCE-ITEM-REVIEW-V1
IT-TASAKI2020-0850	TASAKI2020	000156.0002	PG-TASAKI2020-0156	equation	equation (5.4.2)	NONE	PDF p. 156; print p. 143; §5.4; equation (5.4.2)	Chapter 05	chapter-05	PUBLIC-DOCS-SOURCE-ITEM-REVIEW-V1
IT-TASAKI2020-0851	TASAKI2020	000156.0003	PG-TASAKI2020-0156	equation	equation (5.4.3)	NONE	PDF p. 156; print p. 143; §5.4; equation (5.4.3)	Chapter 05	chapter-05	PUBLIC-DOCS-SOURCE-ITEM-REVIEW-V1
IT-TASAKI2020-0852	TASAKI2020	000156.0004	PG-TASAKI2020-0156	problem	Problem 5.4.a	NONE	PDF p. 156; print p. 143; §5.4; Problem 5.4.a	Chapter 05	chapter-05	PUBLIC-DOCS-SOURCE-ITEM-REVIEW-V1
IT-TASAKI2020-0853	TASAKI2020	000156.0005	PG-TASAKI2020-0156	note	Note unnumbered line 39	NONE	PDF p. 156; print p. 143; §5.4; Note unnumbered line 39	Chapter 05	chapter-05	PUBLIC-DOCS-SOURCE-ITEM-REVIEW-V1
IT-TASAKI2020-0854	TASAKI2020	000157.0001	PG-TASAKI2020-0157	unlabeled	NONE	NONE	PDF p. 157; print p. 144; §5.4; paragraph 2	Chapter 05	chapter-05	PUBLIC-DOCS-SOURCE-ITEM-REVIEW-V1
IT-TASAKI2020-0855	TASAKI2020	000157.0002	PG-TASAKI2020-0157	equation	equation (5.4.4)	NONE	PDF p. 157; print p. 144; §5.4; equation (5.4.4)	Chapter 05	chapter-05	PUBLIC-DOCS-SOURCE-ITEM-REVIEW-V1
IT-TASAKI2020-0856	TASAKI2020	000157.0003	PG-TASAKI2020-0157	unlabeled	NONE	NONE	PDF p. 157; print p. 144; §5.4; paragraph 4	Chapter 05	chapter-05	PUBLIC-DOCS-SOURCE-ITEM-REVIEW-V1
IT-TASAKI2020-0857	TASAKI2020	000159.0001	PG-TASAKI2020-0159	unlabeled	NONE	NONE	PDF p. 159; print p. 146; §5.4; paragraph 2	Chapter 05	chapter-05	PUBLIC-DOCS-SOURCE-ITEM-REVIEW-V1
IT-TASAKI2020-0858	TASAKI2020	000159.0002	PG-TASAKI2020-0159	unlabeled	NONE	NONE	PDF p. 159; print p. 146; §5.5; paragraph 4, atom 1	Chapter 05	chapter-05	PUBLIC-DOCS-SOURCE-ITEM-REVIEW-V1
IT-TASAKI2020-0859	TASAKI2020	000159.0003	PG-TASAKI2020-0159	unlabeled	NONE	NONE	PDF p. 159; print p. 146; §5.5; paragraph 4, atom 2	Chapter 05	chapter-05	PUBLIC-DOCS-SOURCE-ITEM-REVIEW-V1
IT-TASAKI2020-0860	TASAKI2020	000159.0004	PG-TASAKI2020-0159	equation	equation (5.5.1)	NONE	PDF p. 159; print p. 146; §5.5; equation (5.5.1)	Chapter 05	chapter-05	PUBLIC-DOCS-SOURCE-ITEM-REVIEW-V1
IT-TASAKI2020-0861	TASAKI2020	000159.0005	PG-TASAKI2020-0159	equation	equation (5.5.2)	NONE	PDF p. 159; print p. 146; §5.5; equation (5.5.2)	Chapter 05	chapter-05	PUBLIC-DOCS-SOURCE-ITEM-REVIEW-V1
IT-TASAKI2020-0862	TASAKI2020	000160.0001	PG-TASAKI2020-0160	equation	equation (5.5.3)	NONE	PDF p. 160; print p. 147; §5.5; equation (5.5.3)	Chapter 05	chapter-05	PUBLIC-DOCS-SOURCE-ITEM-REVIEW-V1
IT-TASAKI2020-0863	TASAKI2020	000160.0002	PG-TASAKI2020-0160	equation	equation (5.5.4)	NONE	PDF p. 160; print p. 147; §5.5; equation (5.5.4)	Chapter 05	chapter-05	PUBLIC-DOCS-SOURCE-ITEM-REVIEW-V1
IT-TASAKI2020-0864	TASAKI2020	000160.0003	PG-TASAKI2020-0160	unlabeled	NONE	NONE	PDF p. 160; print p. 147; §5.5; paragraph 5, atom 1	Chapter 05	chapter-05	PUBLIC-DOCS-SOURCE-ITEM-REVIEW-V1
IT-TASAKI2020-0865	TASAKI2020	000160.0004	PG-TASAKI2020-0160	unlabeled	NONE	NONE	PDF p. 160; print p. 147; §5.5; paragraph 5, atom 2	Chapter 05	chapter-05	PUBLIC-DOCS-SOURCE-ITEM-REVIEW-V1
IT-TASAKI2020-0866	TASAKI2020	000160.0005	PG-TASAKI2020-0160	theorem	Theorem 5.4	NONE	PDF p. 160; print p. 147; §5.5; Theorem 5.4	Chapter 05	chapter-05	PUBLIC-DOCS-SOURCE-ITEM-REVIEW-V1
IT-TASAKI2020-0867	TASAKI2020	000160.0006	PG-TASAKI2020-0160	equation	equation (5.5.5)	NONE	PDF p. 160; print p. 147; §5.5; equation (5.5.5)	Chapter 05	chapter-05	PUBLIC-DOCS-SOURCE-ITEM-REVIEW-V1
IT-TASAKI2020-0868	TASAKI2020	000160.0007	PG-TASAKI2020-0160	equation	equation (5.5.6)	NONE	PDF p. 160; print p. 147; §5.5; equation (5.5.6)	Chapter 05	chapter-05	PUBLIC-DOCS-SOURCE-ITEM-REVIEW-V1
IT-TASAKI2020-0869	TASAKI2020	000160.0008	PG-TASAKI2020-0160	unlabeled	NONE	NONE	PDF p. 160; print p. 147; §5.5; paragraph 7	Chapter 05	chapter-05	PUBLIC-DOCS-SOURCE-ITEM-REVIEW-V1
IT-TASAKI2020-0870	TASAKI2020	000160.0009	PG-TASAKI2020-0160	equation	equation (5.5.7)	NONE	PDF p. 160; print p. 147; §5.5; equation (5.5.7)	Chapter 05	chapter-05	PUBLIC-DOCS-SOURCE-ITEM-REVIEW-V1
IT-TASAKI2020-0871	TASAKI2020	000161.0001	PG-TASAKI2020-0161	unlabeled	NONE	NONE	PDF p. 161; print p. 148; §5.5; paragraph 4	Chapter 05	chapter-05	PUBLIC-DOCS-SOURCE-ITEM-REVIEW-V1
IT-TASAKI2020-0872	TASAKI2020	000161.0002	PG-TASAKI2020-0161	equation	equation (5.5.8)	NONE	PDF p. 161; print p. 148; §5.5; equation (5.5.8)	Chapter 05	chapter-05	PUBLIC-DOCS-SOURCE-ITEM-REVIEW-V1
IT-TASAKI2020-0873	TASAKI2020	000161.0003	PG-TASAKI2020-0161	equation	equation (5.5.9)	NONE	PDF p. 161; print p. 148; §5.5; equation (5.5.9)	Chapter 05	chapter-05	PUBLIC-DOCS-SOURCE-ITEM-REVIEW-V1
IT-TASAKI2020-0874	TASAKI2020	000161.0004	PG-TASAKI2020-0161	figure	Fig. 5.1	NONE	PDF p. 161; print p. 148; §5.5; Fig. 5.1	Chapter 05	chapter-05	PUBLIC-DOCS-SOURCE-ITEM-REVIEW-V1
IT-TASAKI2020-0875	TASAKI2020	000162.0001	PG-TASAKI2020-0162	equation	equation (5.5.10)	NONE	PDF p. 162; print p. 149; §5.5; equation (5.5.10)	Chapter 05	chapter-05	PUBLIC-DOCS-SOURCE-ITEM-REVIEW-V1
IT-TASAKI2020-0876	TASAKI2020	000162.0002	PG-TASAKI2020-0162	equation	equation (5.5.11)	NONE	PDF p. 162; print p. 149; §5.5; equation (5.5.11)	Chapter 05	chapter-05	PUBLIC-DOCS-SOURCE-ITEM-REVIEW-V1
IT-TASAKI2020-0877	TASAKI2020	000162.0003	PG-TASAKI2020-0162	equation	equation (5.5.12)	NONE	PDF p. 162; print p. 149; §5.5; equation (5.5.12)	Chapter 05	chapter-05	PUBLIC-DOCS-SOURCE-ITEM-REVIEW-V1
IT-TASAKI2020-0878	TASAKI2020	000166.0001	PG-TASAKI2020-0166	equation	equation (6.1.1)	NONE	PDF p. 166; print p. 153; §6.1; equation (6.1.1)	Chapter 06	chapter-06	PUBLIC-DOCS-SOURCE-ITEM-REVIEW-V1
IT-TASAKI2020-0879	TASAKI2020	000166.0002	PG-TASAKI2020-0166	unlabeled	NONE	NONE	PDF p. 166; print p. 153; §6.1; paragraph 5	Chapter 06	chapter-06	PUBLIC-DOCS-SOURCE-ITEM-REVIEW-V1
IT-TASAKI2020-0880	TASAKI2020	000167.0001	PG-TASAKI2020-0167	unlabeled	NONE	NONE	PDF p. 167; print p. 154; §6.1; paragraph 2	Chapter 06	chapter-06	PUBLIC-DOCS-SOURCE-ITEM-REVIEW-V1
IT-TASAKI2020-0881	TASAKI2020	000167.0002	PG-TASAKI2020-0167	equation	equation (6.1.2)	NONE	PDF p. 167; print p. 154; §6.1; equation (6.1.2)	Chapter 06	chapter-06	PUBLIC-DOCS-SOURCE-ITEM-REVIEW-V1
IT-TASAKI2020-0882	TASAKI2020	000168.0001	PG-TASAKI2020-0168	unlabeled	NONE	NONE	PDF p. 168; print p. 155; §6.1; paragraph 5	Chapter 06	chapter-06	PUBLIC-DOCS-SOURCE-ITEM-REVIEW-V1
IT-TASAKI2020-0883	TASAKI2020	000168.0002	PG-TASAKI2020-0168	equation	equation (6.1.3)	NONE	PDF p. 168; print p. 155; §6.1; equation (6.1.3)	Chapter 06	chapter-06	PUBLIC-DOCS-SOURCE-ITEM-REVIEW-V1
IT-TASAKI2020-0884	TASAKI2020	000169.0001	PG-TASAKI2020-0169	unlabeled	NONE	NONE	PDF p. 169; print p. 156; §6.1; note after (6.1.3), atom 1	Chapter 06	chapter-06	PUBLIC-DOCS-SOURCE-ITEM-REVIEW-V1
IT-TASAKI2020-0885	TASAKI2020	000169.0002	PG-TASAKI2020-0169	unlabeled	NONE	NONE	PDF p. 169; print p. 156; §6.1; note after (6.1.3), atom 2	Chapter 06	chapter-06	PUBLIC-DOCS-SOURCE-ITEM-REVIEW-V1
IT-TASAKI2020-0886	TASAKI2020	000170.0001	PG-TASAKI2020-0170	unlabeled	NONE	NONE	PDF p. 170; print p. 157; §6.1; paragraph 2	Chapter 06	chapter-06	PUBLIC-DOCS-SOURCE-ITEM-REVIEW-V1
IT-TASAKI2020-0887	TASAKI2020	000170.0002	PG-TASAKI2020-0170	problem	Problem 6.1.a	NONE	PDF p. 170; print p. 157; §6.1; Problem 6.1.a	Chapter 06	chapter-06	PUBLIC-DOCS-SOURCE-ITEM-REVIEW-V1
IT-TASAKI2020-0888	TASAKI2020	000171.0001	PG-TASAKI2020-0171	unlabeled	NONE	NONE	PDF p. 171; print p. 158; §6.1; paragraph 2, atom 1	Chapter 06	chapter-06	PUBLIC-DOCS-SOURCE-ITEM-REVIEW-V1
IT-TASAKI2020-0889	TASAKI2020	000171.0002	PG-TASAKI2020-0171	equation	equation (6.1.4)	NONE	PDF p. 171; print p. 158; §6.1; equation (6.1.4)	Chapter 06	chapter-06	PUBLIC-DOCS-SOURCE-ITEM-REVIEW-V1
IT-TASAKI2020-0890	TASAKI2020	000171.0003	PG-TASAKI2020-0171	unlabeled	NONE	NONE	PDF p. 171; print p. 158; §6.1; paragraph 4	Chapter 06	chapter-06	PUBLIC-DOCS-SOURCE-ITEM-REVIEW-V1
IT-TASAKI2020-0891	TASAKI2020	000171.0004	PG-TASAKI2020-0171	unlabeled	NONE	NONE	PDF p. 171; print p. 158; §6.2; paragraph 6, atom 1	Chapter 06	chapter-06	PUBLIC-DOCS-SOURCE-ITEM-REVIEW-V1
IT-TASAKI2020-0892	TASAKI2020	000171.0005	PG-TASAKI2020-0171	unlabeled	NONE	NONE	PDF p. 171; print p. 158; §6.2; paragraph 6, atom 2	Chapter 06	chapter-06	PUBLIC-DOCS-SOURCE-ITEM-REVIEW-V1
IT-TASAKI2020-0893	TASAKI2020	000171.0006	PG-TASAKI2020-0171	unlabeled	NONE	NONE	PDF p. 171; print p. 158; §6.2; paragraph 6, atom 3	Chapter 06	chapter-06	PUBLIC-DOCS-SOURCE-ITEM-REVIEW-V1
IT-TASAKI2020-0894	TASAKI2020	000171.0007	PG-TASAKI2020-0171	equation	equation (6.2.1)	NONE	PDF p. 171; print p. 158; §6.2; equation (6.2.1)	Chapter 06	chapter-06	PUBLIC-DOCS-SOURCE-ITEM-REVIEW-V1
IT-TASAKI2020-0895	TASAKI2020	000172.0001	PG-TASAKI2020-0172	equation	equation (6.2.2)	NONE	PDF p. 172; print p. 159; §6.2; equation (6.2.2)	Chapter 06	chapter-06	PUBLIC-DOCS-SOURCE-ITEM-REVIEW-V1
IT-TASAKI2020-0896	TASAKI2020	000172.0002	PG-TASAKI2020-0172	equation	equation (6.2.3)	NONE	PDF p. 172; print p. 159; §6.2; equation (6.2.3)	Chapter 06	chapter-06	PUBLIC-DOCS-SOURCE-ITEM-REVIEW-V1
IT-TASAKI2020-0897	TASAKI2020	000172.0003	PG-TASAKI2020-0172	unlabeled	NONE	NONE	PDF p. 172; print p. 159; §6.2; paragraph 3, atom 1	Chapter 06	chapter-06	PUBLIC-DOCS-SOURCE-ITEM-REVIEW-V1
IT-TASAKI2020-0898	TASAKI2020	000172.0004	PG-TASAKI2020-0172	equation	equation (6.2.4)	NONE	PDF p. 172; print p. 159; §6.2; equation (6.2.4)	Chapter 06	chapter-06	PUBLIC-DOCS-SOURCE-ITEM-REVIEW-V1
IT-TASAKI2020-0899	TASAKI2020	000172.0005	PG-TASAKI2020-0172	lemma	Lemma 6.1	NONE	PDF p. 172; print p. 159; §6.2; Lemma 6.1	Chapter 06	chapter-06	PUBLIC-DOCS-SOURCE-ITEM-REVIEW-V1
IT-TASAKI2020-0900	TASAKI2020	000172.0006	PG-TASAKI2020-0172	equation	equation (6.2.5)	NONE	PDF p. 172; print p. 159; §6.2; equation (6.2.5)	Chapter 06	chapter-06	PUBLIC-DOCS-SOURCE-ITEM-REVIEW-V1
IT-TASAKI2020-0901	TASAKI2020	000172.0007	PG-TASAKI2020-0172	equation	equation (6.2.6)	NONE	PDF p. 172; print p. 159; §6.2; equation (6.2.6)	Chapter 06	chapter-06	PUBLIC-DOCS-SOURCE-ITEM-REVIEW-V1
IT-TASAKI2020-0902	TASAKI2020	000172.0008	PG-TASAKI2020-0172	equation	equation (6.2.7)	NONE	PDF p. 172; print p. 159; §6.2; equation (6.2.7)	Chapter 06	chapter-06	PUBLIC-DOCS-SOURCE-ITEM-REVIEW-V1
IT-TASAKI2020-0903	TASAKI2020	000172.0009	PG-TASAKI2020-0172	equation	equation (6.2.8)	NONE	PDF p. 172; print p. 159; §6.2; equation (6.2.8)	Chapter 06	chapter-06	PUBLIC-DOCS-SOURCE-ITEM-REVIEW-V1
IT-TASAKI2020-0904	TASAKI2020	000172.0010	PG-TASAKI2020-0172	equation	equation (6.2.9)	NONE	PDF p. 172; print p. 159; §6.2; equation (6.2.9)	Chapter 06	chapter-06	PUBLIC-DOCS-SOURCE-ITEM-REVIEW-V1
IT-TASAKI2020-0905	TASAKI2020	000173.0001	PG-TASAKI2020-0173	equation	equation (6.2.10)	NONE	PDF p. 173; print p. 160; §6.2; equation (6.2.10)	Chapter 06	chapter-06	PUBLIC-DOCS-SOURCE-ITEM-REVIEW-V1
IT-TASAKI2020-0906	TASAKI2020	000173.0002	PG-TASAKI2020-0173	unlabeled	NONE	NONE	PDF p. 173; print p. 160; §6.2; paragraph 3	Chapter 06	chapter-06	PUBLIC-DOCS-SOURCE-ITEM-REVIEW-V1
IT-TASAKI2020-0907	TASAKI2020	000173.0003	PG-TASAKI2020-0173	equation	equation (6.2.11)	NONE	PDF p. 173; print p. 160; §6.2; equation (6.2.11)	Chapter 06	chapter-06	PUBLIC-DOCS-SOURCE-ITEM-REVIEW-V1
IT-TASAKI2020-0908	TASAKI2020	000173.0004	PG-TASAKI2020-0173	lemma	Lemma 6.2	NONE	PDF p. 173; print p. 160; §6.2; Lemma 6.2	Chapter 06	chapter-06	PUBLIC-DOCS-SOURCE-ITEM-REVIEW-V1
IT-TASAKI2020-0909	TASAKI2020	000174.0001	PG-TASAKI2020-0174	equation	equation (6.2.12)	NONE	PDF p. 174; print p. 161; §6.2; equation (6.2.12)	Chapter 06	chapter-06	PUBLIC-DOCS-SOURCE-ITEM-REVIEW-V1
IT-TASAKI2020-0910	TASAKI2020	000174.0002	PG-TASAKI2020-0174	unlabeled	NONE	NONE	PDF p. 174; print p. 161; §6.2; paragraph 3	Chapter 06	chapter-06	PUBLIC-DOCS-SOURCE-ITEM-REVIEW-V1
IT-TASAKI2020-0911	TASAKI2020	000174.0003	PG-TASAKI2020-0174	equation	equation (6.2.13)	NONE	PDF p. 174; print p. 161; §6.2; equation (6.2.13)	Chapter 06	chapter-06	PUBLIC-DOCS-SOURCE-ITEM-REVIEW-V1
IT-TASAKI2020-0912	TASAKI2020	000174.0004	PG-TASAKI2020-0174	equation	equation (6.2.14)	NONE	PDF p. 174; print p. 161; §6.2; equation (6.2.14)	Chapter 06	chapter-06	PUBLIC-DOCS-SOURCE-ITEM-REVIEW-V1
IT-TASAKI2020-0913	TASAKI2020	000174.0005	PG-TASAKI2020-0174	equation	equation (6.2.15)	NONE	PDF p. 174; print p. 161; §6.2; equation (6.2.15)	Chapter 06	chapter-06	PUBLIC-DOCS-SOURCE-ITEM-REVIEW-V1
IT-TASAKI2020-0914	TASAKI2020	000174.0006	PG-TASAKI2020-0174	equation	equation (6.2.16)	NONE	PDF p. 174; print p. 161; §6.2; equation (6.2.16)	Chapter 06	chapter-06	PUBLIC-DOCS-SOURCE-ITEM-REVIEW-V1
IT-TASAKI2020-0915	TASAKI2020	000174.0007	PG-TASAKI2020-0174	equation	equation (6.2.17)	NONE	PDF p. 174; print p. 161; §6.2; equation (6.2.17)	Chapter 06	chapter-06	PUBLIC-DOCS-SOURCE-ITEM-REVIEW-V1
IT-TASAKI2020-0916	TASAKI2020	000174.0008	PG-TASAKI2020-0174	equation	equation (6.2.18)	NONE	PDF p. 174; print p. 161; §6.2; equation (6.2.18)	Chapter 06	chapter-06	PUBLIC-DOCS-SOURCE-ITEM-REVIEW-V1
IT-TASAKI2020-0917	TASAKI2020	000174.0009	PG-TASAKI2020-0174	unlabeled	NONE	NONE	PDF p. 174; print p. 161; §6.2; paragraph 14	Chapter 06	chapter-06	PUBLIC-DOCS-SOURCE-ITEM-REVIEW-V1
IT-TASAKI2020-0918	TASAKI2020	000174.0010	PG-TASAKI2020-0174	unlabeled	NONE	NONE	PDF p. 174; print p. 161; §6.2; paragraph 16, atom 1	Chapter 06	chapter-06	PUBLIC-DOCS-SOURCE-ITEM-REVIEW-V1
IT-TASAKI2020-0919	TASAKI2020	000174.0011	PG-TASAKI2020-0174	unlabeled	NONE	NONE	PDF p. 174; print p. 161; §6.2; paragraph 16, atom 2	Chapter 06	chapter-06	PUBLIC-DOCS-SOURCE-ITEM-REVIEW-V1
IT-TASAKI2020-0920	TASAKI2020	000174.0012	PG-TASAKI2020-0174	unlabeled	NONE	NONE	PDF p. 174; print p. 161; §6.2; paragraph 16, atom 3	Chapter 06	chapter-06	PUBLIC-DOCS-SOURCE-ITEM-REVIEW-V1
IT-TASAKI2020-0921	TASAKI2020	000175.0001	PG-TASAKI2020-0175	theorem	Theorem 6.3	NONE	PDF p. 175; print p. 162; §6.2; Theorem 6.3	Chapter 06	chapter-06	PUBLIC-DOCS-SOURCE-ITEM-REVIEW-V1
IT-TASAKI2020-0922	TASAKI2020	000175.0002	PG-TASAKI2020-0175	equation	equation (6.2.19)	NONE	PDF p. 175; print p. 162; §6.2; equation (6.2.19)	Chapter 06	chapter-06	PUBLIC-DOCS-SOURCE-ITEM-REVIEW-V1
IT-TASAKI2020-0923	TASAKI2020	000175.0003	PG-TASAKI2020-0175	unlabeled	NONE	NONE	PDF p. 175; print p. 162; §6.2; paragraph 3, atom 1	Chapter 06	chapter-06	PUBLIC-DOCS-SOURCE-ITEM-REVIEW-V1
IT-TASAKI2020-0924	TASAKI2020	000175.0004	PG-TASAKI2020-0175	unlabeled	NONE	NONE	PDF p. 175; print p. 162; §6.2; paragraph 3, atom 2	Chapter 06	chapter-06	PUBLIC-DOCS-SOURCE-ITEM-REVIEW-V1
IT-TASAKI2020-0925	TASAKI2020	000175.0005	PG-TASAKI2020-0175	equation	equation (6.2.20)	NONE	PDF p. 175; print p. 162; §6.2; equation (6.2.20)	Chapter 06	chapter-06	PUBLIC-DOCS-SOURCE-ITEM-REVIEW-V1
IT-TASAKI2020-0926	TASAKI2020	000175.0006	PG-TASAKI2020-0175	equation	equation (6.2.21)	NONE	PDF p. 175; print p. 162; §6.2; equation (6.2.21)	Chapter 06	chapter-06	PUBLIC-DOCS-SOURCE-ITEM-REVIEW-V1
IT-TASAKI2020-0927	TASAKI2020	000175.0007	PG-TASAKI2020-0175	equation	equation (6.2.22)	NONE	PDF p. 175; print p. 162; §6.2; equation (6.2.22)	Chapter 06	chapter-06	PUBLIC-DOCS-SOURCE-ITEM-REVIEW-V1
IT-TASAKI2020-0928	TASAKI2020	000176.0001	PG-TASAKI2020-0176	unlabeled	NONE	NONE	PDF p. 176; print p. 163; §6.2; paragraph 2	Chapter 06	chapter-06	PUBLIC-DOCS-SOURCE-ITEM-REVIEW-V1
IT-TASAKI2020-0929	TASAKI2020	000176.0002	PG-TASAKI2020-0176	equation	equation (6.2.23)	NONE	PDF p. 176; print p. 163; §6.2; equation (6.2.23)	Chapter 06	chapter-06	PUBLIC-DOCS-SOURCE-ITEM-REVIEW-V1
IT-TASAKI2020-0930	TASAKI2020	000176.0003	PG-TASAKI2020-0176	unlabeled	NONE	NONE	PDF p. 176; print p. 163; §6.2; paragraph 5, atom 1	Chapter 06	chapter-06	PUBLIC-DOCS-SOURCE-ITEM-REVIEW-V1
IT-TASAKI2020-0931	TASAKI2020	000176.0004	PG-TASAKI2020-0176	unlabeled	NONE	NONE	PDF p. 176; print p. 163; §6.2; paragraph 5, atom 2	Chapter 06	chapter-06	PUBLIC-DOCS-SOURCE-ITEM-REVIEW-V1
IT-TASAKI2020-0932	TASAKI2020	000176.0005	PG-TASAKI2020-0176	lemma	Lemma 6.4	NONE	PDF p. 176; print p. 163; §6.2; Lemma 6.4	Chapter 06	chapter-06	PUBLIC-DOCS-SOURCE-ITEM-REVIEW-V1
IT-TASAKI2020-0933	TASAKI2020	000176.0006	PG-TASAKI2020-0176	equation	equation (6.2.24)	NONE	PDF p. 176; print p. 163; §6.2; equation (6.2.24)	Chapter 06	chapter-06	PUBLIC-DOCS-SOURCE-ITEM-REVIEW-V1
IT-TASAKI2020-0934	TASAKI2020	000176.0007	PG-TASAKI2020-0176	unlabeled	NONE	NONE	PDF p. 176; print p. 163; §6.2; paragraph 6	Chapter 06	chapter-06	PUBLIC-DOCS-SOURCE-ITEM-REVIEW-V1
IT-TASAKI2020-0935	TASAKI2020	000177.0001	PG-TASAKI2020-0177	equation	equation (6.2.25)	NONE	PDF p. 177; print p. 164; §6.2; equation (6.2.25)	Chapter 06	chapter-06	PUBLIC-DOCS-SOURCE-ITEM-REVIEW-V1
IT-TASAKI2020-0936	TASAKI2020	000177.0002	PG-TASAKI2020-0177	equation	equation (6.2.26)	NONE	PDF p. 177; print p. 164; §6.2; equation (6.2.26)	Chapter 06	chapter-06	PUBLIC-DOCS-SOURCE-ITEM-REVIEW-V1
IT-TASAKI2020-0937	TASAKI2020	000177.0003	PG-TASAKI2020-0177	equation	equation (6.2.27)	NONE	PDF p. 177; print p. 164; §6.2; equation (6.2.27)	Chapter 06	chapter-06	PUBLIC-DOCS-SOURCE-ITEM-REVIEW-V1
IT-TASAKI2020-0938	TASAKI2020	000177.0004	PG-TASAKI2020-0177	unlabeled	NONE	NONE	PDF p. 177; print p. 164; §6.2; paragraph 6	Chapter 06	chapter-06	PUBLIC-DOCS-SOURCE-ITEM-REVIEW-V1
IT-TASAKI2020-0939	TASAKI2020	000177.0005	PG-TASAKI2020-0177	equation	equation (6.2.28)	NONE	PDF p. 177; print p. 164; §6.2; equation (6.2.28)	Chapter 06	chapter-06	PUBLIC-DOCS-SOURCE-ITEM-REVIEW-V1
IT-TASAKI2020-0940	TASAKI2020	000177.0006	PG-TASAKI2020-0177	unlabeled	NONE	NONE	PDF p. 177; print p. 164; §6.2; paragraph 8, atom 1	Chapter 06	chapter-06	PUBLIC-DOCS-SOURCE-ITEM-REVIEW-V1
IT-TASAKI2020-0941	TASAKI2020	000177.0007	PG-TASAKI2020-0177	unlabeled	NONE	NONE	PDF p. 177; print p. 164; §6.2; paragraph 8, atom 2	Chapter 06	chapter-06	PUBLIC-DOCS-SOURCE-ITEM-REVIEW-V1
IT-TASAKI2020-0942	TASAKI2020	000177.0008	PG-TASAKI2020-0177	unlabeled	NONE	NONE	PDF p. 177; print p. 164; §6.2; paragraph 8, atom 3	Chapter 06	chapter-06	PUBLIC-DOCS-SOURCE-ITEM-REVIEW-V1
IT-TASAKI2020-0943	TASAKI2020	000177.0009	PG-TASAKI2020-0177	equation	equation (6.2.29)	NONE	PDF p. 177; print p. 164; §6.2; equation (6.2.29)	Chapter 06	chapter-06	PUBLIC-DOCS-SOURCE-ITEM-REVIEW-V1
IT-TASAKI2020-0944	TASAKI2020	000177.0010	PG-TASAKI2020-0177	equation	equation (6.2.30)	NONE	PDF p. 177; print p. 164; §6.2; equation (6.2.30)	Chapter 06	chapter-06	PUBLIC-DOCS-SOURCE-ITEM-REVIEW-V1
IT-TASAKI2020-0945	TASAKI2020	000178.0001	PG-TASAKI2020-0178	unlabeled	NONE	NONE	PDF p. 178; print p. 165; §6.2; paragraph 4, atom 1	Chapter 06	chapter-06	PUBLIC-DOCS-SOURCE-ITEM-REVIEW-V1
IT-TASAKI2020-0946	TASAKI2020	000178.0002	PG-TASAKI2020-0178	unlabeled	NONE	NONE	PDF p. 178; print p. 165; §6.2; paragraph 4, atom 2	Chapter 06	chapter-06	PUBLIC-DOCS-SOURCE-ITEM-REVIEW-V1
IT-TASAKI2020-0947	TASAKI2020	000178.0003	PG-TASAKI2020-0178	figure	Fig. 6.2	NONE	PDF p. 178; print p. 165; §6.2; Fig. 6.2	Chapter 06	chapter-06	PUBLIC-DOCS-SOURCE-ITEM-REVIEW-V1
IT-TASAKI2020-0948	TASAKI2020	000179.0001	PG-TASAKI2020-0179	equation	equation (6.3.1)	NONE	PDF p. 179; print p. 166; §6.3; equation (6.3.1)	Chapter 06	chapter-06	PUBLIC-DOCS-SOURCE-ITEM-REVIEW-V1
IT-TASAKI2020-0949	TASAKI2020	000179.0002	PG-TASAKI2020-0179	equation	equation (6.3.2)	NONE	PDF p. 179; print p. 166; §6.3; equation (6.3.2)	Chapter 06	chapter-06	PUBLIC-DOCS-SOURCE-ITEM-REVIEW-V1
IT-TASAKI2020-0950	TASAKI2020	000180.0001	PG-TASAKI2020-0180	equation	equation (6.3.3)	NONE	PDF p. 180; print p. 167; §6.3; equation (6.3.3)	Chapter 06	chapter-06	PUBLIC-DOCS-SOURCE-ITEM-REVIEW-V1
IT-TASAKI2020-0951	TASAKI2020	000180.0002	PG-TASAKI2020-0180	equation	equation (6.3.4)	NONE	PDF p. 180; print p. 167; §6.3; equation (6.3.4)	Chapter 06	chapter-06	PUBLIC-DOCS-SOURCE-ITEM-REVIEW-V1
IT-TASAKI2020-0952	TASAKI2020	000180.0003	PG-TASAKI2020-0180	equation	equation (6.3.5)	NONE	PDF p. 180; print p. 167; §6.3; equation (6.3.5)	Chapter 06	chapter-06	PUBLIC-DOCS-SOURCE-ITEM-REVIEW-V1
IT-TASAKI2020-0953	TASAKI2020	000181.0001	PG-TASAKI2020-0181	equation	equation (6.3.6)	NONE	PDF p. 181; print p. 168; §6.3; equation (6.3.6)	Chapter 06	chapter-06	PUBLIC-DOCS-SOURCE-ITEM-REVIEW-V1
IT-TASAKI2020-0954	TASAKI2020	000181.0002	PG-TASAKI2020-0181	equation	equation (6.3.7)	NONE	PDF p. 181; print p. 168; §6.3; equation (6.3.7)	Chapter 06	chapter-06	PUBLIC-DOCS-SOURCE-ITEM-REVIEW-V1
IT-TASAKI2020-0955	TASAKI2020	000181.0003	PG-TASAKI2020-0181	equation	equation (6.3.8)	NONE	PDF p. 181; print p. 168; §6.3; equation (6.3.8)	Chapter 06	chapter-06	PUBLIC-DOCS-SOURCE-ITEM-REVIEW-V1
IT-TASAKI2020-0956	TASAKI2020	000182.0001	PG-TASAKI2020-0182	unlabeled	NONE	NONE	PDF p. 182; print p. 169; §6.3; paragraph 2	Chapter 06	chapter-06	PUBLIC-DOCS-SOURCE-ITEM-REVIEW-V1
IT-TASAKI2020-0957	TASAKI2020	000182.0002	PG-TASAKI2020-0182	equation	equation (6.3.9)	NONE	PDF p. 182; print p. 169; §6.3; equation (6.3.9)	Chapter 06	chapter-06	PUBLIC-DOCS-SOURCE-ITEM-REVIEW-V1
IT-TASAKI2020-0958	TASAKI2020	000182.0003	PG-TASAKI2020-0182	unlabeled	NONE	NONE	PDF p. 182; print p. 169; §6.3; paragraph 4, atom 1	Chapter 06	chapter-06	PUBLIC-DOCS-SOURCE-ITEM-REVIEW-V1
IT-TASAKI2020-0959	TASAKI2020	000182.0004	PG-TASAKI2020-0182	unlabeled	NONE	NONE	PDF p. 182; print p. 169; §6.3; paragraph 4, atom 2	Chapter 06	chapter-06	PUBLIC-DOCS-SOURCE-ITEM-REVIEW-V1
IT-TASAKI2020-0960	TASAKI2020	000182.0005	PG-TASAKI2020-0182	proposition	Proposition 6.5	NONE	PDF p. 182; print p. 169; §6.3; Proposition 6.5	Chapter 06	chapter-06	PUBLIC-DOCS-SOURCE-ITEM-REVIEW-V1
IT-TASAKI2020-0961	TASAKI2020	000183.0001	PG-TASAKI2020-0183	equation	equation (6.3.10)	NONE	PDF p. 183; print p. 170; §6.3; equation (6.3.10)	Chapter 06	chapter-06	PUBLIC-DOCS-SOURCE-ITEM-REVIEW-V1
IT-TASAKI2020-0962	TASAKI2020	000183.0002	PG-TASAKI2020-0183	equation	equation (6.3.11)	NONE	PDF p. 183; print p. 170; §6.3; equation (6.3.11)	Chapter 06	chapter-06	PUBLIC-DOCS-SOURCE-ITEM-REVIEW-V1
IT-TASAKI2020-0963	TASAKI2020	000183.0003	PG-TASAKI2020-0183	unlabeled	NONE	NONE	PDF p. 183; print p. 170; §6.3; paragraph 4, atom 1	Chapter 06	chapter-06	PUBLIC-DOCS-SOURCE-ITEM-REVIEW-V1
IT-TASAKI2020-0964	TASAKI2020	000183.0004	PG-TASAKI2020-0183	unlabeled	NONE	NONE	PDF p. 183; print p. 170; §6.3; paragraph 4, atom 2	Chapter 06	chapter-06	PUBLIC-DOCS-SOURCE-ITEM-REVIEW-V1
IT-TASAKI2020-0965	TASAKI2020	000184.0001	PG-TASAKI2020-0184	equation	equation (6.3.12)	NONE	PDF p. 184; print p. 171; §6.3; equation (6.3.12)	Chapter 06	chapter-06	PUBLIC-DOCS-SOURCE-ITEM-REVIEW-V1
IT-TASAKI2020-0966	TASAKI2020	000184.0002	PG-TASAKI2020-0184	unlabeled	NONE	NONE	PDF p. 184; print p. 171; §6.3; paragraph 3	Chapter 06	chapter-06	PUBLIC-DOCS-SOURCE-ITEM-REVIEW-V1
IT-TASAKI2020-0967	TASAKI2020	000184.0003	PG-TASAKI2020-0184	equation	equation (6.3.13)	NONE	PDF p. 184; print p. 171; §6.3; equation (6.3.13)	Chapter 06	chapter-06	PUBLIC-DOCS-SOURCE-ITEM-REVIEW-V1
IT-TASAKI2020-0968	TASAKI2020	000184.0004	PG-TASAKI2020-0184	equation	equation (6.3.14)	NONE	PDF p. 184; print p. 171; §6.3; equation (6.3.14)	Chapter 06	chapter-06	PUBLIC-DOCS-SOURCE-ITEM-REVIEW-V1
IT-TASAKI2020-0969	TASAKI2020	000184.0005	PG-TASAKI2020-0184	unlabeled	NONE	NONE	PDF p. 184; print p. 171; §6.3; paragraph 6, atom 1	Chapter 06	chapter-06	PUBLIC-DOCS-SOURCE-ITEM-REVIEW-V1
IT-TASAKI2020-0970	TASAKI2020	000184.0006	PG-TASAKI2020-0184	unlabeled	NONE	NONE	PDF p. 184; print p. 171; §6.3; paragraph 6, atom 2	Chapter 06	chapter-06	PUBLIC-DOCS-SOURCE-ITEM-REVIEW-V1
IT-TASAKI2020-0971	TASAKI2020	000185.0001	PG-TASAKI2020-0185	equation	equation (6.3.15)	NONE	PDF p. 185; print p. 172; §6.3; equation (6.3.15)	Chapter 06	chapter-06	PUBLIC-DOCS-SOURCE-ITEM-REVIEW-V1
IT-TASAKI2020-0972	TASAKI2020	000185.0002	PG-TASAKI2020-0185	equation	equation (6.3.16)	NONE	PDF p. 185; print p. 172; §6.3; equation (6.3.16)	Chapter 06	chapter-06	PUBLIC-DOCS-SOURCE-ITEM-REVIEW-V1
IT-TASAKI2020-0973	TASAKI2020	000185.0003	PG-TASAKI2020-0185	equation	equation (6.3.17)	NONE	PDF p. 185; print p. 172; §6.3; equation (6.3.17)	Chapter 06	chapter-06	PUBLIC-DOCS-SOURCE-ITEM-REVIEW-V1
IT-TASAKI2020-0974	TASAKI2020	000185.0004	PG-TASAKI2020-0185	equation	equation (6.3.18)	NONE	PDF p. 185; print p. 172; §6.3; equation (6.3.18)	Chapter 06	chapter-06	PUBLIC-DOCS-SOURCE-ITEM-REVIEW-V1
IT-TASAKI2020-0975	TASAKI2020	000189.0001	PG-TASAKI2020-0189	unlabeled	NONE	NONE	PDF p. 189; print p. 177; §7.1; paragraph 2	Chapter 07	chapter-07	PUBLIC-DOCS-SOURCE-ITEM-REVIEW-V1
IT-TASAKI2020-0976	TASAKI2020	000189.0002	PG-TASAKI2020-0189	unlabeled	NONE	NONE	PDF p. 189; print p. 177; §7.1; paragraph 4	Chapter 07	chapter-07	PUBLIC-DOCS-SOURCE-ITEM-REVIEW-V1
IT-TASAKI2020-0977	TASAKI2020	000190.0001	PG-TASAKI2020-0190	equation	equation (7.1.1)	NONE	PDF p. 190; print p. 178; §7.1.1; equation (7.1.1)	Chapter 07	chapter-07	PUBLIC-DOCS-SOURCE-ITEM-REVIEW-V1
IT-TASAKI2020-0978	TASAKI2020	000190.0002	PG-TASAKI2020-0190	unlabeled	NONE	NONE	PDF p. 190; print p. 178; §7.1.1; paragraph 5	Chapter 07	chapter-07	PUBLIC-DOCS-SOURCE-ITEM-REVIEW-V1
IT-TASAKI2020-0979	TASAKI2020	000190.0003	PG-TASAKI2020-0190	theorem	Theorem 7.1	NONE	PDF p. 190; print p. 178; §7.1.1; Theorem 7.1	Chapter 07	chapter-07	PUBLIC-DOCS-SOURCE-ITEM-REVIEW-V1
IT-TASAKI2020-0980	TASAKI2020	000190.0004	PG-TASAKI2020-0190	equation	equation (7.1.2)	NONE	PDF p. 190; print p. 178; §7.1.1; equation (7.1.2)	Chapter 07	chapter-07	PUBLIC-DOCS-SOURCE-ITEM-REVIEW-V1
IT-TASAKI2020-0981	TASAKI2020	000191.0001	PG-TASAKI2020-0191	equation	equation (7.1.3)	NONE	PDF p. 191; print p. 179; §7.1.1; equation (7.1.3)	Chapter 07	chapter-07	PUBLIC-DOCS-SOURCE-ITEM-REVIEW-V1
IT-TASAKI2020-0982	TASAKI2020	000191.0002	PG-TASAKI2020-0191	theorem	Theorem 7.2	NONE	PDF p. 191; print p. 179; §7.1.1; Theorem 7.2	Chapter 07	chapter-07	PUBLIC-DOCS-SOURCE-ITEM-REVIEW-V1
IT-TASAKI2020-0983	TASAKI2020	000192.0001	PG-TASAKI2020-0192	equation	equation (7.1.4)	NONE	PDF p. 192; print p. 180; §7.1.1; equation (7.1.4)	Chapter 07	chapter-07	PUBLIC-DOCS-SOURCE-ITEM-REVIEW-V1
IT-TASAKI2020-0984	TASAKI2020	000192.0002	PG-TASAKI2020-0192	theorem	Theorem 7.3	NONE	PDF p. 192; print p. 180; §7.1.1; Theorem 7.3	Chapter 07	chapter-07	PUBLIC-DOCS-SOURCE-ITEM-REVIEW-V1
IT-TASAKI2020-0985	TASAKI2020	000192.0003	PG-TASAKI2020-0192	equation	equation (7.1.5)	NONE	PDF p. 192; print p. 180; §7.1.2; equation (7.1.5)	Chapter 07	chapter-07	PUBLIC-DOCS-SOURCE-ITEM-REVIEW-V1
IT-TASAKI2020-0986	TASAKI2020	000192.0004	PG-TASAKI2020-0192	unlabeled	NONE	NONE	PDF p. 192; print p. 180; §7.1.2; paragraph 10	Chapter 07	chapter-07	PUBLIC-DOCS-SOURCE-ITEM-REVIEW-V1
IT-TASAKI2020-0987	TASAKI2020	000193.0001	PG-TASAKI2020-0193	equation	equation (7.1.6)	NONE	PDF p. 193; print p. 181; §7.1.2; equation (7.1.6)	Chapter 07	chapter-07	PUBLIC-DOCS-SOURCE-ITEM-REVIEW-V1
IT-TASAKI2020-0988	TASAKI2020	000193.0002	PG-TASAKI2020-0193	equation	equation (7.1.7)	NONE	PDF p. 193; print p. 181; §7.1.2; equation (7.1.7)	Chapter 07	chapter-07	PUBLIC-DOCS-SOURCE-ITEM-REVIEW-V1
IT-TASAKI2020-0989	TASAKI2020	000193.0003	PG-TASAKI2020-0193	equation	equation (7.1.8)	NONE	PDF p. 193; print p. 181; §7.1.2; equation (7.1.8)	Chapter 07	chapter-07	PUBLIC-DOCS-SOURCE-ITEM-REVIEW-V1
IT-TASAKI2020-0990	TASAKI2020	000193.0004	PG-TASAKI2020-0193	equation	equation (7.1.9)	NONE	PDF p. 193; print p. 181; §7.1.2; equation (7.1.9)	Chapter 07	chapter-07	PUBLIC-DOCS-SOURCE-ITEM-REVIEW-V1
IT-TASAKI2020-0991	TASAKI2020	000194.0001	PG-TASAKI2020-0194	equation	equation (7.1.10)	NONE	PDF p. 194; print p. 182; §7.1.2; equation (7.1.10)	Chapter 07	chapter-07	PUBLIC-DOCS-SOURCE-ITEM-REVIEW-V1
IT-TASAKI2020-0992	TASAKI2020	000194.0002	PG-TASAKI2020-0194	equation	equation (7.1.11)	NONE	PDF p. 194; print p. 182; §7.1.2; equation (7.1.11)	Chapter 07	chapter-07	PUBLIC-DOCS-SOURCE-ITEM-REVIEW-V1
IT-TASAKI2020-0993	TASAKI2020	000194.0003	PG-TASAKI2020-0194	equation	equation (7.1.12)	NONE	PDF p. 194; print p. 182; §7.1.2; equation (7.1.12)	Chapter 07	chapter-07	PUBLIC-DOCS-SOURCE-ITEM-REVIEW-V1
IT-TASAKI2020-0994	TASAKI2020	000194.0004	PG-TASAKI2020-0194	note	Note unnumbered line 38	NONE	PDF p. 194; print p. 182; §7.1.2; Note unnumbered line 38	Chapter 07	chapter-07	PUBLIC-DOCS-SOURCE-ITEM-REVIEW-V1
IT-TASAKI2020-0995	TASAKI2020	000194.0005	PG-TASAKI2020-0194	unlabeled	NONE	NONE	PDF p. 194; print p. 182; §7.1.2; proof footnote 6	Chapter 07	chapter-07	PUBLIC-DOCS-SOURCE-ITEM-REVIEW-V1
IT-TASAKI2020-0996	TASAKI2020	000195.0001	PG-TASAKI2020-0195	unlabeled	NONE	NONE	PDF p. 195; print p. 183; §7.1.2; paragraph 6	Chapter 07	chapter-07	PUBLIC-DOCS-SOURCE-ITEM-REVIEW-V1
IT-TASAKI2020-0997	TASAKI2020	000195.0002	PG-TASAKI2020-0195	equation	equation (7.1.13)	NONE	PDF p. 195; print p. 183; §7.1.2; equation (7.1.13)	Chapter 07	chapter-07	PUBLIC-DOCS-SOURCE-ITEM-REVIEW-V1
IT-TASAKI2020-0998	TASAKI2020	000195.0003	PG-TASAKI2020-0195	figure	Fig. 7.2	NONE	PDF p. 195; print p. 183; §7.1.2; Fig. 7.2	Chapter 07	chapter-07	PUBLIC-DOCS-SOURCE-ITEM-REVIEW-V1
IT-TASAKI2020-0999	TASAKI2020	000196.0001	PG-TASAKI2020-0196	equation	equation (7.1.14)	NONE	PDF p. 196; print p. 184; §7.1.2; equation (7.1.14)	Chapter 07	chapter-07	PUBLIC-DOCS-SOURCE-ITEM-REVIEW-V1
IT-TASAKI2020-1000	TASAKI2020	000196.0002	PG-TASAKI2020-0196	problem	Problem 7.1.2.a	NONE	PDF p. 196; print p. 184; §7.1.2; Problem 7.1.2.a	Chapter 07	chapter-07	PUBLIC-DOCS-SOURCE-ITEM-REVIEW-V1
IT-TASAKI2020-1001	TASAKI2020	000196.0003	PG-TASAKI2020-0196	problem	Problem 7.1.2.b	NONE	PDF p. 196; print p. 184; §7.1.2; Problem 7.1.2.b	Chapter 07	chapter-07	PUBLIC-DOCS-SOURCE-ITEM-REVIEW-V1
IT-TASAKI2020-1002	TASAKI2020	000196.0004	PG-TASAKI2020-0196	unlabeled	NONE	NONE	PDF p. 196; print p. 184; §7.1.2; paragraph 4	Chapter 07	chapter-07	PUBLIC-DOCS-SOURCE-ITEM-REVIEW-V1
IT-TASAKI2020-1003	TASAKI2020	000197.0001	PG-TASAKI2020-0197	equation	equation (7.1.15)	NONE	PDF p. 197; print p. 185; §7.1.2; equation (7.1.15)	Chapter 07	chapter-07	PUBLIC-DOCS-SOURCE-ITEM-REVIEW-V1
IT-TASAKI2020-1004	TASAKI2020	000197.0002	PG-TASAKI2020-0197	unlabeled	NONE	NONE	PDF p. 197; print p. 185; §7.1.2; paragraph 3	Chapter 07	chapter-07	PUBLIC-DOCS-SOURCE-ITEM-REVIEW-V1
IT-TASAKI2020-1005	TASAKI2020	000197.0003	PG-TASAKI2020-0197	equation	equation (7.1.16)	NONE	PDF p. 197; print p. 185; §7.1.2; equation (7.1.16)	Chapter 07	chapter-07	PUBLIC-DOCS-SOURCE-ITEM-REVIEW-V1
IT-TASAKI2020-1006	TASAKI2020	000197.0004	PG-TASAKI2020-0197	unlabeled	NONE	NONE	PDF p. 197; print p. 185; §7.1.2; paragraph 5	Chapter 07	chapter-07	PUBLIC-DOCS-SOURCE-ITEM-REVIEW-V1
IT-TASAKI2020-1007	TASAKI2020	000197.0005	PG-TASAKI2020-0197	equation	equation (7.1.17)	NONE	PDF p. 197; print p. 185; §7.1.2; equation (7.1.17)	Chapter 07	chapter-07	PUBLIC-DOCS-SOURCE-ITEM-REVIEW-V1
IT-TASAKI2020-1008	TASAKI2020	000197.0006	PG-TASAKI2020-0197	equation	equation (7.1.18)	NONE	PDF p. 197; print p. 185; §7.1.2; equation (7.1.18)	Chapter 07	chapter-07	PUBLIC-DOCS-SOURCE-ITEM-REVIEW-V1
IT-TASAKI2020-1009	TASAKI2020	000197.0007	PG-TASAKI2020-0197	unlabeled	NONE	NONE	PDF p. 197; print p. 185; §7.1.2; paragraph after equation (7.1.18)	Chapter 07	chapter-07	PUBLIC-DOCS-SOURCE-ITEM-REVIEW-V1
IT-TASAKI2020-1010	TASAKI2020	000197.0008	PG-TASAKI2020-0197	unlabeled	NONE	NONE	PDF p. 197; print p. 185; §7.1.2; paragraph beginning “The Hamiltonian (7.1.15)”	Chapter 07	chapter-07	PUBLIC-DOCS-SOURCE-ITEM-REVIEW-V1
IT-TASAKI2020-1011	TASAKI2020	000197.0011	PG-TASAKI2020-0197	unlabeled	NONE	NONE	PDF p. 197; print p. 185; §7.1.2; paragraph beginning “It was proved”	Chapter 07	chapter-07	PUBLIC-DOCS-SOURCE-ITEM-REVIEW-V1
IT-TASAKI2020-1012	TASAKI2020	000198.0001	PG-TASAKI2020-0198	problem	Problem 7.1.2.c	NONE	PDF p. 198; print p. 186; §7.1.2; Problem 7.1.2.c	Chapter 07	chapter-07	PUBLIC-DOCS-SOURCE-ITEM-REVIEW-V1
IT-TASAKI2020-1013	TASAKI2020	000198.0002	PG-TASAKI2020-0198	unlabeled	NONE	NONE	PDF p. 198; print p. 186; §7.1.3; paragraph 5, atom 1	Chapter 07	chapter-07	PUBLIC-DOCS-SOURCE-ITEM-REVIEW-V1
IT-TASAKI2020-1014	TASAKI2020	000198.0003	PG-TASAKI2020-0198	lemma	Lemma 7.4	NONE	PDF p. 198; print p. 186; §7.1.3; Lemma 7.4	Chapter 07	chapter-07	PUBLIC-DOCS-SOURCE-ITEM-REVIEW-V1
IT-TASAKI2020-1015	TASAKI2020	000198.0004	PG-TASAKI2020-0198	equation	equation (7.1.19)	NONE	PDF p. 198; print p. 186; §7.1.3; equation (7.1.19)	Chapter 07	chapter-07	PUBLIC-DOCS-SOURCE-ITEM-REVIEW-V1
IT-TASAKI2020-1016	TASAKI2020	000198.0005	PG-TASAKI2020-0198	equation	equation (7.1.20)	NONE	PDF p. 198; print p. 186; §7.1.3; equation (7.1.20)	Chapter 07	chapter-07	PUBLIC-DOCS-SOURCE-ITEM-REVIEW-V1
IT-TASAKI2020-1017	TASAKI2020	000199.0001	PG-TASAKI2020-0199	equation	equation (7.1.21)	NONE	PDF p. 199; print p. 187; §7.1.3; equation (7.1.21)	Chapter 07	chapter-07	PUBLIC-DOCS-SOURCE-ITEM-REVIEW-V1
IT-TASAKI2020-1018	TASAKI2020	000199.0002	PG-TASAKI2020-0199	equation	equation (7.1.22)	NONE	PDF p. 199; print p. 187; §7.1.3; equation (7.1.22)	Chapter 07	chapter-07	PUBLIC-DOCS-SOURCE-ITEM-REVIEW-V1
IT-TASAKI2020-1019	TASAKI2020	000199.0003	PG-TASAKI2020-0199	unlabeled	NONE	NONE	PDF p. 199; print p. 187; §7.1.3; paragraph 6; audit split atom 1/7	Chapter 07	chapter-07	PUBLIC-DOCS-SOURCE-ITEM-REVIEW-V1
IT-TASAKI2020-1020	TASAKI2020	000199.0004	PG-TASAKI2020-0199	unlabeled	NONE	NONE	PDF p. 199; print p. 187; §7.1.3; paragraph 6; audit split atom 3/7	Chapter 07	chapter-07	PUBLIC-DOCS-SOURCE-ITEM-REVIEW-V1
IT-TASAKI2020-1021	TASAKI2020	000199.0005	PG-TASAKI2020-0199	unlabeled	NONE	NONE	PDF p. 199; print p. 187; §7.1.3; paragraph 6; audit split atom 4/7	Chapter 07	chapter-07	PUBLIC-DOCS-SOURCE-ITEM-REVIEW-V1
IT-TASAKI2020-1022	TASAKI2020	000199.0006	PG-TASAKI2020-0199	equation	equation (7.1.23)	NONE	PDF p. 199; print p. 187; §7.1.3; equation (7.1.23)	Chapter 07	chapter-07	PUBLIC-DOCS-SOURCE-ITEM-REVIEW-V1
IT-TASAKI2020-1023	TASAKI2020	000199.0007	PG-TASAKI2020-0199	unlabeled	NONE	NONE	PDF p. 199; print p. 187; §7.1.3; paragraph after equation (7.1.23)	Chapter 07	chapter-07	PUBLIC-DOCS-SOURCE-ITEM-REVIEW-V1
IT-TASAKI2020-1024	TASAKI2020	000199.0010	PG-TASAKI2020-0199	equation	equation (7.1.24)	NONE	PDF p. 199; print p. 187; §7.1.3; equation (7.1.24)	Chapter 07	chapter-07	PUBLIC-DOCS-SOURCE-ITEM-REVIEW-V1
IT-TASAKI2020-1025	TASAKI2020	000199.0011	PG-TASAKI2020-0199	unlabeled	NONE	NONE	PDF p. 199; print p. 187; §7.1.3; paragraph 8	Chapter 07	chapter-07	PUBLIC-DOCS-SOURCE-ITEM-REVIEW-V1
IT-TASAKI2020-1026	TASAKI2020	000199.0012	PG-TASAKI2020-0199	equation	equation (7.1.25)	NONE	PDF p. 199; print p. 187; §7.1.3; equation (7.1.25)	Chapter 07	chapter-07	PUBLIC-DOCS-SOURCE-ITEM-REVIEW-V1
IT-TASAKI2020-1027	TASAKI2020	000200.0001	PG-TASAKI2020-0200	unlabeled	NONE	NONE	PDF p. 200; print p. 188; §7.1.4; paragraph 4, atom 1	Chapter 07	chapter-07	PUBLIC-DOCS-SOURCE-ITEM-REVIEW-V1
IT-TASAKI2020-1028	TASAKI2020	000200.0002	PG-TASAKI2020-0200	unlabeled	NONE	NONE	PDF p. 200; print p. 188; §7.1.4; paragraph 4, atom 2	Chapter 07	chapter-07	PUBLIC-DOCS-SOURCE-ITEM-REVIEW-V1
IT-TASAKI2020-1029	TASAKI2020	000200.0003	PG-TASAKI2020-0200	unlabeled	NONE	NONE	PDF p. 200; print p. 188; §7.1.4; paragraph 5	Chapter 07	chapter-07	PUBLIC-DOCS-SOURCE-ITEM-REVIEW-V1
IT-TASAKI2020-1030	TASAKI2020	000200.0004	PG-TASAKI2020-0200	equation	equation (7.1.26)	NONE	PDF p. 200; print p. 188; §7.1.4; equation (7.1.26)	Chapter 07	chapter-07	PUBLIC-DOCS-SOURCE-ITEM-REVIEW-V1
IT-TASAKI2020-1031	TASAKI2020	000200.0005	PG-TASAKI2020-0200	equation	equation (7.1.27)	NONE	PDF p. 200; print p. 188; §7.1.4; equation (7.1.27)	Chapter 07	chapter-07	PUBLIC-DOCS-SOURCE-ITEM-REVIEW-V1
IT-TASAKI2020-1032	TASAKI2020	000200.0006	PG-TASAKI2020-0200	equation	equation (7.1.28)	NONE	PDF p. 200; print p. 188; §7.1.4; equation (7.1.28)	Chapter 07	chapter-07	PUBLIC-DOCS-SOURCE-ITEM-REVIEW-V1
IT-TASAKI2020-1033	TASAKI2020	000200.0007	PG-TASAKI2020-0200	equation	equation (7.1.29)	NONE	PDF p. 200; print p. 188; §7.1.4; equation (7.1.29)	Chapter 07	chapter-07	PUBLIC-DOCS-SOURCE-ITEM-REVIEW-V1
IT-TASAKI2020-1034	TASAKI2020	000201.0001	PG-TASAKI2020-0201	unlabeled	NONE	NONE	PDF p. 201; print p. 189; §7.1.4; paragraph 2	Chapter 07	chapter-07	PUBLIC-DOCS-SOURCE-ITEM-REVIEW-V1
IT-TASAKI2020-1035	TASAKI2020	000201.0002	PG-TASAKI2020-0201	equation	equation (7.1.30)	NONE	PDF p. 201; print p. 189; §7.1.4; equation (7.1.30)	Chapter 07	chapter-07	PUBLIC-DOCS-SOURCE-ITEM-REVIEW-V1
IT-TASAKI2020-1036	TASAKI2020	000201.0003	PG-TASAKI2020-0201	equation	equation (7.1.31)	NONE	PDF p. 201; print p. 189; §7.1.4; equation (7.1.31)	Chapter 07	chapter-07	PUBLIC-DOCS-SOURCE-ITEM-REVIEW-V1
IT-TASAKI2020-1037	TASAKI2020	000201.0004	PG-TASAKI2020-0201	equation	equation (7.1.32)	NONE	PDF p. 201; print p. 189; §7.1.4; equation (7.1.32)	Chapter 07	chapter-07	PUBLIC-DOCS-SOURCE-ITEM-REVIEW-V1
IT-TASAKI2020-1038	TASAKI2020	000201.0005	PG-TASAKI2020-0201	equation	equation (7.1.33)	NONE	PDF p. 201; print p. 189; §7.1.4; equation (7.1.33)	Chapter 07	chapter-07	PUBLIC-DOCS-SOURCE-ITEM-REVIEW-V1
IT-TASAKI2020-1039	TASAKI2020	000201.0006	PG-TASAKI2020-0201	equation	equation (7.1.34)	NONE	PDF p. 201; print p. 189; §7.1.4; equation (7.1.34)	Chapter 07	chapter-07	PUBLIC-DOCS-SOURCE-ITEM-REVIEW-V1
IT-TASAKI2020-1040	TASAKI2020	000201.0007	PG-TASAKI2020-0201	equation	equation (7.1.35)	NONE	PDF p. 201; print p. 189; §7.1.4; equation (7.1.35)	Chapter 07	chapter-07	PUBLIC-DOCS-SOURCE-ITEM-REVIEW-V1
IT-TASAKI2020-1041	TASAKI2020	000202.0001	PG-TASAKI2020-0202	equation	equation (7.1.36)	NONE	PDF p. 202; print p. 190; §7.1.4; equation (7.1.36)	Chapter 07	chapter-07	PUBLIC-DOCS-SOURCE-ITEM-REVIEW-V1
IT-TASAKI2020-1042	TASAKI2020	000202.0002	PG-TASAKI2020-0202	equation	equation (7.1.37)	NONE	PDF p. 202; print p. 190; §7.1.4; equation (7.1.37)	Chapter 07	chapter-07	PUBLIC-DOCS-SOURCE-ITEM-REVIEW-V1
IT-TASAKI2020-1043	TASAKI2020	000202.0003	PG-TASAKI2020-0202	unlabeled	NONE	NONE	PDF p. 202; print p. 190; §7.1.4; paragraph 6	Chapter 07	chapter-07	PUBLIC-DOCS-SOURCE-ITEM-REVIEW-V1
IT-TASAKI2020-1044	TASAKI2020	000202.0004	PG-TASAKI2020-0202	equation	equation (7.1.38)	NONE	PDF p. 202; print p. 190; §7.1.4; equation (7.1.38)	Chapter 07	chapter-07	PUBLIC-DOCS-SOURCE-ITEM-REVIEW-V1
IT-TASAKI2020-1045	TASAKI2020	000202.0005	PG-TASAKI2020-0202	unlabeled	NONE	NONE	PDF p. 202; print p. 190; §7.1.4; paragraph 8	Chapter 07	chapter-07	PUBLIC-DOCS-SOURCE-ITEM-REVIEW-V1
IT-TASAKI2020-1046	TASAKI2020	000203.0001	PG-TASAKI2020-0203	equation	equation (7.2.1)	NONE	PDF p. 203; print p. 191; §7.2.1; equation (7.2.1)	Chapter 07	chapter-07	PUBLIC-DOCS-SOURCE-ITEM-REVIEW-V1
IT-TASAKI2020-1047	TASAKI2020	000203.0002	PG-TASAKI2020-0203	unlabeled	NONE	NONE	PDF p. 203; print p. 191; §7.2.1; paragraph 7, atom 1	Chapter 07	chapter-07	PUBLIC-DOCS-SOURCE-ITEM-REVIEW-V1
IT-TASAKI2020-1048	TASAKI2020	000203.0003	PG-TASAKI2020-0203	unlabeled	NONE	NONE	PDF p. 203; print p. 191; §7.2.1; paragraph 7, atom 2	Chapter 07	chapter-07	PUBLIC-DOCS-SOURCE-ITEM-REVIEW-V1
IT-TASAKI2020-1049	TASAKI2020	000203.0004	PG-TASAKI2020-0203	unlabeled	NONE	NONE	PDF p. 203; print p. 191; §7.2.1; paragraph 7, atom 3	Chapter 07	chapter-07	PUBLIC-DOCS-SOURCE-ITEM-REVIEW-V1
IT-TASAKI2020-1050	TASAKI2020	000203.0005	PG-TASAKI2020-0203	figure	Fig. 7.3	NONE	PDF p. 203; print p. 191; §7.2; Fig. 7.3	Chapter 07	chapter-07	PUBLIC-DOCS-SOURCE-ITEM-REVIEW-V1
IT-TASAKI2020-1051	TASAKI2020	000204.0001	PG-TASAKI2020-0204	equation	equation (7.2.2)	NONE	PDF p. 204; print p. 192; §7.2.1; equation (7.2.2)	Chapter 07	chapter-07	PUBLIC-DOCS-SOURCE-ITEM-REVIEW-V1
IT-TASAKI2020-1052	TASAKI2020	000204.0002	PG-TASAKI2020-0204	unlabeled	NONE	NONE	PDF p. 204; print p. 192; §7.2.1; paragraph 2, atom 1	Chapter 07	chapter-07	PUBLIC-DOCS-SOURCE-ITEM-REVIEW-V1
IT-TASAKI2020-1053	TASAKI2020	000204.0003	PG-TASAKI2020-0204	unlabeled	NONE	NONE	PDF p. 204; print p. 192; §7.2.1; paragraph 2, atom 2	Chapter 07	chapter-07	PUBLIC-DOCS-SOURCE-ITEM-REVIEW-V1
IT-TASAKI2020-1054	TASAKI2020	000205.0001	PG-TASAKI2020-0205	equation	equation (7.2.3)	NONE	PDF p. 205; print p. 193; §7.2.1; equation (7.2.3)	Chapter 07	chapter-07	PUBLIC-DOCS-SOURCE-ITEM-REVIEW-V1
IT-TASAKI2020-1055	TASAKI2020	000205.0002	PG-TASAKI2020-0205	equation	equation (7.2.4)	NONE	PDF p. 205; print p. 193; §7.2.1; equation (7.2.4)	Chapter 07	chapter-07	PUBLIC-DOCS-SOURCE-ITEM-REVIEW-V1
IT-TASAKI2020-1056	TASAKI2020	000205.0003	PG-TASAKI2020-0205	equation	equation (7.2.5)	NONE	PDF p. 205; print p. 193; §7.2.1; equation (7.2.5)	Chapter 07	chapter-07	PUBLIC-DOCS-SOURCE-ITEM-REVIEW-V1
IT-TASAKI2020-1057	TASAKI2020	000205.0004	PG-TASAKI2020-0205	equation	equation (7.2.6)	NONE	PDF p. 205; print p. 193; §7.2.1; equation (7.2.6)	Chapter 07	chapter-07	PUBLIC-DOCS-SOURCE-ITEM-REVIEW-V1
IT-TASAKI2020-1058	TASAKI2020	000205.0005	PG-TASAKI2020-0205	unlabeled	NONE	NONE	PDF p. 205; print p. 193; §7.2.1; paragraph 6	Chapter 07	chapter-07	PUBLIC-DOCS-SOURCE-ITEM-REVIEW-V1
IT-TASAKI2020-1059	TASAKI2020	000205.0006	PG-TASAKI2020-0205	equation	equation (7.2.7)	NONE	PDF p. 205; print p. 193; §7.2.1; equation (7.2.7)	Chapter 07	chapter-07	PUBLIC-DOCS-SOURCE-ITEM-REVIEW-V1
IT-TASAKI2020-1060	TASAKI2020	000205.0007	PG-TASAKI2020-0205	unlabeled	NONE	NONE	PDF p. 205; print p. 193; §7.2.1; paragraph 7; v7 split atom 1/2	Chapter 07	chapter-07	PUBLIC-DOCS-SOURCE-ITEM-REVIEW-V1
IT-TASAKI2020-1061	TASAKI2020	000205.0008	PG-TASAKI2020-0205	unlabeled	NONE	NONE	PDF p. 205; print p. 193; §7.2.1; paragraph 7; v7 split atom 2/2	Chapter 07	chapter-07	PUBLIC-DOCS-SOURCE-ITEM-REVIEW-V1
IT-TASAKI2020-1062	TASAKI2020	000205.0009	PG-TASAKI2020-0205	equation	equation (7.2.8)	NONE	PDF p. 205; print p. 193; §7.2.1; equation (7.2.8)	Chapter 07	chapter-07	PUBLIC-DOCS-SOURCE-ITEM-REVIEW-V1
IT-TASAKI2020-1063	TASAKI2020	000206.0001	PG-TASAKI2020-0206	unlabeled	NONE	NONE	PDF p. 206; print p. 194; §7.2.2; paragraph 3; atom 1	Chapter 07	chapter-07	PUBLIC-DOCS-SOURCE-ITEM-REVIEW-V1
IT-TASAKI2020-1064	TASAKI2020	000206.0002	PG-TASAKI2020-0206	unlabeled	NONE	NONE	PDF p. 206; print p. 194; §7.2.2; paragraph 3; atom 2	Chapter 07	chapter-07	PUBLIC-DOCS-SOURCE-ITEM-REVIEW-V1
IT-TASAKI2020-1065	TASAKI2020	000206.0004	PG-TASAKI2020-0206	unlabeled	NONE	NONE	PDF p. 206; print p. 194; §7.2.2; second introductory paragraph	Chapter 07	chapter-07	PUBLIC-DOCS-SOURCE-ITEM-REVIEW-V1
IT-TASAKI2020-1066	TASAKI2020	000206.0005	PG-TASAKI2020-0206	unlabeled	NONE	NONE	PDF p. 206; print p. 194; §7.2.2; “Matrix product representation of cσ”; opening paragraph	Chapter 07	chapter-07	PUBLIC-DOCS-SOURCE-ITEM-REVIEW-V1
IT-TASAKI2020-1067	TASAKI2020	000206.0006	PG-TASAKI2020-0206	equation	equation (7.2.9)	NONE	PDF p. 206; print p. 194; §7.2.2; equation (7.2.9)	Chapter 07	chapter-07	PUBLIC-DOCS-SOURCE-ITEM-REVIEW-V1
IT-TASAKI2020-1068	TASAKI2020	000207.0001	PG-TASAKI2020-0207	unlabeled	NONE	NONE	PDF p. 207; print p. 195; §7.2.2; paragraph 2	Chapter 07	chapter-07	PUBLIC-DOCS-SOURCE-ITEM-REVIEW-V1
IT-TASAKI2020-1069	TASAKI2020	000207.0002	PG-TASAKI2020-0207	equation	equation (7.2.10)	NONE	PDF p. 207; print p. 195; §7.2.2; equation (7.2.10)	Chapter 07	chapter-07	PUBLIC-DOCS-SOURCE-ITEM-REVIEW-V1
IT-TASAKI2020-1070	TASAKI2020	000207.0003	PG-TASAKI2020-0207	equation	equation (7.2.11)	NONE	PDF p. 207; print p. 195; §7.2.2; equation (7.2.11)	Chapter 07	chapter-07	PUBLIC-DOCS-SOURCE-ITEM-REVIEW-V1
IT-TASAKI2020-1071	TASAKI2020	000207.0004	PG-TASAKI2020-0207	equation	equation (7.2.12)	NONE	PDF p. 207; print p. 195; §7.2.2; equation (7.2.12)	Chapter 07	chapter-07	PUBLIC-DOCS-SOURCE-ITEM-REVIEW-V1
IT-TASAKI2020-1072	TASAKI2020	000207.0005	PG-TASAKI2020-0207	equation	equation (7.2.13)	NONE	PDF p. 207; print p. 195; §7.2.2; equation (7.2.13)	Chapter 07	chapter-07	PUBLIC-DOCS-SOURCE-ITEM-REVIEW-V1
IT-TASAKI2020-1073	TASAKI2020	000208.0001	PG-TASAKI2020-0208	equation	equation (7.2.14)	NONE	PDF p. 208; print p. 196; §7.2.2; equation (7.2.14)	Chapter 07	chapter-07	PUBLIC-DOCS-SOURCE-ITEM-REVIEW-V1
IT-TASAKI2020-1074	TASAKI2020	000208.0002	PG-TASAKI2020-0208	equation	equation (7.2.15)	NONE	PDF p. 208; print p. 196; §7.2.2; equation (7.2.15)	Chapter 07	chapter-07	PUBLIC-DOCS-SOURCE-ITEM-REVIEW-V1
IT-TASAKI2020-1075	TASAKI2020	000208.0003	PG-TASAKI2020-0208	problem	Problem 7.2.2.a	NONE	PDF p. 208; print p. 196; §7.2.2; Problem 7.2.2.a	Chapter 07	chapter-07	PUBLIC-DOCS-SOURCE-ITEM-REVIEW-V1
IT-TASAKI2020-1076	TASAKI2020	000208.0004	PG-TASAKI2020-0208	equation	equation (7.2.16)	NONE	PDF p. 208; print p. 196; §7.2.2; equation (7.2.16)	Chapter 07	chapter-07	PUBLIC-DOCS-SOURCE-ITEM-REVIEW-V1
IT-TASAKI2020-1077	TASAKI2020	000208.0005	PG-TASAKI2020-0208	unlabeled	NONE	NONE	PDF p. 208; print p. 196; §7.2.2; paragraph 6	Chapter 07	chapter-07	PUBLIC-DOCS-SOURCE-ITEM-REVIEW-V1
IT-TASAKI2020-1078	TASAKI2020	000208.0006	PG-TASAKI2020-0208	problem	Problem 7.2.2.b	NONE	PDF p. 208; print p. 196; §7.2.2; Problem 7.2.2.b	Chapter 07	chapter-07	PUBLIC-DOCS-SOURCE-ITEM-REVIEW-V1
IT-TASAKI2020-1079	TASAKI2020	000208.0007	PG-TASAKI2020-0208	unlabeled	NONE	NONE	PDF p. 208; print p. 196; §7.2.2; paragraph 7	Chapter 07	chapter-07	PUBLIC-DOCS-SOURCE-ITEM-REVIEW-V1
IT-TASAKI2020-1080	TASAKI2020	000209.0001	PG-TASAKI2020-0209	equation	equation (7.2.17)	NONE	PDF p. 209; print p. 197; §7.2.2; equation (7.2.17)	Chapter 07	chapter-07	PUBLIC-DOCS-SOURCE-ITEM-REVIEW-V1
IT-TASAKI2020-1081	TASAKI2020	000209.0002	PG-TASAKI2020-0209	equation	equation (7.2.18)	NONE	PDF p. 209; print p. 197; §7.2.2; equation (7.2.18)	Chapter 07	chapter-07	PUBLIC-DOCS-SOURCE-ITEM-REVIEW-V1
IT-TASAKI2020-1082	TASAKI2020	000209.0003	PG-TASAKI2020-0209	equation	equation (7.2.19)	NONE	PDF p. 209; print p. 197; §7.2.2; equation (7.2.19)	Chapter 07	chapter-07	PUBLIC-DOCS-SOURCE-ITEM-REVIEW-V1
IT-TASAKI2020-1083	TASAKI2020	000209.0004	PG-TASAKI2020-0209	equation	equation (7.2.20)	NONE	PDF p. 209; print p. 197; §7.2.2; equation (7.2.20)	Chapter 07	chapter-07	PUBLIC-DOCS-SOURCE-ITEM-REVIEW-V1
IT-TASAKI2020-1084	TASAKI2020	000209.0005	PG-TASAKI2020-0209	equation	equation (7.2.21)	NONE	PDF p. 209; print p. 197; §7.2.2; equation (7.2.21)	Chapter 07	chapter-07	PUBLIC-DOCS-SOURCE-ITEM-REVIEW-V1
IT-TASAKI2020-1085	TASAKI2020	000209.0006	PG-TASAKI2020-0209	equation	equation (7.2.22)	NONE	PDF p. 209; print p. 197; §7.2.2; equation (7.2.22)	Chapter 07	chapter-07	PUBLIC-DOCS-SOURCE-ITEM-REVIEW-V1
IT-TASAKI2020-1086	TASAKI2020	000209.0007	PG-TASAKI2020-0209	equation	equation (7.2.23)	NONE	PDF p. 209; print p. 197; §7.2.2; equation (7.2.23)	Chapter 07	chapter-07	PUBLIC-DOCS-SOURCE-ITEM-REVIEW-V1
IT-TASAKI2020-1087	TASAKI2020	000209.0008	PG-TASAKI2020-0209	note	Note unnumbered line 15	NONE	PDF p. 209; print p. 197; §7.2.2; Note unnumbered line 15	Chapter 07	chapter-07	PUBLIC-DOCS-SOURCE-ITEM-REVIEW-V1
IT-TASAKI2020-1088	TASAKI2020	000210.0001	PG-TASAKI2020-0210	equation	equation (7.2.24)	NONE	PDF p. 210; print p. 198; §7.2.2; equation (7.2.24)	Chapter 07	chapter-07	PUBLIC-DOCS-SOURCE-ITEM-REVIEW-V1
IT-TASAKI2020-1089	TASAKI2020	000210.0002	PG-TASAKI2020-0210	equation	equation (7.2.25)	NONE	PDF p. 210; print p. 198; §7.2.2; equation (7.2.25)	Chapter 07	chapter-07	PUBLIC-DOCS-SOURCE-ITEM-REVIEW-V1
IT-TASAKI2020-1090	TASAKI2020	000210.0003	PG-TASAKI2020-0210	equation	equation (7.2.26)	NONE	PDF p. 210; print p. 198; §7.2.2; equation (7.2.26)	Chapter 07	chapter-07	PUBLIC-DOCS-SOURCE-ITEM-REVIEW-V1
IT-TASAKI2020-1091	TASAKI2020	000210.0004	PG-TASAKI2020-0210	note	Note unnumbered line 3	NONE	PDF p. 210; print p. 198; §7.2.2; Note unnumbered line 3	Chapter 07	chapter-07	PUBLIC-DOCS-SOURCE-ITEM-REVIEW-V1
IT-TASAKI2020-1092	TASAKI2020	000211.0001	PG-TASAKI2020-0211	equation	equation (7.2.27)	NONE	PDF p. 211; print p. 199; §7.2.2; equation (7.2.27)	Chapter 07	chapter-07	PUBLIC-DOCS-SOURCE-ITEM-REVIEW-V1
IT-TASAKI2020-1093	TASAKI2020	000211.0002	PG-TASAKI2020-0211	equation	equation (7.2.28)	NONE	PDF p. 211; print p. 199; §7.2.2; equation (7.2.28)	Chapter 07	chapter-07	PUBLIC-DOCS-SOURCE-ITEM-REVIEW-V1
IT-TASAKI2020-1094	TASAKI2020	000211.0003	PG-TASAKI2020-0211	equation	equation (7.2.29)	NONE	PDF p. 211; print p. 199; §7.2.2; equation (7.2.29)	Chapter 07	chapter-07	PUBLIC-DOCS-SOURCE-ITEM-REVIEW-V1
IT-TASAKI2020-1095	TASAKI2020	000211.0004	PG-TASAKI2020-0211	equation	equation (7.2.30)	NONE	PDF p. 211; print p. 199; §7.2.2; equation (7.2.30)	Chapter 07	chapter-07	PUBLIC-DOCS-SOURCE-ITEM-REVIEW-V1
IT-TASAKI2020-1096	TASAKI2020	000211.0005	PG-TASAKI2020-0211	equation	equation (7.2.31)	NONE	PDF p. 211; print p. 199; §7.2.2; equation (7.2.31)	Chapter 07	chapter-07	PUBLIC-DOCS-SOURCE-ITEM-REVIEW-V1
IT-TASAKI2020-1097	TASAKI2020	000211.0006	PG-TASAKI2020-0211	unlabeled	NONE	NONE	PDF p. 211; print p. 199; §7.2.2; paragraph 12; atom 1	Chapter 07	chapter-07	PUBLIC-DOCS-SOURCE-ITEM-REVIEW-V1
IT-TASAKI2020-1098	TASAKI2020	000211.0007	PG-TASAKI2020-0211	unlabeled	NONE	NONE	PDF p. 211; print p. 199; §7.2.2; paragraph 12; atom 2	Chapter 07	chapter-07	PUBLIC-DOCS-SOURCE-ITEM-REVIEW-V1
IT-TASAKI2020-1099	TASAKI2020	000211.0008	PG-TASAKI2020-0211	unlabeled	NONE	NONE	PDF p. 211; print p. 199; §7.2.2; paragraph 12; atom 3	Chapter 07	chapter-07	PUBLIC-DOCS-SOURCE-ITEM-REVIEW-V1
IT-TASAKI2020-1100	TASAKI2020	000211.0009	PG-TASAKI2020-0211	unlabeled	NONE	NONE	PDF p. 211; print p. 199; §7.2.2; paragraph 13	Chapter 07	chapter-07	PUBLIC-DOCS-SOURCE-ITEM-REVIEW-V1
IT-TASAKI2020-1101	TASAKI2020	000212.0001	PG-TASAKI2020-0212	equation	equation (7.2.32)	NONE	PDF p. 212; print p. 200; §7.2.2; equation (7.2.32)	Chapter 07	chapter-07	PUBLIC-DOCS-SOURCE-ITEM-REVIEW-V1
IT-TASAKI2020-1102	TASAKI2020	000212.0002	PG-TASAKI2020-0212	equation	equation (7.2.33)	NONE	PDF p. 212; print p. 200; §7.2.2; equation (7.2.33)	Chapter 07	chapter-07	PUBLIC-DOCS-SOURCE-ITEM-REVIEW-V1
IT-TASAKI2020-1103	TASAKI2020	000212.0003	PG-TASAKI2020-0212	equation	equation (7.2.34)	NONE	PDF p. 212; print p. 200; §7.2.2; equation (7.2.34)	Chapter 07	chapter-07	PUBLIC-DOCS-SOURCE-ITEM-REVIEW-V1
IT-TASAKI2020-1104	TASAKI2020	000212.0004	PG-TASAKI2020-0212	problem	Problem 7.2.2.c	NONE	PDF p. 212; print p. 200; §7.2.2; Problem 7.2.2.c	Chapter 07	chapter-07	PUBLIC-DOCS-SOURCE-ITEM-REVIEW-V1
IT-TASAKI2020-1105	TASAKI2020	000212.0005	PG-TASAKI2020-0212	equation	equation (7.2.35)	NONE	PDF p. 212; print p. 200; §7.2.2; equation (7.2.35)	Chapter 07	chapter-07	PUBLIC-DOCS-SOURCE-ITEM-REVIEW-V1
IT-TASAKI2020-1106	TASAKI2020	000212.0006	PG-TASAKI2020-0212	problem	Problem 7.2.2.d	NONE	PDF p. 212; print p. 200; §7.2.2; Problem 7.2.2.d	Chapter 07	chapter-07	PUBLIC-DOCS-SOURCE-ITEM-REVIEW-V1
IT-TASAKI2020-1107	TASAKI2020	000213.0001	PG-TASAKI2020-0213	equation	equation (7.2.36)	NONE	PDF p. 213; print p. 201; §7.2.2; equation (7.2.36)	Chapter 07	chapter-07	PUBLIC-DOCS-SOURCE-ITEM-REVIEW-V1
IT-TASAKI2020-1108	TASAKI2020	000213.0002	PG-TASAKI2020-0213	equation	equation (7.2.37)	NONE	PDF p. 213; print p. 201; §7.2.2; equation (7.2.37)	Chapter 07	chapter-07	PUBLIC-DOCS-SOURCE-ITEM-REVIEW-V1
IT-TASAKI2020-1109	TASAKI2020	000213.0003	PG-TASAKI2020-0213	equation	equation (7.2.38)	NONE	PDF p. 213; print p. 201; §7.2.2; equation (7.2.38)	Chapter 07	chapter-07	PUBLIC-DOCS-SOURCE-ITEM-REVIEW-V1
IT-TASAKI2020-1110	TASAKI2020	000213.0004	PG-TASAKI2020-0213	problem	Problem 7.2.2.e	NONE	PDF p. 213; print p. 201; §7.2.2; Problem 7.2.2.e	Chapter 07	chapter-07	PUBLIC-DOCS-SOURCE-ITEM-REVIEW-V1
IT-TASAKI2020-1111	TASAKI2020	000213.0005	PG-TASAKI2020-0213	equation	equation (7.2.39)	NONE	PDF p. 213; print p. 201; §7.2.2; equation (7.2.39)	Chapter 07	chapter-07	PUBLIC-DOCS-SOURCE-ITEM-REVIEW-V1
IT-TASAKI2020-1112	TASAKI2020	000213.0006	PG-TASAKI2020-0213	problem	Problem 7.2.2.f	NONE	PDF p. 213; print p. 201; §7.2.2; Problem 7.2.2.f	Chapter 07	chapter-07	PUBLIC-DOCS-SOURCE-ITEM-REVIEW-V1
IT-TASAKI2020-1113	TASAKI2020	000213.0007	PG-TASAKI2020-0213	unlabeled	NONE	NONE	PDF p. 213; print p. 201; §7.2.2; paragraph 10	Chapter 07	chapter-07	PUBLIC-DOCS-SOURCE-ITEM-REVIEW-V1
IT-TASAKI2020-1114	TASAKI2020	000214.0001	PG-TASAKI2020-0214	equation	equation (7.2.40)	NONE	PDF p. 214; print p. 202; §7.2.2; equation (7.2.40)	Chapter 07	chapter-07	PUBLIC-DOCS-SOURCE-ITEM-REVIEW-V1
IT-TASAKI2020-1115	TASAKI2020	000214.0002	PG-TASAKI2020-0214	theorem	Theorem 7.5	NONE	PDF p. 214; print p. 202; §7.2.2; Theorem 7.5	Chapter 07	chapter-07	PUBLIC-DOCS-SOURCE-ITEM-REVIEW-V1
IT-TASAKI2020-1116	TASAKI2020	000214.0003	PG-TASAKI2020-0214	equation	equation (7.2.41)	NONE	PDF p. 214; print p. 202; §7.2.2; equation (7.2.41)	Chapter 07	chapter-07	PUBLIC-DOCS-SOURCE-ITEM-REVIEW-V1
IT-TASAKI2020-1117	TASAKI2020	000214.0004	PG-TASAKI2020-0214	equation	equation (7.2.42)	NONE	PDF p. 214; print p. 202; §7.2.2; equation (7.2.42)	Chapter 07	chapter-07	PUBLIC-DOCS-SOURCE-ITEM-REVIEW-V1
IT-TASAKI2020-1118	TASAKI2020	000214.0005	PG-TASAKI2020-0214	unlabeled	NONE	NONE	PDF p. 214; print p. 202; §7.2.2; paragraph 7, atom 2	Chapter 07	chapter-07	PUBLIC-DOCS-SOURCE-ITEM-REVIEW-V1
IT-TASAKI2020-1119	TASAKI2020	000215.0001	PG-TASAKI2020-0215	unlabeled	NONE	NONE	PDF p. 215; print p. 203; §7.2.2; paragraph 2	Chapter 07	chapter-07	PUBLIC-DOCS-SOURCE-ITEM-REVIEW-V1
IT-TASAKI2020-1120	TASAKI2020	000215.0002	PG-TASAKI2020-0215	theorem	Theorem 7.6	NONE	PDF p. 215; print p. 203; §7.2.2; Theorem 7.6	Chapter 07	chapter-07	PUBLIC-DOCS-SOURCE-ITEM-REVIEW-V1
IT-TASAKI2020-1121	TASAKI2020	000215.0003	PG-TASAKI2020-0215	equation	equation (7.2.43)	NONE	PDF p. 215; print p. 203; §7.2.2; equation (7.2.43)	Chapter 07	chapter-07	PUBLIC-DOCS-SOURCE-ITEM-REVIEW-V1
IT-TASAKI2020-1122	TASAKI2020	000215.0004	PG-TASAKI2020-0215	equation	equation (7.2.44)	NONE	PDF p. 215; print p. 203; §7.2.2; equation (7.2.44)	Chapter 07	chapter-07	PUBLIC-DOCS-SOURCE-ITEM-REVIEW-V1
IT-TASAKI2020-1123	TASAKI2020	000215.0005	PG-TASAKI2020-0215	unlabeled	NONE	NONE	PDF p. 215; print p. 203; §7.2.2; paragraph 9	Chapter 07	chapter-07	PUBLIC-DOCS-SOURCE-ITEM-REVIEW-V1
IT-TASAKI2020-1124	TASAKI2020	000216.0001	PG-TASAKI2020-0216	equation	equation (7.2.45)	NONE	PDF p. 216; print p. 204; §7.2.2; equation (7.2.45)	Chapter 07	chapter-07	PUBLIC-DOCS-SOURCE-ITEM-REVIEW-V1
IT-TASAKI2020-1125	TASAKI2020	000216.0002	PG-TASAKI2020-0216	remark	Remark unnumbered line 42	NONE	PDF p. 216; print p. 204; §7.2.2; Remark unnumbered line 42	Chapter 07	chapter-07	PUBLIC-DOCS-SOURCE-ITEM-REVIEW-V1
IT-TASAKI2020-1126	TASAKI2020	000217.0001	PG-TASAKI2020-0217	equation	equation (7.2.46)	NONE	PDF p. 217; print p. 205; §7.2.3; equation (7.2.46)	Chapter 07	chapter-07	PUBLIC-DOCS-SOURCE-ITEM-REVIEW-V1
IT-TASAKI2020-1127	TASAKI2020	000217.0002	PG-TASAKI2020-0217	equation	equation (7.2.47)	NONE	PDF p. 217; print p. 205; §7.2.3; equation (7.2.47)	Chapter 07	chapter-07	PUBLIC-DOCS-SOURCE-ITEM-REVIEW-V1
IT-TASAKI2020-1128	TASAKI2020	000217.0003	PG-TASAKI2020-0217	equation	equation (7.2.48)	NONE	PDF p. 217; print p. 205; §7.2.3; equation (7.2.48)	Chapter 07	chapter-07	PUBLIC-DOCS-SOURCE-ITEM-REVIEW-V1
IT-TASAKI2020-1129	TASAKI2020	000217.0004	PG-TASAKI2020-0217	unlabeled	NONE	NONE	PDF p. 217; print p. 205; §7.2.3; paragraph 7	Chapter 07	chapter-07	PUBLIC-DOCS-SOURCE-ITEM-REVIEW-V1
IT-TASAKI2020-1130	TASAKI2020	000218.0001	PG-TASAKI2020-0218	unlabeled	NONE	NONE	PDF p. 218; print p. 206; §7.2.3; paragraph 4	Chapter 07	chapter-07	PUBLIC-DOCS-SOURCE-ITEM-REVIEW-V1
IT-TASAKI2020-1131	TASAKI2020	000218.0002	PG-TASAKI2020-0218	equation	equation (7.2.49)	NONE	PDF p. 218; print p. 206; §7.2.3; equation (7.2.49)	Chapter 07	chapter-07	PUBLIC-DOCS-SOURCE-ITEM-REVIEW-V1
IT-TASAKI2020-1132	TASAKI2020	000218.0003	PG-TASAKI2020-0218	equation	equation (7.2.50)	NONE	PDF p. 218; print p. 206; §7.2.3; equation (7.2.50)	Chapter 07	chapter-07	PUBLIC-DOCS-SOURCE-ITEM-REVIEW-V1
IT-TASAKI2020-1133	TASAKI2020	000219.0001	PG-TASAKI2020-0219	problem	Problem 7.2.3.a	NONE	PDF p. 219; print p. 207; §7.2.3; Problem 7.2.3.a	Chapter 07	chapter-07	PUBLIC-DOCS-SOURCE-ITEM-REVIEW-V1
IT-TASAKI2020-1134	TASAKI2020	000219.0002	PG-TASAKI2020-0219	problem	Problem 7.2.3.b	NONE	PDF p. 219; print p. 207; §7.2.3; Problem 7.2.3.b	Chapter 07	chapter-07	PUBLIC-DOCS-SOURCE-ITEM-REVIEW-V1
IT-TASAKI2020-1135	TASAKI2020	000219.0003	PG-TASAKI2020-0219	problem	Problem 7.2.3.c	NONE	PDF p. 219; print p. 207; §7.2.3; Problem 7.2.3.c	Chapter 07	chapter-07	PUBLIC-DOCS-SOURCE-ITEM-REVIEW-V1
IT-TASAKI2020-1136	TASAKI2020	000219.0004	PG-TASAKI2020-0219	equation	equation (7.2.51)	NONE	PDF p. 219; print p. 207; §7.2.3; equation (7.2.51)	Chapter 07	chapter-07	PUBLIC-DOCS-SOURCE-ITEM-REVIEW-V1
IT-TASAKI2020-1137	TASAKI2020	000219.0005	PG-TASAKI2020-0219	equation	equation (7.2.52)	NONE	PDF p. 219; print p. 207; §7.2.3; equation (7.2.52)	Chapter 07	chapter-07	PUBLIC-DOCS-SOURCE-ITEM-REVIEW-V1
IT-TASAKI2020-1138	TASAKI2020	000219.0006	PG-TASAKI2020-0219	unlabeled	NONE	NONE	PDF p. 219; print p. 207; §7.2.3; paragraph 6; audit split atom 1/9	Chapter 07	chapter-07	PUBLIC-DOCS-SOURCE-ITEM-REVIEW-V1
IT-TASAKI2020-1139	TASAKI2020	000219.0007	PG-TASAKI2020-0219	unlabeled	NONE	NONE	PDF p. 219; print p. 207; §7.2.3; paragraph 6; audit split atom 3/9	Chapter 07	chapter-07	PUBLIC-DOCS-SOURCE-ITEM-REVIEW-V1
IT-TASAKI2020-1140	TASAKI2020	000219.0008	PG-TASAKI2020-0219	unlabeled	NONE	NONE	PDF p. 219; print p. 207; §7.2.3; paragraph 6; audit split atom 4/9	Chapter 07	chapter-07	PUBLIC-DOCS-SOURCE-ITEM-REVIEW-V1
IT-TASAKI2020-1141	TASAKI2020	000219.0009	PG-TASAKI2020-0219	unlabeled	NONE	NONE	PDF p. 219; print p. 207; §7.2.3; summary paragraph	Chapter 07	chapter-07	PUBLIC-DOCS-SOURCE-ITEM-REVIEW-V1
IT-TASAKI2020-1142	TASAKI2020	000220.0001	PG-TASAKI2020-0220	equation	equation (7.3.1)	NONE	PDF p. 220; print p. 208; §7.3.1; equation (7.3.1)	Chapter 07	chapter-07	PUBLIC-DOCS-SOURCE-ITEM-REVIEW-V1
IT-TASAKI2020-1143	TASAKI2020	000220.0002	PG-TASAKI2020-0220	equation	equation (7.3.2)	NONE	PDF p. 220; print p. 208; §7.3.1; equation (7.3.2)	Chapter 07	chapter-07	PUBLIC-DOCS-SOURCE-ITEM-REVIEW-V1
IT-TASAKI2020-1144	TASAKI2020	000220.0003	PG-TASAKI2020-0220	equation	equation (7.3.3)	NONE	PDF p. 220; print p. 208; §7.3.1; equation (7.3.3)	Chapter 07	chapter-07	PUBLIC-DOCS-SOURCE-ITEM-REVIEW-V1
IT-TASAKI2020-1145	TASAKI2020	000221.0001	PG-TASAKI2020-0221	problem	Problem 7.3.1.a	NONE	PDF p. 221; print p. 209; §7.3.1; Problem 7.3.1.a	Chapter 07	chapter-07	PUBLIC-DOCS-SOURCE-ITEM-REVIEW-V1
IT-TASAKI2020-1146	TASAKI2020	000221.0002	PG-TASAKI2020-0221	equation	equation (7.3.4)	NONE	PDF p. 221; print p. 209; §7.3.1; equation (7.3.4)	Chapter 07	chapter-07	PUBLIC-DOCS-SOURCE-ITEM-REVIEW-V1
IT-TASAKI2020-1147	TASAKI2020	000221.0003	PG-TASAKI2020-0221	equation	equation (7.3.5)	NONE	PDF p. 221; print p. 209; §7.3.1; equation (7.3.5)	Chapter 07	chapter-07	PUBLIC-DOCS-SOURCE-ITEM-REVIEW-V1
IT-TASAKI2020-1148	TASAKI2020	000221.0004	PG-TASAKI2020-0221	unlabeled	NONE	NONE	PDF p. 221; print p. 209; §7.3.1; paragraph 4	Chapter 07	chapter-07	PUBLIC-DOCS-SOURCE-ITEM-REVIEW-V1
IT-TASAKI2020-1149	TASAKI2020	000222.0001	PG-TASAKI2020-0222	unlabeled	NONE	NONE	PDF p. 222; print p. 210; §7.3.2; paragraph 3, atom 1	Chapter 07	chapter-07	PUBLIC-DOCS-SOURCE-ITEM-REVIEW-V1
IT-TASAKI2020-1150	TASAKI2020	000222.0002	PG-TASAKI2020-0222	unlabeled	NONE	NONE	PDF p. 222; print p. 210; §7.3.2; paragraph 3, atom 2	Chapter 07	chapter-07	PUBLIC-DOCS-SOURCE-ITEM-REVIEW-V1
IT-TASAKI2020-1151	TASAKI2020	000222.0003	PG-TASAKI2020-0222	equation	equation (7.3.6)	NONE	PDF p. 222; print p. 210; §7.3.2; equation (7.3.6)	Chapter 07	chapter-07	PUBLIC-DOCS-SOURCE-ITEM-REVIEW-V1
IT-TASAKI2020-1152	TASAKI2020	000222.0004	PG-TASAKI2020-0222	equation	equation (7.3.7)	NONE	PDF p. 222; print p. 210; §7.3.2; equation (7.3.7)	Chapter 07	chapter-07	PUBLIC-DOCS-SOURCE-ITEM-REVIEW-V1
IT-TASAKI2020-1153	TASAKI2020	000222.0005	PG-TASAKI2020-0222	unlabeled	NONE	NONE	PDF p. 222; print p. 210; §7.3.2; paragraph 6	Chapter 07	chapter-07	PUBLIC-DOCS-SOURCE-ITEM-REVIEW-V1
IT-TASAKI2020-1154	TASAKI2020	000222.0006	PG-TASAKI2020-0222	note	Note unnumbered line 35	NONE	PDF p. 222; print p. 210; §7.3.2; Note unnumbered line 35	Chapter 07	chapter-07	PUBLIC-DOCS-SOURCE-ITEM-REVIEW-V1
IT-TASAKI2020-1155	TASAKI2020	000223.0001	PG-TASAKI2020-0223	equation	equation (7.3.8)	NONE	PDF p. 223; print p. 211; §7.3.2; equation (7.3.8)	Chapter 07	chapter-07	PUBLIC-DOCS-SOURCE-ITEM-REVIEW-V1
IT-TASAKI2020-1156	TASAKI2020	000223.0002	PG-TASAKI2020-0223	equation	equation (7.3.9)	NONE	PDF p. 223; print p. 211; §7.3.2; equation (7.3.9)	Chapter 07	chapter-07	PUBLIC-DOCS-SOURCE-ITEM-REVIEW-V1
IT-TASAKI2020-1157	TASAKI2020	000223.0003	PG-TASAKI2020-0223	theorem	Theorem 7.7	NONE	PDF p. 223; print p. 211; §7.3.2; Theorem 7.7	Chapter 07	chapter-07	PUBLIC-DOCS-SOURCE-ITEM-REVIEW-V1
IT-TASAKI2020-1158	TASAKI2020	000223.0005	PG-TASAKI2020-0223	unlabeled	NONE	NONE	PDF p. 223; print p. 211; §7.3.2; paragraph 6	Chapter 07	chapter-07	PUBLIC-DOCS-SOURCE-ITEM-REVIEW-V1
IT-TASAKI2020-1159	TASAKI2020	000223.0006	PG-TASAKI2020-0223	equation	equation (7.3.10)	NONE	PDF p. 223; print p. 211; §7.3.2; equation (7.3.10)	Chapter 07	chapter-07	PUBLIC-DOCS-SOURCE-ITEM-REVIEW-V1
IT-TASAKI2020-1160	TASAKI2020	000223.0007	PG-TASAKI2020-0223	unlabeled	NONE	NONE	PDF p. 223; print p. 211; §7.3.2; paragraph 7	Chapter 07	chapter-07	PUBLIC-DOCS-SOURCE-ITEM-REVIEW-V1
IT-TASAKI2020-1161	TASAKI2020	000223.0008	PG-TASAKI2020-0223	figure	Fig. 7.5	NONE	PDF p. 223; print p. 211; §7.3.2; Fig. 7.5	Chapter 07	chapter-07	PUBLIC-DOCS-SOURCE-ITEM-REVIEW-V1
IT-TASAKI2020-1162	TASAKI2020	000224.0001	PG-TASAKI2020-0224	unlabeled	NONE	NONE	PDF p. 224; print p. 212; §7.3.2; paragraph 2; audit split atom 1/13	Chapter 07	chapter-07	PUBLIC-DOCS-SOURCE-ITEM-REVIEW-V1
IT-TASAKI2020-1163	TASAKI2020	000224.0002	PG-TASAKI2020-0224	unlabeled	NONE	NONE	PDF p. 224; print p. 212; §7.3.2; paragraph 2; atom 1	Chapter 07	chapter-07	PUBLIC-DOCS-SOURCE-ITEM-REVIEW-V1
IT-TASAKI2020-1164	TASAKI2020	000224.0003	PG-TASAKI2020-0224	unlabeled	NONE	NONE	PDF p. 224; print p. 212; §7.3.2; paragraph 2; atom 2	Chapter 07	chapter-07	PUBLIC-DOCS-SOURCE-ITEM-REVIEW-V1
IT-TASAKI2020-1165	TASAKI2020	000224.0004	PG-TASAKI2020-0224	unlabeled	NONE	NONE	PDF p. 224; print p. 212; §7.3.2; paragraph 2; audit split atom 3/13	Chapter 07	chapter-07	PUBLIC-DOCS-SOURCE-ITEM-REVIEW-V1
IT-TASAKI2020-1166	TASAKI2020	000224.0005	PG-TASAKI2020-0224	unlabeled	NONE	NONE	PDF p. 224; print p. 212; §7.3.2; paragraph 2; audit split atom 5/13	Chapter 07	chapter-07	PUBLIC-DOCS-SOURCE-ITEM-REVIEW-V1
IT-TASAKI2020-1167	TASAKI2020	000224.0010	PG-TASAKI2020-0224	unlabeled	NONE	NONE	PDF p. 224; print p. 212; §7.3.2; paragraph 2; audit split atom 8/13	Chapter 07	chapter-07	PUBLIC-DOCS-SOURCE-ITEM-REVIEW-V1
IT-TASAKI2020-1168	TASAKI2020	000224.0011	PG-TASAKI2020-0224	unlabeled	NONE	NONE	PDF p. 224; print p. 212; §7.3.2; paragraph 2; audit split atom 10/13	Chapter 07	chapter-07	PUBLIC-DOCS-SOURCE-ITEM-REVIEW-V1
IT-TASAKI2020-1169	TASAKI2020	000224.0012	PG-TASAKI2020-0224	unlabeled	NONE	NONE	PDF p. 224; print p. 212; §7.3.2; paragraph 2; audit split atom 11/13	Chapter 07	chapter-07	PUBLIC-DOCS-SOURCE-ITEM-REVIEW-V1
IT-TASAKI2020-1170	TASAKI2020	000224.0013	PG-TASAKI2020-0224	unlabeled	NONE	NONE	PDF p. 224; print p. 212; §7.3.2; paragraph 2; audit split atom 13/13	Chapter 07	chapter-07	PUBLIC-DOCS-SOURCE-ITEM-REVIEW-V1
IT-TASAKI2020-1171	TASAKI2020	000225.0001	PG-TASAKI2020-0225	unlabeled	NONE	NONE	PDF p. 225; print p. 213; §7.3.2; paragraph 2	Chapter 07	chapter-07	PUBLIC-DOCS-SOURCE-ITEM-REVIEW-V1
IT-TASAKI2020-1172	TASAKI2020	000225.0002	PG-TASAKI2020-0225	equation	equation (7.3.11)	NONE	PDF p. 225; print p. 213; §7.3.2; equation (7.3.11)	Chapter 07	chapter-07	PUBLIC-DOCS-SOURCE-ITEM-REVIEW-V1
IT-TASAKI2020-1173	TASAKI2020	000225.0003	PG-TASAKI2020-0225	problem	Problem 7.3.2.a	NONE	PDF p. 225; print p. 213; §7.3.2; Problem 7.3.2.a	Chapter 07	chapter-07	PUBLIC-DOCS-SOURCE-ITEM-REVIEW-V1
IT-TASAKI2020-1174	TASAKI2020	000225.0004	PG-TASAKI2020-0225	equation	equation (7.3.12)	NONE	PDF p. 225; print p. 213; §7.3.2; equation (7.3.12)	Chapter 07	chapter-07	PUBLIC-DOCS-SOURCE-ITEM-REVIEW-V1
IT-TASAKI2020-1175	TASAKI2020	000226.0001	PG-TASAKI2020-0226	equation	equation (7.3.13)	NONE	PDF p. 226; print p. 214; §7.3.2; equation (7.3.13)	Chapter 07	chapter-07	PUBLIC-DOCS-SOURCE-ITEM-REVIEW-V1
IT-TASAKI2020-1176	TASAKI2020	000226.0002	PG-TASAKI2020-0226	equation	equation (7.3.14)	NONE	PDF p. 226; print p. 214; §7.3.3; equation (7.3.14)	Chapter 07	chapter-07	PUBLIC-DOCS-SOURCE-ITEM-REVIEW-V1
IT-TASAKI2020-1177	TASAKI2020	000226.0003	PG-TASAKI2020-0226	equation	equation (7.3.15)	NONE	PDF p. 226; print p. 214; §7.3.3; equation (7.3.15)	Chapter 07	chapter-07	PUBLIC-DOCS-SOURCE-ITEM-REVIEW-V1
IT-TASAKI2020-1178	TASAKI2020	000226.0004	PG-TASAKI2020-0226	equation	equation (7.3.16)	NONE	PDF p. 226; print p. 214; §7.3.3; equation (7.3.16)	Chapter 07	chapter-07	PUBLIC-DOCS-SOURCE-ITEM-REVIEW-V1
IT-TASAKI2020-1179	TASAKI2020	000227.0001	PG-TASAKI2020-0227	equation	equation (7.3.17)	NONE	PDF p. 227; print p. 215; §7.3.3; equation (7.3.17)	Chapter 07	chapter-07	PUBLIC-DOCS-SOURCE-ITEM-REVIEW-V1
IT-TASAKI2020-1180	TASAKI2020	000227.0002	PG-TASAKI2020-0227	equation	equation (7.3.18)	NONE	PDF p. 227; print p. 215; §7.3.3; equation (7.3.18)	Chapter 07	chapter-07	PUBLIC-DOCS-SOURCE-ITEM-REVIEW-V1
IT-TASAKI2020-1181	TASAKI2020	000227.0003	PG-TASAKI2020-0227	equation	equation (7.3.19)	NONE	PDF p. 227; print p. 215; §7.3.3; equation (7.3.19)	Chapter 07	chapter-07	PUBLIC-DOCS-SOURCE-ITEM-REVIEW-V1
IT-TASAKI2020-1182	TASAKI2020	000227.0004	PG-TASAKI2020-0227	equation	equation (7.3.20)	NONE	PDF p. 227; print p. 215; §7.3.3; equation (7.3.20)	Chapter 07	chapter-07	PUBLIC-DOCS-SOURCE-ITEM-REVIEW-V1
IT-TASAKI2020-1183	TASAKI2020	000228.0001	PG-TASAKI2020-0228	equation	equation (7.3.21)	NONE	PDF p. 228; print p. 216; §7.3.3; equation (7.3.21)	Chapter 07	chapter-07	PUBLIC-DOCS-SOURCE-ITEM-REVIEW-V1
IT-TASAKI2020-1184	TASAKI2020	000228.0002	PG-TASAKI2020-0228	equation	equation (7.3.22)	NONE	PDF p. 228; print p. 216; §7.3.3; equation (7.3.22)	Chapter 07	chapter-07	PUBLIC-DOCS-SOURCE-ITEM-REVIEW-V1
IT-TASAKI2020-1185	TASAKI2020	000228.0003	PG-TASAKI2020-0228	equation	equation (7.3.23)	NONE	PDF p. 228; print p. 216; §7.3.3; equation (7.3.23)	Chapter 07	chapter-07	PUBLIC-DOCS-SOURCE-ITEM-REVIEW-V1
IT-TASAKI2020-1186	TASAKI2020	000228.0004	PG-TASAKI2020-0228	equation	equation (7.3.24)	NONE	PDF p. 228; print p. 216; §7.3.3; equation (7.3.24)	Chapter 07	chapter-07	PUBLIC-DOCS-SOURCE-ITEM-REVIEW-V1
IT-TASAKI2020-1187	TASAKI2020	000229.0001	PG-TASAKI2020-0229	equation	equation (7.3.25)	NONE	PDF p. 229; print p. 217; §7.3.3; equation (7.3.25)	Chapter 07	chapter-07	PUBLIC-DOCS-SOURCE-ITEM-REVIEW-V1
IT-TASAKI2020-1188	TASAKI2020	000229.0002	PG-TASAKI2020-0229	equation	equation (7.3.26)	NONE	PDF p. 229; print p. 217; §7.3.3; equation (7.3.26)	Chapter 07	chapter-07	PUBLIC-DOCS-SOURCE-ITEM-REVIEW-V1
IT-TASAKI2020-1189	TASAKI2020	000229.0003	PG-TASAKI2020-0229	equation	equation (7.3.27)	NONE	PDF p. 229; print p. 217; §7.3.3; equation (7.3.27)	Chapter 07	chapter-07	PUBLIC-DOCS-SOURCE-ITEM-REVIEW-V1
IT-TASAKI2020-1190	TASAKI2020	000229.0004	PG-TASAKI2020-0229	problem	Problem 7.3.3.a	NONE	PDF p. 229; print p. 217; §7.3.3; Problem 7.3.3.a	Chapter 07	chapter-07	PUBLIC-DOCS-SOURCE-ITEM-REVIEW-V1
IT-TASAKI2020-1191	TASAKI2020	000229.0005	PG-TASAKI2020-0229	equation	equation (7.3.28)	NONE	PDF p. 229; print p. 217; §7.3.3; equation (7.3.28)	Chapter 07	chapter-07	PUBLIC-DOCS-SOURCE-ITEM-REVIEW-V1
IT-TASAKI2020-1192	TASAKI2020	000229.0006	PG-TASAKI2020-0229	unlabeled	NONE	NONE	PDF p. 229; print p. 217; §7.3.3; paragraph 8	Chapter 07	chapter-07	PUBLIC-DOCS-SOURCE-ITEM-REVIEW-V1
IT-TASAKI2020-1193	TASAKI2020	000229.0007	PG-TASAKI2020-0229	equation	equation (7.3.29)	NONE	PDF p. 229; print p. 217; §7.3.3; equation (7.3.29)	Chapter 07	chapter-07	PUBLIC-DOCS-SOURCE-ITEM-REVIEW-V1
IT-TASAKI2020-1194	TASAKI2020	000230.0001	PG-TASAKI2020-0230	equation	equation (7.3.30)	NONE	PDF p. 230; print p. 218; §7.3.3; equation (7.3.30)	Chapter 07	chapter-07	PUBLIC-DOCS-SOURCE-ITEM-REVIEW-V1
IT-TASAKI2020-1195	TASAKI2020	000230.0002	PG-TASAKI2020-0230	equation	equation (7.3.31)	NONE	PDF p. 230; print p. 218; §7.3.3; equation (7.3.31)	Chapter 07	chapter-07	PUBLIC-DOCS-SOURCE-ITEM-REVIEW-V1
IT-TASAKI2020-1196	TASAKI2020	000230.0003	PG-TASAKI2020-0230	equation	equation (7.3.32)	NONE	PDF p. 230; print p. 218; §7.3.3; equation (7.3.32)	Chapter 07	chapter-07	PUBLIC-DOCS-SOURCE-ITEM-REVIEW-V1
IT-TASAKI2020-1197	TASAKI2020	000230.0004	PG-TASAKI2020-0230	unlabeled	NONE	NONE	PDF p. 230; print p. 218; §7.3.3; paragraph 6, atom 1	Chapter 07	chapter-07	PUBLIC-DOCS-SOURCE-ITEM-REVIEW-V1
IT-TASAKI2020-1198	TASAKI2020	000230.0005	PG-TASAKI2020-0230	unlabeled	NONE	NONE	PDF p. 230; print p. 218; §7.3.3; paragraph 6, atom 2	Chapter 07	chapter-07	PUBLIC-DOCS-SOURCE-ITEM-REVIEW-V1
IT-TASAKI2020-1199	TASAKI2020	000230.0006	PG-TASAKI2020-0230	equation	equation (7.3.33)	NONE	PDF p. 230; print p. 218; §7.3.3; equation (7.3.33)	Chapter 07	chapter-07	PUBLIC-DOCS-SOURCE-ITEM-REVIEW-V1
IT-TASAKI2020-1200	TASAKI2020	000230.0007	PG-TASAKI2020-0230	note	Note unnumbered line 37	NONE	PDF p. 230; print p. 218; §7.3.3; Note unnumbered line 37	Chapter 07	chapter-07	PUBLIC-DOCS-SOURCE-ITEM-REVIEW-V1
IT-TASAKI2020-1201	TASAKI2020	000231.0001	PG-TASAKI2020-0231	unlabeled	NONE	NONE	PDF p. 231; print p. 219; §7.3.3; paragraph 3	Chapter 07	chapter-07	PUBLIC-DOCS-SOURCE-ITEM-REVIEW-V1
IT-TASAKI2020-1202	TASAKI2020	000231.0002	PG-TASAKI2020-0231	equation	equation (7.3.34)	NONE	PDF p. 231; print p. 219; §7.3.3; equation (7.3.34)	Chapter 07	chapter-07	PUBLIC-DOCS-SOURCE-ITEM-REVIEW-V1
IT-TASAKI2020-1203	TASAKI2020	000231.0003	PG-TASAKI2020-0231	theorem	Theorem 7.8	NONE	PDF p. 231; print p. 219; §7.3.3; Theorem 7.8	Chapter 07	chapter-07	PUBLIC-DOCS-SOURCE-ITEM-REVIEW-V1
IT-TASAKI2020-1204	TASAKI2020	000231.0004	PG-TASAKI2020-0231	equation	equation (7.3.35)	NONE	PDF p. 231; print p. 219; §7.3.3; equation (7.3.35)	Chapter 07	chapter-07	PUBLIC-DOCS-SOURCE-ITEM-REVIEW-V1
IT-TASAKI2020-1205	TASAKI2020	000231.0005	PG-TASAKI2020-0231	unlabeled	NONE	NONE	PDF p. 231; print p. 219; §7.3.3; paragraph 6	Chapter 07	chapter-07	PUBLIC-DOCS-SOURCE-ITEM-REVIEW-V1
IT-TASAKI2020-1206	TASAKI2020	000231.0006	PG-TASAKI2020-0231	equation	equation (7.3.36)	NONE	PDF p. 231; print p. 219; §7.3.3; equation (7.3.36)	Chapter 07	chapter-07	PUBLIC-DOCS-SOURCE-ITEM-REVIEW-V1
IT-TASAKI2020-1207	TASAKI2020	000231.0007	PG-TASAKI2020-0231	equation	equation (7.3.37)	NONE	PDF p. 231; print p. 219; §7.3.3; equation (7.3.37)	Chapter 07	chapter-07	PUBLIC-DOCS-SOURCE-ITEM-REVIEW-V1
IT-TASAKI2020-1208	TASAKI2020	000231.0008	PG-TASAKI2020-0231	equation	equation (7.3.38)	NONE	PDF p. 231; print p. 219; §7.3.3; equation (7.3.38)	Chapter 07	chapter-07	PUBLIC-DOCS-SOURCE-ITEM-REVIEW-V1
IT-TASAKI2020-1209	TASAKI2020	000231.0009	PG-TASAKI2020-0231	equation	equation (7.3.39)	NONE	PDF p. 231; print p. 219; §7.3.3; equation (7.3.39)	Chapter 07	chapter-07	PUBLIC-DOCS-SOURCE-ITEM-REVIEW-V1
IT-TASAKI2020-1210	TASAKI2020	000231.0010	PG-TASAKI2020-0231	problem	Problem 7.3.3.b	NONE	PDF p. 231; print p. 219; §7.3.3; Problem 7.3.3.b	Chapter 07	chapter-07	PUBLIC-DOCS-SOURCE-ITEM-REVIEW-V1
IT-TASAKI2020-1211	TASAKI2020	000232.0001	PG-TASAKI2020-0232	equation	equation (7.3.40)	NONE	PDF p. 232; print p. 220; §7.3.3; equation (7.3.40)	Chapter 07	chapter-07	PUBLIC-DOCS-SOURCE-ITEM-REVIEW-V1
IT-TASAKI2020-1212	TASAKI2020	000232.0002	PG-TASAKI2020-0232	problem	Problem 7.3.3.c	NONE	PDF p. 232; print p. 220; §7.3.3; Problem 7.3.3.c	Chapter 07	chapter-07	PUBLIC-DOCS-SOURCE-ITEM-REVIEW-V1
IT-TASAKI2020-1213	TASAKI2020	000232.0003	PG-TASAKI2020-0232	figure	Fig. 7.6	NONE	PDF p. 232; print p. 220; §7.3.3; Fig. 7.6	Chapter 07	chapter-07	PUBLIC-DOCS-SOURCE-ITEM-REVIEW-V1
IT-TASAKI2020-1214	TASAKI2020	000238.0001	PG-TASAKI2020-0238	equation	equation (8.1.1)	NONE	PDF p. 238; print p. 226; §8.1.1; equation (8.1.1)	Chapter 08	chapter-08	PUBLIC-DOCS-SOURCE-ITEM-REVIEW-V1
IT-TASAKI2020-1215	TASAKI2020	000238.0002	PG-TASAKI2020-0238	unlabeled	NONE	NONE	PDF p. 238; print p. 226; §8.1.1; paragraph 5, atom 1	Chapter 08	chapter-08	PUBLIC-DOCS-SOURCE-ITEM-REVIEW-V1
IT-TASAKI2020-1216	TASAKI2020	000238.0003	PG-TASAKI2020-0238	unlabeled	NONE	NONE	PDF p. 238; print p. 226; §8.1.1; paragraph 5, atom 2	Chapter 08	chapter-08	PUBLIC-DOCS-SOURCE-ITEM-REVIEW-V1
IT-TASAKI2020-1217	TASAKI2020	000238.0004	PG-TASAKI2020-0238	equation	equation (8.1.2)	NONE	PDF p. 238; print p. 226; §8.1.1; equation (8.1.2)	Chapter 08	chapter-08	PUBLIC-DOCS-SOURCE-ITEM-REVIEW-V1
IT-TASAKI2020-1218	TASAKI2020	000238.0005	PG-TASAKI2020-0238	unlabeled	NONE	NONE	PDF p. 238; print p. 226; §8.1.1; paragraph 7	Chapter 08	chapter-08	PUBLIC-DOCS-SOURCE-ITEM-REVIEW-V1
IT-TASAKI2020-1219	TASAKI2020	000238.0006	PG-TASAKI2020-0238	theorem	Theorem 8.1	NONE	PDF p. 238; print p. 226; §8.1.1; Theorem 8.1	Chapter 08	chapter-08	PUBLIC-DOCS-SOURCE-ITEM-REVIEW-V1
IT-TASAKI2020-1220	TASAKI2020	000239.0001	PG-TASAKI2020-0239	unlabeled	NONE	NONE	PDF p. 239; print p. 227; §8.1.1; paragraph 4	Chapter 08	chapter-08	PUBLIC-DOCS-SOURCE-ITEM-REVIEW-V1
IT-TASAKI2020-1221	TASAKI2020	000239.0002	PG-TASAKI2020-0239	figure	Fig. 8.1	NONE	PDF p. 239; print p. 227; §8.1.1; Fig. 8.1	Chapter 08	chapter-08	PUBLIC-DOCS-SOURCE-ITEM-REVIEW-V1
IT-TASAKI2020-1222	TASAKI2020	000240.0001	PG-TASAKI2020-0240	unlabeled	NONE	NONE	PDF p. 240; print p. 228; §8.1.1; Ising-comparison paragraph	Chapter 08	chapter-08	PUBLIC-DOCS-SOURCE-ITEM-REVIEW-V1
IT-TASAKI2020-1223	TASAKI2020	000240.0005	PG-TASAKI2020-0240	equation	equation (8.1.3)	NONE	PDF p. 240; print p. 228; §8.1.1; equation (8.1.3)	Chapter 08	chapter-08	PUBLIC-DOCS-SOURCE-ITEM-REVIEW-V1
IT-TASAKI2020-1224	TASAKI2020	000240.0006	PG-TASAKI2020-0240	unlabeled	NONE	NONE	PDF p. 240; print p. 228; §8.1.1; paragraph after equation (8.1.3)	Chapter 08	chapter-08	PUBLIC-DOCS-SOURCE-ITEM-REVIEW-V1
IT-TASAKI2020-1225	TASAKI2020	000240.0008	PG-TASAKI2020-0240	unlabeled	NONE	NONE	PDF p. 240; print p. 228; §8.1.1; topological-transition paragraph	Chapter 08	chapter-08	PUBLIC-DOCS-SOURCE-ITEM-REVIEW-V1
IT-TASAKI2020-1226	TASAKI2020	000240.0011	PG-TASAKI2020-0240	unlabeled	NONE	NONE	PDF p. 240; print p. 228; §8.1.1; solid-phase comparison paragraph	Chapter 08	chapter-08	PUBLIC-DOCS-SOURCE-ITEM-REVIEW-V1
IT-TASAKI2020-1227	TASAKI2020	000240.0014	PG-TASAKI2020-0240	unlabeled	NONE	NONE	PDF p. 240; print p. 228; §8.1.1; paragraph beginning “In the rest of the present section”	Chapter 08	chapter-08	PUBLIC-DOCS-SOURCE-ITEM-REVIEW-V1
IT-TASAKI2020-1228	TASAKI2020	000240.0015	PG-TASAKI2020-0240	remark	Remark unnumbered line 43	NONE	PDF p. 240; print p. 228; §8.1.1; Remark unnumbered line 43	Chapter 08	chapter-08	PUBLIC-DOCS-SOURCE-ITEM-REVIEW-V1
IT-TASAKI2020-1229	TASAKI2020	000241.0001	PG-TASAKI2020-0241	unlabeled	NONE	NONE	PDF p. 241; print p. 229; §8.1.2; paragraph 4	Chapter 08	chapter-08	PUBLIC-DOCS-SOURCE-ITEM-REVIEW-V1
IT-TASAKI2020-1230	TASAKI2020	000241.0002	PG-TASAKI2020-0241	equation	equation (8.1.4)	NONE	PDF p. 241; print p. 229; §8.1.2; equation (8.1.4)	Chapter 08	chapter-08	PUBLIC-DOCS-SOURCE-ITEM-REVIEW-V1
IT-TASAKI2020-1231	TASAKI2020	000242.0001	PG-TASAKI2020-0242	equation	equation (8.1.5)	NONE	PDF p. 242; print p. 230; §8.1.2; equation (8.1.5)	Chapter 08	chapter-08	PUBLIC-DOCS-SOURCE-ITEM-REVIEW-V1
IT-TASAKI2020-1232	TASAKI2020	000242.0002	PG-TASAKI2020-0242	unlabeled	NONE	NONE	PDF p. 242; print p. 230; §8.1.2; paragraph 2, atom 1	Chapter 08	chapter-08	PUBLIC-DOCS-SOURCE-ITEM-REVIEW-V1
IT-TASAKI2020-1233	TASAKI2020	000242.0003	PG-TASAKI2020-0242	unlabeled	NONE	NONE	PDF p. 242; print p. 230; §8.1.2; paragraph 2, atom 2	Chapter 08	chapter-08	PUBLIC-DOCS-SOURCE-ITEM-REVIEW-V1
IT-TASAKI2020-1234	TASAKI2020	000242.0004	PG-TASAKI2020-0242	unlabeled	NONE	NONE	PDF p. 242; print p. 230; §8.1.2; paragraph 2, atom 3	Chapter 08	chapter-08	PUBLIC-DOCS-SOURCE-ITEM-REVIEW-V1
IT-TASAKI2020-1235	TASAKI2020	000242.0005	PG-TASAKI2020-0242	unlabeled	NONE	NONE	PDF p. 242; print p. 230; §8.1.2; paragraph 2, atom 4	Chapter 08	chapter-08	PUBLIC-DOCS-SOURCE-ITEM-REVIEW-V1
IT-TASAKI2020-1236	TASAKI2020	000242.0006	PG-TASAKI2020-0242	unlabeled	NONE	NONE	PDF p. 242; print p. 230; §8.1.2; paragraph 2, atom 5	Chapter 08	chapter-08	PUBLIC-DOCS-SOURCE-ITEM-REVIEW-V1
IT-TASAKI2020-1237	TASAKI2020	000243.0001	PG-TASAKI2020-0243	equation	equation (8.1.6)	NONE	PDF p. 243; print p. 231; §8.1.2; equation (8.1.6)	Chapter 08	chapter-08	PUBLIC-DOCS-SOURCE-ITEM-REVIEW-V1
IT-TASAKI2020-1238	TASAKI2020	000243.0002	PG-TASAKI2020-0243	figure	Fig. 8.2	NONE	PDF p. 243; print p. 231; §8.1.2; Fig. 8.2	Chapter 08	chapter-08	PUBLIC-DOCS-SOURCE-ITEM-REVIEW-V1
IT-TASAKI2020-1239	TASAKI2020	000244.0001	PG-TASAKI2020-0244	figure	Fig. 8.3	NONE	PDF p. 244; print p. 232; §8.1.2; Fig. 8.3	Chapter 08	chapter-08	PUBLIC-DOCS-SOURCE-ITEM-REVIEW-V1
IT-TASAKI2020-1240	TASAKI2020	000244.0002	PG-TASAKI2020-0244	figure	Fig. 8.3(a)	NONE	PDF p. 244; print p. 232; §8.1.2; Fig. 8.3(a)	Chapter 08	chapter-08	PUBLIC-DOCS-SOURCE-ITEM-REVIEW-V1
IT-TASAKI2020-1241	TASAKI2020	000244.0006	PG-TASAKI2020-0244	figure	Fig. 8.3(b)	NONE	PDF p. 244; print p. 232; §8.1.2; Fig. 8.3(b)	Chapter 08	chapter-08	PUBLIC-DOCS-SOURCE-ITEM-REVIEW-V1
IT-TASAKI2020-1242	TASAKI2020	000244.0010	PG-TASAKI2020-0244	figure	Fig. 8.3(c)	NONE	PDF p. 244; print p. 232; §8.1.2; Fig. 8.3(c)	Chapter 08	chapter-08	PUBLIC-DOCS-SOURCE-ITEM-REVIEW-V1
IT-TASAKI2020-1243	TASAKI2020	000244.0016	PG-TASAKI2020-0244	unlabeled	NONE	NONE	PDF p. 244; print p. 232; §8.1.2; paragraph 4, atom 1	Chapter 08	chapter-08	PUBLIC-DOCS-SOURCE-ITEM-REVIEW-V1
IT-TASAKI2020-1244	TASAKI2020	000244.0017	PG-TASAKI2020-0244	unlabeled	NONE	NONE	PDF p. 244; print p. 232; §8.1.2; paragraph 4, atom 2	Chapter 08	chapter-08	PUBLIC-DOCS-SOURCE-ITEM-REVIEW-V1
IT-TASAKI2020-1245	TASAKI2020	000245.0001	PG-TASAKI2020-0245	unlabeled	NONE	NONE	PDF p. 245; print p. 233; §8.1.2; paragraph 2	Chapter 08	chapter-08	PUBLIC-DOCS-SOURCE-ITEM-REVIEW-V1
IT-TASAKI2020-1246	TASAKI2020	000245.0002	PG-TASAKI2020-0245	unlabeled	NONE	NONE	PDF p. 245; print p. 233; §8.1.2; paragraph 4	Chapter 08	chapter-08	PUBLIC-DOCS-SOURCE-ITEM-REVIEW-V1
IT-TASAKI2020-1247	TASAKI2020	000246.0001	PG-TASAKI2020-0246	unlabeled	NONE	NONE	PDF p. 246; print p. 234; §8.1.2; paragraph 2	Chapter 08	chapter-08	PUBLIC-DOCS-SOURCE-ITEM-REVIEW-V1
IT-TASAKI2020-1248	TASAKI2020	000246.0002	PG-TASAKI2020-0246	equation	equation (8.1.7)	NONE	PDF p. 246; print p. 234; §8.1.3; equation (8.1.7)	Chapter 08	chapter-08	PUBLIC-DOCS-SOURCE-ITEM-REVIEW-V1
IT-TASAKI2020-1249	TASAKI2020	000246.0003	PG-TASAKI2020-0246	unlabeled	NONE	NONE	PDF p. 246; print p. 234; §8.1.3; paragraph 6	Chapter 08	chapter-08	PUBLIC-DOCS-SOURCE-ITEM-REVIEW-V1
IT-TASAKI2020-1250	TASAKI2020	000247.0001	PG-TASAKI2020-0247	figure	Fig. 8.4	NONE	PDF p. 247; print p. 235; §8.1.3; Fig. 8.4	Chapter 08	chapter-08	PUBLIC-DOCS-SOURCE-ITEM-REVIEW-V1
IT-TASAKI2020-1251	TASAKI2020	000247.0002	PG-TASAKI2020-0247	figure	Fig. 8.5	NONE	PDF p. 247; print p. 235; §8.1.3; Fig. 8.5	Chapter 08	chapter-08	PUBLIC-DOCS-SOURCE-ITEM-REVIEW-V1
IT-TASAKI2020-1252	TASAKI2020	000247.0003	PG-TASAKI2020-0247	unlabeled	NONE	NONE	PDF p. 247; print p. 235; §8.1.3; paragraph 6; atom 1	Chapter 08	chapter-08	PUBLIC-DOCS-SOURCE-ITEM-REVIEW-V1
IT-TASAKI2020-1253	TASAKI2020	000247.0004	PG-TASAKI2020-0247	unlabeled	NONE	NONE	PDF p. 247; print p. 235; §8.1.3; paragraph 6; atom 2	Chapter 08	chapter-08	PUBLIC-DOCS-SOURCE-ITEM-REVIEW-V1
IT-TASAKI2020-1254	TASAKI2020	000247.0005	PG-TASAKI2020-0247	unlabeled	NONE	NONE	PDF p. 247; print p. 235; §8.1.3; paragraph 6; audit split atom 2/7	Chapter 08	chapter-08	PUBLIC-DOCS-SOURCE-ITEM-REVIEW-V1
IT-TASAKI2020-1255	TASAKI2020	000247.0006	PG-TASAKI2020-0247	unlabeled	NONE	NONE	PDF p. 247; print p. 235; §8.1.3; paragraph 6; audit split atom 3/7	Chapter 08	chapter-08	PUBLIC-DOCS-SOURCE-ITEM-REVIEW-V1
IT-TASAKI2020-1256	TASAKI2020	000247.0007	PG-TASAKI2020-0247	unlabeled	NONE	NONE	PDF p. 247; print p. 235; §8.1.3; paragraph 6; audit split atom 4/7	Chapter 08	chapter-08	PUBLIC-DOCS-SOURCE-ITEM-REVIEW-V1
IT-TASAKI2020-1257	TASAKI2020	000247.0008	PG-TASAKI2020-0247	unlabeled	NONE	NONE	PDF p. 247; print p. 235; §8.1.3; paragraph 6; audit split atom 5/7	Chapter 08	chapter-08	PUBLIC-DOCS-SOURCE-ITEM-REVIEW-V1
IT-TASAKI2020-1258	TASAKI2020	000247.0009	PG-TASAKI2020-0247	unlabeled	NONE	NONE	PDF p. 247; print p. 235; §8.1.3; paragraph 6; audit split atom 6/7	Chapter 08	chapter-08	PUBLIC-DOCS-SOURCE-ITEM-REVIEW-V1
IT-TASAKI2020-1259	TASAKI2020	000247.0010	PG-TASAKI2020-0247	unlabeled	NONE	NONE	PDF p. 247; print p. 235; §8.1.3; paragraph following the effective-coupling paragraph	Chapter 08	chapter-08	PUBLIC-DOCS-SOURCE-ITEM-REVIEW-V1
IT-TASAKI2020-1260	TASAKI2020	000248.0001	PG-TASAKI2020-0248	unlabeled	NONE	NONE	PDF p. 248; print p. 236; §8.1.3; paragraph 2, atom 1	Chapter 08	chapter-08	PUBLIC-DOCS-SOURCE-ITEM-REVIEW-V1
IT-TASAKI2020-1261	TASAKI2020	000248.0002	PG-TASAKI2020-0248	equation	equation (8.1.8)	NONE	PDF p. 248; print p. 236; §8.1.3; equation (8.1.8)	Chapter 08	chapter-08	PUBLIC-DOCS-SOURCE-ITEM-REVIEW-V1
IT-TASAKI2020-1262	TASAKI2020	000249.0001	PG-TASAKI2020-0249	equation	equation (8.1.9)	NONE	PDF p. 249; print p. 237; §8.1.3; equation (8.1.9)	Chapter 08	chapter-08	PUBLIC-DOCS-SOURCE-ITEM-REVIEW-V1
IT-TASAKI2020-1263	TASAKI2020	000249.0002	PG-TASAKI2020-0249	unlabeled	NONE	NONE	PDF p. 249; print p. 237; §8.1.3; paragraph 5	Chapter 08	chapter-08	PUBLIC-DOCS-SOURCE-ITEM-REVIEW-V1
IT-TASAKI2020-1264	TASAKI2020	000249.0003	PG-TASAKI2020-0249	equation	equation (8.1.10)	NONE	PDF p. 249; print p. 237; §8.1.3; equation (8.1.10)	Chapter 08	chapter-08	PUBLIC-DOCS-SOURCE-ITEM-REVIEW-V1
IT-TASAKI2020-1265	TASAKI2020	000249.0004	PG-TASAKI2020-0249	equation	equation (8.1.11)	NONE	PDF p. 249; print p. 237; §8.1.3; equation (8.1.11)	Chapter 08	chapter-08	PUBLIC-DOCS-SOURCE-ITEM-REVIEW-V1
IT-TASAKI2020-1266	TASAKI2020	000249.0005	PG-TASAKI2020-0249	theorem	Theorem 8.2	NONE	PDF p. 249; print p. 237; §8.1.3; Theorem 8.2	Chapter 08	chapter-08	PUBLIC-DOCS-SOURCE-ITEM-REVIEW-V1
IT-TASAKI2020-1267	TASAKI2020	000250.0001	PG-TASAKI2020-0250	unlabeled	NONE	NONE	PDF p. 250; print p. 238; §8.1.3; paragraph 2, atom 1	Chapter 08	chapter-08	PUBLIC-DOCS-SOURCE-ITEM-REVIEW-V1
IT-TASAKI2020-1268	TASAKI2020	000250.0002	PG-TASAKI2020-0250	unlabeled	NONE	NONE	PDF p. 250; print p. 238; §8.1.3; paragraph 2, atom 2	Chapter 08	chapter-08	PUBLIC-DOCS-SOURCE-ITEM-REVIEW-V1
IT-TASAKI2020-1269	TASAKI2020	000250.0003	PG-TASAKI2020-0250	unlabeled	NONE	NONE	PDF p. 250; print p. 238; §8.1.3; paragraph 2, atom 3	Chapter 08	chapter-08	PUBLIC-DOCS-SOURCE-ITEM-REVIEW-V1
IT-TASAKI2020-1270	TASAKI2020	000250.0004	PG-TASAKI2020-0250	unlabeled	NONE	NONE	PDF p. 250; print p. 238; §8.1.3; paragraph 2, atom 4	Chapter 08	chapter-08	PUBLIC-DOCS-SOURCE-ITEM-REVIEW-V1
IT-TASAKI2020-1271	TASAKI2020	000250.0005	PG-TASAKI2020-0250	equation	equation (8.1.12)	NONE	PDF p. 250; print p. 238; §8.1.3; equation (8.1.12)	Chapter 08	chapter-08	PUBLIC-DOCS-SOURCE-ITEM-REVIEW-V1
IT-TASAKI2020-1272	TASAKI2020	000250.0006	PG-TASAKI2020-0250	unlabeled	NONE	NONE	PDF p. 250; print p. 238; §8.1.3; paragraph 2, atom 5	Chapter 08	chapter-08	PUBLIC-DOCS-SOURCE-ITEM-REVIEW-V1
IT-TASAKI2020-1273	TASAKI2020	000250.0007	PG-TASAKI2020-0250	unlabeled	NONE	NONE	PDF p. 250; print p. 238; §8.2; paragraph 5; atom 1	Chapter 08	chapter-08	PUBLIC-DOCS-SOURCE-ITEM-REVIEW-V1
IT-TASAKI2020-1274	TASAKI2020	000250.0008	PG-TASAKI2020-0250	unlabeled	NONE	NONE	PDF p. 250; print p. 238; §8.2; paragraph 5; atom 2	Chapter 08	chapter-08	PUBLIC-DOCS-SOURCE-ITEM-REVIEW-V1
IT-TASAKI2020-1275	TASAKI2020	000250.0009	PG-TASAKI2020-0250	unlabeled	NONE	NONE	PDF p. 250; print p. 238; §8.2; paragraph 5; atom 3	Chapter 08	chapter-08	PUBLIC-DOCS-SOURCE-ITEM-REVIEW-V1
IT-TASAKI2020-1276	TASAKI2020	000250.0010	PG-TASAKI2020-0250	note	Note unnumbered line 21	NONE	PDF p. 250; print p. 238; §8.1.3; Note unnumbered line 21	Chapter 08	chapter-08	PUBLIC-DOCS-SOURCE-ITEM-REVIEW-V1
IT-TASAKI2020-1277	TASAKI2020	000251.0001	PG-TASAKI2020-0251	unlabeled	NONE	NONE	PDF p. 251; print p. 239; §8.2; paragraph 2	Chapter 08	chapter-08	PUBLIC-DOCS-SOURCE-ITEM-REVIEW-V1
IT-TASAKI2020-1278	TASAKI2020	000251.0002	PG-TASAKI2020-0251	equation	equation (8.2.1)	NONE	PDF p. 251; print p. 239; §8.2.1; equation (8.2.1)	Chapter 08	chapter-08	PUBLIC-DOCS-SOURCE-ITEM-REVIEW-V1
IT-TASAKI2020-1279	TASAKI2020	000251.0003	PG-TASAKI2020-0251	equation	equation (8.2.2)	NONE	PDF p. 251; print p. 239; §8.2.1; equation (8.2.2)	Chapter 08	chapter-08	PUBLIC-DOCS-SOURCE-ITEM-REVIEW-V1
IT-TASAKI2020-1280	TASAKI2020	000252.0001	PG-TASAKI2020-0252	unlabeled	NONE	NONE	PDF p. 252; print p. 240; §8.2.1; paragraph 4; atom 1	Chapter 08	chapter-08	PUBLIC-DOCS-SOURCE-ITEM-REVIEW-V1
IT-TASAKI2020-1281	TASAKI2020	000252.0002	PG-TASAKI2020-0252	unlabeled	NONE	NONE	PDF p. 252; print p. 240; §8.2.1; paragraph 4; atom 2	Chapter 08	chapter-08	PUBLIC-DOCS-SOURCE-ITEM-REVIEW-V1
IT-TASAKI2020-1282	TASAKI2020	000252.0003	PG-TASAKI2020-0252	unlabeled	NONE	NONE	PDF p. 252; print p. 240; §8.2.1; paragraph 4; atom 3	Chapter 08	chapter-08	PUBLIC-DOCS-SOURCE-ITEM-REVIEW-V1
IT-TASAKI2020-1283	TASAKI2020	000252.0004	PG-TASAKI2020-0252	unlabeled	NONE	NONE	PDF p. 252; print p. 240; §8.2.1; paragraph 4; atom 4	Chapter 08	chapter-08	PUBLIC-DOCS-SOURCE-ITEM-REVIEW-V1
IT-TASAKI2020-1284	TASAKI2020	000252.0005	PG-TASAKI2020-0252	unlabeled	NONE	NONE	PDF p. 252; print p. 240; §8.2.1; paragraph 4; atom 5	Chapter 08	chapter-08	PUBLIC-DOCS-SOURCE-ITEM-REVIEW-V1
IT-TASAKI2020-1285	TASAKI2020	000252.0006	PG-TASAKI2020-0252	unlabeled	NONE	NONE	PDF p. 252; print p. 240; §8.2.1; paragraph 4; atom 6	Chapter 08	chapter-08	PUBLIC-DOCS-SOURCE-ITEM-REVIEW-V1
IT-TASAKI2020-1286	TASAKI2020	000252.0007	PG-TASAKI2020-0252	equation	equation (8.2.3)	NONE	PDF p. 252; print p. 240; §8.2.1; equation (8.2.3)	Chapter 08	chapter-08	PUBLIC-DOCS-SOURCE-ITEM-REVIEW-V1
IT-TASAKI2020-1287	TASAKI2020	000252.0008	PG-TASAKI2020-0252	theorem	Theorem 8.3	NONE	PDF p. 252; print p. 240; §8.2.1; Theorem 8.3	Chapter 08	chapter-08	PUBLIC-DOCS-SOURCE-ITEM-REVIEW-V1
IT-TASAKI2020-1288	TASAKI2020	000252.0009	PG-TASAKI2020-0252	equation	equation (8.2.4)	NONE	PDF p. 252; print p. 240; §8.2.1; equation (8.2.4)	Chapter 08	chapter-08	PUBLIC-DOCS-SOURCE-ITEM-REVIEW-V1
IT-TASAKI2020-1289	TASAKI2020	000253.0001	PG-TASAKI2020-0253	equation	equation (8.2.5)	NONE	PDF p. 253; print p. 241; §8.2.2; equation (8.2.5)	Chapter 08	chapter-08	PUBLIC-DOCS-SOURCE-ITEM-REVIEW-V1
IT-TASAKI2020-1290	TASAKI2020	000253.0002	PG-TASAKI2020-0253	unlabeled	NONE	NONE	PDF p. 253; print p. 241; §8.2.2; paragraph 6, atom 1	Chapter 08	chapter-08	PUBLIC-DOCS-SOURCE-ITEM-REVIEW-V1
IT-TASAKI2020-1291	TASAKI2020	000254.0001	PG-TASAKI2020-0254	equation	equation (8.2.6)	NONE	PDF p. 254; print p. 242; §8.2.2; equation (8.2.6)	Chapter 08	chapter-08	PUBLIC-DOCS-SOURCE-ITEM-REVIEW-V1
IT-TASAKI2020-1292	TASAKI2020	000254.0002	PG-TASAKI2020-0254	equation	equation (8.2.7)	NONE	PDF p. 254; print p. 242; §8.2.2; equation (8.2.7)	Chapter 08	chapter-08	PUBLIC-DOCS-SOURCE-ITEM-REVIEW-V1
IT-TASAKI2020-1293	TASAKI2020	000254.0003	PG-TASAKI2020-0254	unlabeled	NONE	NONE	PDF p. 254; print p. 242; §8.2.2; paragraph 4	Chapter 08	chapter-08	PUBLIC-DOCS-SOURCE-ITEM-REVIEW-V1
IT-TASAKI2020-1294	TASAKI2020	000254.0004	PG-TASAKI2020-0254	equation	equation (8.2.8)	NONE	PDF p. 254; print p. 242; §8.2.2; equation (8.2.8)	Chapter 08	chapter-08	PUBLIC-DOCS-SOURCE-ITEM-REVIEW-V1
IT-TASAKI2020-1295	TASAKI2020	000254.0005	PG-TASAKI2020-0254	equation	equation (8.2.9)	NONE	PDF p. 254; print p. 242; §8.2.2; equation (8.2.9)	Chapter 08	chapter-08	PUBLIC-DOCS-SOURCE-ITEM-REVIEW-V1
IT-TASAKI2020-1296	TASAKI2020	000254.0006	PG-TASAKI2020-0254	unlabeled	NONE	NONE	PDF p. 254; print p. 242; §8.2.2; paragraph 7	Chapter 08	chapter-08	PUBLIC-DOCS-SOURCE-ITEM-REVIEW-V1
IT-TASAKI2020-1297	TASAKI2020	000254.0007	PG-TASAKI2020-0254	equation	equation (8.2.10)	NONE	PDF p. 254; print p. 242; §8.2.2; equation (8.2.10)	Chapter 08	chapter-08	PUBLIC-DOCS-SOURCE-ITEM-REVIEW-V1
IT-TASAKI2020-1298	TASAKI2020	000254.0008	PG-TASAKI2020-0254	equation	equation (8.2.11)	NONE	PDF p. 254; print p. 242; §8.2.2; equation (8.2.11)	Chapter 08	chapter-08	PUBLIC-DOCS-SOURCE-ITEM-REVIEW-V1
IT-TASAKI2020-1299	TASAKI2020	000254.0009	PG-TASAKI2020-0254	note	Note unnumbered line 70	NONE	PDF p. 254; print p. 242; §8.2.2; Note unnumbered line 70	Chapter 08	chapter-08	PUBLIC-DOCS-SOURCE-ITEM-REVIEW-V1
IT-TASAKI2020-1300	TASAKI2020	000255.0001	PG-TASAKI2020-0255	equation	equation (8.2.12)	NONE	PDF p. 255; print p. 243; §8.2.2; equation (8.2.12)	Chapter 08	chapter-08	PUBLIC-DOCS-SOURCE-ITEM-REVIEW-V1
IT-TASAKI2020-1301	TASAKI2020	000255.0002	PG-TASAKI2020-0255	equation	equation (8.2.13)	NONE	PDF p. 255; print p. 243; §8.2.2; equation (8.2.13)	Chapter 08	chapter-08	PUBLIC-DOCS-SOURCE-ITEM-REVIEW-V1
IT-TASAKI2020-1302	TASAKI2020	000255.0003	PG-TASAKI2020-0255	equation	equation (8.2.14)	NONE	PDF p. 255; print p. 243; §8.2.2; equation (8.2.14)	Chapter 08	chapter-08	PUBLIC-DOCS-SOURCE-ITEM-REVIEW-V1
IT-TASAKI2020-1303	TASAKI2020	000255.0004	PG-TASAKI2020-0255	equation	equation (8.2.15)	NONE	PDF p. 255; print p. 243; §8.2.2; equation (8.2.15)	Chapter 08	chapter-08	PUBLIC-DOCS-SOURCE-ITEM-REVIEW-V1
IT-TASAKI2020-1304	TASAKI2020	000255.0005	PG-TASAKI2020-0255	unlabeled	NONE	NONE	PDF p. 255; print p. 243; §8.2.2; paragraph 7	Chapter 08	chapter-08	PUBLIC-DOCS-SOURCE-ITEM-REVIEW-V1
IT-TASAKI2020-1305	TASAKI2020	000255.0006	PG-TASAKI2020-0255	equation	equation (8.2.16)	NONE	PDF p. 255; print p. 243; §8.2.2; equation (8.2.16)	Chapter 08	chapter-08	PUBLIC-DOCS-SOURCE-ITEM-REVIEW-V1
IT-TASAKI2020-1306	TASAKI2020	000255.0007	PG-TASAKI2020-0255	equation	equation (8.2.17)	NONE	PDF p. 255; print p. 243; §8.2.2; equation (8.2.17)	Chapter 08	chapter-08	PUBLIC-DOCS-SOURCE-ITEM-REVIEW-V1
IT-TASAKI2020-1307	TASAKI2020	000256.0001	PG-TASAKI2020-0256	unlabeled	NONE	NONE	PDF p. 256; print p. 244; §8.2.2; paragraph 2	Chapter 08	chapter-08	PUBLIC-DOCS-SOURCE-ITEM-REVIEW-V1
IT-TASAKI2020-1308	TASAKI2020	000256.0002	PG-TASAKI2020-0256	equation	equation (8.2.18)	NONE	PDF p. 256; print p. 244; §8.2.2; equation (8.2.18)	Chapter 08	chapter-08	PUBLIC-DOCS-SOURCE-ITEM-REVIEW-V1
IT-TASAKI2020-1309	TASAKI2020	000256.0003	PG-TASAKI2020-0256	equation	equation (8.2.19)	NONE	PDF p. 256; print p. 244; §8.2.2; equation (8.2.19)	Chapter 08	chapter-08	PUBLIC-DOCS-SOURCE-ITEM-REVIEW-V1
IT-TASAKI2020-1310	TASAKI2020	000256.0004	PG-TASAKI2020-0256	equation	equation (8.2.20)	NONE	PDF p. 256; print p. 244; §8.2.2; equation (8.2.20)	Chapter 08	chapter-08	PUBLIC-DOCS-SOURCE-ITEM-REVIEW-V1
IT-TASAKI2020-1311	TASAKI2020	000257.0001	PG-TASAKI2020-0257	unlabeled	NONE	NONE	PDF p. 257; print p. 245; §8.2.3; paragraph 2, atom 1	Chapter 08	chapter-08	PUBLIC-DOCS-SOURCE-ITEM-REVIEW-V1
IT-TASAKI2020-1312	TASAKI2020	000257.0002	PG-TASAKI2020-0257	unlabeled	NONE	NONE	PDF p. 257; print p. 245; §8.2.3; paragraph 2, atom 2	Chapter 08	chapter-08	PUBLIC-DOCS-SOURCE-ITEM-REVIEW-V1
IT-TASAKI2020-1313	TASAKI2020	000257.0003	PG-TASAKI2020-0257	unlabeled	NONE	NONE	PDF p. 257; print p. 245; §8.2.3; paragraph 2, atom 3	Chapter 08	chapter-08	PUBLIC-DOCS-SOURCE-ITEM-REVIEW-V1
IT-TASAKI2020-1314	TASAKI2020	000257.0004	PG-TASAKI2020-0257	equation	equation (8.2.21)	NONE	PDF p. 257; print p. 245; §8.2.3; equation (8.2.21)	Chapter 08	chapter-08	PUBLIC-DOCS-SOURCE-ITEM-REVIEW-V1
IT-TASAKI2020-1315	TASAKI2020	000257.0005	PG-TASAKI2020-0257	equation	equation (8.2.22)	NONE	PDF p. 257; print p. 245; §8.2.3; equation (8.2.22)	Chapter 08	chapter-08	PUBLIC-DOCS-SOURCE-ITEM-REVIEW-V1
IT-TASAKI2020-1316	TASAKI2020	000257.0006	PG-TASAKI2020-0257	equation	equation (8.2.23)	NONE	PDF p. 257; print p. 245; §8.2.3; equation (8.2.23)	Chapter 08	chapter-08	PUBLIC-DOCS-SOURCE-ITEM-REVIEW-V1
IT-TASAKI2020-1317	TASAKI2020	000257.0007	PG-TASAKI2020-0257	equation	equation (8.2.24)	NONE	PDF p. 257; print p. 245; §8.2.3; equation (8.2.24)	Chapter 08	chapter-08	PUBLIC-DOCS-SOURCE-ITEM-REVIEW-V1
IT-TASAKI2020-1318	TASAKI2020	000258.0001	PG-TASAKI2020-0258	unlabeled	NONE	NONE	PDF p. 258; print p. 246; §8.2.3; paragraph 2, atom 1	Chapter 08	chapter-08	PUBLIC-DOCS-SOURCE-ITEM-REVIEW-V1
IT-TASAKI2020-1319	TASAKI2020	000258.0002	PG-TASAKI2020-0258	unlabeled	NONE	NONE	PDF p. 258; print p. 246; §8.2.3; paragraph 2, atom 2	Chapter 08	chapter-08	PUBLIC-DOCS-SOURCE-ITEM-REVIEW-V1
IT-TASAKI2020-1320	TASAKI2020	000258.0003	PG-TASAKI2020-0258	unlabeled	NONE	NONE	PDF p. 258; print p. 246; §8.2.3; paragraph 2, atom 3	Chapter 08	chapter-08	PUBLIC-DOCS-SOURCE-ITEM-REVIEW-V1
IT-TASAKI2020-1321	TASAKI2020	000259.0001	PG-TASAKI2020-0259	unlabeled	NONE	NONE	PDF p. 259; print p. 247; §8.2.3; paragraph 2	Chapter 08	chapter-08	PUBLIC-DOCS-SOURCE-ITEM-REVIEW-V1
IT-TASAKI2020-1322	TASAKI2020	000259.0002	PG-TASAKI2020-0259	equation	equation (8.2.25)	NONE	PDF p. 259; print p. 247; §8.2.3; equation (8.2.25)	Chapter 08	chapter-08	PUBLIC-DOCS-SOURCE-ITEM-REVIEW-V1
IT-TASAKI2020-1323	TASAKI2020	000259.0003	PG-TASAKI2020-0259	equation	equation (8.2.26)	NONE	PDF p. 259; print p. 247; §8.2.3; equation (8.2.26)	Chapter 08	chapter-08	PUBLIC-DOCS-SOURCE-ITEM-REVIEW-V1
IT-TASAKI2020-1324	TASAKI2020	000259.0004	PG-TASAKI2020-0259	unlabeled	NONE	NONE	PDF p. 259; print p. 247; §8.2.3; paragraph 7	Chapter 08	chapter-08	PUBLIC-DOCS-SOURCE-ITEM-REVIEW-V1
IT-TASAKI2020-1325	TASAKI2020	000260.0001	PG-TASAKI2020-0260	unlabeled	NONE	NONE	PDF p. 260; print p. 248; §8.2.3; paragraph 2	Chapter 08	chapter-08	PUBLIC-DOCS-SOURCE-ITEM-REVIEW-V1
IT-TASAKI2020-1326	TASAKI2020	000260.0002	PG-TASAKI2020-0260	unlabeled	NONE	NONE	PDF p. 260; print p. 248; §8.2.3; paragraph 3	Chapter 08	chapter-08	PUBLIC-DOCS-SOURCE-ITEM-REVIEW-V1
IT-TASAKI2020-1327	TASAKI2020	000260.0003	PG-TASAKI2020-0260	equation	equation (8.2.27)	NONE	PDF p. 260; print p. 248; §8.2.3; equation (8.2.27)	Chapter 08	chapter-08	PUBLIC-DOCS-SOURCE-ITEM-REVIEW-V1
IT-TASAKI2020-1328	TASAKI2020	000260.0004	PG-TASAKI2020-0260	equation	equation (8.2.28)	NONE	PDF p. 260; print p. 248; §8.2.3; equation (8.2.28)	Chapter 08	chapter-08	PUBLIC-DOCS-SOURCE-ITEM-REVIEW-V1
IT-TASAKI2020-1329	TASAKI2020	000260.0005	PG-TASAKI2020-0260	unlabeled	NONE	NONE	PDF p. 260; print p. 248; §8.2.3; paragraph 6	Chapter 08	chapter-08	PUBLIC-DOCS-SOURCE-ITEM-REVIEW-V1
IT-TASAKI2020-1330	TASAKI2020	000261.0001	PG-TASAKI2020-0261	figure	Fig. 8.7	NONE	PDF p. 261; print p. 249; §8.2.3; Fig. 8.7	Chapter 08	chapter-08	PUBLIC-DOCS-SOURCE-ITEM-REVIEW-V1
IT-TASAKI2020-1331	TASAKI2020	000262.0001	PG-TASAKI2020-0262	unlabeled	NONE	NONE	PDF p. 262; print p. 250; §8.2.3; paragraph 4	Chapter 08	chapter-08	PUBLIC-DOCS-SOURCE-ITEM-REVIEW-V1
IT-TASAKI2020-1332	TASAKI2020	000262.0002	PG-TASAKI2020-0262	proposition	Proposition 8.4	NONE	PDF p. 262; print p. 250; §8.2.3; Proposition 8.4	Chapter 08	chapter-08	PUBLIC-DOCS-SOURCE-ITEM-REVIEW-V1
IT-TASAKI2020-1333	TASAKI2020	000262.0003	PG-TASAKI2020-0262	figure	Fig. 8.8	NONE	PDF p. 262; print p. 250; §8.2.3; Fig. 8.8	Chapter 08	chapter-08	PUBLIC-DOCS-SOURCE-ITEM-REVIEW-V1
IT-TASAKI2020-1334	TASAKI2020	000262.0004	PG-TASAKI2020-0262	unlabeled	NONE	NONE	PDF p. 262; print p. 250; §8.2.3; mathematical observation before Proposition 8.4	Chapter 08	chapter-08	PUBLIC-DOCS-SOURCE-ITEM-REVIEW-V1
IT-TASAKI2020-1335	TASAKI2020	000263.0001	PG-TASAKI2020-0263	unlabeled	NONE	NONE	PDF p. 263; print p. 251; §8.2.3; assertion prose line 7	Chapter 08	chapter-08	PUBLIC-DOCS-SOURCE-ITEM-REVIEW-V1
IT-TASAKI2020-1336	TASAKI2020	000264.0001	PG-TASAKI2020-0264	equation	equation (8.3.1)	NONE	PDF p. 264; print p. 252; §8.3.1; equation (8.3.1)	Chapter 08	chapter-08	PUBLIC-DOCS-SOURCE-ITEM-REVIEW-V1
IT-TASAKI2020-1337	TASAKI2020	000264.0002	PG-TASAKI2020-0264	equation	equation (8.3.2)	NONE	PDF p. 264; print p. 252; §8.3.1; equation (8.3.2)	Chapter 08	chapter-08	PUBLIC-DOCS-SOURCE-ITEM-REVIEW-V1
IT-TASAKI2020-1338	TASAKI2020	000264.0003	PG-TASAKI2020-0264	unlabeled	NONE	NONE	PDF p. 264; print p. 252; §8.3.1; paragraph 3	Chapter 08	chapter-08	PUBLIC-DOCS-SOURCE-ITEM-REVIEW-V1
IT-TASAKI2020-1339	TASAKI2020	000264.0004	PG-TASAKI2020-0264	equation	equation (8.3.3)	NONE	PDF p. 264; print p. 252; §8.3.1; equation (8.3.3)	Chapter 08	chapter-08	PUBLIC-DOCS-SOURCE-ITEM-REVIEW-V1
IT-TASAKI2020-1340	TASAKI2020	000264.0005	PG-TASAKI2020-0264	unlabeled	NONE	NONE	PDF p. 264; print p. 252; §8.3.1; paragraph after (8.3.2), atom 1	Chapter 08	chapter-08	PUBLIC-DOCS-SOURCE-ITEM-REVIEW-V1
IT-TASAKI2020-1341	TASAKI2020	000264.0006	PG-TASAKI2020-0264	unlabeled	NONE	NONE	PDF p. 264; print p. 252; §8.3.1; paragraph after (8.3.3), atom 2	Chapter 08	chapter-08	PUBLIC-DOCS-SOURCE-ITEM-REVIEW-V1
IT-TASAKI2020-1342	TASAKI2020	000265.0001	PG-TASAKI2020-0265	equation	equation (8.3.4)	NONE	PDF p. 265; print p. 253; §8.3.1; equation (8.3.4)	Chapter 08	chapter-08	PUBLIC-DOCS-SOURCE-ITEM-REVIEW-V1
IT-TASAKI2020-1343	TASAKI2020	000265.0002	PG-TASAKI2020-0265	unlabeled	NONE	NONE	PDF p. 265; print p. 253; §8.3.1; paragraph 8, atom 1	Chapter 08	chapter-08	PUBLIC-DOCS-SOURCE-ITEM-REVIEW-V1
IT-TASAKI2020-1344	TASAKI2020	000265.0003	PG-TASAKI2020-0265	unlabeled	NONE	NONE	PDF p. 265; print p. 253; §8.3.1; paragraph 8, atom 2	Chapter 08	chapter-08	PUBLIC-DOCS-SOURCE-ITEM-REVIEW-V1
IT-TASAKI2020-1345	TASAKI2020	000265.0004	PG-TASAKI2020-0265	figure	Fig. 8.9	NONE	PDF p. 265; print p. 253; §8.3.1; Fig. 8.9	Chapter 08	chapter-08	PUBLIC-DOCS-SOURCE-ITEM-REVIEW-V1
IT-TASAKI2020-1346	TASAKI2020	000266.0001	PG-TASAKI2020-0266	unlabeled	NONE	NONE	PDF p. 266; print p. 254; §8.3.2; paragraph 4, atom 1	Chapter 08	chapter-08	PUBLIC-DOCS-SOURCE-ITEM-REVIEW-V1
IT-TASAKI2020-1347	TASAKI2020	000266.0002	PG-TASAKI2020-0266	unlabeled	NONE	NONE	PDF p. 266; print p. 254; §8.3.2; paragraph 4, atom 2	Chapter 08	chapter-08	PUBLIC-DOCS-SOURCE-ITEM-REVIEW-V1
IT-TASAKI2020-1348	TASAKI2020	000267.0001	PG-TASAKI2020-0267	unlabeled	NONE	NONE	PDF p. 267; print p. 255; §8.3.2; paragraph 3	Chapter 08	chapter-08	PUBLIC-DOCS-SOURCE-ITEM-REVIEW-V1
IT-TASAKI2020-1349	TASAKI2020	000267.0002	PG-TASAKI2020-0267	unlabeled	NONE	NONE	PDF p. 267; print p. 255; §8.3.2; paragraph 4	Chapter 08	chapter-08	PUBLIC-DOCS-SOURCE-ITEM-REVIEW-V1
IT-TASAKI2020-1350	TASAKI2020	000268.0001	PG-TASAKI2020-0268	unlabeled	NONE	NONE	PDF p. 268; print p. 256; §8.3.2; paragraph 2, atom 1	Chapter 08	chapter-08	PUBLIC-DOCS-SOURCE-ITEM-REVIEW-V1
IT-TASAKI2020-1351	TASAKI2020	000268.0002	PG-TASAKI2020-0268	unlabeled	NONE	NONE	PDF p. 268; print p. 256; §8.3.2; paragraph 2, atom 2	Chapter 08	chapter-08	PUBLIC-DOCS-SOURCE-ITEM-REVIEW-V1
IT-TASAKI2020-1352	TASAKI2020	000269.0001	PG-TASAKI2020-0269	equation	equation (8.3.5)	NONE	PDF p. 269; print p. 257; §8.3.2; equation (8.3.5)	Chapter 08	chapter-08	PUBLIC-DOCS-SOURCE-ITEM-REVIEW-V1
IT-TASAKI2020-1353	TASAKI2020	000269.0002	PG-TASAKI2020-0269	unlabeled	NONE	NONE	PDF p. 269; print p. 257; §8.3.2; paragraph 3, atom 1; atom 1	Chapter 08	chapter-08	PUBLIC-DOCS-SOURCE-ITEM-REVIEW-V1
IT-TASAKI2020-1354	TASAKI2020	000269.0003	PG-TASAKI2020-0269	unlabeled	NONE	NONE	PDF p. 269; print p. 257; §8.3.2; paragraph 3, atom 1; atom 2	Chapter 08	chapter-08	PUBLIC-DOCS-SOURCE-ITEM-REVIEW-V1
IT-TASAKI2020-1355	TASAKI2020	000269.0004	PG-TASAKI2020-0269	unlabeled	NONE	NONE	PDF p. 269; print p. 257; §8.3.2; paragraph 3, atom 2	Chapter 08	chapter-08	PUBLIC-DOCS-SOURCE-ITEM-REVIEW-V1
IT-TASAKI2020-1356	TASAKI2020	000269.0005	PG-TASAKI2020-0269	unlabeled	NONE	NONE	PDF p. 269; print p. 257; §8.3.2; paragraph 3, atom 3	Chapter 08	chapter-08	PUBLIC-DOCS-SOURCE-ITEM-REVIEW-V1
IT-TASAKI2020-1357	TASAKI2020	000269.0006	PG-TASAKI2020-0269	unlabeled	NONE	NONE	PDF p. 269; print p. 257; §8.3.2; paragraph 3, atom 4	Chapter 08	chapter-08	PUBLIC-DOCS-SOURCE-ITEM-REVIEW-V1
IT-TASAKI2020-1358	TASAKI2020	000270.0001	PG-TASAKI2020-0270	unlabeled	NONE	NONE	PDF p. 270; print p. 258; §8.3.2; paragraph 2	Chapter 08	chapter-08	PUBLIC-DOCS-SOURCE-ITEM-REVIEW-V1
IT-TASAKI2020-1359	TASAKI2020	000271.0001	PG-TASAKI2020-0271	unlabeled	NONE	NONE	PDF p. 271; print p. 259; §8.3.2; paragraph 4	Chapter 08	chapter-08	PUBLIC-DOCS-SOURCE-ITEM-REVIEW-V1
IT-TASAKI2020-1360	TASAKI2020	000271.0002	PG-TASAKI2020-0271	unlabeled	NONE	NONE	PDF p. 271; print p. 259; §8.3.2; paragraph 5	Chapter 08	chapter-08	PUBLIC-DOCS-SOURCE-ITEM-REVIEW-V1
IT-TASAKI2020-1361	TASAKI2020	000271.0003	PG-TASAKI2020-0271	unlabeled	NONE	NONE	PDF p. 271; print p. 259; §8.3.2; paragraph 6; audit split atom 1/3	Chapter 08	chapter-08	PUBLIC-DOCS-SOURCE-ITEM-REVIEW-V1
IT-TASAKI2020-1362	TASAKI2020	000271.0004	PG-TASAKI2020-0271	unlabeled	NONE	NONE	PDF p. 271; print p. 259; §8.3.2; paragraph following the (S3) parity paragraph	Chapter 08	chapter-08	PUBLIC-DOCS-SOURCE-ITEM-REVIEW-V1
IT-TASAKI2020-1363	TASAKI2020	000272.0001	PG-TASAKI2020-0272	unlabeled	NONE	NONE	PDF p. 272; print p. 260; §8.3.2; paragraph 4	Chapter 08	chapter-08	PUBLIC-DOCS-SOURCE-ITEM-REVIEW-V1
IT-TASAKI2020-1364	TASAKI2020	000273.0001	PG-TASAKI2020-0273	equation	equation (8.3.6)	NONE	PDF p. 273; print p. 261; §8.3.3; equation (8.3.6)	Chapter 08	chapter-08	PUBLIC-DOCS-SOURCE-ITEM-REVIEW-V1
IT-TASAKI2020-1365	TASAKI2020	000273.0002	PG-TASAKI2020-0273	unlabeled	NONE	NONE	PDF p. 273; print p. 261; §8.3.3; paragraph 4, atom 1	Chapter 08	chapter-08	PUBLIC-DOCS-SOURCE-ITEM-REVIEW-V1
IT-TASAKI2020-1366	TASAKI2020	000273.0003	PG-TASAKI2020-0273	figure	Fig. 8.13	NONE	PDF p. 273; print p. 261; §8.3.3; Fig. 8.13	Chapter 08	chapter-08	PUBLIC-DOCS-SOURCE-ITEM-REVIEW-V1
IT-TASAKI2020-1367	TASAKI2020	000274.0001	PG-TASAKI2020-0274	equation	equation (8.3.7)	NONE	PDF p. 274; print p. 262; §8.3.3; equation (8.3.7)	Chapter 08	chapter-08	PUBLIC-DOCS-SOURCE-ITEM-REVIEW-V1
IT-TASAKI2020-1368	TASAKI2020	000274.0002	PG-TASAKI2020-0274	equation	equation (8.3.8)	NONE	PDF p. 274; print p. 262; §8.3.3; equation (8.3.8)	Chapter 08	chapter-08	PUBLIC-DOCS-SOURCE-ITEM-REVIEW-V1
IT-TASAKI2020-1369	TASAKI2020	000274.0003	PG-TASAKI2020-0274	unlabeled	NONE	NONE	PDF p. 274; print p. 262; §8.3.3; paragraph 4	Chapter 08	chapter-08	PUBLIC-DOCS-SOURCE-ITEM-REVIEW-V1
IT-TASAKI2020-1370	TASAKI2020	000274.0004	PG-TASAKI2020-0274	equation	equation (8.3.9)	NONE	PDF p. 274; print p. 262; §8.3.3; equation (8.3.9)	Chapter 08	chapter-08	PUBLIC-DOCS-SOURCE-ITEM-REVIEW-V1
IT-TASAKI2020-1371	TASAKI2020	000274.0005	PG-TASAKI2020-0274	unlabeled	NONE	NONE	PDF p. 274; print p. 262; §8.3.3; paragraph 5, atom 1	Chapter 08	chapter-08	PUBLIC-DOCS-SOURCE-ITEM-REVIEW-V1
IT-TASAKI2020-1372	TASAKI2020	000274.0006	PG-TASAKI2020-0274	unlabeled	NONE	NONE	PDF p. 274; print p. 262; §8.3.3; paragraph 5, atom 2	Chapter 08	chapter-08	PUBLIC-DOCS-SOURCE-ITEM-REVIEW-V1
IT-TASAKI2020-1373	TASAKI2020	000274.0007	PG-TASAKI2020-0274	equation	equation (8.3.10)	NONE	PDF p. 274; print p. 262; §8.3.3; equation (8.3.10)	Chapter 08	chapter-08	PUBLIC-DOCS-SOURCE-ITEM-REVIEW-V1
IT-TASAKI2020-1374	TASAKI2020	000274.0008	PG-TASAKI2020-0274	unlabeled	NONE	NONE	PDF p. 274; print p. 262; §8.3.3; paragraph 6, atom 1	Chapter 08	chapter-08	PUBLIC-DOCS-SOURCE-ITEM-REVIEW-V1
IT-TASAKI2020-1375	TASAKI2020	000274.0009	PG-TASAKI2020-0274	unlabeled	NONE	NONE	PDF p. 274; print p. 262; §8.3.3; paragraph 6, atom 2	Chapter 08	chapter-08	PUBLIC-DOCS-SOURCE-ITEM-REVIEW-V1
IT-TASAKI2020-1376	TASAKI2020	000274.0010	PG-TASAKI2020-0274	unlabeled	NONE	NONE	PDF p. 274; print p. 262; §8.3.3; paragraph 6, atom 3	Chapter 08	chapter-08	PUBLIC-DOCS-SOURCE-ITEM-REVIEW-V1
IT-TASAKI2020-1377	TASAKI2020	000274.0011	PG-TASAKI2020-0274	unlabeled	NONE	NONE	PDF p. 274; print p. 262; §8.3.3; paragraph 6, atom 4	Chapter 08	chapter-08	PUBLIC-DOCS-SOURCE-ITEM-REVIEW-V1
IT-TASAKI2020-1378	TASAKI2020	000275.0001	PG-TASAKI2020-0275	unlabeled	NONE	NONE	PDF p. 275; print p. 263; §8.3.3; paragraph 2, atom 1	Chapter 08	chapter-08	PUBLIC-DOCS-SOURCE-ITEM-REVIEW-V1
IT-TASAKI2020-1379	TASAKI2020	000275.0002	PG-TASAKI2020-0275	unlabeled	NONE	NONE	PDF p. 275; print p. 263; §8.3.3; paragraph 2, atom 2	Chapter 08	chapter-08	PUBLIC-DOCS-SOURCE-ITEM-REVIEW-V1
IT-TASAKI2020-1380	TASAKI2020	000275.0003	PG-TASAKI2020-0275	unlabeled	NONE	NONE	PDF p. 275; print p. 263; §8.3.3; paragraph 2, atom 3	Chapter 08	chapter-08	PUBLIC-DOCS-SOURCE-ITEM-REVIEW-V1
IT-TASAKI2020-1381	TASAKI2020	000275.0004	PG-TASAKI2020-0275	problem	Problem 8.3.3.a	NONE	PDF p. 275; print p. 263; §8.3.3; Problem 8.3.3.a	Chapter 08	chapter-08	PUBLIC-DOCS-SOURCE-ITEM-REVIEW-V1
IT-TASAKI2020-1382	TASAKI2020	000276.0001	PG-TASAKI2020-0276	unlabeled	NONE	NONE	PDF p. 276; print p. 264; §8.3.4; paragraph 3; audit split atom 1/2	Chapter 08	chapter-08	PUBLIC-DOCS-SOURCE-ITEM-REVIEW-V1
IT-TASAKI2020-1383	TASAKI2020	000276.0002	PG-TASAKI2020-0276	unlabeled	NONE	NONE	PDF p. 276; print p. 264; §8.3.4; “Unitary transformation of a matrix product state”; opening paragraph before (8.3.11)	Chapter 08	chapter-08	PUBLIC-DOCS-SOURCE-ITEM-REVIEW-V1
IT-TASAKI2020-1384	TASAKI2020	000276.0003	PG-TASAKI2020-0276	equation	equation (8.3.11)	NONE	PDF p. 276; print p. 264; §8.3.4; equation (8.3.11)	Chapter 08	chapter-08	PUBLIC-DOCS-SOURCE-ITEM-REVIEW-V1
IT-TASAKI2020-1385	TASAKI2020	000276.0004	PG-TASAKI2020-0276	unlabeled	NONE	NONE	PDF p. 276; print p. 264; §8.3.4; paragraph 4, atom 1	Chapter 08	chapter-08	PUBLIC-DOCS-SOURCE-ITEM-REVIEW-V1
IT-TASAKI2020-1386	TASAKI2020	000276.0005	PG-TASAKI2020-0276	unlabeled	NONE	NONE	PDF p. 276; print p. 264; §8.3.4; paragraph 4, atom 2; v7 split atom 1/2	Chapter 08	chapter-08	PUBLIC-DOCS-SOURCE-ITEM-REVIEW-V1
IT-TASAKI2020-1387	TASAKI2020	000276.0006	PG-TASAKI2020-0276	unlabeled	NONE	NONE	PDF p. 276; print p. 264; §8.3.4; paragraph 4, atom 2; v7 split atom 2/2	Chapter 08	chapter-08	PUBLIC-DOCS-SOURCE-ITEM-REVIEW-V1
IT-TASAKI2020-1388	TASAKI2020	000277.0001	PG-TASAKI2020-0277	equation	equation (8.3.12)	NONE	PDF p. 277; print p. 265; §8.3.4; equation (8.3.12)	Chapter 08	chapter-08	PUBLIC-DOCS-SOURCE-ITEM-REVIEW-V1
IT-TASAKI2020-1389	TASAKI2020	000277.0002	PG-TASAKI2020-0277	equation	equation (8.3.13)	NONE	PDF p. 277; print p. 265; §8.3.4; equation (8.3.13)	Chapter 08	chapter-08	PUBLIC-DOCS-SOURCE-ITEM-REVIEW-V1
IT-TASAKI2020-1390	TASAKI2020	000277.0003	PG-TASAKI2020-0277	equation	equation (8.3.14)	NONE	PDF p. 277; print p. 265; §8.3.4; equation (8.3.14)	Chapter 08	chapter-08	PUBLIC-DOCS-SOURCE-ITEM-REVIEW-V1
IT-TASAKI2020-1391	TASAKI2020	000277.0004	PG-TASAKI2020-0277	unlabeled	NONE	NONE	PDF p. 277; print p. 265; §8.3.4; paragraph 7	Chapter 08	chapter-08	PUBLIC-DOCS-SOURCE-ITEM-REVIEW-V1
IT-TASAKI2020-1392	TASAKI2020	000277.0005	PG-TASAKI2020-0277	equation	equation (8.3.15)	NONE	PDF p. 277; print p. 265; §8.3.4; equation (8.3.15)	Chapter 08	chapter-08	PUBLIC-DOCS-SOURCE-ITEM-REVIEW-V1
IT-TASAKI2020-1393	TASAKI2020	000277.0006	PG-TASAKI2020-0277	equation	equation (8.3.16)	NONE	PDF p. 277; print p. 265; §8.3.4; equation (8.3.16)	Chapter 08	chapter-08	PUBLIC-DOCS-SOURCE-ITEM-REVIEW-V1
IT-TASAKI2020-1394	TASAKI2020	000277.0007	PG-TASAKI2020-0277	unlabeled	NONE	NONE	PDF p. 277; print p. 265; §8.3.4; paragraph 11	Chapter 08	chapter-08	PUBLIC-DOCS-SOURCE-ITEM-REVIEW-V1
IT-TASAKI2020-1395	TASAKI2020	000277.0008	PG-TASAKI2020-0277	equation	equation (8.3.17)	NONE	PDF p. 277; print p. 265; §8.3.4; equation (8.3.17)	Chapter 08	chapter-08	PUBLIC-DOCS-SOURCE-ITEM-REVIEW-V1
IT-TASAKI2020-1396	TASAKI2020	000278.0001	PG-TASAKI2020-0278	equation	equation (8.3.18)	NONE	PDF p. 278; print p. 266; §8.3.4; equation (8.3.18)	Chapter 08	chapter-08	PUBLIC-DOCS-SOURCE-ITEM-REVIEW-V1
IT-TASAKI2020-1397	TASAKI2020	000278.0002	PG-TASAKI2020-0278	unlabeled	NONE	NONE	PDF p. 278; print p. 266; §8.3.4; paragraph 10, atom 1	Chapter 08	chapter-08	PUBLIC-DOCS-SOURCE-ITEM-REVIEW-V1
IT-TASAKI2020-1398	TASAKI2020	000278.0003	PG-TASAKI2020-0278	unlabeled	NONE	NONE	PDF p. 278; print p. 266; §8.3.4; paragraph 10, atom 2	Chapter 08	chapter-08	PUBLIC-DOCS-SOURCE-ITEM-REVIEW-V1
IT-TASAKI2020-1399	TASAKI2020	000279.0001	PG-TASAKI2020-0279	unlabeled	NONE	NONE	PDF p. 279; print p. 267; §8.3.4; paragraph 2, atom 1	Chapter 08	chapter-08	PUBLIC-DOCS-SOURCE-ITEM-REVIEW-V1
IT-TASAKI2020-1400	TASAKI2020	000279.0002	PG-TASAKI2020-0279	unlabeled	NONE	NONE	PDF p. 279; print p. 267; §8.3.4; paragraph 2, atom 2	Chapter 08	chapter-08	PUBLIC-DOCS-SOURCE-ITEM-REVIEW-V1
IT-TASAKI2020-1401	TASAKI2020	000279.0003	PG-TASAKI2020-0279	equation	equation (8.3.19)	NONE	PDF p. 279; print p. 267; §8.3.4; equation (8.3.19)	Chapter 08	chapter-08	PUBLIC-DOCS-SOURCE-ITEM-REVIEW-V1
IT-TASAKI2020-1402	TASAKI2020	000279.0004	PG-TASAKI2020-0279	equation	equation (8.3.20)	NONE	PDF p. 279; print p. 267; §8.3.4; equation (8.3.20)	Chapter 08	chapter-08	PUBLIC-DOCS-SOURCE-ITEM-REVIEW-V1
IT-TASAKI2020-1403	TASAKI2020	000279.0005	PG-TASAKI2020-0279	unlabeled	NONE	NONE	PDF p. 279; print p. 267; §8.3.4; paragraph 6	Chapter 08	chapter-08	PUBLIC-DOCS-SOURCE-ITEM-REVIEW-V1
IT-TASAKI2020-1404	TASAKI2020	000279.0006	PG-TASAKI2020-0279	equation	equation (8.3.21)	NONE	PDF p. 279; print p. 267; §8.3.4; equation (8.3.21)	Chapter 08	chapter-08	PUBLIC-DOCS-SOURCE-ITEM-REVIEW-V1
IT-TASAKI2020-1405	TASAKI2020	000279.0007	PG-TASAKI2020-0279	equation	equation (8.3.22)	NONE	PDF p. 279; print p. 267; §8.3.4; equation (8.3.22)	Chapter 08	chapter-08	PUBLIC-DOCS-SOURCE-ITEM-REVIEW-V1
IT-TASAKI2020-1406	TASAKI2020	000279.0008	PG-TASAKI2020-0279	equation	equation (8.3.23)	NONE	PDF p. 279; print p. 267; §8.3.4; equation (8.3.23)	Chapter 08	chapter-08	PUBLIC-DOCS-SOURCE-ITEM-REVIEW-V1
IT-TASAKI2020-1407	TASAKI2020	000279.0009	PG-TASAKI2020-0279	unlabeled	NONE	NONE	PDF p. 279; print p. 267; §8.3.4; paragraph 9, atom 1	Chapter 08	chapter-08	PUBLIC-DOCS-SOURCE-ITEM-REVIEW-V1
IT-TASAKI2020-1408	TASAKI2020	000279.0010	PG-TASAKI2020-0279	unlabeled	NONE	NONE	PDF p. 279; print p. 267; §8.3.4; paragraph 9, atom 2	Chapter 08	chapter-08	PUBLIC-DOCS-SOURCE-ITEM-REVIEW-V1
IT-TASAKI2020-1409	TASAKI2020	000279.0011	PG-TASAKI2020-0279	unlabeled	NONE	NONE	PDF p. 279; print p. 267; §8.3.4; paragraph 9, atom 3	Chapter 08	chapter-08	PUBLIC-DOCS-SOURCE-ITEM-REVIEW-V1
IT-TASAKI2020-1410	TASAKI2020	000280.0001	PG-TASAKI2020-0280	equation	equation (8.3.24)	NONE	PDF p. 280; print p. 268; §8.3.4; equation (8.3.24)	Chapter 08	chapter-08	PUBLIC-DOCS-SOURCE-ITEM-REVIEW-V1
IT-TASAKI2020-1411	TASAKI2020	000280.0002	PG-TASAKI2020-0280	unlabeled	NONE	NONE	PDF p. 280; print p. 268; §8.3.4; paragraph 3	Chapter 08	chapter-08	PUBLIC-DOCS-SOURCE-ITEM-REVIEW-V1
IT-TASAKI2020-1412	TASAKI2020	000280.0003	PG-TASAKI2020-0280	equation	equation (8.3.25)	NONE	PDF p. 280; print p. 268; §8.3.4; equation (8.3.25)	Chapter 08	chapter-08	PUBLIC-DOCS-SOURCE-ITEM-REVIEW-V1
IT-TASAKI2020-1413	TASAKI2020	000280.0004	PG-TASAKI2020-0280	unlabeled	NONE	NONE	PDF p. 280; print p. 268; §8.3.4; paragraph 5	Chapter 08	chapter-08	PUBLIC-DOCS-SOURCE-ITEM-REVIEW-V1
IT-TASAKI2020-1414	TASAKI2020	000280.0005	PG-TASAKI2020-0280	equation	equation (8.3.26)	NONE	PDF p. 280; print p. 268; §8.3.4; equation (8.3.26)	Chapter 08	chapter-08	PUBLIC-DOCS-SOURCE-ITEM-REVIEW-V1
IT-TASAKI2020-1415	TASAKI2020	000281.0001	PG-TASAKI2020-0281	unlabeled	NONE	NONE	PDF p. 281; print p. 269; §8.3.4; paragraph 2, atom 1; atom 1	Chapter 08	chapter-08	PUBLIC-DOCS-SOURCE-ITEM-REVIEW-V1
IT-TASAKI2020-1416	TASAKI2020	000281.0002	PG-TASAKI2020-0281	unlabeled	NONE	NONE	PDF p. 281; print p. 269; §8.3.4; paragraph 2, atom 1; atom 2	Chapter 08	chapter-08	PUBLIC-DOCS-SOURCE-ITEM-REVIEW-V1
IT-TASAKI2020-1417	TASAKI2020	000281.0003	PG-TASAKI2020-0281	unlabeled	NONE	NONE	PDF p. 281; print p. 269; §8.3.4; paragraph 2, atom 1; atom 3	Chapter 08	chapter-08	PUBLIC-DOCS-SOURCE-ITEM-REVIEW-V1
IT-TASAKI2020-1418	TASAKI2020	000281.0004	PG-TASAKI2020-0281	unlabeled	NONE	NONE	PDF p. 281; print p. 269; §8.3.4; paragraph 2, atom 2	Chapter 08	chapter-08	PUBLIC-DOCS-SOURCE-ITEM-REVIEW-V1
IT-TASAKI2020-1419	TASAKI2020	000282.0001	PG-TASAKI2020-0282	problem	Problem 8.3.4.a	NONE	PDF p. 282; print p. 270; §8.3.4; Problem 8.3.4.a	Chapter 08	chapter-08	PUBLIC-DOCS-SOURCE-ITEM-REVIEW-V1
IT-TASAKI2020-1420	TASAKI2020	000282.0002	PG-TASAKI2020-0282	unlabeled	NONE	NONE	PDF p. 282; print p. 270; §8.3.4; paragraph 2, atom 3	Chapter 08	chapter-08	PUBLIC-DOCS-SOURCE-ITEM-REVIEW-V1
IT-TASAKI2020-1421	TASAKI2020	000282.0003	PG-TASAKI2020-0282	unlabeled	NONE	NONE	PDF p. 282; print p. 270; §8.3.4; paragraph 2, atom 4	Chapter 08	chapter-08	PUBLIC-DOCS-SOURCE-ITEM-REVIEW-V1
IT-TASAKI2020-1422	TASAKI2020	000282.0004	PG-TASAKI2020-0282	equation	equation (8.3.27)	NONE	PDF p. 282; print p. 270; §8.3.4; equation (8.3.27)	Chapter 08	chapter-08	PUBLIC-DOCS-SOURCE-ITEM-REVIEW-V1
IT-TASAKI2020-1423	TASAKI2020	000282.0005	PG-TASAKI2020-0282	unlabeled	NONE	NONE	PDF p. 282; print p. 270; §8.3.4; paragraph 4, atom 1	Chapter 08	chapter-08	PUBLIC-DOCS-SOURCE-ITEM-REVIEW-V1
IT-TASAKI2020-1424	TASAKI2020	000282.0006	PG-TASAKI2020-0282	unlabeled	NONE	NONE	PDF p. 282; print p. 270; §8.3.4; paragraph 4, atom 3	Chapter 08	chapter-08	PUBLIC-DOCS-SOURCE-ITEM-REVIEW-V1
IT-TASAKI2020-1425	TASAKI2020	000282.0007	PG-TASAKI2020-0282	unlabeled	NONE	NONE	PDF p. 282; print p. 270; §8.3.4; paragraph 4, atom 4	Chapter 08	chapter-08	PUBLIC-DOCS-SOURCE-ITEM-REVIEW-V1
IT-TASAKI2020-1426	TASAKI2020	000282.0008	PG-TASAKI2020-0282	equation	equation (8.3.28)	NONE	PDF p. 282; print p. 270; §8.3.4; equation (8.3.28)	Chapter 08	chapter-08	PUBLIC-DOCS-SOURCE-ITEM-REVIEW-V1
IT-TASAKI2020-1427	TASAKI2020	000283.0001	PG-TASAKI2020-0283	problem	Problem 8.3.4.b	NONE	PDF p. 283; print p. 271; §8.3.4; Problem 8.3.4.b	Chapter 08	chapter-08	PUBLIC-DOCS-SOURCE-ITEM-REVIEW-V1
IT-TASAKI2020-1428	TASAKI2020	000283.0002	PG-TASAKI2020-0283	equation	equation (8.3.29)	NONE	PDF p. 283; print p. 271; §8.3.4; equation (8.3.29)	Chapter 08	chapter-08	PUBLIC-DOCS-SOURCE-ITEM-REVIEW-V1
IT-TASAKI2020-1429	TASAKI2020	000283.0003	PG-TASAKI2020-0283	unlabeled	NONE	NONE	PDF p. 283; print p. 271; §8.3.4; paragraph 4	Chapter 08	chapter-08	PUBLIC-DOCS-SOURCE-ITEM-REVIEW-V1
IT-TASAKI2020-1430	TASAKI2020	000283.0004	PG-TASAKI2020-0283	equation	equation (8.3.30)	NONE	PDF p. 283; print p. 271; §8.3.4; equation (8.3.30)	Chapter 08	chapter-08	PUBLIC-DOCS-SOURCE-ITEM-REVIEW-V1
IT-TASAKI2020-1431	TASAKI2020	000283.0005	PG-TASAKI2020-0283	unlabeled	NONE	NONE	PDF p. 283; print p. 271; §8.3.4; paragraph 6	Chapter 08	chapter-08	PUBLIC-DOCS-SOURCE-ITEM-REVIEW-V1
IT-TASAKI2020-1432	TASAKI2020	000284.0001	PG-TASAKI2020-0284	problem	Problem 8.3.4.c	NONE	PDF p. 284; print p. 272; §8.3.4; Problem 8.3.4.c	Chapter 08	chapter-08	PUBLIC-DOCS-SOURCE-ITEM-REVIEW-V1
IT-TASAKI2020-1433	TASAKI2020	000284.0002	PG-TASAKI2020-0284	unlabeled	NONE	NONE	PDF p. 284; print p. 272; §8.3.4; paragraph 3	Chapter 08	chapter-08	PUBLIC-DOCS-SOURCE-ITEM-REVIEW-V1
IT-TASAKI2020-1434	TASAKI2020	000284.0003	PG-TASAKI2020-0284	equation	equation (8.3.31)	NONE	PDF p. 284; print p. 272; §8.3.4; equation (8.3.31)	Chapter 08	chapter-08	PUBLIC-DOCS-SOURCE-ITEM-REVIEW-V1
IT-TASAKI2020-1435	TASAKI2020	000284.0004	PG-TASAKI2020-0284	unlabeled	NONE	NONE	PDF p. 284; print p. 272; §8.3.4; paragraph 4, atom 1	Chapter 08	chapter-08	PUBLIC-DOCS-SOURCE-ITEM-REVIEW-V1
IT-TASAKI2020-1436	TASAKI2020	000284.0005	PG-TASAKI2020-0284	unlabeled	NONE	NONE	PDF p. 284; print p. 272; §8.3.4; paragraph 4, atom 2	Chapter 08	chapter-08	PUBLIC-DOCS-SOURCE-ITEM-REVIEW-V1
IT-TASAKI2020-1437	TASAKI2020	000285.0001	PG-TASAKI2020-0285	equation	equation (8.3.32)	NONE	PDF p. 285; print p. 273; §8.3.4; equation (8.3.32)	Chapter 08	chapter-08	PUBLIC-DOCS-SOURCE-ITEM-REVIEW-V1
IT-TASAKI2020-1438	TASAKI2020	000285.0002	PG-TASAKI2020-0285	equation	equation (8.3.33)	NONE	PDF p. 285; print p. 273; §8.3.4; equation (8.3.33)	Chapter 08	chapter-08	PUBLIC-DOCS-SOURCE-ITEM-REVIEW-V1
IT-TASAKI2020-1439	TASAKI2020	000285.0003	PG-TASAKI2020-0285	equation	equation (8.3.34)	NONE	PDF p. 285; print p. 273; §8.3.4; equation (8.3.34)	Chapter 08	chapter-08	PUBLIC-DOCS-SOURCE-ITEM-REVIEW-V1
IT-TASAKI2020-1440	TASAKI2020	000285.0004	PG-TASAKI2020-0285	unlabeled	NONE	NONE	PDF p. 285; print p. 273; §8.3.4; paragraph 5	Chapter 08	chapter-08	PUBLIC-DOCS-SOURCE-ITEM-REVIEW-V1
IT-TASAKI2020-1441	TASAKI2020	000285.0005	PG-TASAKI2020-0285	equation	equation (8.3.35)	NONE	PDF p. 285; print p. 273; §8.3.4; equation (8.3.35)	Chapter 08	chapter-08	PUBLIC-DOCS-SOURCE-ITEM-REVIEW-V1
IT-TASAKI2020-1442	TASAKI2020	000285.0006	PG-TASAKI2020-0285	equation	equation (8.3.36)	NONE	PDF p. 285; print p. 273; §8.3.4; equation (8.3.36)	Chapter 08	chapter-08	PUBLIC-DOCS-SOURCE-ITEM-REVIEW-V1
IT-TASAKI2020-1443	TASAKI2020	000285.0007	PG-TASAKI2020-0285	unlabeled	NONE	NONE	PDF p. 285; print p. 273; §8.3.4; paragraph 9	Chapter 08	chapter-08	PUBLIC-DOCS-SOURCE-ITEM-REVIEW-V1
IT-TASAKI2020-1444	TASAKI2020	000286.0001	PG-TASAKI2020-0286	equation	equation (8.3.37)	NONE	PDF p. 286; print p. 274; §8.3.4; equation (8.3.37)	Chapter 08	chapter-08	PUBLIC-DOCS-SOURCE-ITEM-REVIEW-V1
IT-TASAKI2020-1445	TASAKI2020	000286.0002	PG-TASAKI2020-0286	equation	equation (8.3.38)	NONE	PDF p. 286; print p. 274; §8.3.4; equation (8.3.38)	Chapter 08	chapter-08	PUBLIC-DOCS-SOURCE-ITEM-REVIEW-V1
IT-TASAKI2020-1446	TASAKI2020	000286.0003	PG-TASAKI2020-0286	problem	Problem 8.3.4.d	NONE	PDF p. 286; print p. 274; §8.3.4; Problem 8.3.4.d	Chapter 08	chapter-08	PUBLIC-DOCS-SOURCE-ITEM-REVIEW-V1
IT-TASAKI2020-1447	TASAKI2020	000286.0004	PG-TASAKI2020-0286	equation	equation (8.3.39)	NONE	PDF p. 286; print p. 274; §8.3.4; equation (8.3.39)	Chapter 08	chapter-08	PUBLIC-DOCS-SOURCE-ITEM-REVIEW-V1
IT-TASAKI2020-1448	TASAKI2020	000286.0005	PG-TASAKI2020-0286	unlabeled	NONE	NONE	PDF p. 286; print p. 274; §8.3.4; paragraph 8, atom 1	Chapter 08	chapter-08	PUBLIC-DOCS-SOURCE-ITEM-REVIEW-V1
IT-TASAKI2020-1449	TASAKI2020	000286.0006	PG-TASAKI2020-0286	unlabeled	NONE	NONE	PDF p. 286; print p. 274; §8.3.4; paragraph 8, atom 2	Chapter 08	chapter-08	PUBLIC-DOCS-SOURCE-ITEM-REVIEW-V1
IT-TASAKI2020-1450	TASAKI2020	000287.0001	PG-TASAKI2020-0287	problem	Problem 8.3.4.d	NONE	PDF pp. 286–287; print pp. 274–275; §8.3.4; Problem 8.3.4.d	Chapter 08	chapter-08	PUBLIC-DOCS-SOURCE-ITEM-REVIEW-V1
IT-TASAKI2020-1451	TASAKI2020	000288.0001	PG-TASAKI2020-0288	corollary	Corollary 8.5	NONE	PDF p. 288; print p. 276; §8.3.5; Corollary 8.5	Chapter 08	chapter-08	PUBLIC-DOCS-SOURCE-ITEM-REVIEW-V1
IT-TASAKI2020-1452	TASAKI2020	000288.0002	PG-TASAKI2020-0288	theorem	Theorem 8.6	NONE	PDF p. 288; print p. 276; §8.3.5; Theorem 8.6	Chapter 08	chapter-08	PUBLIC-DOCS-SOURCE-ITEM-REVIEW-V1
IT-TASAKI2020-1453	TASAKI2020	000288.0003	PG-TASAKI2020-0288	unlabeled	NONE	NONE	PDF p. 288; print p. 276; §8.3.5; paragraph 3, atom 1	Chapter 08	chapter-08	PUBLIC-DOCS-SOURCE-ITEM-REVIEW-V1
IT-TASAKI2020-1454	TASAKI2020	000288.0005	PG-TASAKI2020-0288	unlabeled	NONE	NONE	PDF p. 288; print p. 276; §8.3.5; paragraph 3, atom 2	Chapter 08	chapter-08	PUBLIC-DOCS-SOURCE-ITEM-REVIEW-V1
IT-TASAKI2020-1455	TASAKI2020	000288.0006	PG-TASAKI2020-0288	unlabeled	NONE	NONE	PDF p. 288; print p. 276; §8.3.5; paragraph 5	Chapter 08	chapter-08	PUBLIC-DOCS-SOURCE-ITEM-REVIEW-V1
IT-TASAKI2020-1456	TASAKI2020	000289.0001	PG-TASAKI2020-0289	unlabeled	NONE	NONE	PDF p. 289; print p. 277; §8.3.5; paragraph 2	Chapter 08	chapter-08	PUBLIC-DOCS-SOURCE-ITEM-REVIEW-V1
IT-TASAKI2020-1457	TASAKI2020	000289.0002	PG-TASAKI2020-0289	equation	equation (8.3.40)	NONE	PDF p. 289; print p. 277; §8.3.5; equation (8.3.40)	Chapter 08	chapter-08	PUBLIC-DOCS-SOURCE-ITEM-REVIEW-V1
IT-TASAKI2020-1458	TASAKI2020	000289.0003	PG-TASAKI2020-0289	unlabeled	NONE	NONE	PDF p. 289; print p. 277; §8.3.5; paragraph 3	Chapter 08	chapter-08	PUBLIC-DOCS-SOURCE-ITEM-REVIEW-V1
IT-TASAKI2020-1459	TASAKI2020	000289.0004	PG-TASAKI2020-0289	equation	equation (8.3.41)	NONE	PDF p. 289; print p. 277; §8.3.5; equation (8.3.41)	Chapter 08	chapter-08	PUBLIC-DOCS-SOURCE-ITEM-REVIEW-V1
IT-TASAKI2020-1460	TASAKI2020	000289.0005	PG-TASAKI2020-0289	equation	equation (8.3.42)	NONE	PDF p. 289; print p. 277; §8.3.5; equation (8.3.42)	Chapter 08	chapter-08	PUBLIC-DOCS-SOURCE-ITEM-REVIEW-V1
IT-TASAKI2020-1461	TASAKI2020	000289.0006	PG-TASAKI2020-0289	unlabeled	NONE	NONE	PDF p. 289; print p. 277; §8.3.5; paragraph 6	Chapter 08	chapter-08	PUBLIC-DOCS-SOURCE-ITEM-REVIEW-V1
IT-TASAKI2020-1462	TASAKI2020	000290.0001	PG-TASAKI2020-0290	unlabeled	NONE	NONE	PDF p. 290; print p. 278; §8.3.5; paragraph 2, atom 1	Chapter 08	chapter-08	PUBLIC-DOCS-SOURCE-ITEM-REVIEW-V1
IT-TASAKI2020-1463	TASAKI2020	000290.0002	PG-TASAKI2020-0290	unlabeled	NONE	NONE	PDF p. 290; print p. 278; §8.3.5; paragraph 2, atom 2	Chapter 08	chapter-08	PUBLIC-DOCS-SOURCE-ITEM-REVIEW-V1
IT-TASAKI2020-1464	TASAKI2020	000290.0003	PG-TASAKI2020-0290	unlabeled	NONE	NONE	PDF p. 290; print p. 278; §8.3.5; paragraph 2, atom 3	Chapter 08	chapter-08	PUBLIC-DOCS-SOURCE-ITEM-REVIEW-V1
IT-TASAKI2020-1465	TASAKI2020	000290.0004	PG-TASAKI2020-0290	equation	equation (8.3.43)	NONE	PDF p. 290; print p. 278; §8.3.5; equation (8.3.43)	Chapter 08	chapter-08	PUBLIC-DOCS-SOURCE-ITEM-REVIEW-V1
IT-TASAKI2020-1466	TASAKI2020	000290.0005	PG-TASAKI2020-0290	unlabeled	NONE	NONE	PDF p. 290; print p. 278; §8.3.5; paragraph 4	Chapter 08	chapter-08	PUBLIC-DOCS-SOURCE-ITEM-REVIEW-V1
IT-TASAKI2020-1467	TASAKI2020	000290.0006	PG-TASAKI2020-0290	equation	equation (8.3.44)	NONE	PDF p. 290; print p. 278; §8.3.5; equation (8.3.44)	Chapter 08	chapter-08	PUBLIC-DOCS-SOURCE-ITEM-REVIEW-V1
IT-TASAKI2020-1468	TASAKI2020	000290.0007	PG-TASAKI2020-0290	theorem	Theorem 8.7	NONE	PDF p. 290; print p. 278; §8.3.5; Theorem 8.7	Chapter 08	chapter-08	PUBLIC-DOCS-SOURCE-ITEM-REVIEW-V1
IT-TASAKI2020-1469	TASAKI2020	000290.0008	PG-TASAKI2020-0290	equation	equation (8.3.45)	NONE	PDF p. 290; print p. 278; §8.3.5; equation (8.3.45)	Chapter 08	chapter-08	PUBLIC-DOCS-SOURCE-ITEM-REVIEW-V1
IT-TASAKI2020-1470	TASAKI2020	000290.0009	PG-TASAKI2020-0290	unlabeled	NONE	NONE	PDF p. 290; print p. 278; §8.3.5; paragraph 6, atom 1	Chapter 08	chapter-08	PUBLIC-DOCS-SOURCE-ITEM-REVIEW-V1
IT-TASAKI2020-1471	TASAKI2020	000290.0010	PG-TASAKI2020-0290	unlabeled	NONE	NONE	PDF p. 290; print p. 278; §8.3.5; paragraph 6, atom 2	Chapter 08	chapter-08	PUBLIC-DOCS-SOURCE-ITEM-REVIEW-V1
IT-TASAKI2020-1472	TASAKI2020	000290.0011	PG-TASAKI2020-0290	unlabeled	NONE	NONE	PDF p. 290; print p. 278; §8.3.5; paragraph 6, atom 3	Chapter 08	chapter-08	PUBLIC-DOCS-SOURCE-ITEM-REVIEW-V1
IT-TASAKI2020-1473	TASAKI2020	000290.0012	PG-TASAKI2020-0290	equation	equation (8.3.46)	NONE	PDF p. 290; print p. 278; §8.3.5; equation (8.3.46)	Chapter 08	chapter-08	PUBLIC-DOCS-SOURCE-ITEM-REVIEW-V1
IT-TASAKI2020-1474	TASAKI2020	000291.0001	PG-TASAKI2020-0291	equation	equation (8.3.47)	NONE	PDF p. 291; print p. 279; §8.3.5; equation (8.3.47)	Chapter 08	chapter-08	PUBLIC-DOCS-SOURCE-ITEM-REVIEW-V1
IT-TASAKI2020-1475	TASAKI2020	000291.0002	PG-TASAKI2020-0291	unlabeled	NONE	NONE	PDF p. 291; print p. 279; §8.3.5; paragraph 3	Chapter 08	chapter-08	PUBLIC-DOCS-SOURCE-ITEM-REVIEW-V1
IT-TASAKI2020-1476	TASAKI2020	000291.0003	PG-TASAKI2020-0291	equation	equation (8.3.48)	NONE	PDF p. 291; print p. 279; §8.3.5; equation (8.3.48)	Chapter 08	chapter-08	PUBLIC-DOCS-SOURCE-ITEM-REVIEW-V1
IT-TASAKI2020-1477	TASAKI2020	000291.0004	PG-TASAKI2020-0291	equation	equation (8.3.49)	NONE	PDF p. 291; print p. 279; §8.3.5; equation (8.3.49)	Chapter 08	chapter-08	PUBLIC-DOCS-SOURCE-ITEM-REVIEW-V1
IT-TASAKI2020-1478	TASAKI2020	000291.0005	PG-TASAKI2020-0291	unlabeled	NONE	NONE	PDF p. 291; print p. 279; §8.3.5; paragraph 7	Chapter 08	chapter-08	PUBLIC-DOCS-SOURCE-ITEM-REVIEW-V1
IT-TASAKI2020-1479	TASAKI2020	000291.0006	PG-TASAKI2020-0291	equation	equation (8.3.50)	NONE	PDF p. 291; print p. 279; §8.3.5; equation (8.3.50)	Chapter 08	chapter-08	PUBLIC-DOCS-SOURCE-ITEM-REVIEW-V1
IT-TASAKI2020-1480	TASAKI2020	000292.0001	PG-TASAKI2020-0292	equation	equation (8.3.51)	NONE	PDF p. 292; print p. 280; §8.3.5; equation (8.3.51)	Chapter 08	chapter-08	PUBLIC-DOCS-SOURCE-ITEM-REVIEW-V1
IT-TASAKI2020-1481	TASAKI2020	000292.0002	PG-TASAKI2020-0292	equation	equation (8.3.52)	NONE	PDF p. 292; print p. 280; §8.3.5; equation (8.3.52)	Chapter 08	chapter-08	PUBLIC-DOCS-SOURCE-ITEM-REVIEW-V1
IT-TASAKI2020-1482	TASAKI2020	000292.0003	PG-TASAKI2020-0292	equation	equation (8.3.53)	NONE	PDF p. 292; print p. 280; §8.3.5; equation (8.3.53)	Chapter 08	chapter-08	PUBLIC-DOCS-SOURCE-ITEM-REVIEW-V1
IT-TASAKI2020-1483	TASAKI2020	000292.0004	PG-TASAKI2020-0292	unlabeled	NONE	NONE	PDF p. 292; print p. 280; §8.3.5; paragraph 7	Chapter 08	chapter-08	PUBLIC-DOCS-SOURCE-ITEM-REVIEW-V1
IT-TASAKI2020-1484	TASAKI2020	000292.0005	PG-TASAKI2020-0292	equation	equation (8.3.54)	NONE	PDF p. 292; print p. 280; §8.3.5; equation (8.3.54)	Chapter 08	chapter-08	PUBLIC-DOCS-SOURCE-ITEM-REVIEW-V1
IT-TASAKI2020-1485	TASAKI2020	000292.0006	PG-TASAKI2020-0292	unlabeled	NONE	NONE	PDF p. 292; print p. 280; §8.3.6; paragraph 12	Chapter 08	chapter-08	PUBLIC-DOCS-SOURCE-ITEM-REVIEW-V1
IT-TASAKI2020-1486	TASAKI2020	000292.0007	PG-TASAKI2020-0292	unlabeled	NONE	NONE	PDF p. 292; print p. 280; §8.3.6; paragraph 13, atom 1	Chapter 08	chapter-08	PUBLIC-DOCS-SOURCE-ITEM-REVIEW-V1
IT-TASAKI2020-1487	TASAKI2020	000292.0008	PG-TASAKI2020-0292	unlabeled	NONE	NONE	PDF p. 292; print p. 280; §8.3.6; paragraph 13, atom 2	Chapter 08	chapter-08	PUBLIC-DOCS-SOURCE-ITEM-REVIEW-V1
IT-TASAKI2020-1488	TASAKI2020	000293.0001	PG-TASAKI2020-0293	equation	equation (8.3.55)	NONE	PDF p. 293; print p. 281; §8.3.6; equation (8.3.55)	Chapter 08	chapter-08	PUBLIC-DOCS-SOURCE-ITEM-REVIEW-V1
IT-TASAKI2020-1489	TASAKI2020	000293.0002	PG-TASAKI2020-0293	unlabeled	NONE	NONE	PDF p. 293; print p. 281; §8.3.6; paragraph 5; atom 1	Chapter 08	chapter-08	PUBLIC-DOCS-SOURCE-ITEM-REVIEW-V1
IT-TASAKI2020-1490	TASAKI2020	000293.0003	PG-TASAKI2020-0293	unlabeled	NONE	NONE	PDF p. 293; print p. 281; §8.3.6; paragraph 5; atom 2	Chapter 08	chapter-08	PUBLIC-DOCS-SOURCE-ITEM-REVIEW-V1
IT-TASAKI2020-1491	TASAKI2020	000293.0004	PG-TASAKI2020-0293	unlabeled	NONE	NONE	PDF p. 293; print p. 281; §8.3.6; paragraph 5; audit split atom 2/5	Chapter 08	chapter-08	PUBLIC-DOCS-SOURCE-ITEM-REVIEW-V1
IT-TASAKI2020-1492	TASAKI2020	000293.0005	PG-TASAKI2020-0293	unlabeled	NONE	NONE	PDF p. 293; print p. 281; §8.3.6; paragraph 5; audit split atom 3/5	Chapter 08	chapter-08	PUBLIC-DOCS-SOURCE-ITEM-REVIEW-V1
IT-TASAKI2020-1493	TASAKI2020	000293.0006	PG-TASAKI2020-0293	unlabeled	NONE	NONE	PDF p. 293; print p. 281; §8.3.6; paragraph 5; audit split atom 4/5	Chapter 08	chapter-08	PUBLIC-DOCS-SOURCE-ITEM-REVIEW-V1
IT-TASAKI2020-1494	TASAKI2020	000293.0007	PG-TASAKI2020-0293	theorem	Theorem 8.8	NONE	PDF p. 293; print p. 281; §8.3.6; Theorem 8.8	Chapter 08	chapter-08	PUBLIC-DOCS-SOURCE-ITEM-REVIEW-V1
IT-TASAKI2020-1495	TASAKI2020	000294.0001	PG-TASAKI2020-0294	unlabeled	NONE	NONE	PDF p. 294; print p. 282; §8.3.6; paragraph 2	Chapter 08	chapter-08	PUBLIC-DOCS-SOURCE-ITEM-REVIEW-V1
IT-TASAKI2020-1496	TASAKI2020	000295.0001	PG-TASAKI2020-0295	unlabeled	NONE	NONE	PDF p. 295; print p. 283; §8.3.6; paragraph 2, atom 1	Chapter 08	chapter-08	PUBLIC-DOCS-SOURCE-ITEM-REVIEW-V1
IT-TASAKI2020-1497	TASAKI2020	000295.0002	PG-TASAKI2020-0295	unlabeled	NONE	NONE	PDF p. 295; print p. 283; §8.3.6; paragraph 2, atom 2	Chapter 08	chapter-08	PUBLIC-DOCS-SOURCE-ITEM-REVIEW-V1
IT-TASAKI2020-1498	TASAKI2020	000295.0003	PG-TASAKI2020-0295	unlabeled	NONE	NONE	PDF p. 295; print p. 283; §8.3.6; paragraph 2, atom 3	Chapter 08	chapter-08	PUBLIC-DOCS-SOURCE-ITEM-REVIEW-V1
IT-TASAKI2020-1499	TASAKI2020	000295.0004	PG-TASAKI2020-0295	unlabeled	NONE	NONE	PDF p. 295; print p. 283; §8.3.6; paragraph 2, atom 4	Chapter 08	chapter-08	PUBLIC-DOCS-SOURCE-ITEM-REVIEW-V1
IT-TASAKI2020-1500	TASAKI2020	000295.0005	PG-TASAKI2020-0295	unlabeled	NONE	NONE	PDF p. 295; print p. 283; §8.3.6; paragraph 2, atom 5	Chapter 08	chapter-08	PUBLIC-DOCS-SOURCE-ITEM-REVIEW-V1
IT-TASAKI2020-1501	TASAKI2020	000295.0006	PG-TASAKI2020-0295	unlabeled	NONE	NONE	PDF p. 295; print p. 283; §8.3.6; paragraph 2, atom 6	Chapter 08	chapter-08	PUBLIC-DOCS-SOURCE-ITEM-REVIEW-V1
IT-TASAKI2020-1502	TASAKI2020	000295.0007	PG-TASAKI2020-0295	unlabeled	NONE	NONE	PDF p. 295; print p. 283; §8.3.6; paragraph 2, atom 7	Chapter 08	chapter-08	PUBLIC-DOCS-SOURCE-ITEM-REVIEW-V1
IT-TASAKI2020-1503	TASAKI2020	000295.0008	PG-TASAKI2020-0295	equation	equation (8.3.56)	NONE	PDF p. 295; print p. 283; §8.3.6; equation (8.3.56)	Chapter 08	chapter-08	PUBLIC-DOCS-SOURCE-ITEM-REVIEW-V1
IT-TASAKI2020-1504	TASAKI2020	000296.0001	PG-TASAKI2020-0296	equation	equation (8.3.57)	NONE	PDF p. 296; print p. 284; §8.3.6; equation (8.3.57)	Chapter 08	chapter-08	PUBLIC-DOCS-SOURCE-ITEM-REVIEW-V1
IT-TASAKI2020-1505	TASAKI2020	000296.0002	PG-TASAKI2020-0296	unlabeled	NONE	NONE	PDF p. 296; print p. 284; §8.3.6; paragraph 3, atom 1	Chapter 08	chapter-08	PUBLIC-DOCS-SOURCE-ITEM-REVIEW-V1
IT-TASAKI2020-1506	TASAKI2020	000296.0003	PG-TASAKI2020-0296	unlabeled	NONE	NONE	PDF p. 296; print p. 284; §8.3.6; paragraph 3, atom 2; audit split atom 1/2	Chapter 08	chapter-08	PUBLIC-DOCS-SOURCE-ITEM-REVIEW-V1
IT-TASAKI2020-1507	TASAKI2020	000296.0004	PG-TASAKI2020-0296	unlabeled	NONE	NONE	PDF p. 296; print p. 284; §8.3.6; paragraph beginning “Let us make some more comments”	Chapter 08	chapter-08	PUBLIC-DOCS-SOURCE-ITEM-REVIEW-V1
IT-TASAKI2020-1508	TASAKI2020	000297.0001	PG-TASAKI2020-0297	unlabeled	NONE	NONE	PDF p. 297; print p. 285; §8.3.6; paragraph 2	Chapter 08	chapter-08	PUBLIC-DOCS-SOURCE-ITEM-REVIEW-V1
IT-TASAKI2020-1509	TASAKI2020	000297.0002	PG-TASAKI2020-0297	equation	equation (8.3.58)	NONE	PDF p. 297; print p. 285; §8.3.6; equation (8.3.58)	Chapter 08	chapter-08	PUBLIC-DOCS-SOURCE-ITEM-REVIEW-V1
IT-TASAKI2020-1510	TASAKI2020	000297.0003	PG-TASAKI2020-0297	unlabeled	NONE	NONE	PDF p. 297; print p. 285; §8.3.6; paragraph 3, atom 1	Chapter 08	chapter-08	PUBLIC-DOCS-SOURCE-ITEM-REVIEW-V1
IT-TASAKI2020-1511	TASAKI2020	000297.0004	PG-TASAKI2020-0297	unlabeled	NONE	NONE	PDF p. 297; print p. 285; §8.3.6; paragraph 3, atom 2	Chapter 08	chapter-08	PUBLIC-DOCS-SOURCE-ITEM-REVIEW-V1
IT-TASAKI2020-1512	TASAKI2020	000297.0005	PG-TASAKI2020-0297	equation	equation (8.3.59)	NONE	PDF p. 297; print p. 285; §8.3.6; equation (8.3.59)	Chapter 08	chapter-08	PUBLIC-DOCS-SOURCE-ITEM-REVIEW-V1
IT-TASAKI2020-1513	TASAKI2020	000297.0006	PG-TASAKI2020-0297	equation	equation (8.3.60)	NONE	PDF p. 297; print p. 285; §8.3.6; equation (8.3.60)	Chapter 08	chapter-08	PUBLIC-DOCS-SOURCE-ITEM-REVIEW-V1
IT-TASAKI2020-1514	TASAKI2020	000297.0007	PG-TASAKI2020-0297	unlabeled	NONE	NONE	PDF p. 297; print p. 285; §8.3.6; paragraph 6; audit split atom 1/3	Chapter 08	chapter-08	PUBLIC-DOCS-SOURCE-ITEM-REVIEW-V1
IT-TASAKI2020-1515	TASAKI2020	000297.0008	PG-TASAKI2020-0297	unlabeled	NONE	NONE	PDF p. 297; print p. 285; §8.3.6; paragraph 6; audit split atom 2/3	Chapter 08	chapter-08	PUBLIC-DOCS-SOURCE-ITEM-REVIEW-V1
IT-TASAKI2020-1516	TASAKI2020	000297.0009	PG-TASAKI2020-0297	unlabeled	NONE	NONE	PDF p. 297; print p. 285; §8.3.6; paragraph 6; audit split atom 3/3	Chapter 08	chapter-08	PUBLIC-DOCS-SOURCE-ITEM-REVIEW-V1
IT-TASAKI2020-1517	TASAKI2020	000297.0010	PG-TASAKI2020-0297	equation	equation (8.3.61)	NONE	PDF p. 297; print p. 285; §8.3.6; equation (8.3.61)	Chapter 08	chapter-08	PUBLIC-DOCS-SOURCE-ITEM-REVIEW-V1
IT-TASAKI2020-1518	TASAKI2020	000298.0001	PG-TASAKI2020-0298	unlabeled	NONE	NONE	PDF p. 298; print p. 286; §8.3.6; paragraph 2	Chapter 08	chapter-08	PUBLIC-DOCS-SOURCE-ITEM-REVIEW-V1
IT-TASAKI2020-1519	TASAKI2020	000298.0002	PG-TASAKI2020-0298	equation	equation (8.3.62)	NONE	PDF p. 298; print p. 286; §8.3.6; equation (8.3.62)	Chapter 08	chapter-08	PUBLIC-DOCS-SOURCE-ITEM-REVIEW-V1
IT-TASAKI2020-1520	TASAKI2020	000298.0003	PG-TASAKI2020-0298	unlabeled	NONE	NONE	PDF p. 298; print p. 286; §8.3.6; paragraph 4	Chapter 08	chapter-08	PUBLIC-DOCS-SOURCE-ITEM-REVIEW-V1
IT-TASAKI2020-1521	TASAKI2020	000298.0004	PG-TASAKI2020-0298	equation	equation (8.3.63)	NONE	PDF p. 298; print p. 286; §8.3.6; equation (8.3.63)	Chapter 08	chapter-08	PUBLIC-DOCS-SOURCE-ITEM-REVIEW-V1
IT-TASAKI2020-1522	TASAKI2020	000298.0005	PG-TASAKI2020-0298	equation	equation (8.3.64)	NONE	PDF p. 298; print p. 286; §8.3.6; equation (8.3.64)	Chapter 08	chapter-08	PUBLIC-DOCS-SOURCE-ITEM-REVIEW-V1
IT-TASAKI2020-1523	TASAKI2020	000298.0006	PG-TASAKI2020-0298	unlabeled	NONE	NONE	PDF p. 298; print p. 286; §8.3.6; paragraph 7, atom 1	Chapter 08	chapter-08	PUBLIC-DOCS-SOURCE-ITEM-REVIEW-V1
IT-TASAKI2020-1524	TASAKI2020	000298.0007	PG-TASAKI2020-0298	unlabeled	NONE	NONE	PDF p. 298; print p. 286; §8.3.6; paragraph 7, atom 2	Chapter 08	chapter-08	PUBLIC-DOCS-SOURCE-ITEM-REVIEW-V1
IT-TASAKI2020-1525	TASAKI2020	000298.0008	PG-TASAKI2020-0298	equation	equation (8.3.65)	NONE	PDF p. 298; print p. 286; §8.3.6; equation (8.3.65)	Chapter 08	chapter-08	PUBLIC-DOCS-SOURCE-ITEM-REVIEW-V1
IT-TASAKI2020-1526	TASAKI2020	000299.0001	PG-TASAKI2020-0299	unlabeled	NONE	NONE	PDF p. 299; print p. 287; §8.3.6; paragraph 2	Chapter 08	chapter-08	PUBLIC-DOCS-SOURCE-ITEM-REVIEW-V1
IT-TASAKI2020-1527	TASAKI2020	000299.0002	PG-TASAKI2020-0299	equation	equation (8.3.66)	NONE	PDF p. 299; print p. 287; §8.3.6; equation (8.3.66)	Chapter 08	chapter-08	PUBLIC-DOCS-SOURCE-ITEM-REVIEW-V1
IT-TASAKI2020-1528	TASAKI2020	000299.0003	PG-TASAKI2020-0299	unlabeled	NONE	NONE	PDF p. 299; print p. 287; §8.3.6; paragraph 4, atom 1	Chapter 08	chapter-08	PUBLIC-DOCS-SOURCE-ITEM-REVIEW-V1
IT-TASAKI2020-1529	TASAKI2020	000299.0004	PG-TASAKI2020-0299	unlabeled	NONE	NONE	PDF p. 299; print p. 287; §8.3.6; paragraph 4, atom 2	Chapter 08	chapter-08	PUBLIC-DOCS-SOURCE-ITEM-REVIEW-V1
IT-TASAKI2020-1530	TASAKI2020	000299.0005	PG-TASAKI2020-0299	footnote	Footnote 61	NONE	PDF p. 299; print p. 287; §8.3.6; Footnote 61	Chapter 08	chapter-08	PUBLIC-DOCS-SOURCE-ITEM-REVIEW-V1
IT-TASAKI2020-1531	TASAKI2020	000299.0006	PG-TASAKI2020-0299	footnote	Footnote 62	NONE	PDF p. 299; print p. 287; §8.3.6; Footnote 62	Chapter 08	chapter-08	PUBLIC-DOCS-SOURCE-ITEM-REVIEW-V1
IT-TASAKI2020-1532	TASAKI2020	000299.0007	PG-TASAKI2020-0299	footnote	Footnote 63	NONE	PDF p. 299; print p. 287; §8.3.6; Footnote 63	Chapter 08	chapter-08	PUBLIC-DOCS-SOURCE-ITEM-REVIEW-V1
IT-TASAKI2020-1533	TASAKI2020	000300.0001	PG-TASAKI2020-0300	unlabeled	NONE	NONE	PDF p. 300; print p. 288; §8.4; assertion prose line 24	Chapter 08	chapter-08	PUBLIC-DOCS-SOURCE-ITEM-REVIEW-V1
IT-TASAKI2020-1534	TASAKI2020	000300.0002	PG-TASAKI2020-0300	unlabeled	NONE	NONE	PDF p. 300; print p. 288; §8.4; assertion prose line 34	Chapter 08	chapter-08	PUBLIC-DOCS-SOURCE-ITEM-REVIEW-V1
IT-TASAKI2020-1535	TASAKI2020	000301.0001	PG-TASAKI2020-0301	unlabeled	NONE	NONE	PDF p. 301; print p. 289; §8.4; paragraph 3	Chapter 08	chapter-08	PUBLIC-DOCS-SOURCE-ITEM-REVIEW-V1
IT-TASAKI2020-1536	TASAKI2020	000301.0002	PG-TASAKI2020-0301	unlabeled	NONE	NONE	PDF p. 301; print p. 289; §8.4; paragraph 5, atom 1	Chapter 08	chapter-08	PUBLIC-DOCS-SOURCE-ITEM-REVIEW-V1
IT-TASAKI2020-1537	TASAKI2020	000301.0003	PG-TASAKI2020-0301	unlabeled	NONE	NONE	PDF p. 301; print p. 289; §8.4; paragraph 5, atom 2	Chapter 08	chapter-08	PUBLIC-DOCS-SOURCE-ITEM-REVIEW-V1
IT-TASAKI2020-1538	TASAKI2020	000301.0004	PG-TASAKI2020-0301	equation	equation (8.4.1)	NONE	PDF p. 301; print p. 289; §8.4; equation (8.4.1)	Chapter 08	chapter-08	PUBLIC-DOCS-SOURCE-ITEM-REVIEW-V1
IT-TASAKI2020-1539	TASAKI2020	000301.0005	PG-TASAKI2020-0301	figure	Fig. 8.15	NONE	PDF p. 301; print p. 289; §8.4; Fig. 8.15	Chapter 08	chapter-08	PUBLIC-DOCS-SOURCE-ITEM-REVIEW-V1
IT-TASAKI2020-1540	TASAKI2020	000302.0001	PG-TASAKI2020-0302	unlabeled	NONE	NONE	PDF p. 302; print p. 290; §8.4; paragraph 2, atom 1	Chapter 08	chapter-08	PUBLIC-DOCS-SOURCE-ITEM-REVIEW-V1
IT-TASAKI2020-1541	TASAKI2020	000302.0002	PG-TASAKI2020-0302	unlabeled	NONE	NONE	PDF p. 302; print p. 290; §8.4; paragraph 2, atom 2	Chapter 08	chapter-08	PUBLIC-DOCS-SOURCE-ITEM-REVIEW-V1
IT-TASAKI2020-1542	TASAKI2020	000302.0003	PG-TASAKI2020-0302	equation	equation (8.4.2)	NONE	PDF p. 302; print p. 290; §8.4; equation (8.4.2)	Chapter 08	chapter-08	PUBLIC-DOCS-SOURCE-ITEM-REVIEW-V1
IT-TASAKI2020-1543	TASAKI2020	000302.0004	PG-TASAKI2020-0302	equation	equation (8.4.3)	NONE	PDF p. 302; print p. 290; §8.4; equation (8.4.3)	Chapter 08	chapter-08	PUBLIC-DOCS-SOURCE-ITEM-REVIEW-V1
IT-TASAKI2020-1544	TASAKI2020	000302.0005	PG-TASAKI2020-0302	unlabeled	NONE	NONE	PDF p. 302; print p. 290; §8.4; paragraph 4, atom 1	Chapter 08	chapter-08	PUBLIC-DOCS-SOURCE-ITEM-REVIEW-V1
IT-TASAKI2020-1545	TASAKI2020	000302.0006	PG-TASAKI2020-0302	unlabeled	NONE	NONE	PDF p. 302; print p. 290; §8.4; paragraph 4, atom 2	Chapter 08	chapter-08	PUBLIC-DOCS-SOURCE-ITEM-REVIEW-V1
IT-TASAKI2020-1546	TASAKI2020	000302.0007	PG-TASAKI2020-0302	equation	equation (8.4.4)	NONE	PDF p. 302; print p. 290; §8.4; equation (8.4.4)	Chapter 08	chapter-08	PUBLIC-DOCS-SOURCE-ITEM-REVIEW-V1
IT-TASAKI2020-1547	TASAKI2020	000302.0008	PG-TASAKI2020-0302	equation	equation (8.4.5)	NONE	PDF p. 302; print p. 290; §8.4; equation (8.4.5)	Chapter 08	chapter-08	PUBLIC-DOCS-SOURCE-ITEM-REVIEW-V1
IT-TASAKI2020-1548	TASAKI2020	000302.0009	PG-TASAKI2020-0302	equation	equation (8.4.6)	NONE	PDF p. 302; print p. 290; §8.4; equation (8.4.6)	Chapter 08	chapter-08	PUBLIC-DOCS-SOURCE-ITEM-REVIEW-V1
IT-TASAKI2020-1549	TASAKI2020	000302.0010	PG-TASAKI2020-0302	unlabeled	NONE	NONE	PDF p. 302; print p. 290; §8.4; paragraph 7	Chapter 08	chapter-08	PUBLIC-DOCS-SOURCE-ITEM-REVIEW-V1
IT-TASAKI2020-1550	TASAKI2020	000303.0001	PG-TASAKI2020-0303	equation	equation (8.4.7)	NONE	PDF p. 303; print p. 291; §8.4; equation (8.4.7)	Chapter 08	chapter-08	PUBLIC-DOCS-SOURCE-ITEM-REVIEW-V1
IT-TASAKI2020-1551	TASAKI2020	000303.0002	PG-TASAKI2020-0303	unlabeled	NONE	NONE	PDF p. 303; print p. 291; §8.4; paragraph 2	Chapter 08	chapter-08	PUBLIC-DOCS-SOURCE-ITEM-REVIEW-V1
IT-TASAKI2020-1552	TASAKI2020	000303.0003	PG-TASAKI2020-0303	equation	equation (8.4.8)	NONE	PDF p. 303; print p. 291; §8.4; equation (8.4.8)	Chapter 08	chapter-08	PUBLIC-DOCS-SOURCE-ITEM-REVIEW-V1
IT-TASAKI2020-1553	TASAKI2020	000303.0004	PG-TASAKI2020-0303	equation	equation (8.4.9)	NONE	PDF p. 303; print p. 291; §8.4; equation (8.4.9)	Chapter 08	chapter-08	PUBLIC-DOCS-SOURCE-ITEM-REVIEW-V1
IT-TASAKI2020-1554	TASAKI2020	000303.0005	PG-TASAKI2020-0303	equation	equation (8.4.10)	NONE	PDF p. 303; print p. 291; §8.4; equation (8.4.10)	Chapter 08	chapter-08	PUBLIC-DOCS-SOURCE-ITEM-REVIEW-V1
IT-TASAKI2020-1555	TASAKI2020	000303.0006	PG-TASAKI2020-0303	equation	equation (8.4.11)	NONE	PDF p. 303; print p. 291; §8.4; equation (8.4.11)	Chapter 08	chapter-08	PUBLIC-DOCS-SOURCE-ITEM-REVIEW-V1
IT-TASAKI2020-1556	TASAKI2020	000304.0001	PG-TASAKI2020-0304	unlabeled	NONE	NONE	PDF p. 304; print p. 292; §8.4; paragraph 2	Chapter 08	chapter-08	PUBLIC-DOCS-SOURCE-ITEM-REVIEW-V1
IT-TASAKI2020-1557	TASAKI2020	000304.0002	PG-TASAKI2020-0304	equation	equation (8.4.12)	NONE	PDF p. 304; print p. 292; §8.4; equation (8.4.12)	Chapter 08	chapter-08	PUBLIC-DOCS-SOURCE-ITEM-REVIEW-V1
IT-TASAKI2020-1558	TASAKI2020	000304.0003	PG-TASAKI2020-0304	equation	equation (8.4.13)	NONE	PDF p. 304; print p. 292; §8.4; equation (8.4.13)	Chapter 08	chapter-08	PUBLIC-DOCS-SOURCE-ITEM-REVIEW-V1
IT-TASAKI2020-1559	TASAKI2020	000304.0004	PG-TASAKI2020-0304	equation	equation (8.4.14)	NONE	PDF p. 304; print p. 292; §8.4; equation (8.4.14)	Chapter 08	chapter-08	PUBLIC-DOCS-SOURCE-ITEM-REVIEW-V1
IT-TASAKI2020-1560	TASAKI2020	000304.0005	PG-TASAKI2020-0304	equation	equation (8.4.15)	NONE	PDF p. 304; print p. 292; §8.4; equation (8.4.15)	Chapter 08	chapter-08	PUBLIC-DOCS-SOURCE-ITEM-REVIEW-V1
IT-TASAKI2020-1561	TASAKI2020	000305.0001	PG-TASAKI2020-0305	equation	equation (8.4.16)	NONE	PDF p. 305; print p. 293; §8.4; equation (8.4.16)	Chapter 08	chapter-08	PUBLIC-DOCS-SOURCE-ITEM-REVIEW-V1
IT-TASAKI2020-1562	TASAKI2020	000305.0002	PG-TASAKI2020-0305	unlabeled	NONE	NONE	PDF p. 305; print p. 293; §8.4; paragraph 6, atom 2	Chapter 08	chapter-08	PUBLIC-DOCS-SOURCE-ITEM-REVIEW-V1
IT-TASAKI2020-1563	TASAKI2020	000305.0003	PG-TASAKI2020-0305	equation	equation (8.4.17)	NONE	PDF p. 305; print p. 293; §8.4; equation (8.4.17)	Chapter 08	chapter-08	PUBLIC-DOCS-SOURCE-ITEM-REVIEW-V1
IT-TASAKI2020-1564	TASAKI2020	000306.0001	PG-TASAKI2020-0306	unlabeled	NONE	NONE	PDF p. 306; print p. 294; §8.4; paragraph 6	Chapter 08	chapter-08	PUBLIC-DOCS-SOURCE-ITEM-REVIEW-V1
IT-TASAKI2020-1565	TASAKI2020	000306.0002	PG-TASAKI2020-0306	figure	Fig. 8.17	NONE	PDF p. 306; print p. 294; §8.4; Fig. 8.17	Chapter 08	chapter-08	PUBLIC-DOCS-SOURCE-ITEM-REVIEW-V1
IT-TASAKI2020-1566	TASAKI2020	000307.0001	PG-TASAKI2020-0307	unlabeled	NONE	NONE	PDF p. 307; print p. 295; §8.4; paragraph 3, atom 1	Chapter 08	chapter-08	PUBLIC-DOCS-SOURCE-ITEM-REVIEW-V1
IT-TASAKI2020-1567	TASAKI2020	000307.0002	PG-TASAKI2020-0307	unlabeled	NONE	NONE	PDF p. 307; print p. 295; §8.4; paragraph 3, atom 2	Chapter 08	chapter-08	PUBLIC-DOCS-SOURCE-ITEM-REVIEW-V1
IT-TASAKI2020-1568	TASAKI2020	000307.0003	PG-TASAKI2020-0307	problem	Problem 8.4.a	NONE	PDF p. 307; print p. 295; §8.4; Problem 8.4.a	Chapter 08	chapter-08	PUBLIC-DOCS-SOURCE-ITEM-REVIEW-V1
IT-TASAKI2020-1569	TASAKI2020	000307.0004	PG-TASAKI2020-0307	equation	equation (8.4.18)	NONE	PDF p. 307; print p. 295; §8.4; equation (8.4.18)	Chapter 08	chapter-08	PUBLIC-DOCS-SOURCE-ITEM-REVIEW-V1
IT-TASAKI2020-1570	TASAKI2020	000307.0005	PG-TASAKI2020-0307	problem	Problem 8.4.b	NONE	PDF p. 307; print p. 295; §8.4; Problem 8.4.b	Chapter 08	chapter-08	PUBLIC-DOCS-SOURCE-ITEM-REVIEW-V1
IT-TASAKI2020-1571	TASAKI2020	000307.0006	PG-TASAKI2020-0307	equation	equation (8.4.19)	NONE	PDF p. 307; print p. 295; §8.4; equation (8.4.19)	Chapter 08	chapter-08	PUBLIC-DOCS-SOURCE-ITEM-REVIEW-V1
IT-TASAKI2020-1572	TASAKI2020	000307.0007	PG-TASAKI2020-0307	figure	Fig. 8.18	NONE	PDF p. 307; print p. 295; §8.4; Fig. 8.18	Chapter 08	chapter-08	PUBLIC-DOCS-SOURCE-ITEM-REVIEW-V1
IT-TASAKI2020-1573	TASAKI2020	000308.0001	PG-TASAKI2020-0308	theorem	Theorem 8.9	NONE	PDF p. 308; print p. 296; §8.4; Theorem 8.9	Chapter 08	chapter-08	PUBLIC-DOCS-SOURCE-ITEM-REVIEW-V1
IT-TASAKI2020-1574	TASAKI2020	000309.0001	PG-TASAKI2020-0309	equation	equation (8.4.20)	NONE	PDF p. 309; print p. 297; §8.4; equation (8.4.20)	Chapter 08	chapter-08	PUBLIC-DOCS-SOURCE-ITEM-REVIEW-V1
IT-TASAKI2020-1575	TASAKI2020	000309.0002	PG-TASAKI2020-0309	problem	Problem 8.4.c	NONE	PDF p. 309; print p. 297; §8.4; Problem 8.4.c	Chapter 08	chapter-08	PUBLIC-DOCS-SOURCE-ITEM-REVIEW-V1
IT-TASAKI2020-1576	TASAKI2020	000317.0001	PG-TASAKI2020-0317	unlabeled	NONE	NONE	PDF p. 317; print p. 305; §9.1; paragraph 4	Chapter 09	chapter-09	PUBLIC-DOCS-SOURCE-ITEM-REVIEW-V1
IT-TASAKI2020-1577	TASAKI2020	000320.0001	PG-TASAKI2020-0320	equation	equation (9.2.1)	NONE	PDF p. 320; print p. 308; §9.2.1; equation (9.2.1)	Chapter 09	chapter-09	PUBLIC-DOCS-SOURCE-ITEM-REVIEW-V1
IT-TASAKI2020-1578	TASAKI2020	000320.0002	PG-TASAKI2020-0320	unlabeled	NONE	NONE	PDF p. 320; print p. 308; §9.2.1; paragraph 5, atom 1	Chapter 09	chapter-09	PUBLIC-DOCS-SOURCE-ITEM-REVIEW-V1
IT-TASAKI2020-1579	TASAKI2020	000320.0003	PG-TASAKI2020-0320	unlabeled	NONE	NONE	PDF p. 320; print p. 308; §9.2.1; paragraph 5, atom 2	Chapter 09	chapter-09	PUBLIC-DOCS-SOURCE-ITEM-REVIEW-V1
IT-TASAKI2020-1580	TASAKI2020	000320.0004	PG-TASAKI2020-0320	unlabeled	NONE	NONE	PDF p. 320; print p. 308; §9.2.1; paragraph 5, atom 3	Chapter 09	chapter-09	PUBLIC-DOCS-SOURCE-ITEM-REVIEW-V1
IT-TASAKI2020-1581	TASAKI2020	000320.0005	PG-TASAKI2020-0320	unlabeled	NONE	NONE	PDF p. 320; print p. 308; §9.2.1; paragraph 5, atom 4	Chapter 09	chapter-09	PUBLIC-DOCS-SOURCE-ITEM-REVIEW-V1
IT-TASAKI2020-1582	TASAKI2020	000320.0006	PG-TASAKI2020-0320	equation	equation (9.2.2)	NONE	PDF p. 320; print p. 308; §9.2.1; equation (9.2.2)	Chapter 09	chapter-09	PUBLIC-DOCS-SOURCE-ITEM-REVIEW-V1
IT-TASAKI2020-1583	TASAKI2020	000320.0007	PG-TASAKI2020-0320	unlabeled	NONE	NONE	PDF p. 320; print p. 308; §9.2.1; paragraph 8	Chapter 09	chapter-09	PUBLIC-DOCS-SOURCE-ITEM-REVIEW-V1
IT-TASAKI2020-1584	TASAKI2020	000321.0001	PG-TASAKI2020-0321	equation	equation (9.2.3)	NONE	PDF p. 321; print p. 309; §9.2.1; equation (9.2.3)	Chapter 09	chapter-09	PUBLIC-DOCS-SOURCE-ITEM-REVIEW-V1
IT-TASAKI2020-1585	TASAKI2020	000321.0002	PG-TASAKI2020-0321	equation	equation (9.2.4)	NONE	PDF p. 321; print p. 309; §9.2.1; equation (9.2.4)	Chapter 09	chapter-09	PUBLIC-DOCS-SOURCE-ITEM-REVIEW-V1
IT-TASAKI2020-1586	TASAKI2020	000321.0003	PG-TASAKI2020-0321	figure	Fig. 9.1	NONE	PDF p. 321; print p. 309; §9.2.1; Fig. 9.1	Chapter 09	chapter-09	PUBLIC-DOCS-SOURCE-ITEM-REVIEW-V1
IT-TASAKI2020-1587	TASAKI2020	000322.0001	PG-TASAKI2020-0322	equation	equation (9.2.5)	NONE	PDF p. 322; print p. 310; §9.2.1; equation (9.2.5)	Chapter 09	chapter-09	PUBLIC-DOCS-SOURCE-ITEM-REVIEW-V1
IT-TASAKI2020-1588	TASAKI2020	000322.0002	PG-TASAKI2020-0322	equation	equation (9.2.6)	NONE	PDF p. 322; print p. 310; §9.2.1; equation (9.2.6)	Chapter 09	chapter-09	PUBLIC-DOCS-SOURCE-ITEM-REVIEW-V1
IT-TASAKI2020-1589	TASAKI2020	000322.0003	PG-TASAKI2020-0322	unlabeled	NONE	NONE	PDF p. 322; print p. 310; §9.2.1; paragraph 6; audit split atom 1/3	Chapter 09	chapter-09	PUBLIC-DOCS-SOURCE-ITEM-REVIEW-V1
IT-TASAKI2020-1590	TASAKI2020	000322.0004	PG-TASAKI2020-0322	unlabeled	NONE	NONE	PDF p. 322; print p. 310; §9.2.1; paragraph 6; audit split atom 2/3	Chapter 09	chapter-09	PUBLIC-DOCS-SOURCE-ITEM-REVIEW-V1
IT-TASAKI2020-1591	TASAKI2020	000322.0005	PG-TASAKI2020-0322	unlabeled	NONE	NONE	PDF p. 322; print p. 310; §9.2.1; paragraph 6; atom 1	Chapter 09	chapter-09	PUBLIC-DOCS-SOURCE-ITEM-REVIEW-V1
IT-TASAKI2020-1592	TASAKI2020	000322.0006	PG-TASAKI2020-0322	unlabeled	NONE	NONE	PDF p. 322; print p. 310; §9.2.1; paragraph 6; atom 2	Chapter 09	chapter-09	PUBLIC-DOCS-SOURCE-ITEM-REVIEW-V1
IT-TASAKI2020-1593	TASAKI2020	000322.0007	PG-TASAKI2020-0322	unlabeled	NONE	NONE	PDF p. 322; print p. 310; §9.2.2; paragraph 8, atom 1	Chapter 09	chapter-09	PUBLIC-DOCS-SOURCE-ITEM-REVIEW-V1
IT-TASAKI2020-1594	TASAKI2020	000322.0008	PG-TASAKI2020-0322	unlabeled	NONE	NONE	PDF p. 322; print p. 310; §9.2.2; paragraph 8, atom 2	Chapter 09	chapter-09	PUBLIC-DOCS-SOURCE-ITEM-REVIEW-V1
IT-TASAKI2020-1595	TASAKI2020	000322.0009	PG-TASAKI2020-0322	equation	equation (9.2.7)	NONE	PDF p. 322; print p. 310; §9.2.2; equation (9.2.7)	Chapter 09	chapter-09	PUBLIC-DOCS-SOURCE-ITEM-REVIEW-V1
IT-TASAKI2020-1596	TASAKI2020	000322.0010	PG-TASAKI2020-0322	unlabeled	NONE	NONE	PDF p. 322; print p. 310; §9.2.2; paragraph 11	Chapter 09	chapter-09	PUBLIC-DOCS-SOURCE-ITEM-REVIEW-V1
IT-TASAKI2020-1597	TASAKI2020	000323.0001	PG-TASAKI2020-0323	equation	equation (9.2.8)	NONE	PDF p. 323; print p. 311; §9.2.2; equation (9.2.8)	Chapter 09	chapter-09	PUBLIC-DOCS-SOURCE-ITEM-REVIEW-V1
IT-TASAKI2020-1598	TASAKI2020	000323.0002	PG-TASAKI2020-0323	unlabeled	NONE	NONE	PDF p. 323; print p. 311; §9.2.2; paragraph 4, atom 1	Chapter 09	chapter-09	PUBLIC-DOCS-SOURCE-ITEM-REVIEW-V1
IT-TASAKI2020-1599	TASAKI2020	000323.0003	PG-TASAKI2020-0323	unlabeled	NONE	NONE	PDF p. 323; print p. 311; §9.2.2; paragraph 4, atom 2	Chapter 09	chapter-09	PUBLIC-DOCS-SOURCE-ITEM-REVIEW-V1
IT-TASAKI2020-1600	TASAKI2020	000323.0004	PG-TASAKI2020-0323	equation	equation (9.2.9)	NONE	PDF p. 323; print p. 311; §9.2.2; equation (9.2.9)	Chapter 09	chapter-09	PUBLIC-DOCS-SOURCE-ITEM-REVIEW-V1
IT-TASAKI2020-1601	TASAKI2020	000323.0005	PG-TASAKI2020-0323	unlabeled	NONE	NONE	PDF p. 323; print p. 311; §9.2.2; paragraph 5	Chapter 09	chapter-09	PUBLIC-DOCS-SOURCE-ITEM-REVIEW-V1
IT-TASAKI2020-1602	TASAKI2020	000323.0006	PG-TASAKI2020-0323	equation	equation (9.2.10)	NONE	PDF p. 323; print p. 311; §9.2.2; equation (9.2.10)	Chapter 09	chapter-09	PUBLIC-DOCS-SOURCE-ITEM-REVIEW-V1
IT-TASAKI2020-1603	TASAKI2020	000323.0007	PG-TASAKI2020-0323	equation	equation (9.2.11)	NONE	PDF p. 323; print p. 311; §9.2.2; equation (9.2.11)	Chapter 09	chapter-09	PUBLIC-DOCS-SOURCE-ITEM-REVIEW-V1
IT-TASAKI2020-1604	TASAKI2020	000323.0008	PG-TASAKI2020-0323	equation	equation (9.2.12)	NONE	PDF p. 323; print p. 311; §9.2.2; equation (9.2.12)	Chapter 09	chapter-09	PUBLIC-DOCS-SOURCE-ITEM-REVIEW-V1
IT-TASAKI2020-1605	TASAKI2020	000323.0009	PG-TASAKI2020-0323	unlabeled	NONE	NONE	PDF p. 323; print p. 311; §9.2.2; paragraph 11	Chapter 09	chapter-09	PUBLIC-DOCS-SOURCE-ITEM-REVIEW-V1
IT-TASAKI2020-1606	TASAKI2020	000323.0010	PG-TASAKI2020-0323	equation	equation (9.2.13)	NONE	PDF p. 323; print p. 311; §9.2.2; equation (9.2.13)	Chapter 09	chapter-09	PUBLIC-DOCS-SOURCE-ITEM-REVIEW-V1
IT-TASAKI2020-1607	TASAKI2020	000324.0001	PG-TASAKI2020-0324	unlabeled	NONE	NONE	PDF p. 324; print p. 312; §9.2.2; paragraph 3, atom 1	Chapter 09	chapter-09	PUBLIC-DOCS-SOURCE-ITEM-REVIEW-V1
IT-TASAKI2020-1608	TASAKI2020	000324.0002	PG-TASAKI2020-0324	unlabeled	NONE	NONE	PDF p. 324; print p. 312; §9.2.2; paragraph 3, atom 2	Chapter 09	chapter-09	PUBLIC-DOCS-SOURCE-ITEM-REVIEW-V1
IT-TASAKI2020-1609	TASAKI2020	000324.0003	PG-TASAKI2020-0324	equation	equation (9.2.14)	NONE	PDF p. 324; print p. 312; §9.2.2; equation (9.2.14)	Chapter 09	chapter-09	PUBLIC-DOCS-SOURCE-ITEM-REVIEW-V1
IT-TASAKI2020-1610	TASAKI2020	000324.0004	PG-TASAKI2020-0324	equation	equation (9.2.15)	NONE	PDF p. 324; print p. 312; §9.2.2; equation (9.2.15)	Chapter 09	chapter-09	PUBLIC-DOCS-SOURCE-ITEM-REVIEW-V1
IT-TASAKI2020-1611	TASAKI2020	000324.0005	PG-TASAKI2020-0324	equation	equation (9.2.16)	NONE	PDF p. 324; print p. 312; §9.2.2; equation (9.2.16)	Chapter 09	chapter-09	PUBLIC-DOCS-SOURCE-ITEM-REVIEW-V1
IT-TASAKI2020-1612	TASAKI2020	000324.0006	PG-TASAKI2020-0324	equation	equation (9.2.17)	NONE	PDF p. 324; print p. 312; §9.2.2; equation (9.2.17)	Chapter 09	chapter-09	PUBLIC-DOCS-SOURCE-ITEM-REVIEW-V1
IT-TASAKI2020-1613	TASAKI2020	000324.0007	PG-TASAKI2020-0324	equation	equation (9.2.18)	NONE	PDF p. 324; print p. 312; §9.2.2; equation (9.2.18)	Chapter 09	chapter-09	PUBLIC-DOCS-SOURCE-ITEM-REVIEW-V1
IT-TASAKI2020-1614	TASAKI2020	000325.0001	PG-TASAKI2020-0325	equation	equation (9.2.19)	NONE	PDF p. 325; print p. 313; §9.2.2; equation (9.2.19)	Chapter 09	chapter-09	PUBLIC-DOCS-SOURCE-ITEM-REVIEW-V1
IT-TASAKI2020-1615	TASAKI2020	000325.0002	PG-TASAKI2020-0325	equation	equation (9.2.20)	NONE	PDF p. 325; print p. 313; §9.2.2; equation (9.2.20)	Chapter 09	chapter-09	PUBLIC-DOCS-SOURCE-ITEM-REVIEW-V1
IT-TASAKI2020-1616	TASAKI2020	000325.0003	PG-TASAKI2020-0325	equation	equation (9.2.21)	NONE	PDF p. 325; print p. 313; §9.2.2; equation (9.2.21)	Chapter 09	chapter-09	PUBLIC-DOCS-SOURCE-ITEM-REVIEW-V1
IT-TASAKI2020-1617	TASAKI2020	000325.0004	PG-TASAKI2020-0325	equation	equation (9.2.22)	NONE	PDF p. 325; print p. 313; §9.2.2; equation (9.2.22)	Chapter 09	chapter-09	PUBLIC-DOCS-SOURCE-ITEM-REVIEW-V1
IT-TASAKI2020-1618	TASAKI2020	000325.0005	PG-TASAKI2020-0325	equation	equation (9.2.23)	NONE	PDF p. 325; print p. 313; §9.2.2; equation (9.2.23)	Chapter 09	chapter-09	PUBLIC-DOCS-SOURCE-ITEM-REVIEW-V1
IT-TASAKI2020-1619	TASAKI2020	000326.0001	PG-TASAKI2020-0326	equation	equation (9.2.24)	NONE	PDF p. 326; print p. 314; §9.2.2; equation (9.2.24)	Chapter 09	chapter-09	PUBLIC-DOCS-SOURCE-ITEM-REVIEW-V1
IT-TASAKI2020-1620	TASAKI2020	000326.0002	PG-TASAKI2020-0326	equation	equation (9.2.25)	NONE	PDF p. 326; print p. 314; §9.2.2; equation (9.2.25)	Chapter 09	chapter-09	PUBLIC-DOCS-SOURCE-ITEM-REVIEW-V1
IT-TASAKI2020-1621	TASAKI2020	000326.0003	PG-TASAKI2020-0326	equation	equation (9.2.26)	NONE	PDF p. 326; print p. 314; §9.2.2; equation (9.2.26)	Chapter 09	chapter-09	PUBLIC-DOCS-SOURCE-ITEM-REVIEW-V1
IT-TASAKI2020-1622	TASAKI2020	000326.0004	PG-TASAKI2020-0326	equation	equation (9.2.27)	NONE	PDF p. 326; print p. 314; §9.2.3; equation (9.2.27)	Chapter 09	chapter-09	PUBLIC-DOCS-SOURCE-ITEM-REVIEW-V1
IT-TASAKI2020-1623	TASAKI2020	000326.0005	PG-TASAKI2020-0326	equation	equation (9.2.28)	NONE	PDF p. 326; print p. 314; §9.2.3; equation (9.2.28)	Chapter 09	chapter-09	PUBLIC-DOCS-SOURCE-ITEM-REVIEW-V1
IT-TASAKI2020-1624	TASAKI2020	000326.0006	PG-TASAKI2020-0326	unlabeled	NONE	NONE	PDF p. 326; print p. 314; §9.2.3; paragraph 11, atom 1	Chapter 09	chapter-09	PUBLIC-DOCS-SOURCE-ITEM-REVIEW-V1
IT-TASAKI2020-1625	TASAKI2020	000326.0007	PG-TASAKI2020-0326	unlabeled	NONE	NONE	PDF p. 326; print p. 314; §9.2.3; paragraph 11, atom 2	Chapter 09	chapter-09	PUBLIC-DOCS-SOURCE-ITEM-REVIEW-V1
IT-TASAKI2020-1626	TASAKI2020	000327.0001	PG-TASAKI2020-0327	equation	equation (9.2.29)	NONE	PDF p. 327; print p. 315; §9.2.3; equation (9.2.29)	Chapter 09	chapter-09	PUBLIC-DOCS-SOURCE-ITEM-REVIEW-V1
IT-TASAKI2020-1627	TASAKI2020	000327.0002	PG-TASAKI2020-0327	equation	equation (9.2.30)	NONE	PDF p. 327; print p. 315; §9.2.3; equation (9.2.30)	Chapter 09	chapter-09	PUBLIC-DOCS-SOURCE-ITEM-REVIEW-V1
IT-TASAKI2020-1628	TASAKI2020	000327.0003	PG-TASAKI2020-0327	unlabeled	NONE	NONE	PDF p. 327; print p. 315; §9.2.3; paragraph 5	Chapter 09	chapter-09	PUBLIC-DOCS-SOURCE-ITEM-REVIEW-V1
IT-TASAKI2020-1629	TASAKI2020	000327.0004	PG-TASAKI2020-0327	equation	equation (9.2.31)	NONE	PDF p. 327; print p. 315; §9.2.3; equation (9.2.31)	Chapter 09	chapter-09	PUBLIC-DOCS-SOURCE-ITEM-REVIEW-V1
IT-TASAKI2020-1630	TASAKI2020	000327.0005	PG-TASAKI2020-0327	equation	equation (9.2.32)	NONE	PDF p. 327; print p. 315; §9.2.3; equation (9.2.32)	Chapter 09	chapter-09	PUBLIC-DOCS-SOURCE-ITEM-REVIEW-V1
IT-TASAKI2020-1631	TASAKI2020	000327.0006	PG-TASAKI2020-0327	equation	equation (9.2.33)	NONE	PDF p. 327; print p. 315; §9.2.3; equation (9.2.33)	Chapter 09	chapter-09	PUBLIC-DOCS-SOURCE-ITEM-REVIEW-V1
IT-TASAKI2020-1632	TASAKI2020	000327.0007	PG-TASAKI2020-0327	equation	equation (9.2.34)	NONE	PDF p. 327; print p. 315; §9.2.3; equation (9.2.34)	Chapter 09	chapter-09	PUBLIC-DOCS-SOURCE-ITEM-REVIEW-V1
IT-TASAKI2020-1633	TASAKI2020	000327.0008	PG-TASAKI2020-0327	unlabeled	NONE	NONE	PDF p. 327; print p. 315; §9.2.3; paragraph 11	Chapter 09	chapter-09	PUBLIC-DOCS-SOURCE-ITEM-REVIEW-V1
IT-TASAKI2020-1634	TASAKI2020	000327.0009	PG-TASAKI2020-0327	equation	equation (9.2.35)	NONE	PDF p. 327; print p. 315; §9.2.3; equation (9.2.35)	Chapter 09	chapter-09	PUBLIC-DOCS-SOURCE-ITEM-REVIEW-V1
IT-TASAKI2020-1635	TASAKI2020	000327.0010	PG-TASAKI2020-0327	unlabeled	NONE	NONE	PDF p. 327; print p. 315; §9.2.3; paragraph 13	Chapter 09	chapter-09	PUBLIC-DOCS-SOURCE-ITEM-REVIEW-V1
IT-TASAKI2020-1636	TASAKI2020	000328.0001	PG-TASAKI2020-0328	unlabeled	NONE	NONE	PDF p. 328; print p. 316; §9.2.3; paragraph 3	Chapter 09	chapter-09	PUBLIC-DOCS-SOURCE-ITEM-REVIEW-V1
IT-TASAKI2020-1637	TASAKI2020	000328.0002	PG-TASAKI2020-0328	equation	equation (9.2.36)	NONE	PDF p. 328; print p. 316; §9.2.3; equation (9.2.36)	Chapter 09	chapter-09	PUBLIC-DOCS-SOURCE-ITEM-REVIEW-V1
IT-TASAKI2020-1638	TASAKI2020	000328.0003	PG-TASAKI2020-0328	unlabeled	NONE	NONE	PDF p. 328; print p. 316; §9.2.3; paragraph 4	Chapter 09	chapter-09	PUBLIC-DOCS-SOURCE-ITEM-REVIEW-V1
IT-TASAKI2020-1639	TASAKI2020	000328.0004	PG-TASAKI2020-0328	equation	equation (9.2.37)	NONE	PDF p. 328; print p. 316; §9.2.3; equation (9.2.37)	Chapter 09	chapter-09	PUBLIC-DOCS-SOURCE-ITEM-REVIEW-V1
IT-TASAKI2020-1640	TASAKI2020	000328.0005	PG-TASAKI2020-0328	unlabeled	NONE	NONE	PDF p. 328; print p. 316; §9.2.3; paragraph 6, atom 2; atom 1	Chapter 09	chapter-09	PUBLIC-DOCS-SOURCE-ITEM-REVIEW-V1
IT-TASAKI2020-1641	TASAKI2020	000328.0006	PG-TASAKI2020-0328	unlabeled	NONE	NONE	PDF p. 328; print p. 316; §9.2.3; paragraph 6, atom 2; atom 2	Chapter 09	chapter-09	PUBLIC-DOCS-SOURCE-ITEM-REVIEW-V1
IT-TASAKI2020-1642	TASAKI2020	000328.0007	PG-TASAKI2020-0328	figure	Fig. 9.2	NONE	PDF p. 328; print p. 316; §9.2.3; Fig. 9.2	Chapter 09	chapter-09	PUBLIC-DOCS-SOURCE-ITEM-REVIEW-V1
IT-TASAKI2020-1643	TASAKI2020	000329.0001	PG-TASAKI2020-0329	equation	equation (9.2.38)	NONE	PDF p. 329; print p. 317; §9.2.3; equation (9.2.38)	Chapter 09	chapter-09	PUBLIC-DOCS-SOURCE-ITEM-REVIEW-V1
IT-TASAKI2020-1644	TASAKI2020	000329.0002	PG-TASAKI2020-0329	unlabeled	NONE	NONE	PDF p. 329; print p. 317; §9.2.3; paragraph 3	Chapter 09	chapter-09	PUBLIC-DOCS-SOURCE-ITEM-REVIEW-V1
IT-TASAKI2020-1645	TASAKI2020	000329.0003	PG-TASAKI2020-0329	equation	equation (9.2.39)	NONE	PDF p. 329; print p. 317; §9.2.3; equation (9.2.39)	Chapter 09	chapter-09	PUBLIC-DOCS-SOURCE-ITEM-REVIEW-V1
IT-TASAKI2020-1646	TASAKI2020	000329.0004	PG-TASAKI2020-0329	equation	equation (9.2.40)	NONE	PDF p. 329; print p. 317; §9.2.3; equation (9.2.40)	Chapter 09	chapter-09	PUBLIC-DOCS-SOURCE-ITEM-REVIEW-V1
IT-TASAKI2020-1647	TASAKI2020	000329.0005	PG-TASAKI2020-0329	equation	equation (9.2.41)	NONE	PDF p. 329; print p. 317; §9.2.3; equation (9.2.41)	Chapter 09	chapter-09	PUBLIC-DOCS-SOURCE-ITEM-REVIEW-V1
IT-TASAKI2020-1648	TASAKI2020	000329.0006	PG-TASAKI2020-0329	equation	equation (9.2.42)	NONE	PDF p. 329; print p. 317; §9.2.3; equation (9.2.42)	Chapter 09	chapter-09	PUBLIC-DOCS-SOURCE-ITEM-REVIEW-V1
IT-TASAKI2020-1649	TASAKI2020	000329.0007	PG-TASAKI2020-0329	equation	equation (9.2.43)	NONE	PDF p. 329; print p. 317; §9.2.3; equation (9.2.43)	Chapter 09	chapter-09	PUBLIC-DOCS-SOURCE-ITEM-REVIEW-V1
IT-TASAKI2020-1650	TASAKI2020	000329.0008	PG-TASAKI2020-0329	unlabeled	NONE	NONE	PDF p. 329; print p. 317; §9.2.3; paragraph 9	Chapter 09	chapter-09	PUBLIC-DOCS-SOURCE-ITEM-REVIEW-V1
IT-TASAKI2020-1651	TASAKI2020	000330.0001	PG-TASAKI2020-0330	equation	equation (9.2.44)	NONE	PDF p. 330; print p. 318; §9.2.3; equation (9.2.44)	Chapter 09	chapter-09	PUBLIC-DOCS-SOURCE-ITEM-REVIEW-V1
IT-TASAKI2020-1652	TASAKI2020	000330.0002	PG-TASAKI2020-0330	equation	equation (9.2.45)	NONE	PDF p. 330; print p. 318; §9.2.3; equation (9.2.45)	Chapter 09	chapter-09	PUBLIC-DOCS-SOURCE-ITEM-REVIEW-V1
IT-TASAKI2020-1653	TASAKI2020	000330.0003	PG-TASAKI2020-0330	problem	Problem 9.2.3.a	NONE	PDF p. 330; print p. 318; §9.2.3; Problem 9.2.3.a	Chapter 09	chapter-09	PUBLIC-DOCS-SOURCE-ITEM-REVIEW-V1
IT-TASAKI2020-1654	TASAKI2020	000330.0004	PG-TASAKI2020-0330	equation	equation (9.2.46)	NONE	PDF p. 330; print p. 318; §9.2.3; equation (9.2.46)	Chapter 09	chapter-09	PUBLIC-DOCS-SOURCE-ITEM-REVIEW-V1
IT-TASAKI2020-1655	TASAKI2020	000330.0005	PG-TASAKI2020-0330	unlabeled	NONE	NONE	PDF p. 330; print p. 318; §9.2.3; paragraph 6	Chapter 09	chapter-09	PUBLIC-DOCS-SOURCE-ITEM-REVIEW-V1
IT-TASAKI2020-1656	TASAKI2020	000330.0006	PG-TASAKI2020-0330	equation	equation (9.2.47)	NONE	PDF p. 330; print p. 318; §9.2.3; equation (9.2.47)	Chapter 09	chapter-09	PUBLIC-DOCS-SOURCE-ITEM-REVIEW-V1
IT-TASAKI2020-1657	TASAKI2020	000330.0007	PG-TASAKI2020-0330	equation	equation (9.2.48)	NONE	PDF p. 330; print p. 318; §9.2.3; equation (9.2.48)	Chapter 09	chapter-09	PUBLIC-DOCS-SOURCE-ITEM-REVIEW-V1
IT-TASAKI2020-1658	TASAKI2020	000330.0008	PG-TASAKI2020-0330	unlabeled	NONE	NONE	PDF p. 330; print p. 318; §9.2.3; paragraph 8, atom 1	Chapter 09	chapter-09	PUBLIC-DOCS-SOURCE-ITEM-REVIEW-V1
IT-TASAKI2020-1659	TASAKI2020	000330.0009	PG-TASAKI2020-0330	equation	equation (9.2.49)	NONE	PDF p. 330; print p. 318; §9.2.3; equation (9.2.49)	Chapter 09	chapter-09	PUBLIC-DOCS-SOURCE-ITEM-REVIEW-V1
IT-TASAKI2020-1660	TASAKI2020	000331.0001	PG-TASAKI2020-0331	equation	equation (9.2.50)	NONE	PDF p. 331; print p. 319; §9.2.3; equation (9.2.50)	Chapter 09	chapter-09	PUBLIC-DOCS-SOURCE-ITEM-REVIEW-V1
IT-TASAKI2020-1661	TASAKI2020	000331.0002	PG-TASAKI2020-0331	equation	equation (9.2.51)	NONE	PDF p. 331; print p. 319; §9.2.3; equation (9.2.51)	Chapter 09	chapter-09	PUBLIC-DOCS-SOURCE-ITEM-REVIEW-V1
IT-TASAKI2020-1662	TASAKI2020	000331.0003	PG-TASAKI2020-0331	problem	Problem 9.2.3.b	NONE	PDF p. 331; print p. 319; §9.2.3; Problem 9.2.3.b	Chapter 09	chapter-09	PUBLIC-DOCS-SOURCE-ITEM-REVIEW-V1
IT-TASAKI2020-1663	TASAKI2020	000331.0004	PG-TASAKI2020-0331	equation	equation (9.2.52)	NONE	PDF p. 331; print p. 319; §9.2.3; equation (9.2.52)	Chapter 09	chapter-09	PUBLIC-DOCS-SOURCE-ITEM-REVIEW-V1
IT-TASAKI2020-1664	TASAKI2020	000331.0005	PG-TASAKI2020-0331	unlabeled	NONE	NONE	PDF p. 331; print p. 319; §9.2.3; paragraph 7	Chapter 09	chapter-09	PUBLIC-DOCS-SOURCE-ITEM-REVIEW-V1
IT-TASAKI2020-1665	TASAKI2020	000331.0006	PG-TASAKI2020-0331	lemma	Lemma 9.1	NONE	PDF p. 331; print p. 319; §9.2.3; Lemma 9.1	Chapter 09	chapter-09	PUBLIC-DOCS-SOURCE-ITEM-REVIEW-V1
IT-TASAKI2020-1666	TASAKI2020	000331.0007	PG-TASAKI2020-0331	equation	equation (9.2.53)	NONE	PDF p. 331; print p. 319; §9.2.3; equation (9.2.53)	Chapter 09	chapter-09	PUBLIC-DOCS-SOURCE-ITEM-REVIEW-V1
IT-TASAKI2020-1667	TASAKI2020	000331.0008	PG-TASAKI2020-0331	equation	equation (9.2.54)	NONE	PDF p. 331; print p. 319; §9.2.3; equation (9.2.54)	Chapter 09	chapter-09	PUBLIC-DOCS-SOURCE-ITEM-REVIEW-V1
IT-TASAKI2020-1668	TASAKI2020	000332.0001	PG-TASAKI2020-0332	equation	equation (9.2.55)	NONE	PDF p. 332; print p. 320; §9.2.3; equation (9.2.55)	Chapter 09	chapter-09	PUBLIC-DOCS-SOURCE-ITEM-REVIEW-V1
IT-TASAKI2020-1669	TASAKI2020	000332.0002	PG-TASAKI2020-0332	equation	equation (9.2.56)	NONE	PDF p. 332; print p. 320; §9.2.3; equation (9.2.56)	Chapter 09	chapter-09	PUBLIC-DOCS-SOURCE-ITEM-REVIEW-V1
IT-TASAKI2020-1670	TASAKI2020	000332.0003	PG-TASAKI2020-0332	equation	equation (9.2.57)	NONE	PDF p. 332; print p. 320; §9.2.3; equation (9.2.57)	Chapter 09	chapter-09	PUBLIC-DOCS-SOURCE-ITEM-REVIEW-V1
IT-TASAKI2020-1671	TASAKI2020	000332.0004	PG-TASAKI2020-0332	unlabeled	NONE	NONE	PDF p. 332; print p. 320; §9.2.3; paragraph 5; audit split atom 1/2	Chapter 09	chapter-09	PUBLIC-DOCS-SOURCE-ITEM-REVIEW-V1
IT-TASAKI2020-1672	TASAKI2020	000332.0005	PG-TASAKI2020-0332	unlabeled	NONE	NONE	PDF p. 332; print p. 320; §9.2.3; paragraph 5; audit split atom 2/2	Chapter 09	chapter-09	PUBLIC-DOCS-SOURCE-ITEM-REVIEW-V1
IT-TASAKI2020-1673	TASAKI2020	000332.0006	PG-TASAKI2020-0332	equation	equation (9.2.58)	NONE	PDF p. 332; print p. 320; §9.2.3; equation (9.2.58)	Chapter 09	chapter-09	PUBLIC-DOCS-SOURCE-ITEM-REVIEW-V1
IT-TASAKI2020-1674	TASAKI2020	000332.0007	PG-TASAKI2020-0332	unlabeled	NONE	NONE	PDF p. 332; print p. 320; §9.2.3; paragraph 6, atom 1	Chapter 09	chapter-09	PUBLIC-DOCS-SOURCE-ITEM-REVIEW-V1
IT-TASAKI2020-1675	TASAKI2020	000332.0008	PG-TASAKI2020-0332	lemma	Lemma 9.2	NONE	PDF p. 332; print p. 320; §9.2.3; Lemma 9.2	Chapter 09	chapter-09	PUBLIC-DOCS-SOURCE-ITEM-REVIEW-V1
IT-TASAKI2020-1676	TASAKI2020	000332.0009	PG-TASAKI2020-0332	unlabeled	NONE	NONE	PDF p. 332; print p. 320; §9.2.3; paragraph 6, atom 2	Chapter 09	chapter-09	PUBLIC-DOCS-SOURCE-ITEM-REVIEW-V1
IT-TASAKI2020-1677	TASAKI2020	000332.0010	PG-TASAKI2020-0332	lemma	Lemma 9.3	NONE	PDF p. 332; print p. 320; §9.2.3; Lemma 9.3	Chapter 09	chapter-09	PUBLIC-DOCS-SOURCE-ITEM-REVIEW-V1
IT-TASAKI2020-1678	TASAKI2020	000333.0001	PG-TASAKI2020-0333	equation	equation (9.2.59)	NONE	PDF p. 333; print p. 321; §9.2.3; equation (9.2.59)	Chapter 09	chapter-09	PUBLIC-DOCS-SOURCE-ITEM-REVIEW-V1
IT-TASAKI2020-1679	TASAKI2020	000333.0002	PG-TASAKI2020-0333	unlabeled	NONE	NONE	PDF p. 333; print p. 321; §9.2.3; paragraph 2	Chapter 09	chapter-09	PUBLIC-DOCS-SOURCE-ITEM-REVIEW-V1
IT-TASAKI2020-1680	TASAKI2020	000333.0003	PG-TASAKI2020-0333	equation	equation (9.2.60)	NONE	PDF p. 333; print p. 321; §9.2.3; equation (9.2.60)	Chapter 09	chapter-09	PUBLIC-DOCS-SOURCE-ITEM-REVIEW-V1
IT-TASAKI2020-1681	TASAKI2020	000333.0004	PG-TASAKI2020-0333	equation	equation (9.2.61)	NONE	PDF p. 333; print p. 321; §9.2.3; equation (9.2.61)	Chapter 09	chapter-09	PUBLIC-DOCS-SOURCE-ITEM-REVIEW-V1
IT-TASAKI2020-1682	TASAKI2020	000333.0005	PG-TASAKI2020-0333	unlabeled	NONE	NONE	PDF p. 333; print p. 321; §9.2.3; paragraph 7, atom 1	Chapter 09	chapter-09	PUBLIC-DOCS-SOURCE-ITEM-REVIEW-V1
IT-TASAKI2020-1683	TASAKI2020	000333.0006	PG-TASAKI2020-0333	equation	equation (9.2.62)	NONE	PDF p. 333; print p. 321; §9.2.3; equation (9.2.62)	Chapter 09	chapter-09	PUBLIC-DOCS-SOURCE-ITEM-REVIEW-V1
IT-TASAKI2020-1684	TASAKI2020	000333.0007	PG-TASAKI2020-0333	unlabeled	NONE	NONE	PDF p. 333; print p. 321; §9.2.3; paragraph 7, atom 2	Chapter 09	chapter-09	PUBLIC-DOCS-SOURCE-ITEM-REVIEW-V1
IT-TASAKI2020-1685	TASAKI2020	000333.0008	PG-TASAKI2020-0333	equation	equation (9.2.63)	NONE	PDF p. 333; print p. 321; §9.2.3; equation (9.2.63)	Chapter 09	chapter-09	PUBLIC-DOCS-SOURCE-ITEM-REVIEW-V1
IT-TASAKI2020-1686	TASAKI2020	000333.0009	PG-TASAKI2020-0333	equation	equation (9.2.64)	NONE	PDF p. 333; print p. 321; §9.2.3; equation (9.2.64)	Chapter 09	chapter-09	PUBLIC-DOCS-SOURCE-ITEM-REVIEW-V1
IT-TASAKI2020-1687	TASAKI2020	000333.0010	PG-TASAKI2020-0333	lemma	Lemma 9.4	NONE	PDF p. 333; print p. 321; §9.2.3; Lemma 9.4	Chapter 09	chapter-09	PUBLIC-DOCS-SOURCE-ITEM-REVIEW-V1
IT-TASAKI2020-1688	TASAKI2020	000333.0011	PG-TASAKI2020-0333	equation	equation (9.2.65)	NONE	PDF p. 333; print p. 321; §9.2.3; equation (9.2.65)	Chapter 09	chapter-09	PUBLIC-DOCS-SOURCE-ITEM-REVIEW-V1
IT-TASAKI2020-1689	TASAKI2020	000334.0001	PG-TASAKI2020-0334	unlabeled	NONE	NONE	PDF p. 334; print p. 322; §9.2.3; paragraph 2	Chapter 09	chapter-09	PUBLIC-DOCS-SOURCE-ITEM-REVIEW-V1
IT-TASAKI2020-1690	TASAKI2020	000334.0002	PG-TASAKI2020-0334	equation	equation (9.2.66)	NONE	PDF p. 334; print p. 322; §9.2.3; equation (9.2.66)	Chapter 09	chapter-09	PUBLIC-DOCS-SOURCE-ITEM-REVIEW-V1
IT-TASAKI2020-1691	TASAKI2020	000334.0003	PG-TASAKI2020-0334	equation	equation (9.2.67)	NONE	PDF p. 334; print p. 322; §9.2.3; equation (9.2.67)	Chapter 09	chapter-09	PUBLIC-DOCS-SOURCE-ITEM-REVIEW-V1
IT-TASAKI2020-1692	TASAKI2020	000334.0004	PG-TASAKI2020-0334	unlabeled	NONE	NONE	PDF p. 334; print p. 322; §9.2.3; paragraph 4	Chapter 09	chapter-09	PUBLIC-DOCS-SOURCE-ITEM-REVIEW-V1
IT-TASAKI2020-1693	TASAKI2020	000334.0005	PG-TASAKI2020-0334	equation	equation (9.2.68)	NONE	PDF p. 334; print p. 322; §9.2.3; equation (9.2.68)	Chapter 09	chapter-09	PUBLIC-DOCS-SOURCE-ITEM-REVIEW-V1
IT-TASAKI2020-1694	TASAKI2020	000334.0006	PG-TASAKI2020-0334	equation	equation (9.2.69)	NONE	PDF p. 334; print p. 322; §9.2.3; equation (9.2.69)	Chapter 09	chapter-09	PUBLIC-DOCS-SOURCE-ITEM-REVIEW-V1
IT-TASAKI2020-1695	TASAKI2020	000334.0007	PG-TASAKI2020-0334	equation	equation (9.2.70)	NONE	PDF p. 334; print p. 322; §9.2.3; equation (9.2.70)	Chapter 09	chapter-09	PUBLIC-DOCS-SOURCE-ITEM-REVIEW-V1
IT-TASAKI2020-1696	TASAKI2020	000334.0008	PG-TASAKI2020-0334	unlabeled	NONE	NONE	PDF p. 334; print p. 322; §9.2.3; paragraph 9	Chapter 09	chapter-09	PUBLIC-DOCS-SOURCE-ITEM-REVIEW-V1
IT-TASAKI2020-1697	TASAKI2020	000335.0001	PG-TASAKI2020-0335	equation	equation (9.2.71)	NONE	PDF p. 335; print p. 323; §9.2.3; equation (9.2.71)	Chapter 09	chapter-09	PUBLIC-DOCS-SOURCE-ITEM-REVIEW-V1
IT-TASAKI2020-1698	TASAKI2020	000335.0002	PG-TASAKI2020-0335	equation	equation (9.2.72)	NONE	PDF p. 335; print p. 323; §9.2.3; equation (9.2.72)	Chapter 09	chapter-09	PUBLIC-DOCS-SOURCE-ITEM-REVIEW-V1
IT-TASAKI2020-1699	TASAKI2020	000335.0003	PG-TASAKI2020-0335	unlabeled	NONE	NONE	PDF p. 335; print p. 323; §9.2.3; paragraph 4, atom 1	Chapter 09	chapter-09	PUBLIC-DOCS-SOURCE-ITEM-REVIEW-V1
IT-TASAKI2020-1700	TASAKI2020	000335.0004	PG-TASAKI2020-0335	equation	equation (9.2.73)	NONE	PDF p. 335; print p. 323; §9.2.3; equation (9.2.73)	Chapter 09	chapter-09	PUBLIC-DOCS-SOURCE-ITEM-REVIEW-V1
IT-TASAKI2020-1701	TASAKI2020	000335.0005	PG-TASAKI2020-0335	equation	equation (9.2.74)	NONE	PDF p. 335; print p. 323; §9.2.3; equation (9.2.74)	Chapter 09	chapter-09	PUBLIC-DOCS-SOURCE-ITEM-REVIEW-V1
IT-TASAKI2020-1702	TASAKI2020	000335.0006	PG-TASAKI2020-0335	problem	Problem 9.2.3.c	NONE	PDF p. 335; print p. 323; §9.2.3; Problem 9.2.3.c	Chapter 09	chapter-09	PUBLIC-DOCS-SOURCE-ITEM-REVIEW-V1
IT-TASAKI2020-1703	TASAKI2020	000335.0007	PG-TASAKI2020-0335	equation	equation (9.2.75)	NONE	PDF p. 335; print p. 323; §9.2.3; equation (9.2.75)	Chapter 09	chapter-09	PUBLIC-DOCS-SOURCE-ITEM-REVIEW-V1
IT-TASAKI2020-1704	TASAKI2020	000335.0008	PG-TASAKI2020-0335	equation	equation (9.2.76)	NONE	PDF p. 335; print p. 323; §9.2.3; equation (9.2.76)	Chapter 09	chapter-09	PUBLIC-DOCS-SOURCE-ITEM-REVIEW-V1
IT-TASAKI2020-1705	TASAKI2020	000335.0009	PG-TASAKI2020-0335	equation	equation (9.2.77)	NONE	PDF p. 335; print p. 323; §9.2.3; equation (9.2.77)	Chapter 09	chapter-09	PUBLIC-DOCS-SOURCE-ITEM-REVIEW-V1
IT-TASAKI2020-1706	TASAKI2020	000336.0001	PG-TASAKI2020-0336	unlabeled	NONE	NONE	PDF p. 336; print p. 324; §9.2.3; paragraph 2	Chapter 09	chapter-09	PUBLIC-DOCS-SOURCE-ITEM-REVIEW-V1
IT-TASAKI2020-1707	TASAKI2020	000336.0002	PG-TASAKI2020-0336	unlabeled	NONE	NONE	PDF p. 336; print p. 324; §9.3.1; paragraph 6	Chapter 09	chapter-09	PUBLIC-DOCS-SOURCE-ITEM-REVIEW-V1
IT-TASAKI2020-1708	TASAKI2020	000336.0003	PG-TASAKI2020-0336	equation	equation (9.3.1)	NONE	PDF p. 336; print p. 324; §9.3.1; equation (9.3.1)	Chapter 09	chapter-09	PUBLIC-DOCS-SOURCE-ITEM-REVIEW-V1
IT-TASAKI2020-1709	TASAKI2020	000336.0004	PG-TASAKI2020-0336	unlabeled	NONE	NONE	PDF p. 336; print p. 324; §9.3.1; paragraph 7	Chapter 09	chapter-09	PUBLIC-DOCS-SOURCE-ITEM-REVIEW-V1
IT-TASAKI2020-1710	TASAKI2020	000337.0001	PG-TASAKI2020-0337	equation	equation (9.3.2)	NONE	PDF p. 337; print p. 325; §9.3.1; equation (9.3.2)	Chapter 09	chapter-09	PUBLIC-DOCS-SOURCE-ITEM-REVIEW-V1
IT-TASAKI2020-1711	TASAKI2020	000337.0002	PG-TASAKI2020-0337	equation	equation (9.3.3)	NONE	PDF p. 337; print p. 325; §9.3.1; equation (9.3.3)	Chapter 09	chapter-09	PUBLIC-DOCS-SOURCE-ITEM-REVIEW-V1
IT-TASAKI2020-1712	TASAKI2020	000337.0003	PG-TASAKI2020-0337	equation	equation (9.3.4)	NONE	PDF p. 337; print p. 325; §9.3.1; equation (9.3.4)	Chapter 09	chapter-09	PUBLIC-DOCS-SOURCE-ITEM-REVIEW-V1
IT-TASAKI2020-1713	TASAKI2020	000337.0004	PG-TASAKI2020-0337	equation	equation (9.3.5)	NONE	PDF p. 337; print p. 325; §9.3.1; equation (9.3.5)	Chapter 09	chapter-09	PUBLIC-DOCS-SOURCE-ITEM-REVIEW-V1
IT-TASAKI2020-1714	TASAKI2020	000337.0005	PG-TASAKI2020-0337	equation	equation (9.3.6)	NONE	PDF p. 337; print p. 325; §9.3.1; equation (9.3.6)	Chapter 09	chapter-09	PUBLIC-DOCS-SOURCE-ITEM-REVIEW-V1
IT-TASAKI2020-1715	TASAKI2020	000337.0006	PG-TASAKI2020-0337	equation	equation (9.3.7)	NONE	PDF p. 337; print p. 325; §9.3.1; equation (9.3.7)	Chapter 09	chapter-09	PUBLIC-DOCS-SOURCE-ITEM-REVIEW-V1
IT-TASAKI2020-1716	TASAKI2020	000338.0001	PG-TASAKI2020-0338	unlabeled	NONE	NONE	PDF p. 338; print p. 326; §9.3.1; paragraph 2	Chapter 09	chapter-09	PUBLIC-DOCS-SOURCE-ITEM-REVIEW-V1
IT-TASAKI2020-1717	TASAKI2020	000338.0002	PG-TASAKI2020-0338	equation	equation (9.3.8)	NONE	PDF p. 338; print p. 326; §9.3.1; equation (9.3.8)	Chapter 09	chapter-09	PUBLIC-DOCS-SOURCE-ITEM-REVIEW-V1
IT-TASAKI2020-1718	TASAKI2020	000338.0003	PG-TASAKI2020-0338	equation	equation (9.3.9)	NONE	PDF p. 338; print p. 326; §9.3.1; equation (9.3.9)	Chapter 09	chapter-09	PUBLIC-DOCS-SOURCE-ITEM-REVIEW-V1
IT-TASAKI2020-1719	TASAKI2020	000338.0004	PG-TASAKI2020-0338	unlabeled	NONE	NONE	PDF p. 338; print p. 326; §9.3.1; paragraph 6, atom 1	Chapter 09	chapter-09	PUBLIC-DOCS-SOURCE-ITEM-REVIEW-V1
IT-TASAKI2020-1720	TASAKI2020	000338.0005	PG-TASAKI2020-0338	unlabeled	NONE	NONE	PDF p. 338; print p. 326; §9.3.1; paragraph 6, atom 2	Chapter 09	chapter-09	PUBLIC-DOCS-SOURCE-ITEM-REVIEW-V1
IT-TASAKI2020-1721	TASAKI2020	000338.0006	PG-TASAKI2020-0338	unlabeled	NONE	NONE	PDF p. 338; print p. 326; §9.3.1; paragraph 6, atom 3	Chapter 09	chapter-09	PUBLIC-DOCS-SOURCE-ITEM-REVIEW-V1
IT-TASAKI2020-1722	TASAKI2020	000338.0007	PG-TASAKI2020-0338	unlabeled	NONE	NONE	PDF p. 338; print p. 326; §9.3.1; paragraph 6, atom 4	Chapter 09	chapter-09	PUBLIC-DOCS-SOURCE-ITEM-REVIEW-V1
IT-TASAKI2020-1723	TASAKI2020	000338.0008	PG-TASAKI2020-0338	equation	equation (9.3.10)	NONE	PDF p. 338; print p. 326; §9.3.1; equation (9.3.10)	Chapter 09	chapter-09	PUBLIC-DOCS-SOURCE-ITEM-REVIEW-V1
IT-TASAKI2020-1724	TASAKI2020	000338.0009	PG-TASAKI2020-0338	equation	equation (9.3.11)	NONE	PDF p. 338; print p. 326; §9.3.1; equation (9.3.11)	Chapter 09	chapter-09	PUBLIC-DOCS-SOURCE-ITEM-REVIEW-V1
IT-TASAKI2020-1725	TASAKI2020	000339.0001	PG-TASAKI2020-0339	equation	equation (9.3.12)	NONE	PDF p. 339; print p. 327; §9.3.1; equation (9.3.12)	Chapter 09	chapter-09	PUBLIC-DOCS-SOURCE-ITEM-REVIEW-V1
IT-TASAKI2020-1726	TASAKI2020	000339.0002	PG-TASAKI2020-0339	equation	equation (9.3.13)	NONE	PDF p. 339; print p. 327; §9.3.1; equation (9.3.13)	Chapter 09	chapter-09	PUBLIC-DOCS-SOURCE-ITEM-REVIEW-V1
IT-TASAKI2020-1727	TASAKI2020	000339.0003	PG-TASAKI2020-0339	unlabeled	NONE	NONE	PDF p. 339; print p. 327; §9.3.1; paragraph 3, atom 1	Chapter 09	chapter-09	PUBLIC-DOCS-SOURCE-ITEM-REVIEW-V1
IT-TASAKI2020-1728	TASAKI2020	000339.0004	PG-TASAKI2020-0339	unlabeled	NONE	NONE	PDF p. 339; print p. 327; §9.3.1; paragraph 3, atom 2	Chapter 09	chapter-09	PUBLIC-DOCS-SOURCE-ITEM-REVIEW-V1
IT-TASAKI2020-1729	TASAKI2020	000339.0005	PG-TASAKI2020-0339	equation	equation (9.3.14)	NONE	PDF p. 339; print p. 327; §9.3.1; equation (9.3.14)	Chapter 09	chapter-09	PUBLIC-DOCS-SOURCE-ITEM-REVIEW-V1
IT-TASAKI2020-1730	TASAKI2020	000339.0006	PG-TASAKI2020-0339	unlabeled	NONE	NONE	PDF p. 339; print p. 327; §9.3.1; paragraph 3, atom 3	Chapter 09	chapter-09	PUBLIC-DOCS-SOURCE-ITEM-REVIEW-V1
IT-TASAKI2020-1731	TASAKI2020	000339.0007	PG-TASAKI2020-0339	unlabeled	NONE	NONE	PDF p. 339; print p. 327; §9.3.1; paragraph 4	Chapter 09	chapter-09	PUBLIC-DOCS-SOURCE-ITEM-REVIEW-V1
IT-TASAKI2020-1732	TASAKI2020	000339.0008	PG-TASAKI2020-0339	equation	equation (9.3.15)	NONE	PDF p. 339; print p. 327; §9.3.1; equation (9.3.15)	Chapter 09	chapter-09	PUBLIC-DOCS-SOURCE-ITEM-REVIEW-V1
IT-TASAKI2020-1733	TASAKI2020	000339.0009	PG-TASAKI2020-0339	equation	equation (9.3.16)	NONE	PDF p. 339; print p. 327; §9.3.1; equation (9.3.16)	Chapter 09	chapter-09	PUBLIC-DOCS-SOURCE-ITEM-REVIEW-V1
IT-TASAKI2020-1734	TASAKI2020	000340.0001	PG-TASAKI2020-0340	equation	equation (9.3.17)	NONE	PDF p. 340; print p. 328; §9.3.2; equation (9.3.17)	Chapter 09	chapter-09	PUBLIC-DOCS-SOURCE-ITEM-REVIEW-V1
IT-TASAKI2020-1735	TASAKI2020	000340.0002	PG-TASAKI2020-0340	equation	equation (9.3.18)	NONE	PDF p. 340; print p. 328; §9.3.2; equation (9.3.18)	Chapter 09	chapter-09	PUBLIC-DOCS-SOURCE-ITEM-REVIEW-V1
IT-TASAKI2020-1736	TASAKI2020	000340.0003	PG-TASAKI2020-0340	equation	equation (9.3.19)	NONE	PDF p. 340; print p. 328; §9.3.2; equation (9.3.19)	Chapter 09	chapter-09	PUBLIC-DOCS-SOURCE-ITEM-REVIEW-V1
IT-TASAKI2020-1737	TASAKI2020	000340.0004	PG-TASAKI2020-0340	unlabeled	NONE	NONE	PDF p. 340; print p. 328; §9.3.2; paragraph 8, atom 1	Chapter 09	chapter-09	PUBLIC-DOCS-SOURCE-ITEM-REVIEW-V1
IT-TASAKI2020-1738	TASAKI2020	000340.0005	PG-TASAKI2020-0340	unlabeled	NONE	NONE	PDF p. 340; print p. 328; §9.3.2; paragraph 8, atom 2	Chapter 09	chapter-09	PUBLIC-DOCS-SOURCE-ITEM-REVIEW-V1
IT-TASAKI2020-1739	TASAKI2020	000340.0006	PG-TASAKI2020-0340	equation	equation (9.3.20)	NONE	PDF p. 340; print p. 328; §9.3.2; equation (9.3.20)	Chapter 09	chapter-09	PUBLIC-DOCS-SOURCE-ITEM-REVIEW-V1
IT-TASAKI2020-1740	TASAKI2020	000340.0007	PG-TASAKI2020-0340	equation	equation (9.3.21)	NONE	PDF p. 340; print p. 328; §9.3.2; equation (9.3.21)	Chapter 09	chapter-09	PUBLIC-DOCS-SOURCE-ITEM-REVIEW-V1
IT-TASAKI2020-1741	TASAKI2020	000341.0001	PG-TASAKI2020-0341	unlabeled	NONE	NONE	PDF p. 341; print p. 329; §9.3.2; paragraph 2	Chapter 09	chapter-09	PUBLIC-DOCS-SOURCE-ITEM-REVIEW-V1
IT-TASAKI2020-1742	TASAKI2020	000341.0002	PG-TASAKI2020-0341	equation	equation (9.3.22)	NONE	PDF p. 341; print p. 329; §9.3.2; equation (9.3.22)	Chapter 09	chapter-09	PUBLIC-DOCS-SOURCE-ITEM-REVIEW-V1
IT-TASAKI2020-1743	TASAKI2020	000341.0003	PG-TASAKI2020-0341	equation	equation (9.3.23)	NONE	PDF p. 341; print p. 329; §9.3.2; equation (9.3.23)	Chapter 09	chapter-09	PUBLIC-DOCS-SOURCE-ITEM-REVIEW-V1
IT-TASAKI2020-1744	TASAKI2020	000341.0004	PG-TASAKI2020-0341	unlabeled	NONE	NONE	PDF p. 341; print p. 329; §9.3.2; paragraph 7; audit split atom 1/3	Chapter 09	chapter-09	PUBLIC-DOCS-SOURCE-ITEM-REVIEW-V1
IT-TASAKI2020-1745	TASAKI2020	000341.0005	PG-TASAKI2020-0341	unlabeled	NONE	NONE	PDF p. 341; print p. 329; §9.3.2; paragraph 7; audit split atom 2/3	Chapter 09	chapter-09	PUBLIC-DOCS-SOURCE-ITEM-REVIEW-V1
IT-TASAKI2020-1746	TASAKI2020	000341.0006	PG-TASAKI2020-0341	unlabeled	NONE	NONE	PDF p. 341; print p. 329; §9.3.2; paragraph 7; audit split atom 3/3	Chapter 09	chapter-09	PUBLIC-DOCS-SOURCE-ITEM-REVIEW-V1
IT-TASAKI2020-1747	TASAKI2020	000341.0007	PG-TASAKI2020-0341	equation	equation (9.3.24)	NONE	PDF p. 341; print p. 329; §9.3.2; equation (9.3.24)	Chapter 09	chapter-09	PUBLIC-DOCS-SOURCE-ITEM-REVIEW-V1
IT-TASAKI2020-1748	TASAKI2020	000341.0008	PG-TASAKI2020-0341	unlabeled	NONE	NONE	PDF p. 341; print p. 329; §9.3.2; paragraph 10, atom 1	Chapter 09	chapter-09	PUBLIC-DOCS-SOURCE-ITEM-REVIEW-V1
IT-TASAKI2020-1749	TASAKI2020	000341.0009	PG-TASAKI2020-0341	unlabeled	NONE	NONE	PDF p. 341; print p. 329; §9.3.2; paragraph 10, atom 2	Chapter 09	chapter-09	PUBLIC-DOCS-SOURCE-ITEM-REVIEW-V1
IT-TASAKI2020-1750	TASAKI2020	000341.0010	PG-TASAKI2020-0341	problem	Problem 9.3.2.a	NONE	PDF p. 341; print p. 329; §9.3.2; Problem 9.3.2.a	Chapter 09	chapter-09	PUBLIC-DOCS-SOURCE-ITEM-REVIEW-V1
IT-TASAKI2020-1751	TASAKI2020	000341.0011	PG-TASAKI2020-0341	equation	equation (9.3.25)	NONE	PDF p. 341; print p. 329; §9.3.2; equation (9.3.25)	Chapter 09	chapter-09	PUBLIC-DOCS-SOURCE-ITEM-REVIEW-V1
IT-TASAKI2020-1752	TASAKI2020	000341.0012	PG-TASAKI2020-0341	equation	equation (9.3.26)	NONE	PDF p. 341; print p. 329; §9.3.2; equation (9.3.26)	Chapter 09	chapter-09	PUBLIC-DOCS-SOURCE-ITEM-REVIEW-V1
IT-TASAKI2020-1753	TASAKI2020	000342.0001	PG-TASAKI2020-0342	equation	equation (9.3.27)	NONE	PDF p. 342; print p. 330; §9.3.2; equation (9.3.27)	Chapter 09	chapter-09	PUBLIC-DOCS-SOURCE-ITEM-REVIEW-V1
IT-TASAKI2020-1754	TASAKI2020	000342.0002	PG-TASAKI2020-0342	equation	equation (9.3.28)	NONE	PDF p. 342; print p. 330; §9.3.2; equation (9.3.28)	Chapter 09	chapter-09	PUBLIC-DOCS-SOURCE-ITEM-REVIEW-V1
IT-TASAKI2020-1755	TASAKI2020	000342.0003	PG-TASAKI2020-0342	figure	Fig. 9.3	NONE	PDF p. 342; print p. 330; §9.3.2; Fig. 9.3	Chapter 09	chapter-09	PUBLIC-DOCS-SOURCE-ITEM-REVIEW-V1
IT-TASAKI2020-1756	TASAKI2020	000343.0001	PG-TASAKI2020-0343	equation	equation (9.3.29)	NONE	PDF p. 343; print p. 331; §9.3.2; equation (9.3.29)	Chapter 09	chapter-09	PUBLIC-DOCS-SOURCE-ITEM-REVIEW-V1
IT-TASAKI2020-1757	TASAKI2020	000343.0002	PG-TASAKI2020-0343	equation	equation (9.3.30)	NONE	PDF p. 343; print p. 331; §9.3.2; equation (9.3.30)	Chapter 09	chapter-09	PUBLIC-DOCS-SOURCE-ITEM-REVIEW-V1
IT-TASAKI2020-1758	TASAKI2020	000343.0003	PG-TASAKI2020-0343	equation	equation (9.3.31)	NONE	PDF p. 343; print p. 331; §9.3.2; equation (9.3.31)	Chapter 09	chapter-09	PUBLIC-DOCS-SOURCE-ITEM-REVIEW-V1
IT-TASAKI2020-1759	TASAKI2020	000343.0004	PG-TASAKI2020-0343	equation	equation (9.3.32)	NONE	PDF p. 343; print p. 331; §9.3.2; equation (9.3.32)	Chapter 09	chapter-09	PUBLIC-DOCS-SOURCE-ITEM-REVIEW-V1
IT-TASAKI2020-1760	TASAKI2020	000343.0005	PG-TASAKI2020-0343	equation	equation (9.3.33)	NONE	PDF p. 343; print p. 331; §9.3.2; equation (9.3.33)	Chapter 09	chapter-09	PUBLIC-DOCS-SOURCE-ITEM-REVIEW-V1
IT-TASAKI2020-1761	TASAKI2020	000343.0006	PG-TASAKI2020-0343	unlabeled	NONE	NONE	PDF p. 343; print p. 331; §9.3.2; paragraph 13; audit split atom 1/4	Chapter 09	chapter-09	PUBLIC-DOCS-SOURCE-ITEM-REVIEW-V1
IT-TASAKI2020-1762	TASAKI2020	000343.0007	PG-TASAKI2020-0343	unlabeled	NONE	NONE	PDF p. 343; print p. 331; §9.3.2; paragraph 13; audit split atom 2/4	Chapter 09	chapter-09	PUBLIC-DOCS-SOURCE-ITEM-REVIEW-V1
IT-TASAKI2020-1763	TASAKI2020	000343.0008	PG-TASAKI2020-0343	unlabeled	NONE	NONE	PDF p. 343; print p. 331; §9.3.2; paragraph 13; atom 1	Chapter 09	chapter-09	PUBLIC-DOCS-SOURCE-ITEM-REVIEW-V1
IT-TASAKI2020-1764	TASAKI2020	000343.0009	PG-TASAKI2020-0343	unlabeled	NONE	NONE	PDF p. 343; print p. 331; §9.3.2; paragraph 13; atom 2	Chapter 09	chapter-09	PUBLIC-DOCS-SOURCE-ITEM-REVIEW-V1
IT-TASAKI2020-1765	TASAKI2020	000343.0010	PG-TASAKI2020-0343	unlabeled	NONE	NONE	PDF p. 343; print p. 331; §9.3.2; paragraph 13; atom 3	Chapter 09	chapter-09	PUBLIC-DOCS-SOURCE-ITEM-REVIEW-V1
IT-TASAKI2020-1766	TASAKI2020	000343.0011	PG-TASAKI2020-0343	unlabeled	NONE	NONE	PDF p. 343; print p. 331; §9.3.2; paragraph 13; audit split atom 4/4	Chapter 09	chapter-09	PUBLIC-DOCS-SOURCE-ITEM-REVIEW-V1
IT-TASAKI2020-1767	TASAKI2020	000344.0001	PG-TASAKI2020-0344	equation	equation (9.3.34)	NONE	PDF p. 344; print p. 332; §9.3.2; equation (9.3.34)	Chapter 09	chapter-09	PUBLIC-DOCS-SOURCE-ITEM-REVIEW-V1
IT-TASAKI2020-1768	TASAKI2020	000344.0002	PG-TASAKI2020-0344	unlabeled	NONE	NONE	PDF p. 344; print p. 332; §9.3.2; paragraph 4	Chapter 09	chapter-09	PUBLIC-DOCS-SOURCE-ITEM-REVIEW-V1
IT-TASAKI2020-1769	TASAKI2020	000344.0003	PG-TASAKI2020-0344	unlabeled	NONE	NONE	PDF p. 344; print p. 332; §9.3.3; paragraph 6	Chapter 09	chapter-09	PUBLIC-DOCS-SOURCE-ITEM-REVIEW-V1
IT-TASAKI2020-1770	TASAKI2020	000345.0001	PG-TASAKI2020-0345	equation	equation (9.3.35)	NONE	PDF p. 345; print p. 333; §9.3.3; equation (9.3.35)	Chapter 09	chapter-09	PUBLIC-DOCS-SOURCE-ITEM-REVIEW-V1
IT-TASAKI2020-1771	TASAKI2020	000345.0002	PG-TASAKI2020-0345	equation	equation (9.3.36)	NONE	PDF p. 345; print p. 333; §9.3.3; equation (9.3.36)	Chapter 09	chapter-09	PUBLIC-DOCS-SOURCE-ITEM-REVIEW-V1
IT-TASAKI2020-1772	TASAKI2020	000345.0003	PG-TASAKI2020-0345	unlabeled	NONE	NONE	PDF p. 345; print p. 333; §9.3.3; paragraph 3, atom 1	Chapter 09	chapter-09	PUBLIC-DOCS-SOURCE-ITEM-REVIEW-V1
IT-TASAKI2020-1773	TASAKI2020	000345.0004	PG-TASAKI2020-0345	unlabeled	NONE	NONE	PDF p. 345; print p. 333; §9.3.3; paragraph 3, atom 2	Chapter 09	chapter-09	PUBLIC-DOCS-SOURCE-ITEM-REVIEW-V1
IT-TASAKI2020-1774	TASAKI2020	000345.0005	PG-TASAKI2020-0345	unlabeled	NONE	NONE	PDF p. 345; print p. 333; §9.3.3; paragraph 3, atom 3	Chapter 09	chapter-09	PUBLIC-DOCS-SOURCE-ITEM-REVIEW-V1
IT-TASAKI2020-1775	TASAKI2020	000345.0006	PG-TASAKI2020-0345	equation	equation (9.3.37)	NONE	PDF p. 345; print p. 333; §9.3.3; equation (9.3.37)	Chapter 09	chapter-09	PUBLIC-DOCS-SOURCE-ITEM-REVIEW-V1
IT-TASAKI2020-1776	TASAKI2020	000345.0007	PG-TASAKI2020-0345	equation	equation (9.3.38)	NONE	PDF p. 345; print p. 333; §9.3.3; equation (9.3.38)	Chapter 09	chapter-09	PUBLIC-DOCS-SOURCE-ITEM-REVIEW-V1
IT-TASAKI2020-1777	TASAKI2020	000345.0008	PG-TASAKI2020-0345	unlabeled	NONE	NONE	PDF p. 345; print p. 333; §9.3.3; paragraph 6; audit split atom 1/2	Chapter 09	chapter-09	PUBLIC-DOCS-SOURCE-ITEM-REVIEW-V1
IT-TASAKI2020-1778	TASAKI2020	000345.0009	PG-TASAKI2020-0345	unlabeled	NONE	NONE	PDF p. 345; print p. 333; §9.3.3; paragraph 6; audit split atom 2/2	Chapter 09	chapter-09	PUBLIC-DOCS-SOURCE-ITEM-REVIEW-V1
IT-TASAKI2020-1779	TASAKI2020	000345.0010	PG-TASAKI2020-0345	footnote	Footnote 14	NONE	PDF p. 345; print p. 333; §9.3.3; Footnote 14	Chapter 09	chapter-09	PUBLIC-DOCS-SOURCE-ITEM-REVIEW-V1
IT-TASAKI2020-1780	TASAKI2020	000345.0012	PG-TASAKI2020-0345	unlabeled	NONE	NONE	PDF p. 345; print p. 333; §9.3.3; paragraph 8	Chapter 09	chapter-09	PUBLIC-DOCS-SOURCE-ITEM-REVIEW-V1
IT-TASAKI2020-1781	TASAKI2020	000345.0013	PG-TASAKI2020-0345	note	Note unnumbered line 44	NONE	PDF p. 345; print p. 333; §9.3.3; Note unnumbered line 44	Chapter 09	chapter-09	PUBLIC-DOCS-SOURCE-ITEM-REVIEW-V1
IT-TASAKI2020-1782	TASAKI2020	000346.0001	PG-TASAKI2020-0346	equation	equation (9.3.39)	NONE	PDF p. 346; print p. 334; §9.3.3; equation (9.3.39)	Chapter 09	chapter-09	PUBLIC-DOCS-SOURCE-ITEM-REVIEW-V1
IT-TASAKI2020-1783	TASAKI2020	000346.0002	PG-TASAKI2020-0346	unlabeled	NONE	NONE	PDF p. 346; print p. 334; §9.3.3; paragraph 2; v7 split atom 1/2	Chapter 09	chapter-09	PUBLIC-DOCS-SOURCE-ITEM-REVIEW-V1
IT-TASAKI2020-1784	TASAKI2020	000346.0003	PG-TASAKI2020-0346	unlabeled	NONE	NONE	PDF p. 346; print p. 334; §9.3.3; paragraph 2; v7 split atom 2/2	Chapter 09	chapter-09	PUBLIC-DOCS-SOURCE-ITEM-REVIEW-V1
IT-TASAKI2020-1785	TASAKI2020	000346.0004	PG-TASAKI2020-0346	equation	equation (9.3.40)	NONE	PDF p. 346; print p. 334; §9.3.3; equation (9.3.40)	Chapter 09	chapter-09	PUBLIC-DOCS-SOURCE-ITEM-REVIEW-V1
IT-TASAKI2020-1786	TASAKI2020	000346.0005	PG-TASAKI2020-0346	unlabeled	NONE	NONE	PDF p. 346; print p. 334; §9.3.3; paragraph 5	Chapter 09	chapter-09	PUBLIC-DOCS-SOURCE-ITEM-REVIEW-V1
IT-TASAKI2020-1787	TASAKI2020	000346.0006	PG-TASAKI2020-0346	equation	equation (9.3.41)	NONE	PDF p. 346; print p. 334; §9.3.3; equation (9.3.41)	Chapter 09	chapter-09	PUBLIC-DOCS-SOURCE-ITEM-REVIEW-V1
IT-TASAKI2020-1788	TASAKI2020	000346.0007	PG-TASAKI2020-0346	unlabeled	NONE	NONE	PDF p. 346; print p. 334; §9.3.3; paragraph 6	Chapter 09	chapter-09	PUBLIC-DOCS-SOURCE-ITEM-REVIEW-V1
IT-TASAKI2020-1789	TASAKI2020	000346.0008	PG-TASAKI2020-0346	equation	equation (9.3.42)	NONE	PDF p. 346; print p. 334; §9.3.3; equation (9.3.42)	Chapter 09	chapter-09	PUBLIC-DOCS-SOURCE-ITEM-REVIEW-V1
IT-TASAKI2020-1790	TASAKI2020	000346.0009	PG-TASAKI2020-0346	equation	equation (9.3.43)	NONE	PDF p. 346; print p. 334; §9.3.3; equation (9.3.43)	Chapter 09	chapter-09	PUBLIC-DOCS-SOURCE-ITEM-REVIEW-V1
IT-TASAKI2020-1791	TASAKI2020	000346.0010	PG-TASAKI2020-0346	equation	equation (9.3.44)	NONE	PDF p. 346; print p. 334; §9.3.3; equation (9.3.44)	Chapter 09	chapter-09	PUBLIC-DOCS-SOURCE-ITEM-REVIEW-V1
IT-TASAKI2020-1792	TASAKI2020	000347.0001	PG-TASAKI2020-0347	equation	equation (9.3.45)	NONE	PDF p. 347; print p. 335; §9.3.3; equation (9.3.45)	Chapter 09	chapter-09	PUBLIC-DOCS-SOURCE-ITEM-REVIEW-V1
IT-TASAKI2020-1793	TASAKI2020	000347.0002	PG-TASAKI2020-0347	equation	equation (9.3.46)	NONE	PDF p. 347; print p. 335; §9.3.3; equation (9.3.46)	Chapter 09	chapter-09	PUBLIC-DOCS-SOURCE-ITEM-REVIEW-V1
IT-TASAKI2020-1794	TASAKI2020	000347.0003	PG-TASAKI2020-0347	equation	equation (9.3.47)	NONE	PDF p. 347; print p. 335; §9.3.3; equation (9.3.47)	Chapter 09	chapter-09	PUBLIC-DOCS-SOURCE-ITEM-REVIEW-V1
IT-TASAKI2020-1795	TASAKI2020	000347.0004	PG-TASAKI2020-0347	problem	Problem 9.3.3.a	NONE	PDF p. 347; print p. 335; §9.3.3; Problem 9.3.3.a	Chapter 09	chapter-09	PUBLIC-DOCS-SOURCE-ITEM-REVIEW-V1
IT-TASAKI2020-1796	TASAKI2020	000347.0005	PG-TASAKI2020-0347	unlabeled	NONE	NONE	PDF p. 347; print p. 335; §9.3.3; paragraph 5	Chapter 09	chapter-09	PUBLIC-DOCS-SOURCE-ITEM-REVIEW-V1
IT-TASAKI2020-1797	TASAKI2020	000347.0006	PG-TASAKI2020-0347	equation	equation (9.3.48)	NONE	PDF p. 347; print p. 335; §9.3.3; equation (9.3.48)	Chapter 09	chapter-09	PUBLIC-DOCS-SOURCE-ITEM-REVIEW-V1
IT-TASAKI2020-1798	TASAKI2020	000348.0001	PG-TASAKI2020-0348	equation	equation (9.3.49)	NONE	PDF p. 348; print p. 336; §9.3.3; equation (9.3.49)	Chapter 09	chapter-09	PUBLIC-DOCS-SOURCE-ITEM-REVIEW-V1
IT-TASAKI2020-1799	TASAKI2020	000348.0002	PG-TASAKI2020-0348	equation	equation (9.3.50)	NONE	PDF p. 348; print p. 336; §9.3.3; equation (9.3.50)	Chapter 09	chapter-09	PUBLIC-DOCS-SOURCE-ITEM-REVIEW-V1
IT-TASAKI2020-1800	TASAKI2020	000348.0003	PG-TASAKI2020-0348	equation	equation (9.3.51)	NONE	PDF p. 348; print p. 336; §9.3.3; equation (9.3.51)	Chapter 09	chapter-09	PUBLIC-DOCS-SOURCE-ITEM-REVIEW-V1
IT-TASAKI2020-1801	TASAKI2020	000348.0004	PG-TASAKI2020-0348	equation	equation (9.3.52)	NONE	PDF p. 348; print p. 336; §9.3.3; equation (9.3.52)	Chapter 09	chapter-09	PUBLIC-DOCS-SOURCE-ITEM-REVIEW-V1
IT-TASAKI2020-1802	TASAKI2020	000348.0005	PG-TASAKI2020-0348	unlabeled	NONE	NONE	PDF p. 348; print p. 336; §9.3.3; paragraph 7	Chapter 09	chapter-09	PUBLIC-DOCS-SOURCE-ITEM-REVIEW-V1
IT-TASAKI2020-1803	TASAKI2020	000348.0006	PG-TASAKI2020-0348	equation	equation (9.3.53)	NONE	PDF p. 348; print p. 336; §9.3.3; equation (9.3.53)	Chapter 09	chapter-09	PUBLIC-DOCS-SOURCE-ITEM-REVIEW-V1
IT-TASAKI2020-1804	TASAKI2020	000348.0007	PG-TASAKI2020-0348	equation	equation (9.3.54)	NONE	PDF p. 348; print p. 336; §9.3.3; equation (9.3.54)	Chapter 09	chapter-09	PUBLIC-DOCS-SOURCE-ITEM-REVIEW-V1
IT-TASAKI2020-1805	TASAKI2020	000348.0008	PG-TASAKI2020-0348	unlabeled	NONE	NONE	PDF p. 348; print p. 336; §9.3.3; paragraph 9, atom 1	Chapter 09	chapter-09	PUBLIC-DOCS-SOURCE-ITEM-REVIEW-V1
IT-TASAKI2020-1806	TASAKI2020	000348.0009	PG-TASAKI2020-0348	problem	Problem 9.3.3.b	NONE	PDF p. 348; print p. 336; §9.3.3; Problem 9.3.3.b	Chapter 09	chapter-09	PUBLIC-DOCS-SOURCE-ITEM-REVIEW-V1
IT-TASAKI2020-1807	TASAKI2020	000348.0010	PG-TASAKI2020-0348	unlabeled	NONE	NONE	PDF p. 348; print p. 336; §9.3.3; paragraph 9, atom 3	Chapter 09	chapter-09	PUBLIC-DOCS-SOURCE-ITEM-REVIEW-V1
IT-TASAKI2020-1808	TASAKI2020	000348.0011	PG-TASAKI2020-0348	unlabeled	NONE	NONE	PDF p. 348; print p. 336; §9.3.3; paragraph 9, atom 4	Chapter 09	chapter-09	PUBLIC-DOCS-SOURCE-ITEM-REVIEW-V1
IT-TASAKI2020-1809	TASAKI2020	000349.0001	PG-TASAKI2020-0349	unlabeled	NONE	NONE	PDF p. 349; print p. 337; §9.3.3; paragraph 2, atom 1	Chapter 09	chapter-09	PUBLIC-DOCS-SOURCE-ITEM-REVIEW-V1
IT-TASAKI2020-1810	TASAKI2020	000349.0002	PG-TASAKI2020-0349	unlabeled	NONE	NONE	PDF p. 349; print p. 337; §9.3.3; paragraph 2, atom 2	Chapter 09	chapter-09	PUBLIC-DOCS-SOURCE-ITEM-REVIEW-V1
IT-TASAKI2020-1811	TASAKI2020	000349.0003	PG-TASAKI2020-0349	equation	equation (9.4.1)	NONE	PDF p. 349; print p. 337; §9.4; equation (9.4.1)	Chapter 09	chapter-09	PUBLIC-DOCS-SOURCE-ITEM-REVIEW-V1
IT-TASAKI2020-1812	TASAKI2020	000349.0004	PG-TASAKI2020-0349	equation	equation (9.4.2)	NONE	PDF p. 349; print p. 337; §9.4; equation (9.4.2)	Chapter 09	chapter-09	PUBLIC-DOCS-SOURCE-ITEM-REVIEW-V1
IT-TASAKI2020-1813	TASAKI2020	000349.0005	PG-TASAKI2020-0349	unlabeled	NONE	NONE	PDF p. 349; print p. 337; §9.4; paragraph 7	Chapter 09	chapter-09	PUBLIC-DOCS-SOURCE-ITEM-REVIEW-V1
IT-TASAKI2020-1814	TASAKI2020	000350.0001	PG-TASAKI2020-0350	equation	equation (9.4.3)	NONE	PDF p. 350; print p. 338; §9.4; equation (9.4.3)	Chapter 09	chapter-09	PUBLIC-DOCS-SOURCE-ITEM-REVIEW-V1
IT-TASAKI2020-1815	TASAKI2020	000350.0002	PG-TASAKI2020-0350	equation	equation (9.4.4)	NONE	PDF p. 350; print p. 338; §9.4; equation (9.4.4)	Chapter 09	chapter-09	PUBLIC-DOCS-SOURCE-ITEM-REVIEW-V1
IT-TASAKI2020-1816	TASAKI2020	000350.0003	PG-TASAKI2020-0350	equation	equation (9.4.5)	NONE	PDF p. 350; print p. 338; §9.4; equation (9.4.5)	Chapter 09	chapter-09	PUBLIC-DOCS-SOURCE-ITEM-REVIEW-V1
IT-TASAKI2020-1817	TASAKI2020	000350.0004	PG-TASAKI2020-0350	unlabeled	NONE	NONE	PDF p. 350; print p. 338; §9.4; paragraph 6	Chapter 09	chapter-09	PUBLIC-DOCS-SOURCE-ITEM-REVIEW-V1
IT-TASAKI2020-1818	TASAKI2020	000350.0005	PG-TASAKI2020-0350	equation	equation (9.4.6)	NONE	PDF p. 350; print p. 338; §9.4; equation (9.4.6)	Chapter 09	chapter-09	PUBLIC-DOCS-SOURCE-ITEM-REVIEW-V1
IT-TASAKI2020-1819	TASAKI2020	000350.0006	PG-TASAKI2020-0350	unlabeled	NONE	NONE	PDF p. 350; print p. 338; §9.4; paragraph 8	Chapter 09	chapter-09	PUBLIC-DOCS-SOURCE-ITEM-REVIEW-V1
IT-TASAKI2020-1820	TASAKI2020	000350.0007	PG-TASAKI2020-0350	equation	equation (9.4.7)	NONE	PDF p. 350; print p. 338; §9.4; equation (9.4.7)	Chapter 09	chapter-09	PUBLIC-DOCS-SOURCE-ITEM-REVIEW-V1
IT-TASAKI2020-1821	TASAKI2020	000350.0008	PG-TASAKI2020-0350	equation	equation (9.4.8)	NONE	PDF p. 350; print p. 338; §9.4; equation (9.4.8)	Chapter 09	chapter-09	PUBLIC-DOCS-SOURCE-ITEM-REVIEW-V1
IT-TASAKI2020-1822	TASAKI2020	000350.0009	PG-TASAKI2020-0350	unlabeled	NONE	NONE	PDF p. 350; print p. 338; §9.4; paragraph 11	Chapter 09	chapter-09	PUBLIC-DOCS-SOURCE-ITEM-REVIEW-V1
IT-TASAKI2020-1823	TASAKI2020	000352.0001	PG-TASAKI2020-0352	equation	equation (10.1.1)	NONE	PDF p. 352; print p. 341; §10.1; equation (10.1.1)	Chapter 10	chapter-10	PUBLIC-DOCS-SOURCE-ITEM-REVIEW-V1
IT-TASAKI2020-1824	TASAKI2020	000353.0001	PG-TASAKI2020-0353	unlabeled	NONE	NONE	PDF p. 353; print p. 342; §10.1; paragraph 2, atom 1	Chapter 10	chapter-10	PUBLIC-DOCS-SOURCE-ITEM-REVIEW-V1
IT-TASAKI2020-1825	TASAKI2020	000353.0002	PG-TASAKI2020-0353	unlabeled	NONE	NONE	PDF p. 353; print p. 342; §10.1; paragraph 2, atom 2	Chapter 10	chapter-10	PUBLIC-DOCS-SOURCE-ITEM-REVIEW-V1
IT-TASAKI2020-1826	TASAKI2020	000353.0003	PG-TASAKI2020-0353	unlabeled	NONE	NONE	PDF p. 353; print p. 342; §10.1; paragraph 2, atom 3	Chapter 10	chapter-10	PUBLIC-DOCS-SOURCE-ITEM-REVIEW-V1
IT-TASAKI2020-1827	TASAKI2020	000353.0004	PG-TASAKI2020-0353	equation	equation (10.1.2)	NONE	PDF p. 353; print p. 342; §10.1; equation (10.1.2)	Chapter 10	chapter-10	PUBLIC-DOCS-SOURCE-ITEM-REVIEW-V1
IT-TASAKI2020-1828	TASAKI2020	000353.0005	PG-TASAKI2020-0353	equation	equation (10.1.3)	NONE	PDF p. 353; print p. 342; §10.1; equation (10.1.3)	Chapter 10	chapter-10	PUBLIC-DOCS-SOURCE-ITEM-REVIEW-V1
IT-TASAKI2020-1829	TASAKI2020	000353.0006	PG-TASAKI2020-0353	equation	equation (10.1.4)	NONE	PDF p. 353; print p. 342; §10.1; equation (10.1.4)	Chapter 10	chapter-10	PUBLIC-DOCS-SOURCE-ITEM-REVIEW-V1
IT-TASAKI2020-1830	TASAKI2020	000353.0007	PG-TASAKI2020-0353	unlabeled	NONE	NONE	PDF p. 353; print p. 342; §10.1; paragraph 6, atom 1	Chapter 10	chapter-10	PUBLIC-DOCS-SOURCE-ITEM-REVIEW-V1
IT-TASAKI2020-1831	TASAKI2020	000353.0008	PG-TASAKI2020-0353	unlabeled	NONE	NONE	PDF p. 353; print p. 342; §10.1; paragraph 6, atom 2	Chapter 10	chapter-10	PUBLIC-DOCS-SOURCE-ITEM-REVIEW-V1
IT-TASAKI2020-1832	TASAKI2020	000353.0009	PG-TASAKI2020-0353	problem	Problem 10.1.a	NONE	PDF p. 353; print p. 342; §10.1; Problem 10.1.a	Chapter 10	chapter-10	PUBLIC-DOCS-SOURCE-ITEM-REVIEW-V1
IT-TASAKI2020-1833	TASAKI2020	000353.0010	PG-TASAKI2020-0353	unlabeled	NONE	NONE	PDF p. 353; print p. 342; §10.1; paragraph 6, atom 3	Chapter 10	chapter-10	PUBLIC-DOCS-SOURCE-ITEM-REVIEW-V1
IT-TASAKI2020-1834	TASAKI2020	000353.0011	PG-TASAKI2020-0353	unlabeled	NONE	NONE	PDF p. 353; print p. 342; §10.1; paragraph 7	Chapter 10	chapter-10	PUBLIC-DOCS-SOURCE-ITEM-REVIEW-V1
IT-TASAKI2020-1835	TASAKI2020	000354.0001	PG-TASAKI2020-0354	unlabeled	NONE	NONE	PDF p. 354; print p. 343; §10.1; paragraph 3, atom 1	Chapter 10	chapter-10	PUBLIC-DOCS-SOURCE-ITEM-REVIEW-V1
IT-TASAKI2020-1836	TASAKI2020	000354.0002	PG-TASAKI2020-0354	unlabeled	NONE	NONE	PDF p. 354; print p. 343; §10.1; paragraph 3, atom 2	Chapter 10	chapter-10	PUBLIC-DOCS-SOURCE-ITEM-REVIEW-V1
IT-TASAKI2020-1837	TASAKI2020	000354.0003	PG-TASAKI2020-0354	equation	equation (10.1.5)	NONE	PDF p. 354; print p. 343; §10.1; equation (10.1.5)	Chapter 10	chapter-10	PUBLIC-DOCS-SOURCE-ITEM-REVIEW-V1
IT-TASAKI2020-1838	TASAKI2020	000354.0004	PG-TASAKI2020-0354	unlabeled	NONE	NONE	PDF p. 354; print p. 343; §10.1; paragraph 4, atom 1	Chapter 10	chapter-10	PUBLIC-DOCS-SOURCE-ITEM-REVIEW-V1
IT-TASAKI2020-1839	TASAKI2020	000354.0005	PG-TASAKI2020-0354	unlabeled	NONE	NONE	PDF p. 354; print p. 343; §10.1; paragraph 4, atom 2; v7 split atom 1/2	Chapter 10	chapter-10	PUBLIC-DOCS-SOURCE-ITEM-REVIEW-V1
IT-TASAKI2020-1840	TASAKI2020	000354.0006	PG-TASAKI2020-0354	unlabeled	NONE	NONE	PDF p. 354; print p. 343; §10.1; paragraph 4, atom 2; v7 split atom 2/2	Chapter 10	chapter-10	PUBLIC-DOCS-SOURCE-ITEM-REVIEW-V1
IT-TASAKI2020-1841	TASAKI2020	000355.0001	PG-TASAKI2020-0355	unlabeled	NONE	NONE	PDF p. 355; print p. 344; §10.1; paragraph 2	Chapter 10	chapter-10	PUBLIC-DOCS-SOURCE-ITEM-REVIEW-V1
IT-TASAKI2020-1842	TASAKI2020	000355.0002	PG-TASAKI2020-0355	equation	equation (10.1.6)	NONE	PDF p. 355; print p. 344; §10.1; equation (10.1.6)	Chapter 10	chapter-10	PUBLIC-DOCS-SOURCE-ITEM-REVIEW-V1
IT-TASAKI2020-1843	TASAKI2020	000355.0003	PG-TASAKI2020-0355	unlabeled	NONE	NONE	PDF p. 355; print p. 344; §10.1; paragraph 4; audit split atom 1/2	Chapter 10	chapter-10	PUBLIC-DOCS-SOURCE-ITEM-REVIEW-V1
IT-TASAKI2020-1844	TASAKI2020	000355.0004	PG-TASAKI2020-0355	unlabeled	NONE	NONE	PDF p. 355; print p. 344; §10.1; paragraph 4; audit split atom 2/2	Chapter 10	chapter-10	PUBLIC-DOCS-SOURCE-ITEM-REVIEW-V1
IT-TASAKI2020-1845	TASAKI2020	000355.0005	PG-TASAKI2020-0355	equation	equation (10.1.7)	NONE	PDF p. 355; print p. 344; §10.1; equation (10.1.7)	Chapter 10	chapter-10	PUBLIC-DOCS-SOURCE-ITEM-REVIEW-V1
IT-TASAKI2020-1846	TASAKI2020	000355.0006	PG-TASAKI2020-0355	equation	equation (10.1.8)	NONE	PDF p. 355; print p. 344; §10.1; equation (10.1.8)	Chapter 10	chapter-10	PUBLIC-DOCS-SOURCE-ITEM-REVIEW-V1
IT-TASAKI2020-1847	TASAKI2020	000355.0007	PG-TASAKI2020-0355	equation	equation (10.1.9)	NONE	PDF p. 355; print p. 344; §10.1; equation (10.1.9)	Chapter 10	chapter-10	PUBLIC-DOCS-SOURCE-ITEM-REVIEW-V1
IT-TASAKI2020-1848	TASAKI2020	000356.0001	PG-TASAKI2020-0356	equation	equation (10.1.10)	NONE	PDF p. 356; print p. 345; §10.1; equation (10.1.10)	Chapter 10	chapter-10	PUBLIC-DOCS-SOURCE-ITEM-REVIEW-V1
IT-TASAKI2020-1849	TASAKI2020	000356.0002	PG-TASAKI2020-0356	equation	equation (10.1.11)	NONE	PDF p. 356; print p. 345; §10.1; equation (10.1.11)	Chapter 10	chapter-10	PUBLIC-DOCS-SOURCE-ITEM-REVIEW-V1
IT-TASAKI2020-1850	TASAKI2020	000356.0003	PG-TASAKI2020-0356	equation	equation (10.1.12)	NONE	PDF p. 356; print p. 345; §10.1; equation (10.1.12)	Chapter 10	chapter-10	PUBLIC-DOCS-SOURCE-ITEM-REVIEW-V1
IT-TASAKI2020-1851	TASAKI2020	000356.0004	PG-TASAKI2020-0356	unlabeled	NONE	NONE	PDF p. 356; print p. 345; §10.1; paragraph 5, atom 1	Chapter 10	chapter-10	PUBLIC-DOCS-SOURCE-ITEM-REVIEW-V1
IT-TASAKI2020-1852	TASAKI2020	000356.0005	PG-TASAKI2020-0356	unlabeled	NONE	NONE	PDF p. 356; print p. 345; §10.1; paragraph 5, atom 2	Chapter 10	chapter-10	PUBLIC-DOCS-SOURCE-ITEM-REVIEW-V1
IT-TASAKI2020-1853	TASAKI2020	000356.0006	PG-TASAKI2020-0356	equation	equation (10.1.13)	NONE	PDF p. 356; print p. 345; §10.1; equation (10.1.13)	Chapter 10	chapter-10	PUBLIC-DOCS-SOURCE-ITEM-REVIEW-V1
IT-TASAKI2020-1854	TASAKI2020	000356.0007	PG-TASAKI2020-0356	unlabeled	NONE	NONE	PDF p. 356; print p. 345; §10.1; paragraph 7; audit split atom 1/3	Chapter 10	chapter-10	PUBLIC-DOCS-SOURCE-ITEM-REVIEW-V1
IT-TASAKI2020-1855	TASAKI2020	000356.0008	PG-TASAKI2020-0356	unlabeled	NONE	NONE	PDF p. 356; print p. 345; §10.1; paragraph 7; audit split atom 2/3	Chapter 10	chapter-10	PUBLIC-DOCS-SOURCE-ITEM-REVIEW-V1
IT-TASAKI2020-1856	TASAKI2020	000356.0009	PG-TASAKI2020-0356	unlabeled	NONE	NONE	PDF p. 356; print p. 345; §10.1; paragraph 7; audit split atom 3/3	Chapter 10	chapter-10	PUBLIC-DOCS-SOURCE-ITEM-REVIEW-V1
IT-TASAKI2020-1857	TASAKI2020	000356.0010	PG-TASAKI2020-0356	equation	equation (10.1.14)	NONE	PDF p. 356; print p. 345; §10.1; equation (10.1.14)	Chapter 10	chapter-10	PUBLIC-DOCS-SOURCE-ITEM-REVIEW-V1
IT-TASAKI2020-1858	TASAKI2020	000357.0001	PG-TASAKI2020-0357	equation	equation (10.1.15)	NONE	PDF p. 357; print p. 346; §10.1; equation (10.1.15)	Chapter 10	chapter-10	PUBLIC-DOCS-SOURCE-ITEM-REVIEW-V1
IT-TASAKI2020-1859	TASAKI2020	000357.0002	PG-TASAKI2020-0357	equation	equation (10.1.16)	NONE	PDF p. 357; print p. 346; §10.1; equation (10.1.16)	Chapter 10	chapter-10	PUBLIC-DOCS-SOURCE-ITEM-REVIEW-V1
IT-TASAKI2020-1860	TASAKI2020	000357.0003	PG-TASAKI2020-0357	equation	equation (10.1.17)	NONE	PDF p. 357; print p. 346; §10.1; equation (10.1.17)	Chapter 10	chapter-10	PUBLIC-DOCS-SOURCE-ITEM-REVIEW-V1
IT-TASAKI2020-1861	TASAKI2020	000357.0004	PG-TASAKI2020-0357	equation	equation (10.1.18)	NONE	PDF p. 357; print p. 346; §10.1; equation (10.1.18)	Chapter 10	chapter-10	PUBLIC-DOCS-SOURCE-ITEM-REVIEW-V1
IT-TASAKI2020-1862	TASAKI2020	000357.0005	PG-TASAKI2020-0357	equation	equation (10.1.19)	NONE	PDF p. 357; print p. 346; §10.1; equation (10.1.19)	Chapter 10	chapter-10	PUBLIC-DOCS-SOURCE-ITEM-REVIEW-V1
IT-TASAKI2020-1863	TASAKI2020	000357.0006	PG-TASAKI2020-0357	equation	equation (10.1.20)	NONE	PDF p. 357; print p. 346; §10.1; equation (10.1.20)	Chapter 10	chapter-10	PUBLIC-DOCS-SOURCE-ITEM-REVIEW-V1
IT-TASAKI2020-1864	TASAKI2020	000357.0007	PG-TASAKI2020-0357	lemma	Lemma 10.1	NONE	PDF p. 357; print p. 346; §10.1; Lemma 10.1	Chapter 10	chapter-10	PUBLIC-DOCS-SOURCE-ITEM-REVIEW-V1
IT-TASAKI2020-1865	TASAKI2020	000357.0008	PG-TASAKI2020-0357	unlabeled	NONE	NONE	PDF p. 357; print p. 346; §10.1; paragraph 11, atom 2	Chapter 10	chapter-10	PUBLIC-DOCS-SOURCE-ITEM-REVIEW-V1
IT-TASAKI2020-1866	TASAKI2020	000357.0009	PG-TASAKI2020-0357	unlabeled	NONE	NONE	PDF p. 357; print p. 346; §10.1; paragraph 11, atom 3	Chapter 10	chapter-10	PUBLIC-DOCS-SOURCE-ITEM-REVIEW-V1
IT-TASAKI2020-1867	TASAKI2020	000357.0010	PG-TASAKI2020-0357	unlabeled	NONE	NONE	PDF p. 357; print p. 346; §10.1; paragraph 11, atom 4	Chapter 10	chapter-10	PUBLIC-DOCS-SOURCE-ITEM-REVIEW-V1
IT-TASAKI2020-1868	TASAKI2020	000357.0011	PG-TASAKI2020-0357	unlabeled	NONE	NONE	PDF p. 357; print p. 346; §10.1; paragraph 11, atom 5	Chapter 10	chapter-10	PUBLIC-DOCS-SOURCE-ITEM-REVIEW-V1
IT-TASAKI2020-1869	TASAKI2020	000358.0001	PG-TASAKI2020-0358	equation	equation (10.1.21)	NONE	PDF p. 358; print p. 347; §10.1; equation (10.1.21)	Chapter 10	chapter-10	PUBLIC-DOCS-SOURCE-ITEM-REVIEW-V1
IT-TASAKI2020-1870	TASAKI2020	000358.0002	PG-TASAKI2020-0358	equation	equation (10.1.22)	NONE	PDF p. 358; print p. 347; §10.1; equation (10.1.22)	Chapter 10	chapter-10	PUBLIC-DOCS-SOURCE-ITEM-REVIEW-V1
IT-TASAKI2020-1871	TASAKI2020	000358.0003	PG-TASAKI2020-0358	unlabeled	NONE	NONE	PDF p. 358; print p. 347; §10.1; paragraph 5, atom 1	Chapter 10	chapter-10	PUBLIC-DOCS-SOURCE-ITEM-REVIEW-V1
IT-TASAKI2020-1872	TASAKI2020	000358.0004	PG-TASAKI2020-0358	unlabeled	NONE	NONE	PDF p. 358; print p. 347; §10.1; paragraph 5, atom 2	Chapter 10	chapter-10	PUBLIC-DOCS-SOURCE-ITEM-REVIEW-V1
IT-TASAKI2020-1873	TASAKI2020	000359.0001	PG-TASAKI2020-0359	equation	equation (10.2.1)	NONE	PDF p. 359; print p. 348; §10.2.1; equation (10.2.1)	Chapter 10	chapter-10	PUBLIC-DOCS-SOURCE-ITEM-REVIEW-V1
IT-TASAKI2020-1874	TASAKI2020	000359.0002	PG-TASAKI2020-0359	equation	equation (10.2.2)	NONE	PDF p. 359; print p. 348; §10.2.1; equation (10.2.2)	Chapter 10	chapter-10	PUBLIC-DOCS-SOURCE-ITEM-REVIEW-V1
IT-TASAKI2020-1875	TASAKI2020	000359.0003	PG-TASAKI2020-0359	theorem	Theorem 10.2	NONE	PDF p. 359; print p. 348; §10.2.1; Theorem 10.2	Chapter 10	chapter-10	PUBLIC-DOCS-SOURCE-ITEM-REVIEW-V1
IT-TASAKI2020-1876	TASAKI2020	000359.0005	PG-TASAKI2020-0359	unlabeled	NONE	NONE	PDF p. 359; print p. 348; §10.2.1; paragraph 6	Chapter 10	chapter-10	PUBLIC-DOCS-SOURCE-ITEM-REVIEW-V1
IT-TASAKI2020-1877	TASAKI2020	000359.0006	PG-TASAKI2020-0359	equation	equation (10.2.3)	NONE	PDF p. 359; print p. 348; §10.2.1; equation (10.2.3)	Chapter 10	chapter-10	PUBLIC-DOCS-SOURCE-ITEM-REVIEW-V1
IT-TASAKI2020-1878	TASAKI2020	000359.0007	PG-TASAKI2020-0359	unlabeled	NONE	NONE	PDF p. 359; print p. 348; §10.2.1; paragraph 8	Chapter 10	chapter-10	PUBLIC-DOCS-SOURCE-ITEM-REVIEW-V1
IT-TASAKI2020-1879	TASAKI2020	000360.0001	PG-TASAKI2020-0360	theorem	Theorem 10.3	NONE	PDF p. 360; print p. 349; §10.2.1; Theorem 10.3	Chapter 10	chapter-10	PUBLIC-DOCS-SOURCE-ITEM-REVIEW-V1
IT-TASAKI2020-1880	TASAKI2020	000360.0002	PG-TASAKI2020-0360	equation	equation (10.2.4)	NONE	PDF p. 360; print p. 349; §10.2.1; equation (10.2.4)	Chapter 10	chapter-10	PUBLIC-DOCS-SOURCE-ITEM-REVIEW-V1
IT-TASAKI2020-1881	TASAKI2020	000361.0001	PG-TASAKI2020-0361	unlabeled	NONE	NONE	PDF p. 361; print p. 350; §10.2.2; paragraph 2, atom 1	Chapter 10	chapter-10	PUBLIC-DOCS-SOURCE-ITEM-REVIEW-V1
IT-TASAKI2020-1882	TASAKI2020	000361.0002	PG-TASAKI2020-0361	unlabeled	NONE	NONE	PDF p. 361; print p. 350; §10.2.2; paragraph 2, atom 2	Chapter 10	chapter-10	PUBLIC-DOCS-SOURCE-ITEM-REVIEW-V1
IT-TASAKI2020-1883	TASAKI2020	000361.0003	PG-TASAKI2020-0361	unlabeled	NONE	NONE	PDF p. 361; print p. 350; §10.2.2; paragraph 2, atom 3	Chapter 10	chapter-10	PUBLIC-DOCS-SOURCE-ITEM-REVIEW-V1
IT-TASAKI2020-1884	TASAKI2020	000361.0004	PG-TASAKI2020-0361	equation	equation (10.2.5)	NONE	PDF p. 361; print p. 350; §10.2.2; equation (10.2.5)	Chapter 10	chapter-10	PUBLIC-DOCS-SOURCE-ITEM-REVIEW-V1
IT-TASAKI2020-1885	TASAKI2020	000361.0005	PG-TASAKI2020-0361	equation	equation (10.2.6)	NONE	PDF p. 361; print p. 350; §10.2.2; equation (10.2.6)	Chapter 10	chapter-10	PUBLIC-DOCS-SOURCE-ITEM-REVIEW-V1
IT-TASAKI2020-1886	TASAKI2020	000361.0006	PG-TASAKI2020-0361	theorem	Theorem 10.4	NONE	PDF p. 361; print p. 350; §10.2.2; Theorem 10.4	Chapter 10	chapter-10	PUBLIC-DOCS-SOURCE-ITEM-REVIEW-V1
IT-TASAKI2020-1887	TASAKI2020	000361.0007	PG-TASAKI2020-0361	unlabeled	NONE	NONE	PDF p. 361; print p. 350; §10.2.2; paragraph 4	Chapter 10	chapter-10	PUBLIC-DOCS-SOURCE-ITEM-REVIEW-V1
IT-TASAKI2020-1888	TASAKI2020	000362.0001	PG-TASAKI2020-0362	unlabeled	NONE	NONE	PDF p. 362; print p. 351; §10.2.2; paragraph 2, atom 1	Chapter 10	chapter-10	PUBLIC-DOCS-SOURCE-ITEM-REVIEW-V1
IT-TASAKI2020-1889	TASAKI2020	000362.0002	PG-TASAKI2020-0362	unlabeled	NONE	NONE	PDF p. 362; print p. 351; §10.2.2; paragraph 2, atom 2	Chapter 10	chapter-10	PUBLIC-DOCS-SOURCE-ITEM-REVIEW-V1
IT-TASAKI2020-1890	TASAKI2020	000362.0003	PG-TASAKI2020-0362	theorem	Theorem 10.5	NONE	PDF p. 362; print p. 351; §10.2.2; Theorem 10.5	Chapter 10	chapter-10	PUBLIC-DOCS-SOURCE-ITEM-REVIEW-V1
IT-TASAKI2020-1891	TASAKI2020	000362.0004	PG-TASAKI2020-0362	equation	equation (10.2.7)	NONE	PDF p. 362; print p. 351; §10.2.2; equation (10.2.7)	Chapter 10	chapter-10	PUBLIC-DOCS-SOURCE-ITEM-REVIEW-V1
IT-TASAKI2020-1892	TASAKI2020	000362.0005	PG-TASAKI2020-0362	unlabeled	NONE	NONE	PDF p. 362; print p. 351; §10.2.2; paragraph 3	Chapter 10	chapter-10	PUBLIC-DOCS-SOURCE-ITEM-REVIEW-V1
IT-TASAKI2020-1893	TASAKI2020	000362.0006	PG-TASAKI2020-0362	equation	equation (10.2.8)	NONE	PDF p. 362; print p. 351; §10.2.2; equation (10.2.8)	Chapter 10	chapter-10	PUBLIC-DOCS-SOURCE-ITEM-REVIEW-V1
IT-TASAKI2020-1894	TASAKI2020	000362.0007	PG-TASAKI2020-0362	unlabeled	NONE	NONE	PDF p. 362; print p. 351; §10.2.2; paragraph 5; atom 1	Chapter 10	chapter-10	PUBLIC-DOCS-SOURCE-ITEM-REVIEW-V1
IT-TASAKI2020-1895	TASAKI2020	000362.0008	PG-TASAKI2020-0362	unlabeled	NONE	NONE	PDF p. 362; print p. 351; §10.2.2; paragraph 5; atom 2	Chapter 10	chapter-10	PUBLIC-DOCS-SOURCE-ITEM-REVIEW-V1
IT-TASAKI2020-1896	TASAKI2020	000362.0009	PG-TASAKI2020-0362	unlabeled	NONE	NONE	PDF p. 362; print p. 351; §10.2.2; paragraph 5; atom 3	Chapter 10	chapter-10	PUBLIC-DOCS-SOURCE-ITEM-REVIEW-V1
IT-TASAKI2020-1897	TASAKI2020	000362.0010	PG-TASAKI2020-0362	unlabeled	NONE	NONE	PDF p. 362; print p. 351; §10.2.2; paragraph 5; audit split atom 2/5	Chapter 10	chapter-10	PUBLIC-DOCS-SOURCE-ITEM-REVIEW-V1
IT-TASAKI2020-1898	TASAKI2020	000362.0011	PG-TASAKI2020-0362	unlabeled	NONE	NONE	PDF p. 362; print p. 351; §10.2.2; paragraph 5; audit split atom 4/5	Chapter 10	chapter-10	PUBLIC-DOCS-SOURCE-ITEM-REVIEW-V1
IT-TASAKI2020-1899	TASAKI2020	000362.0012	PG-TASAKI2020-0362	unlabeled	NONE	NONE	PDF p. 362; print p. 351; §10.2.2; paragraph 5; audit split atom 5/5	Chapter 10	chapter-10	PUBLIC-DOCS-SOURCE-ITEM-REVIEW-V1
IT-TASAKI2020-1900	TASAKI2020	000362.0013	PG-TASAKI2020-0362	equation	equation (10.2.9)	NONE	PDF p. 362; print p. 351; §10.2.2; equation (10.2.9)	Chapter 10	chapter-10	PUBLIC-DOCS-SOURCE-ITEM-REVIEW-V1
IT-TASAKI2020-1901	TASAKI2020	000363.0001	PG-TASAKI2020-0363	unlabeled	NONE	NONE	PDF p. 363; print p. 352; §10.2.2; paragraph 2, atom 1	Chapter 10	chapter-10	PUBLIC-DOCS-SOURCE-ITEM-REVIEW-V1
IT-TASAKI2020-1902	TASAKI2020	000363.0002	PG-TASAKI2020-0363	unlabeled	NONE	NONE	PDF p. 363; print p. 352; §10.2.2; paragraph 2, atom 2	Chapter 10	chapter-10	PUBLIC-DOCS-SOURCE-ITEM-REVIEW-V1
IT-TASAKI2020-1903	TASAKI2020	000363.0003	PG-TASAKI2020-0363	unlabeled	NONE	NONE	PDF p. 363; print p. 352; §10.2.2; paragraph 2, atom 3	Chapter 10	chapter-10	PUBLIC-DOCS-SOURCE-ITEM-REVIEW-V1
IT-TASAKI2020-1904	TASAKI2020	000363.0004	PG-TASAKI2020-0363	equation	equation (10.2.10)	NONE	PDF p. 363; print p. 352; §10.2.2; equation (10.2.10)	Chapter 10	chapter-10	PUBLIC-DOCS-SOURCE-ITEM-REVIEW-V1
IT-TASAKI2020-1905	TASAKI2020	000363.0005	PG-TASAKI2020-0363	equation	equation (10.2.11)	NONE	PDF p. 363; print p. 352; §10.2.2; equation (10.2.11)	Chapter 10	chapter-10	PUBLIC-DOCS-SOURCE-ITEM-REVIEW-V1
IT-TASAKI2020-1906	TASAKI2020	000363.0006	PG-TASAKI2020-0363	unlabeled	NONE	NONE	PDF p. 363; print p. 352; §10.2.2; paragraph 5, atom 1	Chapter 10	chapter-10	PUBLIC-DOCS-SOURCE-ITEM-REVIEW-V1
IT-TASAKI2020-1907	TASAKI2020	000363.0007	PG-TASAKI2020-0363	unlabeled	NONE	NONE	PDF p. 363; print p. 352; §10.2.2; paragraph 5, atom 2	Chapter 10	chapter-10	PUBLIC-DOCS-SOURCE-ITEM-REVIEW-V1
IT-TASAKI2020-1908	TASAKI2020	000363.0008	PG-TASAKI2020-0363	unlabeled	NONE	NONE	PDF p. 363; print p. 352; §10.2.2; paragraph 5, atom 3	Chapter 10	chapter-10	PUBLIC-DOCS-SOURCE-ITEM-REVIEW-V1
IT-TASAKI2020-1909	TASAKI2020	000363.0009	PG-TASAKI2020-0363	unlabeled	NONE	NONE	PDF p. 363; print p. 352; §10.2.2; paragraph 5, atom 4	Chapter 10	chapter-10	PUBLIC-DOCS-SOURCE-ITEM-REVIEW-V1
IT-TASAKI2020-1910	TASAKI2020	000364.0001	PG-TASAKI2020-0364	unlabeled	NONE	NONE	PDF p. 364; print p. 353; §10.2.2; paragraph 2	Chapter 10	chapter-10	PUBLIC-DOCS-SOURCE-ITEM-REVIEW-V1
IT-TASAKI2020-1911	TASAKI2020	000364.0002	PG-TASAKI2020-0364	equation	equation (10.2.12)	NONE	PDF p. 364; print p. 353; §10.2.2; equation (10.2.12)	Chapter 10	chapter-10	PUBLIC-DOCS-SOURCE-ITEM-REVIEW-V1
IT-TASAKI2020-1912	TASAKI2020	000364.0003	PG-TASAKI2020-0364	unlabeled	NONE	NONE	PDF p. 364; print p. 353; §10.2.2; paragraph 4, atom 1	Chapter 10	chapter-10	PUBLIC-DOCS-SOURCE-ITEM-REVIEW-V1
IT-TASAKI2020-1913	TASAKI2020	000364.0004	PG-TASAKI2020-0364	unlabeled	NONE	NONE	PDF p. 364; print p. 353; §10.2.2; paragraph 4, atom 2	Chapter 10	chapter-10	PUBLIC-DOCS-SOURCE-ITEM-REVIEW-V1
IT-TASAKI2020-1914	TASAKI2020	000365.0001	PG-TASAKI2020-0365	unlabeled	NONE	NONE	PDF p. 365; print p. 354; §10.2.2; paragraph 2	Chapter 10	chapter-10	PUBLIC-DOCS-SOURCE-ITEM-REVIEW-V1
IT-TASAKI2020-1915	TASAKI2020	000365.0002	PG-TASAKI2020-0365	equation	equation (10.2.13)	NONE	PDF p. 365; print p. 354; §10.2.2; equation (10.2.13)	Chapter 10	chapter-10	PUBLIC-DOCS-SOURCE-ITEM-REVIEW-V1
IT-TASAKI2020-1916	TASAKI2020	000365.0003	PG-TASAKI2020-0365	unlabeled	NONE	NONE	PDF p. 365; print p. 354; §10.2.2; paragraph 5	Chapter 10	chapter-10	PUBLIC-DOCS-SOURCE-ITEM-REVIEW-V1
IT-TASAKI2020-1917	TASAKI2020	000365.0004	PG-TASAKI2020-0365	equation	equation (10.2.14)	NONE	PDF p. 365; print p. 354; §10.2.2; equation (10.2.14)	Chapter 10	chapter-10	PUBLIC-DOCS-SOURCE-ITEM-REVIEW-V1
IT-TASAKI2020-1918	TASAKI2020	000365.0005	PG-TASAKI2020-0365	unlabeled	NONE	NONE	PDF p. 365; print p. 354; §10.2.3; paragraph 9	Chapter 10	chapter-10	PUBLIC-DOCS-SOURCE-ITEM-REVIEW-V1
IT-TASAKI2020-1919	TASAKI2020	000365.0006	PG-TASAKI2020-0365	equation	equation (10.2.15)	NONE	PDF p. 365; print p. 354; §10.2.3; equation (10.2.15)	Chapter 10	chapter-10	PUBLIC-DOCS-SOURCE-ITEM-REVIEW-V1
IT-TASAKI2020-1920	TASAKI2020	000365.0007	PG-TASAKI2020-0365	unlabeled	NONE	NONE	PDF p. 365; print p. 354; §10.2.3; paragraph 11	Chapter 10	chapter-10	PUBLIC-DOCS-SOURCE-ITEM-REVIEW-V1
IT-TASAKI2020-1921	TASAKI2020	000366.0001	PG-TASAKI2020-0366	unlabeled	NONE	NONE	PDF p. 366; print p. 355; §10.2.3; paragraph 3, atom 1	Chapter 10	chapter-10	PUBLIC-DOCS-SOURCE-ITEM-REVIEW-V1
IT-TASAKI2020-1922	TASAKI2020	000366.0002	PG-TASAKI2020-0366	unlabeled	NONE	NONE	PDF p. 366; print p. 355; §10.2.3; paragraph 3, atom 2	Chapter 10	chapter-10	PUBLIC-DOCS-SOURCE-ITEM-REVIEW-V1
IT-TASAKI2020-1923	TASAKI2020	000366.0003	PG-TASAKI2020-0366	figure	Fig. 10.2	NONE	PDF p. 366; print p. 355; §10.2.3; Fig. 10.2	Chapter 10	chapter-10	PUBLIC-DOCS-SOURCE-ITEM-REVIEW-V1
IT-TASAKI2020-1924	TASAKI2020	000367.0001	PG-TASAKI2020-0367	equation	equation (10.2.16)	NONE	PDF p. 367; print p. 356; §10.2.3; equation (10.2.16)	Chapter 10	chapter-10	PUBLIC-DOCS-SOURCE-ITEM-REVIEW-V1
IT-TASAKI2020-1925	TASAKI2020	000367.0002	PG-TASAKI2020-0367	theorem	Theorem 10.6	NONE	PDF p. 367; print p. 356; §10.2.3; Theorem 10.6	Chapter 10	chapter-10	PUBLIC-DOCS-SOURCE-ITEM-REVIEW-V1
IT-TASAKI2020-1926	TASAKI2020	000367.0003	PG-TASAKI2020-0367	equation	equation (10.2.17)	NONE	PDF p. 367; print p. 356; §10.2.3; equation (10.2.17)	Chapter 10	chapter-10	PUBLIC-DOCS-SOURCE-ITEM-REVIEW-V1
IT-TASAKI2020-1927	TASAKI2020	000367.0004	PG-TASAKI2020-0367	proposition	Proposition 10.7	NONE	PDF p. 367; print p. 356; §10.2.3; Proposition 10.7	Chapter 10	chapter-10	PUBLIC-DOCS-SOURCE-ITEM-REVIEW-V1
IT-TASAKI2020-1928	TASAKI2020	000367.0005	PG-TASAKI2020-0367	unlabeled	NONE	NONE	PDF p. 367; print p. 356; §10.2.3; paragraph 2, atom 3	Chapter 10	chapter-10	PUBLIC-DOCS-SOURCE-ITEM-REVIEW-V1
IT-TASAKI2020-1929	TASAKI2020	000367.0006	PG-TASAKI2020-0367	unlabeled	NONE	NONE	PDF p. 367; print p. 356; §10.2.3; paragraph 2, atom 4	Chapter 10	chapter-10	PUBLIC-DOCS-SOURCE-ITEM-REVIEW-V1
IT-TASAKI2020-1930	TASAKI2020	000367.0007	PG-TASAKI2020-0367	unlabeled	NONE	NONE	PDF p. 367; print p. 356; §10.2.3; paragraph 2, atom 5	Chapter 10	chapter-10	PUBLIC-DOCS-SOURCE-ITEM-REVIEW-V1
IT-TASAKI2020-1931	TASAKI2020	000367.0011	PG-TASAKI2020-0367	unlabeled	NONE	NONE	PDF p. 367; print p. 356; §10.2.3; paragraph 2, atom 6	Chapter 10	chapter-10	PUBLIC-DOCS-SOURCE-ITEM-REVIEW-V1
IT-TASAKI2020-1932	TASAKI2020	000368.0001	PG-TASAKI2020-0368	unlabeled	NONE	NONE	PDF p. 368; print p. 357; §10.2.3; paragraph 3	Chapter 10	chapter-10	PUBLIC-DOCS-SOURCE-ITEM-REVIEW-V1
IT-TASAKI2020-1933	TASAKI2020	000368.0002	PG-TASAKI2020-0368	equation	equation (10.2.18)	NONE	PDF p. 368; print p. 357; §10.2.3; equation (10.2.18)	Chapter 10	chapter-10	PUBLIC-DOCS-SOURCE-ITEM-REVIEW-V1
IT-TASAKI2020-1934	TASAKI2020	000368.0003	PG-TASAKI2020-0368	unlabeled	NONE	NONE	PDF p. 368; print p. 357; §10.2.3; paragraph 5	Chapter 10	chapter-10	PUBLIC-DOCS-SOURCE-ITEM-REVIEW-V1
IT-TASAKI2020-1935	TASAKI2020	000368.0004	PG-TASAKI2020-0368	equation	equation (10.2.19)	NONE	PDF p. 368; print p. 357; §10.2.3; equation (10.2.19)	Chapter 10	chapter-10	PUBLIC-DOCS-SOURCE-ITEM-REVIEW-V1
IT-TASAKI2020-1936	TASAKI2020	000368.0005	PG-TASAKI2020-0368	unlabeled	NONE	NONE	PDF p. 368; print p. 357; §10.2.3; paragraph 6; atom 1	Chapter 10	chapter-10	PUBLIC-DOCS-SOURCE-ITEM-REVIEW-V1
IT-TASAKI2020-1937	TASAKI2020	000368.0006	PG-TASAKI2020-0368	unlabeled	NONE	NONE	PDF p. 368; print p. 357; §10.2.3; paragraph 6; atom 2	Chapter 10	chapter-10	PUBLIC-DOCS-SOURCE-ITEM-REVIEW-V1
IT-TASAKI2020-1938	TASAKI2020	000368.0009	PG-TASAKI2020-0368	unlabeled	NONE	NONE	PDF p. 368; print p. 357; §10.2.3; paragraph 6; audit split atom 3/3	Chapter 10	chapter-10	PUBLIC-DOCS-SOURCE-ITEM-REVIEW-V1
IT-TASAKI2020-1939	TASAKI2020	000369.0001	PG-TASAKI2020-0369	unlabeled	NONE	NONE	PDF p. 369; print p. 358; §10.2.3; paragraph 2, atom 1	Chapter 10	chapter-10	PUBLIC-DOCS-SOURCE-ITEM-REVIEW-V1
IT-TASAKI2020-1940	TASAKI2020	000369.0002	PG-TASAKI2020-0369	unlabeled	NONE	NONE	PDF p. 369; print p. 358; §10.2.3; paragraph 2, atom 2	Chapter 10	chapter-10	PUBLIC-DOCS-SOURCE-ITEM-REVIEW-V1
IT-TASAKI2020-1941	TASAKI2020	000369.0003	PG-TASAKI2020-0369	equation	equation (10.2.20)	NONE	PDF p. 369; print p. 358; §10.2.3; equation (10.2.20)	Chapter 10	chapter-10	PUBLIC-DOCS-SOURCE-ITEM-REVIEW-V1
IT-TASAKI2020-1942	TASAKI2020	000369.0004	PG-TASAKI2020-0369	unlabeled	NONE	NONE	PDF p. 369; print p. 358; §10.2.3; paragraph 4, atom 1	Chapter 10	chapter-10	PUBLIC-DOCS-SOURCE-ITEM-REVIEW-V1
IT-TASAKI2020-1943	TASAKI2020	000369.0005	PG-TASAKI2020-0369	problem	Problem 10.2.3.a	NONE	PDF p. 369; print p. 358; §10.2.3; Problem 10.2.3.a	Chapter 10	chapter-10	PUBLIC-DOCS-SOURCE-ITEM-REVIEW-V1
IT-TASAKI2020-1944	TASAKI2020	000369.0006	PG-TASAKI2020-0369	unlabeled	NONE	NONE	PDF p. 369; print p. 358; §10.2.3; paragraph 4, atom 2	Chapter 10	chapter-10	PUBLIC-DOCS-SOURCE-ITEM-REVIEW-V1
IT-TASAKI2020-1945	TASAKI2020	000369.0007	PG-TASAKI2020-0369	unlabeled	NONE	NONE	PDF p. 369; print p. 358; §10.2.3; paragraph 4, atom 3	Chapter 10	chapter-10	PUBLIC-DOCS-SOURCE-ITEM-REVIEW-V1
IT-TASAKI2020-1946	TASAKI2020	000370.0001	PG-TASAKI2020-0370	unlabeled	NONE	NONE	PDF p. 370; print p. 359; §10.2.3; paragraph 2, atom 1	Chapter 10	chapter-10	PUBLIC-DOCS-SOURCE-ITEM-REVIEW-V1
IT-TASAKI2020-1947	TASAKI2020	000370.0002	PG-TASAKI2020-0370	unlabeled	NONE	NONE	PDF p. 370; print p. 359; §10.2.3; paragraph 2, atom 2	Chapter 10	chapter-10	PUBLIC-DOCS-SOURCE-ITEM-REVIEW-V1
IT-TASAKI2020-1948	TASAKI2020	000370.0003	PG-TASAKI2020-0370	equation	equation (10.2.21)	NONE	PDF p. 370; print p. 359; §10.2.3; equation (10.2.21)	Chapter 10	chapter-10	PUBLIC-DOCS-SOURCE-ITEM-REVIEW-V1
IT-TASAKI2020-1949	TASAKI2020	000370.0004	PG-TASAKI2020-0370	unlabeled	NONE	NONE	PDF p. 370; print p. 359; §10.2.3; paragraph 4, atom 1	Chapter 10	chapter-10	PUBLIC-DOCS-SOURCE-ITEM-REVIEW-V1
IT-TASAKI2020-1950	TASAKI2020	000370.0005	PG-TASAKI2020-0370	theorem	Theorem 10.8	NONE	PDF p. 370; print p. 359; §10.2.3; Theorem 10.8	Chapter 10	chapter-10	PUBLIC-DOCS-SOURCE-ITEM-REVIEW-V1
IT-TASAKI2020-1951	TASAKI2020	000370.0006	PG-TASAKI2020-0370	equation	equation (10.2.22)	NONE	PDF p. 370; print p. 359; §10.2.3; equation (10.2.22)	Chapter 10	chapter-10	PUBLIC-DOCS-SOURCE-ITEM-REVIEW-V1
IT-TASAKI2020-1952	TASAKI2020	000370.0007	PG-TASAKI2020-0370	unlabeled	NONE	NONE	PDF p. 370; print p. 359; §10.2.3; paragraph 5	Chapter 10	chapter-10	PUBLIC-DOCS-SOURCE-ITEM-REVIEW-V1
IT-TASAKI2020-1953	TASAKI2020	000370.0008	PG-TASAKI2020-0370	equation	equation (10.2.23)	NONE	PDF p. 370; print p. 359; §10.2.3; equation (10.2.23)	Chapter 10	chapter-10	PUBLIC-DOCS-SOURCE-ITEM-REVIEW-V1
IT-TASAKI2020-1954	TASAKI2020	000370.0009	PG-TASAKI2020-0370	unlabeled	NONE	NONE	PDF p. 370; print p. 359; §10.2.3; paragraph 6	Chapter 10	chapter-10	PUBLIC-DOCS-SOURCE-ITEM-REVIEW-V1
IT-TASAKI2020-1955	TASAKI2020	000371.0001	PG-TASAKI2020-0371	equation	equation (10.2.24)	NONE	PDF p. 371; print p. 360; §10.2.3; equation (10.2.24)	Chapter 10	chapter-10	PUBLIC-DOCS-SOURCE-ITEM-REVIEW-V1
IT-TASAKI2020-1956	TASAKI2020	000371.0002	PG-TASAKI2020-0371	equation	equation (10.2.25)	NONE	PDF p. 371; print p. 360; §10.2.3; equation (10.2.25)	Chapter 10	chapter-10	PUBLIC-DOCS-SOURCE-ITEM-REVIEW-V1
IT-TASAKI2020-1957	TASAKI2020	000371.0003	PG-TASAKI2020-0371	equation	equation (10.2.26)	NONE	PDF p. 371; print p. 360; §10.2.3; equation (10.2.26)	Chapter 10	chapter-10	PUBLIC-DOCS-SOURCE-ITEM-REVIEW-V1
IT-TASAKI2020-1958	TASAKI2020	000372.0001	PG-TASAKI2020-0372	unlabeled	NONE	NONE	PDF p. 372; print p. 361; §10.2.4; paragraph 4, atom 1	Chapter 10	chapter-10	PUBLIC-DOCS-SOURCE-ITEM-REVIEW-V1
IT-TASAKI2020-1959	TASAKI2020	000372.0002	PG-TASAKI2020-0372	equation	equation (10.2.27)	NONE	PDF p. 372; print p. 361; §10.2.4; equation (10.2.27)	Chapter 10	chapter-10	PUBLIC-DOCS-SOURCE-ITEM-REVIEW-V1
IT-TASAKI2020-1960	TASAKI2020	000372.0003	PG-TASAKI2020-0372	unlabeled	NONE	NONE	PDF p. 372; print p. 361; §10.2.4; paragraph 5	Chapter 10	chapter-10	PUBLIC-DOCS-SOURCE-ITEM-REVIEW-V1
IT-TASAKI2020-1961	TASAKI2020	000372.0004	PG-TASAKI2020-0372	equation	equation (10.2.28)	NONE	PDF p. 372; print p. 361; §10.2.4; equation (10.2.28)	Chapter 10	chapter-10	PUBLIC-DOCS-SOURCE-ITEM-REVIEW-V1
IT-TASAKI2020-1962	TASAKI2020	000373.0001	PG-TASAKI2020-0373	equation	equation (10.2.29)	NONE	PDF p. 373; print p. 362; §10.2.4; equation (10.2.29)	Chapter 10	chapter-10	PUBLIC-DOCS-SOURCE-ITEM-REVIEW-V1
IT-TASAKI2020-1963	TASAKI2020	000373.0002	PG-TASAKI2020-0373	equation	equation (10.2.30)	NONE	PDF p. 373; print p. 362; §10.2.4; equation (10.2.30)	Chapter 10	chapter-10	PUBLIC-DOCS-SOURCE-ITEM-REVIEW-V1
IT-TASAKI2020-1964	TASAKI2020	000373.0003	PG-TASAKI2020-0373	equation	equation (10.2.31)	NONE	PDF p. 373; print p. 362; §10.2.4; equation (10.2.31)	Chapter 10	chapter-10	PUBLIC-DOCS-SOURCE-ITEM-REVIEW-V1
IT-TASAKI2020-1965	TASAKI2020	000373.0004	PG-TASAKI2020-0373	equation	equation (10.2.32)	NONE	PDF p. 373; print p. 362; §10.2.4; equation (10.2.32)	Chapter 10	chapter-10	PUBLIC-DOCS-SOURCE-ITEM-REVIEW-V1
IT-TASAKI2020-1966	TASAKI2020	000373.0005	PG-TASAKI2020-0373	equation	equation (10.2.33)	NONE	PDF p. 373; print p. 362; §10.2.4; equation (10.2.33)	Chapter 10	chapter-10	PUBLIC-DOCS-SOURCE-ITEM-REVIEW-V1
IT-TASAKI2020-1967	TASAKI2020	000373.0006	PG-TASAKI2020-0373	unlabeled	NONE	NONE	PDF p. 373; print p. 362; §10.2.4; paragraph 7, atom 1	Chapter 10	chapter-10	PUBLIC-DOCS-SOURCE-ITEM-REVIEW-V1
IT-TASAKI2020-1968	TASAKI2020	000373.0007	PG-TASAKI2020-0373	unlabeled	NONE	NONE	PDF p. 373; print p. 362; §10.2.4; paragraph 7, atom 2	Chapter 10	chapter-10	PUBLIC-DOCS-SOURCE-ITEM-REVIEW-V1
IT-TASAKI2020-1969	TASAKI2020	000373.0008	PG-TASAKI2020-0373	equation	equation (10.2.34)	NONE	PDF p. 373; print p. 362; §10.2.4; equation (10.2.34)	Chapter 10	chapter-10	PUBLIC-DOCS-SOURCE-ITEM-REVIEW-V1
IT-TASAKI2020-1970	TASAKI2020	000373.0009	PG-TASAKI2020-0373	unlabeled	NONE	NONE	PDF p. 373; print p. 362; §10.2.4; paragraph 9	Chapter 10	chapter-10	PUBLIC-DOCS-SOURCE-ITEM-REVIEW-V1
IT-TASAKI2020-1971	TASAKI2020	000374.0001	PG-TASAKI2020-0374	equation	equation (10.2.35)	NONE	PDF p. 374; print p. 363; §10.2.4; equation (10.2.35)	Chapter 10	chapter-10	PUBLIC-DOCS-SOURCE-ITEM-REVIEW-V1
IT-TASAKI2020-1972	TASAKI2020	000374.0002	PG-TASAKI2020-0374	equation	equation (10.2.36)	NONE	PDF p. 374; print p. 363; §10.2.4; equation (10.2.36)	Chapter 10	chapter-10	PUBLIC-DOCS-SOURCE-ITEM-REVIEW-V1
IT-TASAKI2020-1973	TASAKI2020	000374.0003	PG-TASAKI2020-0374	equation	equation (10.2.37)	NONE	PDF p. 374; print p. 363; §10.2.4; equation (10.2.37)	Chapter 10	chapter-10	PUBLIC-DOCS-SOURCE-ITEM-REVIEW-V1
IT-TASAKI2020-1974	TASAKI2020	000374.0004	PG-TASAKI2020-0374	equation	equation (10.2.38)	NONE	PDF p. 374; print p. 363; §10.2.4; equation (10.2.38)	Chapter 10	chapter-10	PUBLIC-DOCS-SOURCE-ITEM-REVIEW-V1
IT-TASAKI2020-1975	TASAKI2020	000374.0005	PG-TASAKI2020-0374	unlabeled	NONE	NONE	PDF p. 374; print p. 363; §10.2.4; paragraph 5, atom 1	Chapter 10	chapter-10	PUBLIC-DOCS-SOURCE-ITEM-REVIEW-V1
IT-TASAKI2020-1976	TASAKI2020	000374.0006	PG-TASAKI2020-0374	unlabeled	NONE	NONE	PDF p. 374; print p. 363; §10.2.4; paragraph 5, atom 2	Chapter 10	chapter-10	PUBLIC-DOCS-SOURCE-ITEM-REVIEW-V1
IT-TASAKI2020-1977	TASAKI2020	000374.0007	PG-TASAKI2020-0374	lemma	Lemma 10.9	NONE	PDF p. 374; print p. 363; §10.2.4; Lemma 10.9	Chapter 10	chapter-10	PUBLIC-DOCS-SOURCE-ITEM-REVIEW-V1
IT-TASAKI2020-1978	TASAKI2020	000374.0008	PG-TASAKI2020-0374	unlabeled	NONE	NONE	PDF p. 374; print p. 363; §10.2.4; paragraph 7	Chapter 10	chapter-10	PUBLIC-DOCS-SOURCE-ITEM-REVIEW-V1
IT-TASAKI2020-1979	TASAKI2020	000375.0001	PG-TASAKI2020-0375	unlabeled	NONE	NONE	PDF p. 375; print p. 364; §10.2.4; paragraph 2, atom 1	Chapter 10	chapter-10	PUBLIC-DOCS-SOURCE-ITEM-REVIEW-V1
IT-TASAKI2020-1980	TASAKI2020	000375.0002	PG-TASAKI2020-0375	unlabeled	NONE	NONE	PDF p. 375; print p. 364; §10.2.4; paragraph 2, atom 2	Chapter 10	chapter-10	PUBLIC-DOCS-SOURCE-ITEM-REVIEW-V1
IT-TASAKI2020-1981	TASAKI2020	000375.0003	PG-TASAKI2020-0375	unlabeled	NONE	NONE	PDF p. 375; print p. 364; §10.2.4; paragraph 2, atom 3	Chapter 10	chapter-10	PUBLIC-DOCS-SOURCE-ITEM-REVIEW-V1
IT-TASAKI2020-1982	TASAKI2020	000375.0004	PG-TASAKI2020-0375	equation	equation (10.2.39)	NONE	PDF p. 375; print p. 364; §10.2.4; equation (10.2.39)	Chapter 10	chapter-10	PUBLIC-DOCS-SOURCE-ITEM-REVIEW-V1
IT-TASAKI2020-1983	TASAKI2020	000375.0005	PG-TASAKI2020-0375	equation	equation (10.2.40)	NONE	PDF p. 375; print p. 364; §10.2.4; equation (10.2.40)	Chapter 10	chapter-10	PUBLIC-DOCS-SOURCE-ITEM-REVIEW-V1
IT-TASAKI2020-1984	TASAKI2020	000375.0006	PG-TASAKI2020-0375	unlabeled	NONE	NONE	PDF p. 375; print p. 364; §10.2.4; paragraph 4	Chapter 10	chapter-10	PUBLIC-DOCS-SOURCE-ITEM-REVIEW-V1
IT-TASAKI2020-1985	TASAKI2020	000375.0007	PG-TASAKI2020-0375	unlabeled	NONE	NONE	PDF p. 375; print p. 364; §10.2.4; paragraph 6, atom 1	Chapter 10	chapter-10	PUBLIC-DOCS-SOURCE-ITEM-REVIEW-V1
IT-TASAKI2020-1986	TASAKI2020	000375.0008	PG-TASAKI2020-0375	unlabeled	NONE	NONE	PDF p. 375; print p. 364; §10.2.4; paragraph 6, atom 2	Chapter 10	chapter-10	PUBLIC-DOCS-SOURCE-ITEM-REVIEW-V1
IT-TASAKI2020-1987	TASAKI2020	000376.0001	PG-TASAKI2020-0376	equation	equation (10.2.41)	NONE	PDF p. 376; print p. 365; §10.2.4; equation (10.2.41)	Chapter 10	chapter-10	PUBLIC-DOCS-SOURCE-ITEM-REVIEW-V1
IT-TASAKI2020-1988	TASAKI2020	000376.0002	PG-TASAKI2020-0376	unlabeled	NONE	NONE	PDF p. 376; print p. 365; §10.2.4; paragraph 4	Chapter 10	chapter-10	PUBLIC-DOCS-SOURCE-ITEM-REVIEW-V1
IT-TASAKI2020-1989	TASAKI2020	000376.0003	PG-TASAKI2020-0376	equation	equation (10.2.42)	NONE	PDF p. 376; print p. 365; §10.2.4; equation (10.2.42)	Chapter 10	chapter-10	PUBLIC-DOCS-SOURCE-ITEM-REVIEW-V1
IT-TASAKI2020-1990	TASAKI2020	000376.0004	PG-TASAKI2020-0376	unlabeled	NONE	NONE	PDF p. 376; print p. 365; §10.2.4; paragraph 6	Chapter 10	chapter-10	PUBLIC-DOCS-SOURCE-ITEM-REVIEW-V1
IT-TASAKI2020-1991	TASAKI2020	000376.0005	PG-TASAKI2020-0376	equation	equation (10.2.43)	NONE	PDF p. 376; print p. 365; §10.2.4; equation (10.2.43)	Chapter 10	chapter-10	PUBLIC-DOCS-SOURCE-ITEM-REVIEW-V1
IT-TASAKI2020-1992	TASAKI2020	000376.0006	PG-TASAKI2020-0376	unlabeled	NONE	NONE	PDF p. 376; print p. 365; §10.2.4; paragraph 8, atom 1	Chapter 10	chapter-10	PUBLIC-DOCS-SOURCE-ITEM-REVIEW-V1
IT-TASAKI2020-1993	TASAKI2020	000376.0007	PG-TASAKI2020-0376	unlabeled	NONE	NONE	PDF p. 376; print p. 365; §10.2.4; paragraph 8, atom 2	Chapter 10	chapter-10	PUBLIC-DOCS-SOURCE-ITEM-REVIEW-V1
IT-TASAKI2020-1994	TASAKI2020	000376.0008	PG-TASAKI2020-0376	lemma	Lemma 10.10	NONE	PDF p. 376; print p. 365; §10.2.4; Lemma 10.10	Chapter 10	chapter-10	PUBLIC-DOCS-SOURCE-ITEM-REVIEW-V1
IT-TASAKI2020-1995	TASAKI2020	000376.0009	PG-TASAKI2020-0376	equation	equation (10.2.44)	NONE	PDF p. 376; print p. 365; §10.2.4; equation (10.2.44)	Chapter 10	chapter-10	PUBLIC-DOCS-SOURCE-ITEM-REVIEW-V1
IT-TASAKI2020-1996	TASAKI2020	000376.0010	PG-TASAKI2020-0376	unlabeled	NONE	NONE	PDF p. 376; print p. 365; §10.2.4; paragraph 9, atom 1	Chapter 10	chapter-10	PUBLIC-DOCS-SOURCE-ITEM-REVIEW-V1
IT-TASAKI2020-1997	TASAKI2020	000376.0011	PG-TASAKI2020-0376	unlabeled	NONE	NONE	PDF p. 376; print p. 365; §10.2.4; paragraph 9, atom 2	Chapter 10	chapter-10	PUBLIC-DOCS-SOURCE-ITEM-REVIEW-V1
IT-TASAKI2020-1998	TASAKI2020	000376.0012	PG-TASAKI2020-0376	unlabeled	NONE	NONE	PDF p. 376; print p. 365; §10.2.4; paragraph 9, atom 3	Chapter 10	chapter-10	PUBLIC-DOCS-SOURCE-ITEM-REVIEW-V1
IT-TASAKI2020-1999	TASAKI2020	000377.0001	PG-TASAKI2020-0377	unlabeled	NONE	NONE	PDF p. 377; print p. 366; §10.2.4; paragraph 2, atom 1	Chapter 10	chapter-10	PUBLIC-DOCS-SOURCE-ITEM-REVIEW-V1
IT-TASAKI2020-2000	TASAKI2020	000377.0002	PG-TASAKI2020-0377	equation	equation (10.2.45)	NONE	PDF p. 377; print p. 366; §10.2.4; equation (10.2.45)	Chapter 10	chapter-10	PUBLIC-DOCS-SOURCE-ITEM-REVIEW-V1
IT-TASAKI2020-2001	TASAKI2020	000377.0003	PG-TASAKI2020-0377	unlabeled	NONE	NONE	PDF p. 377; print p. 366; §10.2.4; paragraph 3, atom 1	Chapter 10	chapter-10	PUBLIC-DOCS-SOURCE-ITEM-REVIEW-V1
IT-TASAKI2020-2002	TASAKI2020	000377.0004	PG-TASAKI2020-0377	unlabeled	NONE	NONE	PDF p. 377; print p. 366; §10.2.4; paragraph 3, atom 2	Chapter 10	chapter-10	PUBLIC-DOCS-SOURCE-ITEM-REVIEW-V1
IT-TASAKI2020-2003	TASAKI2020	000377.0005	PG-TASAKI2020-0377	unlabeled	NONE	NONE	PDF p. 377; print p. 366; §10.2.4; paragraph 3, atom 3	Chapter 10	chapter-10	PUBLIC-DOCS-SOURCE-ITEM-REVIEW-V1
IT-TASAKI2020-2004	TASAKI2020	000377.0006	PG-TASAKI2020-0377	unlabeled	NONE	NONE	PDF p. 377; print p. 366; §10.2.4; paragraph 3, atom 4	Chapter 10	chapter-10	PUBLIC-DOCS-SOURCE-ITEM-REVIEW-V1
IT-TASAKI2020-2005	TASAKI2020	000377.0007	PG-TASAKI2020-0377	equation	equation (10.2.46)	NONE	PDF p. 377; print p. 366; §10.2.4; equation (10.2.46)	Chapter 10	chapter-10	PUBLIC-DOCS-SOURCE-ITEM-REVIEW-V1
IT-TASAKI2020-2006	TASAKI2020	000377.0008	PG-TASAKI2020-0377	unlabeled	NONE	NONE	PDF p. 377; print p. 366; §10.2.4; paragraph 4, atom 1	Chapter 10	chapter-10	PUBLIC-DOCS-SOURCE-ITEM-REVIEW-V1
IT-TASAKI2020-2007	TASAKI2020	000377.0009	PG-TASAKI2020-0377	unlabeled	NONE	NONE	PDF p. 377; print p. 366; §10.2.4; paragraph 4, atom 2	Chapter 10	chapter-10	PUBLIC-DOCS-SOURCE-ITEM-REVIEW-V1
IT-TASAKI2020-2008	TASAKI2020	000377.0010	PG-TASAKI2020-0377	equation	equation (10.2.47)	NONE	PDF p. 377; print p. 366; §10.2.4; equation (10.2.47)	Chapter 10	chapter-10	PUBLIC-DOCS-SOURCE-ITEM-REVIEW-V1
IT-TASAKI2020-2009	TASAKI2020	000377.0011	PG-TASAKI2020-0377	equation	equation (10.2.48)	NONE	PDF p. 377; print p. 366; §10.2.4; equation (10.2.48)	Chapter 10	chapter-10	PUBLIC-DOCS-SOURCE-ITEM-REVIEW-V1
IT-TASAKI2020-2010	TASAKI2020	000377.0012	PG-TASAKI2020-0377	unlabeled	NONE	NONE	PDF p. 377; print p. 366; §10.2.4; paragraph 7	Chapter 10	chapter-10	PUBLIC-DOCS-SOURCE-ITEM-REVIEW-V1
IT-TASAKI2020-2011	TASAKI2020	000377.0013	PG-TASAKI2020-0377	equation	equation (10.2.49)	NONE	PDF p. 377; print p. 366; §10.2.4; equation (10.2.49)	Chapter 10	chapter-10	PUBLIC-DOCS-SOURCE-ITEM-REVIEW-V1
IT-TASAKI2020-2012	TASAKI2020	000377.0014	PG-TASAKI2020-0377	unlabeled	NONE	NONE	PDF p. 377; print p. 366; §10.2.4; paragraph 9, atom 1	Chapter 10	chapter-10	PUBLIC-DOCS-SOURCE-ITEM-REVIEW-V1
IT-TASAKI2020-2013	TASAKI2020	000377.0015	PG-TASAKI2020-0377	unlabeled	NONE	NONE	PDF p. 377; print p. 366; §10.2.4; paragraph 9, atom 2	Chapter 10	chapter-10	PUBLIC-DOCS-SOURCE-ITEM-REVIEW-V1
IT-TASAKI2020-2014	TASAKI2020	000378.0001	PG-TASAKI2020-0378	unlabeled	NONE	NONE	PDF p. 378; print p. 367; §10.2.4; paragraph 2, atom 1	Chapter 10	chapter-10	PUBLIC-DOCS-SOURCE-ITEM-REVIEW-V1
IT-TASAKI2020-2015	TASAKI2020	000378.0002	PG-TASAKI2020-0378	unlabeled	NONE	NONE	PDF p. 378; print p. 367; §10.2.4; paragraph 2, atom 2	Chapter 10	chapter-10	PUBLIC-DOCS-SOURCE-ITEM-REVIEW-V1
IT-TASAKI2020-2016	TASAKI2020	000378.0003	PG-TASAKI2020-0378	equation	equation (10.2.50)	NONE	PDF p. 378; print p. 367; §10.2.4; equation (10.2.50)	Chapter 10	chapter-10	PUBLIC-DOCS-SOURCE-ITEM-REVIEW-V1
IT-TASAKI2020-2017	TASAKI2020	000378.0004	PG-TASAKI2020-0378	equation	equation (10.2.51)	NONE	PDF p. 378; print p. 367; §10.2.4; equation (10.2.51)	Chapter 10	chapter-10	PUBLIC-DOCS-SOURCE-ITEM-REVIEW-V1
IT-TASAKI2020-2018	TASAKI2020	000378.0005	PG-TASAKI2020-0378	unlabeled	NONE	NONE	PDF p. 378; print p. 367; §10.2.4; paragraph 4	Chapter 10	chapter-10	PUBLIC-DOCS-SOURCE-ITEM-REVIEW-V1
IT-TASAKI2020-2019	TASAKI2020	000378.0006	PG-TASAKI2020-0378	unlabeled	NONE	NONE	PDF p. 378; print p. 367; §10.2.5; paragraph 6	Chapter 10	chapter-10	PUBLIC-DOCS-SOURCE-ITEM-REVIEW-V1
IT-TASAKI2020-2020	TASAKI2020	000379.0001	PG-TASAKI2020-0379	equation	equation (10.2.52)	NONE	PDF p. 379; print p. 368; §10.2.5; equation (10.2.52)	Chapter 10	chapter-10	PUBLIC-DOCS-SOURCE-ITEM-REVIEW-V1
IT-TASAKI2020-2021	TASAKI2020	000379.0002	PG-TASAKI2020-0379	unlabeled	NONE	NONE	PDF p. 379; print p. 368; §10.2.5; paragraph 4	Chapter 10	chapter-10	PUBLIC-DOCS-SOURCE-ITEM-REVIEW-V1
IT-TASAKI2020-2022	TASAKI2020	000379.0003	PG-TASAKI2020-0379	equation	equation (10.2.53)	NONE	PDF p. 379; print p. 368; §10.2.5; equation (10.2.53)	Chapter 10	chapter-10	PUBLIC-DOCS-SOURCE-ITEM-REVIEW-V1
IT-TASAKI2020-2023	TASAKI2020	000379.0004	PG-TASAKI2020-0379	equation	equation (10.2.54)	NONE	PDF p. 379; print p. 368; §10.2.5; equation (10.2.54)	Chapter 10	chapter-10	PUBLIC-DOCS-SOURCE-ITEM-REVIEW-V1
IT-TASAKI2020-2024	TASAKI2020	000379.0005	PG-TASAKI2020-0379	equation	equation (10.2.55)	NONE	PDF p. 379; print p. 368; §10.2.5; equation (10.2.55)	Chapter 10	chapter-10	PUBLIC-DOCS-SOURCE-ITEM-REVIEW-V1
IT-TASAKI2020-2025	TASAKI2020	000379.0006	PG-TASAKI2020-0379	unlabeled	NONE	NONE	PDF p. 379; print p. 368; §10.2.5; paragraph 9, atom 1	Chapter 10	chapter-10	PUBLIC-DOCS-SOURCE-ITEM-REVIEW-V1
IT-TASAKI2020-2026	TASAKI2020	000379.0007	PG-TASAKI2020-0379	theorem	Theorem 10.11	NONE	PDF p. 379; print p. 368; §10.2.5; Theorem 10.11	Chapter 10	chapter-10	PUBLIC-DOCS-SOURCE-ITEM-REVIEW-V1
IT-TASAKI2020-2027	TASAKI2020	000379.0008	PG-TASAKI2020-0379	unlabeled	NONE	NONE	PDF p. 379; print p. 368; §10.2.5; paragraph 9, atom 2	Chapter 10	chapter-10	PUBLIC-DOCS-SOURCE-ITEM-REVIEW-V1
IT-TASAKI2020-2028	TASAKI2020	000379.0010	PG-TASAKI2020-0379	equation	equation (10.2.56)	NONE	PDF p. 379; print p. 368; §10.2.5; equation (10.2.56)	Chapter 10	chapter-10	PUBLIC-DOCS-SOURCE-ITEM-REVIEW-V1
IT-TASAKI2020-2029	TASAKI2020	000382.0001	PG-TASAKI2020-0382	unlabeled	NONE	NONE	PDF p. 382; print p. 371; §11.1; paragraph 4	Chapter 11	chapter-11	PUBLIC-DOCS-SOURCE-ITEM-REVIEW-V1
IT-TASAKI2020-2030	TASAKI2020	000383.0001	PG-TASAKI2020-0383	equation	equation (11.1.1)	NONE	PDF p. 383; print p. 372; §11.1.1; equation (11.1.1)	Chapter 11	chapter-11	PUBLIC-DOCS-SOURCE-ITEM-REVIEW-V1
IT-TASAKI2020-2031	TASAKI2020	000383.0002	PG-TASAKI2020-0383	equation	equation (11.1.2)	NONE	PDF p. 383; print p. 372; §11.1.1; equation (11.1.2)	Chapter 11	chapter-11	PUBLIC-DOCS-SOURCE-ITEM-REVIEW-V1
IT-TASAKI2020-2032	TASAKI2020	000383.0003	PG-TASAKI2020-0383	unlabeled	NONE	NONE	PDF p. 383; print p. 372; §11.1.1; paragraph 7, atom 2	Chapter 11	chapter-11	PUBLIC-DOCS-SOURCE-ITEM-REVIEW-V1
IT-TASAKI2020-2033	TASAKI2020	000384.0001	PG-TASAKI2020-0384	definition	Definition 11.1	NONE	PDF p. 384; print p. 373; §11.1.1; Definition 11.1	Chapter 11	chapter-11	PUBLIC-DOCS-SOURCE-ITEM-REVIEW-V1
IT-TASAKI2020-2034	TASAKI2020	000384.0002	PG-TASAKI2020-0384	equation	equation (11.1.3)	NONE	PDF p. 384; print p. 373; §11.1.1; equation (11.1.3)	Chapter 11	chapter-11	PUBLIC-DOCS-SOURCE-ITEM-REVIEW-V1
IT-TASAKI2020-2035	TASAKI2020	000384.0003	PG-TASAKI2020-0384	proposition	Proposition 11.2	NONE	PDF p. 384; print p. 373; §11.1.1; Proposition 11.2	Chapter 11	chapter-11	PUBLIC-DOCS-SOURCE-ITEM-REVIEW-V1
IT-TASAKI2020-2036	TASAKI2020	000384.0004	PG-TASAKI2020-0384	equation	equation (11.1.4)	NONE	PDF p. 384; print p. 373; §11.1.1; equation (11.1.4)	Chapter 11	chapter-11	PUBLIC-DOCS-SOURCE-ITEM-REVIEW-V1
IT-TASAKI2020-2037	TASAKI2020	000385.0001	PG-TASAKI2020-0385	unlabeled	NONE	NONE	PDF p. 385; print p. 374; §11.1.1; paragraph 3, atom 1; audit split atom 1/2	Chapter 11	chapter-11	PUBLIC-DOCS-SOURCE-ITEM-REVIEW-V1
IT-TASAKI2020-2038	TASAKI2020	000385.0002	PG-TASAKI2020-0385	unlabeled	NONE	NONE	PDF p. 385; print p. 374; §11.1.1; paragraph 3, atom 1; audit split atom 2/2	Chapter 11	chapter-11	PUBLIC-DOCS-SOURCE-ITEM-REVIEW-V1
IT-TASAKI2020-2039	TASAKI2020	000385.0003	PG-TASAKI2020-0385	unlabeled	NONE	NONE	PDF p. 385; print p. 374; §11.1.1; paragraph 3, atom 2	Chapter 11	chapter-11	PUBLIC-DOCS-SOURCE-ITEM-REVIEW-V1
IT-TASAKI2020-2040	TASAKI2020	000385.0004	PG-TASAKI2020-0385	unlabeled	NONE	NONE	PDF p. 385; print p. 374; §11.1.1; paragraph 3, atom 3	Chapter 11	chapter-11	PUBLIC-DOCS-SOURCE-ITEM-REVIEW-V1
IT-TASAKI2020-2041	TASAKI2020	000385.0005	PG-TASAKI2020-0385	unlabeled	NONE	NONE	PDF p. 385; print p. 374; §11.1.1; paragraph 3, atom 4	Chapter 11	chapter-11	PUBLIC-DOCS-SOURCE-ITEM-REVIEW-V1
IT-TASAKI2020-2042	TASAKI2020	000386.0001	PG-TASAKI2020-0386	unlabeled	NONE	NONE	PDF p. 386; print p. 375; §11.1.2; paragraph 2, atom 1	Chapter 11	chapter-11	PUBLIC-DOCS-SOURCE-ITEM-REVIEW-V1
IT-TASAKI2020-2043	TASAKI2020	000386.0002	PG-TASAKI2020-0386	unlabeled	NONE	NONE	PDF p. 386; print p. 375; §11.1.2; paragraph 2, atom 2	Chapter 11	chapter-11	PUBLIC-DOCS-SOURCE-ITEM-REVIEW-V1
IT-TASAKI2020-2044	TASAKI2020	000386.0003	PG-TASAKI2020-0386	theorem	Theorem 11.3	NONE	PDF p. 386; print p. 375; §11.1.2; Theorem 11.3	Chapter 11	chapter-11	PUBLIC-DOCS-SOURCE-ITEM-REVIEW-V1
IT-TASAKI2020-2045	TASAKI2020	000386.0004	PG-TASAKI2020-0386	equation	equation (11.1.5)	NONE	PDF p. 386; print p. 375; §11.1.2; equation (11.1.5)	Chapter 11	chapter-11	PUBLIC-DOCS-SOURCE-ITEM-REVIEW-V1
IT-TASAKI2020-2046	TASAKI2020	000386.0005	PG-TASAKI2020-0386	equation	equation (11.1.6)	NONE	PDF p. 386; print p. 375; §11.1.2; equation (11.1.6)	Chapter 11	chapter-11	PUBLIC-DOCS-SOURCE-ITEM-REVIEW-V1
IT-TASAKI2020-2047	TASAKI2020	000386.0006	PG-TASAKI2020-0386	unlabeled	NONE	NONE	PDF p. 386; print p. 375; §11.1.2; paragraph 7	Chapter 11	chapter-11	PUBLIC-DOCS-SOURCE-ITEM-REVIEW-V1
IT-TASAKI2020-2048	TASAKI2020	000386.0007	PG-TASAKI2020-0386	equation	equation (11.1.7)	NONE	PDF p. 386; print p. 375; §11.1.2; equation (11.1.7)	Chapter 11	chapter-11	PUBLIC-DOCS-SOURCE-ITEM-REVIEW-V1
IT-TASAKI2020-2049	TASAKI2020	000387.0001	PG-TASAKI2020-0387	unlabeled	NONE	NONE	PDF p. 387; print p. 376; §11.1.2; paragraph 2	Chapter 11	chapter-11	PUBLIC-DOCS-SOURCE-ITEM-REVIEW-V1
IT-TASAKI2020-2050	TASAKI2020	000387.0002	PG-TASAKI2020-0387	equation	equation (11.1.8)	NONE	PDF p. 387; print p. 376; §11.1.2; equation (11.1.8)	Chapter 11	chapter-11	PUBLIC-DOCS-SOURCE-ITEM-REVIEW-V1
IT-TASAKI2020-2051	TASAKI2020	000387.0003	PG-TASAKI2020-0387	theorem	Theorem 11.4	NONE	PDF p. 387; print p. 376; §11.1.2; Theorem 11.4	Chapter 11	chapter-11	PUBLIC-DOCS-SOURCE-ITEM-REVIEW-V1
IT-TASAKI2020-2052	TASAKI2020	000387.0004	PG-TASAKI2020-0387	unlabeled	NONE	NONE	PDF p. 387; print p. 376; §11.1.2; paragraph 3	Chapter 11	chapter-11	PUBLIC-DOCS-SOURCE-ITEM-REVIEW-V1
IT-TASAKI2020-2053	TASAKI2020	000387.0005	PG-TASAKI2020-0387	equation	equation (11.1.9)	NONE	PDF p. 387; print p. 376; §11.1.2; equation (11.1.9)	Chapter 11	chapter-11	PUBLIC-DOCS-SOURCE-ITEM-REVIEW-V1
IT-TASAKI2020-2054	TASAKI2020	000387.0006	PG-TASAKI2020-0387	equation	equation (11.1.10)	NONE	PDF p. 387; print p. 376; §11.1.2; equation (11.1.10)	Chapter 11	chapter-11	PUBLIC-DOCS-SOURCE-ITEM-REVIEW-V1
IT-TASAKI2020-2055	TASAKI2020	000387.0007	PG-TASAKI2020-0387	equation	equation (11.1.11)	NONE	PDF p. 387; print p. 376; §11.1.2; equation (11.1.11)	Chapter 11	chapter-11	PUBLIC-DOCS-SOURCE-ITEM-REVIEW-V1
IT-TASAKI2020-2056	TASAKI2020	000387.0008	PG-TASAKI2020-0387	unlabeled	NONE	NONE	PDF p. 387; print p. 376; §11.1.2; paragraph 8	Chapter 11	chapter-11	PUBLIC-DOCS-SOURCE-ITEM-REVIEW-V1
IT-TASAKI2020-2057	TASAKI2020	000388.0001	PG-TASAKI2020-0388	unlabeled	NONE	NONE	PDF p. 388; print p. 377; §11.1.3; paragraph 10, atom 1	Chapter 11	chapter-11	PUBLIC-DOCS-SOURCE-ITEM-REVIEW-V1
IT-TASAKI2020-2058	TASAKI2020	000388.0002	PG-TASAKI2020-0388	unlabeled	NONE	NONE	PDF p. 388; print p. 377; §11.1.3; paragraph 10, atom 2	Chapter 11	chapter-11	PUBLIC-DOCS-SOURCE-ITEM-REVIEW-V1
IT-TASAKI2020-2059	TASAKI2020	000388.0003	PG-TASAKI2020-0388	unlabeled	NONE	NONE	PDF p. 388; print p. 377; §11.1.3; paragraph 10, atom 3	Chapter 11	chapter-11	PUBLIC-DOCS-SOURCE-ITEM-REVIEW-V1
IT-TASAKI2020-2060	TASAKI2020	000388.0004	PG-TASAKI2020-0388	unlabeled	NONE	NONE	PDF p. 388; print p. 377; §11.1.3; paragraph 10, atom 4	Chapter 11	chapter-11	PUBLIC-DOCS-SOURCE-ITEM-REVIEW-V1
IT-TASAKI2020-2061	TASAKI2020	000388.0005	PG-TASAKI2020-0388	unlabeled	NONE	NONE	PDF p. 388; print p. 377; §11.1.3; paragraph 10, atom 5	Chapter 11	chapter-11	PUBLIC-DOCS-SOURCE-ITEM-REVIEW-V1
IT-TASAKI2020-2062	TASAKI2020	000388.0006	PG-TASAKI2020-0388	figure	Fig. 11.1	NONE	PDF p. 388; print p. 377; §11.1.2; Fig. 11.1	Chapter 11	chapter-11	PUBLIC-DOCS-SOURCE-ITEM-REVIEW-V1
IT-TASAKI2020-2063	TASAKI2020	000389.0001	PG-TASAKI2020-0389	unlabeled	NONE	NONE	PDF p. 389; print p. 378; §11.1.3; paragraph 2, atom 1	Chapter 11	chapter-11	PUBLIC-DOCS-SOURCE-ITEM-REVIEW-V1
IT-TASAKI2020-2064	TASAKI2020	000389.0002	PG-TASAKI2020-0389	equation	equation (11.1.12)	NONE	PDF p. 389; print p. 378; §11.1.3; equation (11.1.12)	Chapter 11	chapter-11	PUBLIC-DOCS-SOURCE-ITEM-REVIEW-V1
IT-TASAKI2020-2065	TASAKI2020	000389.0003	PG-TASAKI2020-0389	equation	equation (11.1.13)	NONE	PDF p. 389; print p. 378; §11.1.3; equation (11.1.13)	Chapter 11	chapter-11	PUBLIC-DOCS-SOURCE-ITEM-REVIEW-V1
IT-TASAKI2020-2066	TASAKI2020	000389.0004	PG-TASAKI2020-0389	unlabeled	NONE	NONE	PDF p. 389; print p. 378; §11.1.3; paragraph 2, atom 2	Chapter 11	chapter-11	PUBLIC-DOCS-SOURCE-ITEM-REVIEW-V1
IT-TASAKI2020-2067	TASAKI2020	000390.0001	PG-TASAKI2020-0390	unlabeled	NONE	NONE	PDF p. 390; print p. 379; §11.1.3; paragraph 4	Chapter 11	chapter-11	PUBLIC-DOCS-SOURCE-ITEM-REVIEW-V1
IT-TASAKI2020-2068	TASAKI2020	000390.0002	PG-TASAKI2020-0390	unlabeled	NONE	NONE	PDF p. 390; print p. 379; §11.1.3; paragraph 7	Chapter 11	chapter-11	PUBLIC-DOCS-SOURCE-ITEM-REVIEW-V1
IT-TASAKI2020-2069	TASAKI2020	000391.0001	PG-TASAKI2020-0391	equation	equation (11.1.14)	NONE	PDF p. 391; print p. 380; §11.1.4; equation (11.1.14)	Chapter 11	chapter-11	PUBLIC-DOCS-SOURCE-ITEM-REVIEW-V1
IT-TASAKI2020-2070	TASAKI2020	000391.0002	PG-TASAKI2020-0391	unlabeled	NONE	NONE	PDF p. 391; print p. 380; §11.1.4; paragraph 2	Chapter 11	chapter-11	PUBLIC-DOCS-SOURCE-ITEM-REVIEW-V1
IT-TASAKI2020-2071	TASAKI2020	000391.0003	PG-TASAKI2020-0391	equation	equation (11.1.15)	NONE	PDF p. 391; print p. 380; §11.1.4; equation (11.1.15)	Chapter 11	chapter-11	PUBLIC-DOCS-SOURCE-ITEM-REVIEW-V1
IT-TASAKI2020-2072	TASAKI2020	000391.0004	PG-TASAKI2020-0391	equation	equation (11.1.16)	NONE	PDF p. 391; print p. 380; §11.1.4; equation (11.1.16)	Chapter 11	chapter-11	PUBLIC-DOCS-SOURCE-ITEM-REVIEW-V1
IT-TASAKI2020-2073	TASAKI2020	000391.0005	PG-TASAKI2020-0391	unlabeled	NONE	NONE	PDF p. 391; print p. 380; §11.1.4; paragraph 6	Chapter 11	chapter-11	PUBLIC-DOCS-SOURCE-ITEM-REVIEW-V1
IT-TASAKI2020-2074	TASAKI2020	000391.0006	PG-TASAKI2020-0391	equation	equation (11.1.17)	NONE	PDF p. 391; print p. 380; §11.1.4; equation (11.1.17)	Chapter 11	chapter-11	PUBLIC-DOCS-SOURCE-ITEM-REVIEW-V1
IT-TASAKI2020-2075	TASAKI2020	000391.0007	PG-TASAKI2020-0391	equation	equation (11.1.18)	NONE	PDF p. 391; print p. 380; §11.1.4; equation (11.1.18)	Chapter 11	chapter-11	PUBLIC-DOCS-SOURCE-ITEM-REVIEW-V1
IT-TASAKI2020-2076	TASAKI2020	000391.0008	PG-TASAKI2020-0391	equation	equation (11.1.19)	NONE	PDF p. 391; print p. 380; §11.1.4; equation (11.1.19)	Chapter 11	chapter-11	PUBLIC-DOCS-SOURCE-ITEM-REVIEW-V1
IT-TASAKI2020-2077	TASAKI2020	000392.0001	PG-TASAKI2020-0392	unlabeled	NONE	NONE	PDF p. 392; print p. 381; §11.2; paragraph 4	Chapter 11	chapter-11	PUBLIC-DOCS-SOURCE-ITEM-REVIEW-V1
IT-TASAKI2020-2078	TASAKI2020	000393.0001	PG-TASAKI2020-0393	equation	equation (11.2.1)	NONE	PDF p. 393; print p. 382; §11.2.1; equation (11.2.1)	Chapter 11	chapter-11	PUBLIC-DOCS-SOURCE-ITEM-REVIEW-V1
IT-TASAKI2020-2079	TASAKI2020	000393.0002	PG-TASAKI2020-0393	theorem	Theorem 11.5	NONE	PDF p. 393; print p. 382; §11.2.1; Theorem 11.5	Chapter 11	chapter-11	PUBLIC-DOCS-SOURCE-ITEM-REVIEW-V1
IT-TASAKI2020-2080	TASAKI2020	000393.0004	PG-TASAKI2020-0393	unlabeled	NONE	NONE	PDF p. 393; print p. 382; §11.2.1; paragraph 6, atom 2	Chapter 11	chapter-11	PUBLIC-DOCS-SOURCE-ITEM-REVIEW-V1
IT-TASAKI2020-2081	TASAKI2020	000393.0005	PG-TASAKI2020-0393	unlabeled	NONE	NONE	PDF p. 393; print p. 382; §11.2.1; paragraph 6, atom 3	Chapter 11	chapter-11	PUBLIC-DOCS-SOURCE-ITEM-REVIEW-V1
IT-TASAKI2020-2082	TASAKI2020	000393.0006	PG-TASAKI2020-0393	unlabeled	NONE	NONE	PDF p. 393; print p. 382; §11.2.1; paragraph 7	Chapter 11	chapter-11	PUBLIC-DOCS-SOURCE-ITEM-REVIEW-V1
IT-TASAKI2020-2083	TASAKI2020	000393.0007	PG-TASAKI2020-0393	figure	Fig. 11.5	NONE	PDF p. 393; print p. 382; §11.2; Fig. 11.5	Chapter 11	chapter-11	PUBLIC-DOCS-SOURCE-ITEM-REVIEW-V1
IT-TASAKI2020-2084	TASAKI2020	000394.0001	PG-TASAKI2020-0394	note	Note unnumbered line 3	NONE	PDF p. 394; print p. 383; §11.2.1; Note unnumbered line 3	Chapter 11	chapter-11	PUBLIC-DOCS-SOURCE-ITEM-REVIEW-V1
IT-TASAKI2020-2085	TASAKI2020	000394.0004	PG-TASAKI2020-0394	equation	equation (11.2.2)	NONE	PDF p. 394; print p. 383; §11.2.1; equation (11.2.2)	Chapter 11	chapter-11	PUBLIC-DOCS-SOURCE-ITEM-REVIEW-V1
IT-TASAKI2020-2086	TASAKI2020	000394.0007	PG-TASAKI2020-0394	unlabeled	NONE	NONE	PDF p. 394; print p. 383; §11.2.1; paragraph 3	Chapter 11	chapter-11	PUBLIC-DOCS-SOURCE-ITEM-REVIEW-V1
IT-TASAKI2020-2087	TASAKI2020	000394.0008	PG-TASAKI2020-0394	equation	equation (11.2.3)	NONE	PDF p. 394; print p. 383; §11.2.1; equation (11.2.3)	Chapter 11	chapter-11	PUBLIC-DOCS-SOURCE-ITEM-REVIEW-V1
IT-TASAKI2020-2088	TASAKI2020	000394.0009	PG-TASAKI2020-0394	unlabeled	NONE	NONE	PDF p. 394; print p. 383; §11.2.1; paragraph 4	Chapter 11	chapter-11	PUBLIC-DOCS-SOURCE-ITEM-REVIEW-V1
IT-TASAKI2020-2089	TASAKI2020	000394.0010	PG-TASAKI2020-0394	equation	equation (11.2.4)	NONE	PDF p. 394; print p. 383; §11.2.1; equation (11.2.4)	Chapter 11	chapter-11	PUBLIC-DOCS-SOURCE-ITEM-REVIEW-V1
IT-TASAKI2020-2090	TASAKI2020	000394.0011	PG-TASAKI2020-0394	unlabeled	NONE	NONE	PDF p. 394; print p. 383; §11.2.1; paragraph 6	Chapter 11	chapter-11	PUBLIC-DOCS-SOURCE-ITEM-REVIEW-V1
IT-TASAKI2020-2091	TASAKI2020	000395.0001	PG-TASAKI2020-0395	equation	equation (11.2.5)	NONE	PDF p. 395; print p. 384; §11.2.1; equation (11.2.5)	Chapter 11	chapter-11	PUBLIC-DOCS-SOURCE-ITEM-REVIEW-V1
IT-TASAKI2020-2092	TASAKI2020	000395.0002	PG-TASAKI2020-0395	unlabeled	NONE	NONE	PDF p. 395; print p. 384; §11.2.1; paragraph 2	Chapter 11	chapter-11	PUBLIC-DOCS-SOURCE-ITEM-REVIEW-V1
IT-TASAKI2020-2093	TASAKI2020	000395.0003	PG-TASAKI2020-0395	equation	equation (11.2.6)	NONE	PDF p. 395; print p. 384; §11.2.1; equation (11.2.6)	Chapter 11	chapter-11	PUBLIC-DOCS-SOURCE-ITEM-REVIEW-V1
IT-TASAKI2020-2094	TASAKI2020	000395.0004	PG-TASAKI2020-0395	unlabeled	NONE	NONE	PDF p. 395; print p. 384; §11.2.1; paragraph 3	Chapter 11	chapter-11	PUBLIC-DOCS-SOURCE-ITEM-REVIEW-V1
IT-TASAKI2020-2095	TASAKI2020	000395.0005	PG-TASAKI2020-0395	equation	equation (11.2.7)	NONE	PDF p. 395; print p. 384; §11.2.1; equation (11.2.7)	Chapter 11	chapter-11	PUBLIC-DOCS-SOURCE-ITEM-REVIEW-V1
IT-TASAKI2020-2096	TASAKI2020	000395.0006	PG-TASAKI2020-0395	equation	equation (11.2.8)	NONE	PDF p. 395; print p. 384; §11.2.1; equation (11.2.8)	Chapter 11	chapter-11	PUBLIC-DOCS-SOURCE-ITEM-REVIEW-V1
IT-TASAKI2020-2097	TASAKI2020	000395.0007	PG-TASAKI2020-0395	unlabeled	NONE	NONE	PDF p. 395; print p. 384; §11.2.1; paragraph 4	Chapter 11	chapter-11	PUBLIC-DOCS-SOURCE-ITEM-REVIEW-V1
IT-TASAKI2020-2098	TASAKI2020	000395.0008	PG-TASAKI2020-0395	equation	equation (11.2.9)	NONE	PDF p. 395; print p. 384; §11.2.1; equation (11.2.9)	Chapter 11	chapter-11	PUBLIC-DOCS-SOURCE-ITEM-REVIEW-V1
IT-TASAKI2020-2099	TASAKI2020	000396.0001	PG-TASAKI2020-0396	definition	Definition 11.6	NONE	PDF p. 396; print p. 385; §11.2.2; Definition 11.6	Chapter 11	chapter-11	PUBLIC-DOCS-SOURCE-ITEM-REVIEW-V1
IT-TASAKI2020-2100	TASAKI2020	000396.0002	PG-TASAKI2020-0396	theorem	Theorem 11.7	NONE	PDF p. 396; print p. 385; §11.2.2; Theorem 11.7	Chapter 11	chapter-11	PUBLIC-DOCS-SOURCE-ITEM-REVIEW-V1
IT-TASAKI2020-2101	TASAKI2020	000396.0003	PG-TASAKI2020-0396	unlabeled	NONE	NONE	PDF p. 396; print p. 385; §11.2.2; paragraph 3, atom 3	Chapter 11	chapter-11	PUBLIC-DOCS-SOURCE-ITEM-REVIEW-V1
IT-TASAKI2020-2102	TASAKI2020	000397.0001	PG-TASAKI2020-0397	unlabeled	NONE	NONE	PDF p. 397; print p. 386; §11.2.2; paragraph 3	Chapter 11	chapter-11	PUBLIC-DOCS-SOURCE-ITEM-REVIEW-V1
IT-TASAKI2020-2103	TASAKI2020	000397.0002	PG-TASAKI2020-0397	unlabeled	NONE	NONE	PDF p. 397; print p. 386; §11.2.2; paragraph 5	Chapter 11	chapter-11	PUBLIC-DOCS-SOURCE-ITEM-REVIEW-V1
IT-TASAKI2020-2104	TASAKI2020	000398.0001	PG-TASAKI2020-0398	theorem	Theorem 11.8	NONE	PDF p. 398; print p. 387; §11.2.2; Theorem 11.8	Chapter 11	chapter-11	PUBLIC-DOCS-SOURCE-ITEM-REVIEW-V1
IT-TASAKI2020-2105	TASAKI2020	000398.0002	PG-TASAKI2020-0398	unlabeled	NONE	NONE	PDF p. 398; print p. 387; §11.2.2; paragraph 2, atom 1	Chapter 11	chapter-11	PUBLIC-DOCS-SOURCE-ITEM-REVIEW-V1
IT-TASAKI2020-2106	TASAKI2020	000398.0003	PG-TASAKI2020-0398	lemma	Lemma 11.9	NONE	PDF p. 398; print p. 387; §11.2.2; Lemma 11.9	Chapter 11	chapter-11	PUBLIC-DOCS-SOURCE-ITEM-REVIEW-V1
IT-TASAKI2020-2107	TASAKI2020	000398.0004	PG-TASAKI2020-0398	unlabeled	NONE	NONE	PDF p. 398; print p. 387; §11.2.2; paragraph 2, atom 2	Chapter 11	chapter-11	PUBLIC-DOCS-SOURCE-ITEM-REVIEW-V1
IT-TASAKI2020-2108	TASAKI2020	000398.0005	PG-TASAKI2020-0398	unlabeled	NONE	NONE	PDF p. 398; print p. 387; §11.2.2; paragraph 2, atom 3	Chapter 11	chapter-11	PUBLIC-DOCS-SOURCE-ITEM-REVIEW-V1
IT-TASAKI2020-2109	TASAKI2020	000399.0001	PG-TASAKI2020-0399	figure	Fig. 11.8	NONE	PDF p. 399; print p. 388; §11.2.2; Fig. 11.8	Chapter 11	chapter-11	PUBLIC-DOCS-SOURCE-ITEM-REVIEW-V1
IT-TASAKI2020-2110	TASAKI2020	000399.0002	PG-TASAKI2020-0399	figure	Fig. 11.9	NONE	PDF p. 399; print p. 388; §11.2.2; Fig. 11.9	Chapter 11	chapter-11	PUBLIC-DOCS-SOURCE-ITEM-REVIEW-V1
IT-TASAKI2020-2111	TASAKI2020	000401.0001	PG-TASAKI2020-0401	unlabeled	NONE	NONE	PDF p. 401; print p. 390; §11.3.1; paragraph 4, atom 1	Chapter 11	chapter-11	PUBLIC-DOCS-SOURCE-ITEM-REVIEW-V1
IT-TASAKI2020-2112	TASAKI2020	000401.0002	PG-TASAKI2020-0401	unlabeled	NONE	NONE	PDF p. 401; print p. 390; §11.3.1; paragraph 4, atom 2	Chapter 11	chapter-11	PUBLIC-DOCS-SOURCE-ITEM-REVIEW-V1
IT-TASAKI2020-2113	TASAKI2020	000401.0003	PG-TASAKI2020-0401	unlabeled	NONE	NONE	PDF p. 401; print p. 390; §11.3.1; paragraph 4, atom 3	Chapter 11	chapter-11	PUBLIC-DOCS-SOURCE-ITEM-REVIEW-V1
IT-TASAKI2020-2114	TASAKI2020	000401.0004	PG-TASAKI2020-0401	equation	equation (11.3.1)	NONE	PDF p. 401; print p. 390; §11.3.1; equation (11.3.1)	Chapter 11	chapter-11	PUBLIC-DOCS-SOURCE-ITEM-REVIEW-V1
IT-TASAKI2020-2115	TASAKI2020	000402.0001	PG-TASAKI2020-0402	equation	equation (11.3.2)	NONE	PDF p. 402; print p. 391; §11.3.1; equation (11.3.2)	Chapter 11	chapter-11	PUBLIC-DOCS-SOURCE-ITEM-REVIEW-V1
IT-TASAKI2020-2116	TASAKI2020	000402.0002	PG-TASAKI2020-0402	lemma	Lemma 11.10	NONE	PDF p. 402; print p. 391; §11.3.1; Lemma 11.10	Chapter 11	chapter-11	PUBLIC-DOCS-SOURCE-ITEM-REVIEW-V1
IT-TASAKI2020-2117	TASAKI2020	000402.0003	PG-TASAKI2020-0402	equation	equation (11.3.3)	NONE	PDF p. 402; print p. 391; §11.3.1; equation (11.3.3)	Chapter 11	chapter-11	PUBLIC-DOCS-SOURCE-ITEM-REVIEW-V1
IT-TASAKI2020-2118	TASAKI2020	000402.0004	PG-TASAKI2020-0402	figure	Fig. 11.10	NONE	PDF p. 402; print p. 391; §11.3.1; Fig. 11.10	Chapter 11	chapter-11	PUBLIC-DOCS-SOURCE-ITEM-REVIEW-V1
IT-TASAKI2020-2119	TASAKI2020	000403.0001	PG-TASAKI2020-0403	unlabeled	NONE	NONE	PDF p. 403; print p. 392; §11.3.1; paragraph 2	Chapter 11	chapter-11	PUBLIC-DOCS-SOURCE-ITEM-REVIEW-V1
IT-TASAKI2020-2120	TASAKI2020	000403.0002	PG-TASAKI2020-0403	equation	equation (11.3.4)	NONE	PDF p. 403; print p. 392; §11.3.1; equation (11.3.4)	Chapter 11	chapter-11	PUBLIC-DOCS-SOURCE-ITEM-REVIEW-V1
IT-TASAKI2020-2121	TASAKI2020	000403.0003	PG-TASAKI2020-0403	equation	equation (11.3.5)	NONE	PDF p. 403; print p. 392; §11.3.1; equation (11.3.5)	Chapter 11	chapter-11	PUBLIC-DOCS-SOURCE-ITEM-REVIEW-V1
IT-TASAKI2020-2122	TASAKI2020	000403.0004	PG-TASAKI2020-0403	equation	equation (11.3.6)	NONE	PDF p. 403; print p. 392; §11.3.1; equation (11.3.6)	Chapter 11	chapter-11	PUBLIC-DOCS-SOURCE-ITEM-REVIEW-V1
IT-TASAKI2020-2123	TASAKI2020	000403.0005	PG-TASAKI2020-0403	theorem	Theorem 11.11	NONE	PDF p. 403; print p. 392; §11.3.1; Theorem 11.11	Chapter 11	chapter-11	PUBLIC-DOCS-SOURCE-ITEM-REVIEW-V1
IT-TASAKI2020-2124	TASAKI2020	000403.0006	PG-TASAKI2020-0403	note	Note unnumbered line 45	NONE	PDF p. 403; print p. 392; §11.3.1; Note unnumbered line 45	Chapter 11	chapter-11	PUBLIC-DOCS-SOURCE-ITEM-REVIEW-V1
IT-TASAKI2020-2125	TASAKI2020	000404.0001	PG-TASAKI2020-0404	equation	equation (11.3.7)	NONE	PDF p. 404; print p. 393; §11.3.1; equation (11.3.7)	Chapter 11	chapter-11	PUBLIC-DOCS-SOURCE-ITEM-REVIEW-V1
IT-TASAKI2020-2126	TASAKI2020	000404.0002	PG-TASAKI2020-0404	equation	equation (11.3.8)	NONE	PDF p. 404; print p. 393; §11.3.1; equation (11.3.8)	Chapter 11	chapter-11	PUBLIC-DOCS-SOURCE-ITEM-REVIEW-V1
IT-TASAKI2020-2127	TASAKI2020	000404.0003	PG-TASAKI2020-0404	equation	equation (11.3.9)	NONE	PDF p. 404; print p. 393; §11.3.1; equation (11.3.9)	Chapter 11	chapter-11	PUBLIC-DOCS-SOURCE-ITEM-REVIEW-V1
IT-TASAKI2020-2128	TASAKI2020	000404.0004	PG-TASAKI2020-0404	equation	equation (11.3.10)	NONE	PDF p. 404; print p. 393; §11.3.1; equation (11.3.10)	Chapter 11	chapter-11	PUBLIC-DOCS-SOURCE-ITEM-REVIEW-V1
IT-TASAKI2020-2129	TASAKI2020	000404.0005	PG-TASAKI2020-0404	unlabeled	NONE	NONE	PDF p. 404; print p. 393; §11.3.1; paragraph 9	Chapter 11	chapter-11	PUBLIC-DOCS-SOURCE-ITEM-REVIEW-V1
IT-TASAKI2020-2130	TASAKI2020	000404.0006	PG-TASAKI2020-0404	equation	equation (11.3.11)	NONE	PDF p. 404; print p. 393; §11.3.1; equation (11.3.11)	Chapter 11	chapter-11	PUBLIC-DOCS-SOURCE-ITEM-REVIEW-V1
IT-TASAKI2020-2131	TASAKI2020	000404.0007	PG-TASAKI2020-0404	equation	equation (11.3.12)	NONE	PDF p. 404; print p. 393; §11.3.1; equation (11.3.12)	Chapter 11	chapter-11	PUBLIC-DOCS-SOURCE-ITEM-REVIEW-V1
IT-TASAKI2020-2132	TASAKI2020	000405.0001	PG-TASAKI2020-0405	equation	equation (11.3.13)	NONE	PDF p. 405; print p. 394; §11.3.1; equation (11.3.13)	Chapter 11	chapter-11	PUBLIC-DOCS-SOURCE-ITEM-REVIEW-V1
IT-TASAKI2020-2133	TASAKI2020	000405.0002	PG-TASAKI2020-0405	unlabeled	NONE	NONE	PDF p. 405; print p. 394; §11.3.1; paragraph 2	Chapter 11	chapter-11	PUBLIC-DOCS-SOURCE-ITEM-REVIEW-V1
IT-TASAKI2020-2134	TASAKI2020	000405.0003	PG-TASAKI2020-0405	equation	equation (11.3.14)	NONE	PDF p. 405; print p. 394; §11.3.1; equation (11.3.14)	Chapter 11	chapter-11	PUBLIC-DOCS-SOURCE-ITEM-REVIEW-V1
IT-TASAKI2020-2135	TASAKI2020	000405.0004	PG-TASAKI2020-0405	equation	equation (11.3.15)	NONE	PDF p. 405; print p. 394; §11.3.1; equation (11.3.15)	Chapter 11	chapter-11	PUBLIC-DOCS-SOURCE-ITEM-REVIEW-V1
IT-TASAKI2020-2136	TASAKI2020	000405.0005	PG-TASAKI2020-0405	unlabeled	NONE	NONE	PDF p. 405; print p. 394; §11.3.1; paragraph 6, atom 1	Chapter 11	chapter-11	PUBLIC-DOCS-SOURCE-ITEM-REVIEW-V1
IT-TASAKI2020-2137	TASAKI2020	000405.0006	PG-TASAKI2020-0405	unlabeled	NONE	NONE	PDF p. 405; print p. 394; §11.3.1; paragraph 6, atom 2	Chapter 11	chapter-11	PUBLIC-DOCS-SOURCE-ITEM-REVIEW-V1
IT-TASAKI2020-2138	TASAKI2020	000405.0007	PG-TASAKI2020-0405	unlabeled	NONE	NONE	PDF p. 405; print p. 394; §11.3.1; paragraph 7, atom 1	Chapter 11	chapter-11	PUBLIC-DOCS-SOURCE-ITEM-REVIEW-V1
IT-TASAKI2020-2139	TASAKI2020	000405.0008	PG-TASAKI2020-0405	unlabeled	NONE	NONE	PDF p. 405; print p. 394; §11.3.1; paragraph 7, atom 2	Chapter 11	chapter-11	PUBLIC-DOCS-SOURCE-ITEM-REVIEW-V1
IT-TASAKI2020-2140	TASAKI2020	000405.0009	PG-TASAKI2020-0405	unlabeled	NONE	NONE	PDF p. 405; print p. 394; §11.3.1; paragraph 7, atom 3	Chapter 11	chapter-11	PUBLIC-DOCS-SOURCE-ITEM-REVIEW-V1
IT-TASAKI2020-2141	TASAKI2020	000405.0010	PG-TASAKI2020-0405	unlabeled	NONE	NONE	PDF p. 405; print p. 394; §11.3.1; paragraph 7, atom 4	Chapter 11	chapter-11	PUBLIC-DOCS-SOURCE-ITEM-REVIEW-V1
IT-TASAKI2020-2142	TASAKI2020	000405.0011	PG-TASAKI2020-0405	unlabeled	NONE	NONE	PDF p. 405; print p. 394; §11.3.1; paragraph 7, atom 5	Chapter 11	chapter-11	PUBLIC-DOCS-SOURCE-ITEM-REVIEW-V1
IT-TASAKI2020-2143	TASAKI2020	000406.0001	PG-TASAKI2020-0406	unlabeled	NONE	NONE	PDF p. 406; print p. 395; §11.3.1; paragraph 2, atom 1	Chapter 11	chapter-11	PUBLIC-DOCS-SOURCE-ITEM-REVIEW-V1
IT-TASAKI2020-2144	TASAKI2020	000406.0002	PG-TASAKI2020-0406	unlabeled	NONE	NONE	PDF p. 406; print p. 395; §11.3.1; paragraph 2, atom 2	Chapter 11	chapter-11	PUBLIC-DOCS-SOURCE-ITEM-REVIEW-V1
IT-TASAKI2020-2145	TASAKI2020	000406.0003	PG-TASAKI2020-0406	equation	equation (11.3.16)	NONE	PDF p. 406; print p. 395; §11.3.1; equation (11.3.16)	Chapter 11	chapter-11	PUBLIC-DOCS-SOURCE-ITEM-REVIEW-V1
IT-TASAKI2020-2146	TASAKI2020	000406.0004	PG-TASAKI2020-0406	unlabeled	NONE	NONE	PDF p. 406; print p. 395; §11.3.1; paragraph 3, atom 1	Chapter 11	chapter-11	PUBLIC-DOCS-SOURCE-ITEM-REVIEW-V1
IT-TASAKI2020-2147	TASAKI2020	000406.0005	PG-TASAKI2020-0406	unlabeled	NONE	NONE	PDF p. 406; print p. 395; §11.3.1; paragraph 3, atom 2	Chapter 11	chapter-11	PUBLIC-DOCS-SOURCE-ITEM-REVIEW-V1
IT-TASAKI2020-2148	TASAKI2020	000406.0006	PG-TASAKI2020-0406	equation	equation (11.3.17)	NONE	PDF p. 406; print p. 395; §11.3.1; equation (11.3.17)	Chapter 11	chapter-11	PUBLIC-DOCS-SOURCE-ITEM-REVIEW-V1
IT-TASAKI2020-2149	TASAKI2020	000406.0007	PG-TASAKI2020-0406	equation	equation (11.3.18)	NONE	PDF p. 406; print p. 395; §11.3.1; equation (11.3.18)	Chapter 11	chapter-11	PUBLIC-DOCS-SOURCE-ITEM-REVIEW-V1
IT-TASAKI2020-2150	TASAKI2020	000406.0008	PG-TASAKI2020-0406	equation	equation (11.3.19)	NONE	PDF p. 406; print p. 395; §11.3.1; equation (11.3.19)	Chapter 11	chapter-11	PUBLIC-DOCS-SOURCE-ITEM-REVIEW-V1
IT-TASAKI2020-2151	TASAKI2020	000406.0009	PG-TASAKI2020-0406	equation	equation (11.3.20)	NONE	PDF p. 406; print p. 395; §11.3.1; equation (11.3.20)	Chapter 11	chapter-11	PUBLIC-DOCS-SOURCE-ITEM-REVIEW-V1
IT-TASAKI2020-2152	TASAKI2020	000407.0001	PG-TASAKI2020-0407	unlabeled	NONE	NONE	PDF p. 407; print p. 396; §11.3.1; paragraph 4	Chapter 11	chapter-11	PUBLIC-DOCS-SOURCE-ITEM-REVIEW-V1
IT-TASAKI2020-2153	TASAKI2020	000407.0002	PG-TASAKI2020-0407	unlabeled	NONE	NONE	PDF p. 407; print p. 396; §11.3.1; paragraph 5; v7 split atom 1/2	Chapter 11	chapter-11	PUBLIC-DOCS-SOURCE-ITEM-REVIEW-V1
IT-TASAKI2020-2154	TASAKI2020	000407.0003	PG-TASAKI2020-0407	unlabeled	NONE	NONE	PDF p. 407; print p. 396; §11.3.1; paragraph 5; v7 split atom 2/2	Chapter 11	chapter-11	PUBLIC-DOCS-SOURCE-ITEM-REVIEW-V1
IT-TASAKI2020-2155	TASAKI2020	000407.0004	PG-TASAKI2020-0407	equation	equation (11.3.21)	NONE	PDF p. 407; print p. 396; §11.3.1; equation (11.3.21)	Chapter 11	chapter-11	PUBLIC-DOCS-SOURCE-ITEM-REVIEW-V1
IT-TASAKI2020-2156	TASAKI2020	000408.0001	PG-TASAKI2020-0408	equation	equation (11.3.22)	NONE	PDF p. 408; print p. 397; §11.3.1; equation (11.3.22)	Chapter 11	chapter-11	PUBLIC-DOCS-SOURCE-ITEM-REVIEW-V1
IT-TASAKI2020-2157	TASAKI2020	000408.0002	PG-TASAKI2020-0408	equation	equation (11.3.23)	NONE	PDF p. 408; print p. 397; §11.3.1; equation (11.3.23)	Chapter 11	chapter-11	PUBLIC-DOCS-SOURCE-ITEM-REVIEW-V1
IT-TASAKI2020-2158	TASAKI2020	000408.0003	PG-TASAKI2020-0408	unlabeled	NONE	NONE	PDF p. 408; print p. 397; §11.3.1; paragraph 9	Chapter 11	chapter-11	PUBLIC-DOCS-SOURCE-ITEM-REVIEW-V1
IT-TASAKI2020-2159	TASAKI2020	000408.0004	PG-TASAKI2020-0408	figure	Fig. 11.13	NONE	PDF p. 408; print p. 397; §11.3.1; Fig. 11.13	Chapter 11	chapter-11	PUBLIC-DOCS-SOURCE-ITEM-REVIEW-V1
IT-TASAKI2020-2160	TASAKI2020	000409.0001	PG-TASAKI2020-0409	equation	equation (11.3.24)	NONE	PDF p. 409; print p. 398; §11.3.1; equation (11.3.24)	Chapter 11	chapter-11	PUBLIC-DOCS-SOURCE-ITEM-REVIEW-V1
IT-TASAKI2020-2161	TASAKI2020	000409.0002	PG-TASAKI2020-0409	equation	equation (11.3.25)	NONE	PDF p. 409; print p. 398; §11.3.1; equation (11.3.25)	Chapter 11	chapter-11	PUBLIC-DOCS-SOURCE-ITEM-REVIEW-V1
IT-TASAKI2020-2162	TASAKI2020	000409.0003	PG-TASAKI2020-0409	unlabeled	NONE	NONE	PDF p. 409; print p. 398; §11.3.1; paragraph 4	Chapter 11	chapter-11	PUBLIC-DOCS-SOURCE-ITEM-REVIEW-V1
IT-TASAKI2020-2163	TASAKI2020	000409.0004	PG-TASAKI2020-0409	equation	equation (11.3.26)	NONE	PDF p. 409; print p. 398; §11.3.1; equation (11.3.26)	Chapter 11	chapter-11	PUBLIC-DOCS-SOURCE-ITEM-REVIEW-V1
IT-TASAKI2020-2164	TASAKI2020	000409.0005	PG-TASAKI2020-0409	equation	equation (11.3.27)	NONE	PDF p. 409; print p. 398; §11.3.1; equation (11.3.27)	Chapter 11	chapter-11	PUBLIC-DOCS-SOURCE-ITEM-REVIEW-V1
IT-TASAKI2020-2165	TASAKI2020	000410.0001	PG-TASAKI2020-0410	equation	equation (11.3.28)	NONE	PDF p. 410; print p. 399; §11.3.1; equation (11.3.28)	Chapter 11	chapter-11	PUBLIC-DOCS-SOURCE-ITEM-REVIEW-V1
IT-TASAKI2020-2166	TASAKI2020	000410.0002	PG-TASAKI2020-0410	problem	Problem 11.3.1.a	NONE	PDF p. 410; print p. 399; §11.3.1; Problem 11.3.1.a	Chapter 11	chapter-11	PUBLIC-DOCS-SOURCE-ITEM-REVIEW-V1
IT-TASAKI2020-2167	TASAKI2020	000410.0003	PG-TASAKI2020-0410	unlabeled	NONE	NONE	PDF p. 410; print p. 399; §11.3.1; paragraph 4, atom 1	Chapter 11	chapter-11	PUBLIC-DOCS-SOURCE-ITEM-REVIEW-V1
IT-TASAKI2020-2168	TASAKI2020	000410.0004	PG-TASAKI2020-0410	unlabeled	NONE	NONE	PDF p. 410; print p. 399; §11.3.1; paragraph 4, atom 2	Chapter 11	chapter-11	PUBLIC-DOCS-SOURCE-ITEM-REVIEW-V1
IT-TASAKI2020-2169	TASAKI2020	000411.0001	PG-TASAKI2020-0411	unlabeled	NONE	NONE	PDF p. 411; print p. 400; §11.3.1; paragraph 5, atom 1	Chapter 11	chapter-11	PUBLIC-DOCS-SOURCE-ITEM-REVIEW-V1
IT-TASAKI2020-2170	TASAKI2020	000411.0002	PG-TASAKI2020-0411	unlabeled	NONE	NONE	PDF p. 411; print p. 400; §11.3.1; paragraph 5, atom 2	Chapter 11	chapter-11	PUBLIC-DOCS-SOURCE-ITEM-REVIEW-V1
IT-TASAKI2020-2171	TASAKI2020	000411.0003	PG-TASAKI2020-0411	equation	equation (11.3.29)	NONE	PDF p. 411; print p. 400; §11.3.1; equation (11.3.29)	Chapter 11	chapter-11	PUBLIC-DOCS-SOURCE-ITEM-REVIEW-V1
IT-TASAKI2020-2172	TASAKI2020	000411.0004	PG-TASAKI2020-0411	equation	equation (11.3.30)	NONE	PDF p. 411; print p. 400; §11.3.1; equation (11.3.30)	Chapter 11	chapter-11	PUBLIC-DOCS-SOURCE-ITEM-REVIEW-V1
IT-TASAKI2020-2173	TASAKI2020	000411.0005	PG-TASAKI2020-0411	unlabeled	NONE	NONE	PDF p. 411; print p. 400; §11.3.1; paragraph 7	Chapter 11	chapter-11	PUBLIC-DOCS-SOURCE-ITEM-REVIEW-V1
IT-TASAKI2020-2174	TASAKI2020	000411.0006	PG-TASAKI2020-0411	note	Note unnumbered line 44	NONE	PDF p. 411; print p. 400; §11.3.1; Note unnumbered line 44	Chapter 11	chapter-11	PUBLIC-DOCS-SOURCE-ITEM-REVIEW-V1
IT-TASAKI2020-2175	TASAKI2020	000412.0001	PG-TASAKI2020-0412	unlabeled	NONE	NONE	PDF p. 412; print p. 401; §11.3.2; paragraph 6, atom 2	Chapter 11	chapter-11	PUBLIC-DOCS-SOURCE-ITEM-REVIEW-V1
IT-TASAKI2020-2176	TASAKI2020	000412.0002	PG-TASAKI2020-0412	unlabeled	NONE	NONE	PDF p. 412; print p. 401; §11.3.2; paragraph 6, atom 3; v7 split atom 1/2	Chapter 11	chapter-11	PUBLIC-DOCS-SOURCE-ITEM-REVIEW-V1
IT-TASAKI2020-2177	TASAKI2020	000412.0003	PG-TASAKI2020-0412	unlabeled	NONE	NONE	PDF p. 412; print p. 401; §11.3.2; paragraph 6, atom 3; v7 split atom 2/2	Chapter 11	chapter-11	PUBLIC-DOCS-SOURCE-ITEM-REVIEW-V1
IT-TASAKI2020-2178	TASAKI2020	000412.0004	PG-TASAKI2020-0412	unlabeled	NONE	NONE	PDF p. 412; print p. 401; §11.3.2; paragraph 6, atom 4	Chapter 11	chapter-11	PUBLIC-DOCS-SOURCE-ITEM-REVIEW-V1
IT-TASAKI2020-2179	TASAKI2020	000413.0001	PG-TASAKI2020-0413	equation	equation (11.3.31)	NONE	PDF p. 413; print p. 402; §11.3.2; equation (11.3.31)	Chapter 11	chapter-11	PUBLIC-DOCS-SOURCE-ITEM-REVIEW-V1
IT-TASAKI2020-2180	TASAKI2020	000413.0002	PG-TASAKI2020-0413	unlabeled	NONE	NONE	PDF p. 413; print p. 402; §11.3.2; paragraph 6; atom 1	Chapter 11	chapter-11	PUBLIC-DOCS-SOURCE-ITEM-REVIEW-V1
IT-TASAKI2020-2181	TASAKI2020	000413.0003	PG-TASAKI2020-0413	unlabeled	NONE	NONE	PDF p. 413; print p. 402; §11.3.2; paragraph 6; atom 2	Chapter 11	chapter-11	PUBLIC-DOCS-SOURCE-ITEM-REVIEW-V1
IT-TASAKI2020-2182	TASAKI2020	000413.0006	PG-TASAKI2020-0413	unlabeled	NONE	NONE	PDF p. 413; print p. 402; §11.3.2; paragraph 6; audit split atom 3/3	Chapter 11	chapter-11	PUBLIC-DOCS-SOURCE-ITEM-REVIEW-V1
IT-TASAKI2020-2183	TASAKI2020	000413.0007	PG-TASAKI2020-0413	equation	equation (11.3.32)	NONE	PDF p. 413; print p. 402; §11.3.2; equation (11.3.32)	Chapter 11	chapter-11	PUBLIC-DOCS-SOURCE-ITEM-REVIEW-V1
IT-TASAKI2020-2184	TASAKI2020	000413.0008	PG-TASAKI2020-0413	unlabeled	NONE	NONE	PDF p. 413; print p. 402; §11.3.2; paragraph 7; v7 split atom 1/2	Chapter 11	chapter-11	PUBLIC-DOCS-SOURCE-ITEM-REVIEW-V1
IT-TASAKI2020-2185	TASAKI2020	000413.0009	PG-TASAKI2020-0413	unlabeled	NONE	NONE	PDF p. 413; print p. 402; §11.3.2; paragraph 7; v7 split atom 2/2	Chapter 11	chapter-11	PUBLIC-DOCS-SOURCE-ITEM-REVIEW-V1
IT-TASAKI2020-2186	TASAKI2020	000413.0010	PG-TASAKI2020-0413	figure	Fig. 11.16	NONE	PDF p. 413; print p. 402; §11.3.2; Fig. 11.16	Chapter 11	chapter-11	PUBLIC-DOCS-SOURCE-ITEM-REVIEW-V1
IT-TASAKI2020-2187	TASAKI2020	000414.0001	PG-TASAKI2020-0414	theorem	Theorem 11.12	NONE	PDF p. 414; print p. 403; §11.3.2; Theorem 11.12	Chapter 11	chapter-11	PUBLIC-DOCS-SOURCE-ITEM-REVIEW-V1
IT-TASAKI2020-2188	TASAKI2020	000414.0002	PG-TASAKI2020-0414	equation	equation (11.3.33)	NONE	PDF p. 414; print p. 403; §11.3.2; equation (11.3.33)	Chapter 11	chapter-11	PUBLIC-DOCS-SOURCE-ITEM-REVIEW-V1
IT-TASAKI2020-2189	TASAKI2020	000414.0003	PG-TASAKI2020-0414	problem	Problem 11.3.2.a	NONE	PDF p. 414; print p. 403; §11.3.2; Problem 11.3.2.a	Chapter 11	chapter-11	PUBLIC-DOCS-SOURCE-ITEM-REVIEW-V1
IT-TASAKI2020-2190	TASAKI2020	000414.0004	PG-TASAKI2020-0414	problem	Problem 11.3.2.b	NONE	PDF p. 414; print p. 403; §11.3.2; Problem 11.3.2.b	Chapter 11	chapter-11	PUBLIC-DOCS-SOURCE-ITEM-REVIEW-V1
IT-TASAKI2020-2191	TASAKI2020	000414.0005	PG-TASAKI2020-0414	theorem	Theorem 11.13	NONE	PDF p. 414; print p. 403; §11.3.2; Theorem 11.13	Chapter 11	chapter-11	PUBLIC-DOCS-SOURCE-ITEM-REVIEW-V1
IT-TASAKI2020-2192	TASAKI2020	000415.0001	PG-TASAKI2020-0415	figure	Fig. 11.17	NONE	PDF p. 415; print p. 404; §11.3.2; Fig. 11.17	Chapter 11	chapter-11	PUBLIC-DOCS-SOURCE-ITEM-REVIEW-V1
IT-TASAKI2020-2193	TASAKI2020	000415.0003	PG-TASAKI2020-0415	unlabeled	NONE	NONE	PDF p. 415; print p. 404; §11.3.2; paragraph after Theorem 11.13	Chapter 11	chapter-11	PUBLIC-DOCS-SOURCE-ITEM-REVIEW-V1
IT-TASAKI2020-2194	TASAKI2020	000416.0001	PG-TASAKI2020-0416	problem	Problem 11.3.2.c	NONE	PDF p. 416; print p. 405; §11.3.2; Problem 11.3.2.c	Chapter 11	chapter-11	PUBLIC-DOCS-SOURCE-ITEM-REVIEW-V1
IT-TASAKI2020-2195	TASAKI2020	000416.0002	PG-TASAKI2020-0416	equation	equation (11.3.34)	NONE	PDF p. 416; print p. 405; §11.3.3; equation (11.3.34)	Chapter 11	chapter-11	PUBLIC-DOCS-SOURCE-ITEM-REVIEW-V1
IT-TASAKI2020-2196	TASAKI2020	000416.0003	PG-TASAKI2020-0416	equation	equation (11.3.35)	NONE	PDF p. 416; print p. 405; §11.3.3; equation (11.3.35)	Chapter 11	chapter-11	PUBLIC-DOCS-SOURCE-ITEM-REVIEW-V1
IT-TASAKI2020-2197	TASAKI2020	000416.0004	PG-TASAKI2020-0416	lemma	Lemma 11.14	NONE	PDF p. 416; print p. 405; §11.3.3; Lemma 11.14	Chapter 11	chapter-11	PUBLIC-DOCS-SOURCE-ITEM-REVIEW-V1
IT-TASAKI2020-2198	TASAKI2020	000417.0001	PG-TASAKI2020-0417	unlabeled	NONE	NONE	PDF p. 417; print p. 406; §11.3.3; paragraph 2, atom 1	Chapter 11	chapter-11	PUBLIC-DOCS-SOURCE-ITEM-REVIEW-V1
IT-TASAKI2020-2199	TASAKI2020	000417.0002	PG-TASAKI2020-0417	unlabeled	NONE	NONE	PDF p. 417; print p. 406; §11.3.3; paragraph 2, atom 2	Chapter 11	chapter-11	PUBLIC-DOCS-SOURCE-ITEM-REVIEW-V1
IT-TASAKI2020-2200	TASAKI2020	000417.0003	PG-TASAKI2020-0417	unlabeled	NONE	NONE	PDF p. 417; print p. 406; §11.3.3; paragraph 2, atom 3	Chapter 11	chapter-11	PUBLIC-DOCS-SOURCE-ITEM-REVIEW-V1
IT-TASAKI2020-2201	TASAKI2020	000417.0004	PG-TASAKI2020-0417	unlabeled	NONE	NONE	PDF p. 417; print p. 406; §11.3.3; paragraph 2, atom 4	Chapter 11	chapter-11	PUBLIC-DOCS-SOURCE-ITEM-REVIEW-V1
IT-TASAKI2020-2202	TASAKI2020	000417.0005	PG-TASAKI2020-0417	unlabeled	NONE	NONE	PDF p. 417; print p. 406; §11.3.3; paragraph 2, atom 5	Chapter 11	chapter-11	PUBLIC-DOCS-SOURCE-ITEM-REVIEW-V1
IT-TASAKI2020-2203	TASAKI2020	000417.0006	PG-TASAKI2020-0417	unlabeled	NONE	NONE	PDF p. 417; print p. 406; §11.3.3; paragraph 3, atom 1	Chapter 11	chapter-11	PUBLIC-DOCS-SOURCE-ITEM-REVIEW-V1
IT-TASAKI2020-2204	TASAKI2020	000417.0007	PG-TASAKI2020-0417	unlabeled	NONE	NONE	PDF p. 417; print p. 406; §11.3.3; paragraph 3, atom 2	Chapter 11	chapter-11	PUBLIC-DOCS-SOURCE-ITEM-REVIEW-V1
IT-TASAKI2020-2205	TASAKI2020	000417.0008	PG-TASAKI2020-0417	equation	equation (11.3.36)	NONE	PDF p. 417; print p. 406; §11.3.3; equation (11.3.36)	Chapter 11	chapter-11	PUBLIC-DOCS-SOURCE-ITEM-REVIEW-V1
IT-TASAKI2020-2206	TASAKI2020	000417.0009	PG-TASAKI2020-0417	equation	equation (11.3.37)	NONE	PDF p. 417; print p. 406; §11.3.3; equation (11.3.37)	Chapter 11	chapter-11	PUBLIC-DOCS-SOURCE-ITEM-REVIEW-V1
IT-TASAKI2020-2207	TASAKI2020	000417.0010	PG-TASAKI2020-0417	unlabeled	NONE	NONE	PDF p. 417; print p. 406; §11.3.3; paragraph 5, atom 1	Chapter 11	chapter-11	PUBLIC-DOCS-SOURCE-ITEM-REVIEW-V1
IT-TASAKI2020-2208	TASAKI2020	000417.0011	PG-TASAKI2020-0417	unlabeled	NONE	NONE	PDF p. 417; print p. 406; §11.3.3; paragraph 5, atom 2	Chapter 11	chapter-11	PUBLIC-DOCS-SOURCE-ITEM-REVIEW-V1
IT-TASAKI2020-2209	TASAKI2020	000417.0012	PG-TASAKI2020-0417	unlabeled	NONE	NONE	PDF p. 417; print p. 406; §11.3.3; paragraph 5, atom 3	Chapter 11	chapter-11	PUBLIC-DOCS-SOURCE-ITEM-REVIEW-V1
IT-TASAKI2020-2210	TASAKI2020	000418.0001	PG-TASAKI2020-0418	equation	equation (11.3.38)	NONE	PDF p. 418; print p. 407; §11.3.3; equation (11.3.38)	Chapter 11	chapter-11	PUBLIC-DOCS-SOURCE-ITEM-REVIEW-V1
IT-TASAKI2020-2211	TASAKI2020	000418.0002	PG-TASAKI2020-0418	equation	equation (11.3.39)	NONE	PDF p. 418; print p. 407; §11.3.3; equation (11.3.39)	Chapter 11	chapter-11	PUBLIC-DOCS-SOURCE-ITEM-REVIEW-V1
IT-TASAKI2020-2212	TASAKI2020	000418.0003	PG-TASAKI2020-0418	equation	equation (11.3.40)	NONE	PDF p. 418; print p. 407; §11.3.3; equation (11.3.40)	Chapter 11	chapter-11	PUBLIC-DOCS-SOURCE-ITEM-REVIEW-V1
IT-TASAKI2020-2213	TASAKI2020	000418.0004	PG-TASAKI2020-0418	equation	equation (11.3.41)	NONE	PDF p. 418; print p. 407; §11.3.3; equation (11.3.41)	Chapter 11	chapter-11	PUBLIC-DOCS-SOURCE-ITEM-REVIEW-V1
IT-TASAKI2020-2214	TASAKI2020	000418.0005	PG-TASAKI2020-0418	unlabeled	NONE	NONE	PDF p. 418; print p. 407; §11.3.3; example let	Chapter 11	chapter-11	PUBLIC-DOCS-SOURCE-ITEM-REVIEW-V1
IT-TASAKI2020-2215	TASAKI2020	000419.0001	PG-TASAKI2020-0419	unlabeled	NONE	NONE	PDF p. 419; print p. 408; §11.3.3; paragraph 5	Chapter 11	chapter-11	PUBLIC-DOCS-SOURCE-ITEM-REVIEW-V1
IT-TASAKI2020-2216	TASAKI2020	000419.0002	PG-TASAKI2020-0419	figure	Fig. 11.18	NONE	PDF p. 419; print p. 408; §11.3.3; Fig. 11.18	Chapter 11	chapter-11	PUBLIC-DOCS-SOURCE-ITEM-REVIEW-V1
IT-TASAKI2020-2217	TASAKI2020	000420.0001	PG-TASAKI2020-0420	unlabeled	NONE	NONE	PDF p. 420; print p. 409; §11.3.3; paragraph 2	Chapter 11	chapter-11	PUBLIC-DOCS-SOURCE-ITEM-REVIEW-V1
IT-TASAKI2020-2218	TASAKI2020	000420.0002	PG-TASAKI2020-0420	unlabeled	NONE	NONE	PDF p. 420; print p. 409; §11.3.4; paragraph 4, atom 1	Chapter 11	chapter-11	PUBLIC-DOCS-SOURCE-ITEM-REVIEW-V1
IT-TASAKI2020-2219	TASAKI2020	000420.0003	PG-TASAKI2020-0420	unlabeled	NONE	NONE	PDF p. 420; print p. 409; §11.3.4; paragraph 4, atom 2	Chapter 11	chapter-11	PUBLIC-DOCS-SOURCE-ITEM-REVIEW-V1
IT-TASAKI2020-2220	TASAKI2020	000420.0004	PG-TASAKI2020-0420	unlabeled	NONE	NONE	PDF p. 420; print p. 409; §11.3.4; paragraph 4, atom 3	Chapter 11	chapter-11	PUBLIC-DOCS-SOURCE-ITEM-REVIEW-V1
IT-TASAKI2020-2221	TASAKI2020	000420.0005	PG-TASAKI2020-0420	unlabeled	NONE	NONE	PDF p. 420; print p. 409; §11.3.4; paragraph 4, atom 4	Chapter 11	chapter-11	PUBLIC-DOCS-SOURCE-ITEM-REVIEW-V1
IT-TASAKI2020-2222	TASAKI2020	000420.0006	PG-TASAKI2020-0420	theorem	Theorem 11.15	NONE	PDF p. 420; print p. 409; §11.3.4; Theorem 11.15	Chapter 11	chapter-11	PUBLIC-DOCS-SOURCE-ITEM-REVIEW-V1
IT-TASAKI2020-2223	TASAKI2020	000420.0007	PG-TASAKI2020-0420	unlabeled	NONE	NONE	PDF p. 420; print p. 409; §11.3.4; paragraph 4, atom 6	Chapter 11	chapter-11	PUBLIC-DOCS-SOURCE-ITEM-REVIEW-V1
IT-TASAKI2020-2224	TASAKI2020	000421.0001	PG-TASAKI2020-0421	equation	equation (11.3.42)	NONE	PDF p. 421; print p. 410; §11.3.4; equation (11.3.42)	Chapter 11	chapter-11	PUBLIC-DOCS-SOURCE-ITEM-REVIEW-V1
IT-TASAKI2020-2225	TASAKI2020	000421.0002	PG-TASAKI2020-0421	equation	equation (11.3.43)	NONE	PDF p. 421; print p. 410; §11.3.4; equation (11.3.43)	Chapter 11	chapter-11	PUBLIC-DOCS-SOURCE-ITEM-REVIEW-V1
IT-TASAKI2020-2226	TASAKI2020	000421.0003	PG-TASAKI2020-0421	equation	equation (11.3.44)	NONE	PDF p. 421; print p. 410; §11.3.4; equation (11.3.44)	Chapter 11	chapter-11	PUBLIC-DOCS-SOURCE-ITEM-REVIEW-V1
IT-TASAKI2020-2227	TASAKI2020	000421.0004	PG-TASAKI2020-0421	unlabeled	NONE	NONE	PDF p. 421; print p. 410; §11.3.4; paragraph 7, atom 1	Chapter 11	chapter-11	PUBLIC-DOCS-SOURCE-ITEM-REVIEW-V1
IT-TASAKI2020-2228	TASAKI2020	000421.0005	PG-TASAKI2020-0421	lemma	Lemma 11.16	NONE	PDF p. 421; print p. 410; §11.3.4; Lemma 11.16	Chapter 11	chapter-11	PUBLIC-DOCS-SOURCE-ITEM-REVIEW-V1
IT-TASAKI2020-2229	TASAKI2020	000421.0009	PG-TASAKI2020-0421	unlabeled	NONE	NONE	PDF p. 421; print p. 410; §11.3.4; paragraph 7, atom 2	Chapter 11	chapter-11	PUBLIC-DOCS-SOURCE-ITEM-REVIEW-V1
IT-TASAKI2020-2230	TASAKI2020	000422.0001	PG-TASAKI2020-0422	unlabeled	NONE	NONE	PDF p. 422; print p. 411; §11.3.4; paragraph 3, atom 1	Chapter 11	chapter-11	PUBLIC-DOCS-SOURCE-ITEM-REVIEW-V1
IT-TASAKI2020-2231	TASAKI2020	000422.0002	PG-TASAKI2020-0422	unlabeled	NONE	NONE	PDF p. 422; print p. 411; §11.3.4; paragraph 3, atom 2; atom 1	Chapter 11	chapter-11	PUBLIC-DOCS-SOURCE-ITEM-REVIEW-V1
IT-TASAKI2020-2232	TASAKI2020	000422.0003	PG-TASAKI2020-0422	unlabeled	NONE	NONE	PDF p. 422; print p. 411; §11.3.4; paragraph 3, atom 2; atom 2	Chapter 11	chapter-11	PUBLIC-DOCS-SOURCE-ITEM-REVIEW-V1
IT-TASAKI2020-2233	TASAKI2020	000422.0004	PG-TASAKI2020-0422	unlabeled	NONE	NONE	PDF p. 422; print p. 411; §11.3.4; paragraph 3, atom 2; v7 split atom 2/2	Chapter 11	chapter-11	PUBLIC-DOCS-SOURCE-ITEM-REVIEW-V1
IT-TASAKI2020-2234	TASAKI2020	000422.0005	PG-TASAKI2020-0422	unlabeled	NONE	NONE	PDF p. 422; print p. 411; §11.3.4; paragraph 3, atom 3	Chapter 11	chapter-11	PUBLIC-DOCS-SOURCE-ITEM-REVIEW-V1
IT-TASAKI2020-2235	TASAKI2020	000422.0006	PG-TASAKI2020-0422	unlabeled	NONE	NONE	PDF p. 422; print p. 411; §11.3.4; paragraph 3, atom 4	Chapter 11	chapter-11	PUBLIC-DOCS-SOURCE-ITEM-REVIEW-V1
IT-TASAKI2020-2236	TASAKI2020	000422.0007	PG-TASAKI2020-0422	unlabeled	NONE	NONE	PDF p. 422; print p. 411; §11.3.4; paragraph 3, atom 5	Chapter 11	chapter-11	PUBLIC-DOCS-SOURCE-ITEM-REVIEW-V1
IT-TASAKI2020-2237	TASAKI2020	000422.0008	PG-TASAKI2020-0422	unlabeled	NONE	NONE	PDF p. 422; print p. 411; §11.3.4; paragraph 3, atom 6	Chapter 11	chapter-11	PUBLIC-DOCS-SOURCE-ITEM-REVIEW-V1
IT-TASAKI2020-2238	TASAKI2020	000422.0009	PG-TASAKI2020-0422	equation	equation (11.3.45)	NONE	PDF p. 422; print p. 411; §11.3.4; equation (11.3.45)	Chapter 11	chapter-11	PUBLIC-DOCS-SOURCE-ITEM-REVIEW-V1
IT-TASAKI2020-2239	TASAKI2020	000422.0010	PG-TASAKI2020-0422	unlabeled	NONE	NONE	PDF p. 422; print p. 411; §11.3.4; paragraph 4, atom 1	Chapter 11	chapter-11	PUBLIC-DOCS-SOURCE-ITEM-REVIEW-V1
IT-TASAKI2020-2240	TASAKI2020	000422.0011	PG-TASAKI2020-0422	unlabeled	NONE	NONE	PDF p. 422; print p. 411; §11.3.4; paragraph 4, atom 2	Chapter 11	chapter-11	PUBLIC-DOCS-SOURCE-ITEM-REVIEW-V1
IT-TASAKI2020-2241	TASAKI2020	000422.0012	PG-TASAKI2020-0422	theorem	Theorem 11.17	NONE	PDF p. 422; print p. 411; §11.3.4; Theorem 11.17	Chapter 11	chapter-11	PUBLIC-DOCS-SOURCE-ITEM-REVIEW-V1
IT-TASAKI2020-2242	TASAKI2020	000422.0013	PG-TASAKI2020-0422	unlabeled	NONE	NONE	PDF p. 422; print p. 411; §11.3.4; paragraph 5	Chapter 11	chapter-11	PUBLIC-DOCS-SOURCE-ITEM-REVIEW-V1
IT-TASAKI2020-2243	TASAKI2020	000423.0001	PG-TASAKI2020-0423	unlabeled	NONE	NONE	PDF p. 423; print p. 412; §11.3.4; paragraph 2, atom 1	Chapter 11	chapter-11	PUBLIC-DOCS-SOURCE-ITEM-REVIEW-V1
IT-TASAKI2020-2244	TASAKI2020	000423.0002	PG-TASAKI2020-0423	unlabeled	NONE	NONE	PDF p. 423; print p. 412; §11.3.4; paragraph 2, atom 2	Chapter 11	chapter-11	PUBLIC-DOCS-SOURCE-ITEM-REVIEW-V1
IT-TASAKI2020-2245	TASAKI2020	000423.0003	PG-TASAKI2020-0423	equation	equation (11.3.46)	NONE	PDF p. 423; print p. 412; §11.3.4; equation (11.3.46)	Chapter 11	chapter-11	PUBLIC-DOCS-SOURCE-ITEM-REVIEW-V1
IT-TASAKI2020-2246	TASAKI2020	000423.0004	PG-TASAKI2020-0423	unlabeled	NONE	NONE	PDF p. 423; print p. 412; §11.3.4; paragraph 3	Chapter 11	chapter-11	PUBLIC-DOCS-SOURCE-ITEM-REVIEW-V1
IT-TASAKI2020-2247	TASAKI2020	000423.0005	PG-TASAKI2020-0423	equation	equation (11.3.47)	NONE	PDF p. 423; print p. 412; §11.3.4; equation (11.3.47)	Chapter 11	chapter-11	PUBLIC-DOCS-SOURCE-ITEM-REVIEW-V1
IT-TASAKI2020-2248	TASAKI2020	000423.0006	PG-TASAKI2020-0423	equation	equation (11.3.48)	NONE	PDF p. 423; print p. 412; §11.3.4; equation (11.3.48)	Chapter 11	chapter-11	PUBLIC-DOCS-SOURCE-ITEM-REVIEW-V1
IT-TASAKI2020-2249	TASAKI2020	000423.0007	PG-TASAKI2020-0423	unlabeled	NONE	NONE	PDF p. 423; print p. 412; §11.3.4; paragraph 5	Chapter 11	chapter-11	PUBLIC-DOCS-SOURCE-ITEM-REVIEW-V1
IT-TASAKI2020-2250	TASAKI2020	000423.0008	PG-TASAKI2020-0423	equation	equation (11.3.49)	NONE	PDF p. 423; print p. 412; §11.3.4; equation (11.3.49)	Chapter 11	chapter-11	PUBLIC-DOCS-SOURCE-ITEM-REVIEW-V1
IT-TASAKI2020-2251	TASAKI2020	000424.0001	PG-TASAKI2020-0424	unlabeled	NONE	NONE	PDF p. 424; print p. 413; §11.3.4; paragraph 3, atom 1	Chapter 11	chapter-11	PUBLIC-DOCS-SOURCE-ITEM-REVIEW-V1
IT-TASAKI2020-2252	TASAKI2020	000424.0002	PG-TASAKI2020-0424	unlabeled	NONE	NONE	PDF p. 424; print p. 413; §11.3.4; paragraph 3, atom 2	Chapter 11	chapter-11	PUBLIC-DOCS-SOURCE-ITEM-REVIEW-V1
IT-TASAKI2020-2253	TASAKI2020	000424.0003	PG-TASAKI2020-0424	unlabeled	NONE	NONE	PDF p. 424; print p. 413; §11.3.4; paragraph 3, atom 3	Chapter 11	chapter-11	PUBLIC-DOCS-SOURCE-ITEM-REVIEW-V1
IT-TASAKI2020-2254	TASAKI2020	000424.0004	PG-TASAKI2020-0424	unlabeled	NONE	NONE	PDF p. 424; print p. 413; §11.3.4; paragraph 3, atom 4	Chapter 11	chapter-11	PUBLIC-DOCS-SOURCE-ITEM-REVIEW-V1
IT-TASAKI2020-2255	TASAKI2020	000424.0005	PG-TASAKI2020-0424	equation	equation (11.3.50)	NONE	PDF p. 424; print p. 413; §11.3.4; equation (11.3.50)	Chapter 11	chapter-11	PUBLIC-DOCS-SOURCE-ITEM-REVIEW-V1
IT-TASAKI2020-2256	TASAKI2020	000424.0006	PG-TASAKI2020-0424	unlabeled	NONE	NONE	PDF p. 424; print p. 413; §11.3.4; paragraph 4	Chapter 11	chapter-11	PUBLIC-DOCS-SOURCE-ITEM-REVIEW-V1
IT-TASAKI2020-2257	TASAKI2020	000424.0007	PG-TASAKI2020-0424	equation	equation (11.3.51)	NONE	PDF p. 424; print p. 413; §11.3.4; equation (11.3.51)	Chapter 11	chapter-11	PUBLIC-DOCS-SOURCE-ITEM-REVIEW-V1
IT-TASAKI2020-2258	TASAKI2020	000424.0008	PG-TASAKI2020-0424	unlabeled	NONE	NONE	PDF p. 424; print p. 413; §11.3.4; paragraph 5, atom 1	Chapter 11	chapter-11	PUBLIC-DOCS-SOURCE-ITEM-REVIEW-V1
IT-TASAKI2020-2259	TASAKI2020	000424.0009	PG-TASAKI2020-0424	unlabeled	NONE	NONE	PDF p. 424; print p. 413; §11.3.4; paragraph 5, atom 2	Chapter 11	chapter-11	PUBLIC-DOCS-SOURCE-ITEM-REVIEW-V1
IT-TASAKI2020-2260	TASAKI2020	000424.0010	PG-TASAKI2020-0424	unlabeled	NONE	NONE	PDF p. 424; print p. 413; §11.3.4; paragraph 5, atom 3	Chapter 11	chapter-11	PUBLIC-DOCS-SOURCE-ITEM-REVIEW-V1
IT-TASAKI2020-2261	TASAKI2020	000424.0011	PG-TASAKI2020-0424	unlabeled	NONE	NONE	PDF p. 424; print p. 413; §11.3.4; paragraph 5, atom 4	Chapter 11	chapter-11	PUBLIC-DOCS-SOURCE-ITEM-REVIEW-V1
IT-TASAKI2020-2262	TASAKI2020	000424.0012	PG-TASAKI2020-0424	unlabeled	NONE	NONE	PDF p. 424; print p. 413; §11.3.4; paragraph 6, atom 1	Chapter 11	chapter-11	PUBLIC-DOCS-SOURCE-ITEM-REVIEW-V1
IT-TASAKI2020-2263	TASAKI2020	000424.0013	PG-TASAKI2020-0424	unlabeled	NONE	NONE	PDF p. 424; print p. 413; §11.3.4; paragraph 6, atom 2	Chapter 11	chapter-11	PUBLIC-DOCS-SOURCE-ITEM-REVIEW-V1
IT-TASAKI2020-2264	TASAKI2020	000424.0014	PG-TASAKI2020-0424	unlabeled	NONE	NONE	PDF p. 424; print p. 413; §11.3.4; paragraph 6, atom 3	Chapter 11	chapter-11	PUBLIC-DOCS-SOURCE-ITEM-REVIEW-V1
IT-TASAKI2020-2265	TASAKI2020	000425.0001	PG-TASAKI2020-0425	equation	equation (11.3.52)	NONE	PDF p. 425; print p. 414; §11.3.4; equation (11.3.52)	Chapter 11	chapter-11	PUBLIC-DOCS-SOURCE-ITEM-REVIEW-V1
IT-TASAKI2020-2266	TASAKI2020	000425.0002	PG-TASAKI2020-0425	unlabeled	NONE	NONE	PDF p. 425; print p. 414; §11.3.4; paragraph 2, atom 1	Chapter 11	chapter-11	PUBLIC-DOCS-SOURCE-ITEM-REVIEW-V1
IT-TASAKI2020-2267	TASAKI2020	000425.0003	PG-TASAKI2020-0425	equation	equation (11.3.53)	NONE	PDF p. 425; print p. 414; §11.3.4; equation (11.3.53)	Chapter 11	chapter-11	PUBLIC-DOCS-SOURCE-ITEM-REVIEW-V1
IT-TASAKI2020-2268	TASAKI2020	000425.0004	PG-TASAKI2020-0425	unlabeled	NONE	NONE	PDF p. 425; print p. 414; §11.3.4; paragraph 2, atom 2	Chapter 11	chapter-11	PUBLIC-DOCS-SOURCE-ITEM-REVIEW-V1
IT-TASAKI2020-2269	TASAKI2020	000425.0005	PG-TASAKI2020-0425	unlabeled	NONE	NONE	PDF p. 425; print p. 414; §11.3.4; paragraph 2, atom 3	Chapter 11	chapter-11	PUBLIC-DOCS-SOURCE-ITEM-REVIEW-V1
IT-TASAKI2020-2270	TASAKI2020	000425.0006	PG-TASAKI2020-0425	unlabeled	NONE	NONE	PDF p. 425; print p. 414; §11.3.4; paragraph 3, atom 1	Chapter 11	chapter-11	PUBLIC-DOCS-SOURCE-ITEM-REVIEW-V1
IT-TASAKI2020-2271	TASAKI2020	000425.0007	PG-TASAKI2020-0425	unlabeled	NONE	NONE	PDF p. 425; print p. 414; §11.3.4; paragraph 3, atom 2	Chapter 11	chapter-11	PUBLIC-DOCS-SOURCE-ITEM-REVIEW-V1
IT-TASAKI2020-2272	TASAKI2020	000425.0008	PG-TASAKI2020-0425	unlabeled	NONE	NONE	PDF p. 425; print p. 414; §11.4; paragraph 5, atom 1	Chapter 11	chapter-11	PUBLIC-DOCS-SOURCE-ITEM-REVIEW-V1
IT-TASAKI2020-2273	TASAKI2020	000425.0009	PG-TASAKI2020-0425	unlabeled	NONE	NONE	PDF p. 425; print p. 414; §11.4; paragraph 5, atom 2	Chapter 11	chapter-11	PUBLIC-DOCS-SOURCE-ITEM-REVIEW-V1
IT-TASAKI2020-2274	TASAKI2020	000426.0001	PG-TASAKI2020-0426	unlabeled	NONE	NONE	PDF p. 426; print p. 415; §11.4; assertion prose line 19	Chapter 11	chapter-11	PUBLIC-DOCS-SOURCE-ITEM-REVIEW-V1
IT-TASAKI2020-2275	TASAKI2020	000427.0001	PG-TASAKI2020-0427	equation	equation (11.4.1)	NONE	PDF p. 427; print p. 416; §11.4.1; equation (11.4.1)	Chapter 11	chapter-11	PUBLIC-DOCS-SOURCE-ITEM-REVIEW-V1
IT-TASAKI2020-2276	TASAKI2020	000427.0002	PG-TASAKI2020-0427	equation	equation (11.4.2)	NONE	PDF p. 427; print p. 416; §11.4.1; equation (11.4.2)	Chapter 11	chapter-11	PUBLIC-DOCS-SOURCE-ITEM-REVIEW-V1
IT-TASAKI2020-2277	TASAKI2020	000427.0003	PG-TASAKI2020-0427	equation	equation (11.4.3)	NONE	PDF p. 427; print p. 416; §11.4.1; equation (11.4.3)	Chapter 11	chapter-11	PUBLIC-DOCS-SOURCE-ITEM-REVIEW-V1
IT-TASAKI2020-2278	TASAKI2020	000427.0004	PG-TASAKI2020-0427	equation	equation (11.4.4)	NONE	PDF p. 427; print p. 416; §11.4.1; equation (11.4.4)	Chapter 11	chapter-11	PUBLIC-DOCS-SOURCE-ITEM-REVIEW-V1
IT-TASAKI2020-2279	TASAKI2020	000427.0005	PG-TASAKI2020-0427	unlabeled	NONE	NONE	PDF p. 427; print p. 416; §11.4.1; paragraph 7	Chapter 11	chapter-11	PUBLIC-DOCS-SOURCE-ITEM-REVIEW-V1
IT-TASAKI2020-2280	TASAKI2020	000428.0001	PG-TASAKI2020-0428	equation	equation (11.4.6)	NONE	PDF p. 428; print p. 417; §11.4.1; equation (11.4.6)	Chapter 11	chapter-11	PUBLIC-DOCS-SOURCE-ITEM-REVIEW-V1
IT-TASAKI2020-2281	TASAKI2020	000428.0002	PG-TASAKI2020-0428	equation	equation (11.4.7)	NONE	PDF p. 428; print p. 417; §11.4.1; equation (11.4.7)	Chapter 11	chapter-11	PUBLIC-DOCS-SOURCE-ITEM-REVIEW-V1
IT-TASAKI2020-2282	TASAKI2020	000428.0003	PG-TASAKI2020-0428	equation	equation (11.4.8)	NONE	PDF p. 428; print p. 417; §11.4.1; equation (11.4.8)	Chapter 11	chapter-11	PUBLIC-DOCS-SOURCE-ITEM-REVIEW-V1
IT-TASAKI2020-2283	TASAKI2020	000428.0004	PG-TASAKI2020-0428	equation	equation (11.4.9)	NONE	PDF p. 428; print p. 417; §11.4.1; equation (11.4.9)	Chapter 11	chapter-11	PUBLIC-DOCS-SOURCE-ITEM-REVIEW-V1
IT-TASAKI2020-2284	TASAKI2020	000428.0005	PG-TASAKI2020-0428	problem	Problem 11.4.1.a	NONE	PDF p. 428; print p. 417; §11.4.1; Problem 11.4.1.a	Chapter 11	chapter-11	PUBLIC-DOCS-SOURCE-ITEM-REVIEW-V1
IT-TASAKI2020-2285	TASAKI2020	000428.0006	PG-TASAKI2020-0428	equation	equation (11.4.5)	NONE	PDF p. 428; print p. 417; §11.4.1; equation (11.4.5)	Chapter 11	chapter-11	PUBLIC-DOCS-SOURCE-ITEM-REVIEW-V1
IT-TASAKI2020-2286	TASAKI2020	000429.0001	PG-TASAKI2020-0429	equation	equation (11.4.10)	NONE	PDF p. 429; print p. 418; §11.4.1; equation (11.4.10)	Chapter 11	chapter-11	PUBLIC-DOCS-SOURCE-ITEM-REVIEW-V1
IT-TASAKI2020-2287	TASAKI2020	000429.0002	PG-TASAKI2020-0429	unlabeled	NONE	NONE	PDF p. 429; print p. 418; §11.4.1; paragraph 3, atom 1	Chapter 11	chapter-11	PUBLIC-DOCS-SOURCE-ITEM-REVIEW-V1
IT-TASAKI2020-2288	TASAKI2020	000429.0003	PG-TASAKI2020-0429	unlabeled	NONE	NONE	PDF p. 429; print p. 418; §11.4.1; paragraph 3, atom 2	Chapter 11	chapter-11	PUBLIC-DOCS-SOURCE-ITEM-REVIEW-V1
IT-TASAKI2020-2289	TASAKI2020	000429.0004	PG-TASAKI2020-0429	equation	equation (11.4.11)	NONE	PDF p. 429; print p. 418; §11.4.1; equation (11.4.11)	Chapter 11	chapter-11	PUBLIC-DOCS-SOURCE-ITEM-REVIEW-V1
IT-TASAKI2020-2290	TASAKI2020	000429.0005	PG-TASAKI2020-0429	equation	equation (11.4.12)	NONE	PDF p. 429; print p. 418; §11.4.1; equation (11.4.12)	Chapter 11	chapter-11	PUBLIC-DOCS-SOURCE-ITEM-REVIEW-V1
IT-TASAKI2020-2291	TASAKI2020	000429.0006	PG-TASAKI2020-0429	unlabeled	NONE	NONE	PDF p. 429; print p. 418; §11.4.1; paragraph 6; atom 1	Chapter 11	chapter-11	PUBLIC-DOCS-SOURCE-ITEM-REVIEW-V1
IT-TASAKI2020-2292	TASAKI2020	000429.0007	PG-TASAKI2020-0429	unlabeled	NONE	NONE	PDF p. 429; print p. 418; §11.4.1; paragraph 6; audit split atom 2/3	Chapter 11	chapter-11	PUBLIC-DOCS-SOURCE-ITEM-REVIEW-V1
IT-TASAKI2020-2293	TASAKI2020	000429.0008	PG-TASAKI2020-0429	unlabeled	NONE	NONE	PDF p. 429; print p. 418; §11.4.1; paragraph 6; audit split atom 3/3	Chapter 11	chapter-11	PUBLIC-DOCS-SOURCE-ITEM-REVIEW-V1
IT-TASAKI2020-2294	TASAKI2020	000429.0009	PG-TASAKI2020-0429	equation	equation (11.4.13)	NONE	PDF p. 429; print p. 418; §11.4.1; equation (11.4.13)	Chapter 11	chapter-11	PUBLIC-DOCS-SOURCE-ITEM-REVIEW-V1
IT-TASAKI2020-2295	TASAKI2020	000429.0010	PG-TASAKI2020-0429	unlabeled	NONE	NONE	PDF p. 429; print p. 418; §11.4.1; paragraph 7; atom 1	Chapter 11	chapter-11	PUBLIC-DOCS-SOURCE-ITEM-REVIEW-V1
IT-TASAKI2020-2296	TASAKI2020	000429.0011	PG-TASAKI2020-0429	unlabeled	NONE	NONE	PDF p. 429; print p. 418; §11.4.1; paragraph 7; atom 2	Chapter 11	chapter-11	PUBLIC-DOCS-SOURCE-ITEM-REVIEW-V1
IT-TASAKI2020-2297	TASAKI2020	000429.0012	PG-TASAKI2020-0429	unlabeled	NONE	NONE	PDF p. 429; print p. 418; §11.4.1; paragraph 7; audit split atom 2/2	Chapter 11	chapter-11	PUBLIC-DOCS-SOURCE-ITEM-REVIEW-V1
IT-TASAKI2020-2298	TASAKI2020	000430.0001	PG-TASAKI2020-0430	equation	equation (11.4.14)	NONE	PDF p. 430; print p. 419; §11.4.1; equation (11.4.14)	Chapter 11	chapter-11	PUBLIC-DOCS-SOURCE-ITEM-REVIEW-V1
IT-TASAKI2020-2299	TASAKI2020	000430.0002	PG-TASAKI2020-0430	equation	equation (11.4.15)	NONE	PDF p. 430; print p. 419; §11.4.1; equation (11.4.15)	Chapter 11	chapter-11	PUBLIC-DOCS-SOURCE-ITEM-REVIEW-V1
IT-TASAKI2020-2300	TASAKI2020	000430.0003	PG-TASAKI2020-0430	equation	equation (11.4.16)	NONE	PDF p. 430; print p. 419; §11.4.1; equation (11.4.16)	Chapter 11	chapter-11	PUBLIC-DOCS-SOURCE-ITEM-REVIEW-V1
IT-TASAKI2020-2301	TASAKI2020	000430.0004	PG-TASAKI2020-0430	equation	equation (11.4.17)	NONE	PDF p. 430; print p. 419; §11.4.1; equation (11.4.17)	Chapter 11	chapter-11	PUBLIC-DOCS-SOURCE-ITEM-REVIEW-V1
IT-TASAKI2020-2302	TASAKI2020	000430.0005	PG-TASAKI2020-0430	equation	equation (11.4.18)	NONE	PDF p. 430; print p. 419; §11.4.1; equation (11.4.18)	Chapter 11	chapter-11	PUBLIC-DOCS-SOURCE-ITEM-REVIEW-V1
IT-TASAKI2020-2303	TASAKI2020	000430.0006	PG-TASAKI2020-0430	unlabeled	NONE	NONE	PDF p. 430; print p. 419; §11.4.1; paragraph 7	Chapter 11	chapter-11	PUBLIC-DOCS-SOURCE-ITEM-REVIEW-V1
IT-TASAKI2020-2304	TASAKI2020	000431.0001	PG-TASAKI2020-0431	unlabeled	NONE	NONE	PDF p. 431; print p. 420; §11.4.1; opening continuation paragraph	Chapter 11	chapter-11	PUBLIC-DOCS-SOURCE-ITEM-REVIEW-V1
IT-TASAKI2020-2305	TASAKI2020	000431.0003	PG-TASAKI2020-0431	unlabeled	NONE	NONE	PDF p. 431; print p. 420; §11.4.1; overestimate paragraph	Chapter 11	chapter-11	PUBLIC-DOCS-SOURCE-ITEM-REVIEW-V1
IT-TASAKI2020-2306	TASAKI2020	000431.0004	PG-TASAKI2020-0431	unlabeled	NONE	NONE	PDF p. 431; print p. 420; §11.4.1; second-order-process paragraph	Chapter 11	chapter-11	PUBLIC-DOCS-SOURCE-ITEM-REVIEW-V1
IT-TASAKI2020-2307	TASAKI2020	000431.0005	PG-TASAKI2020-0431	unlabeled	NONE	NONE	PDF p. 431; print p. 420; §11.4.1; paragraph immediately before (11.4.19)	Chapter 11	chapter-11	PUBLIC-DOCS-SOURCE-ITEM-REVIEW-V1
IT-TASAKI2020-2308	TASAKI2020	000431.0006	PG-TASAKI2020-0431	equation	equation (11.4.19)	NONE	PDF p. 431; print p. 420; §11.4.1; equation (11.4.19)	Chapter 11	chapter-11	PUBLIC-DOCS-SOURCE-ITEM-REVIEW-V1
IT-TASAKI2020-2309	TASAKI2020	000431.0007	PG-TASAKI2020-0431	equation	equation (11.4.20)	NONE	PDF p. 431; print p. 420; §11.4.1; equation (11.4.20)	Chapter 11	chapter-11	PUBLIC-DOCS-SOURCE-ITEM-REVIEW-V1
IT-TASAKI2020-2310	TASAKI2020	000431.0008	PG-TASAKI2020-0431	unlabeled	NONE	NONE	PDF p. 431; print p. 420; §11.4.1; paragraph after (11.4.20)	Chapter 11	chapter-11	PUBLIC-DOCS-SOURCE-ITEM-REVIEW-V1
IT-TASAKI2020-2311	TASAKI2020	000431.0009	PG-TASAKI2020-0431	unlabeled	NONE	NONE	PDF p. 431; print p. 420; §11.4.1; Stability and instability of ferromagnetism; opening paragraph	Chapter 11	chapter-11	PUBLIC-DOCS-SOURCE-ITEM-REVIEW-V1
IT-TASAKI2020-2312	TASAKI2020	000431.0010	PG-TASAKI2020-0431	unlabeled	NONE	NONE	PDF p. 431; print p. 420; §11.4.1; paragraph immediately before (11.4.21)	Chapter 11	chapter-11	PUBLIC-DOCS-SOURCE-ITEM-REVIEW-V1
IT-TASAKI2020-2313	TASAKI2020	000431.0011	PG-TASAKI2020-0431	equation	equation (11.4.21)	NONE	PDF p. 431; print p. 420; §11.4.1; equation (11.4.21)	Chapter 11	chapter-11	PUBLIC-DOCS-SOURCE-ITEM-REVIEW-V1
IT-TASAKI2020-2314	TASAKI2020	000431.0012	PG-TASAKI2020-0431	unlabeled	NONE	NONE	PDF p. 431; print p. 420; §11.4.1; paragraph 7	Chapter 11	chapter-11	PUBLIC-DOCS-SOURCE-ITEM-REVIEW-V1
IT-TASAKI2020-2315	TASAKI2020	000432.0001	PG-TASAKI2020-0432	unlabeled	NONE	NONE	PDF p. 432; print p. 421; §11.4.1; paragraph 5; atom 1	Chapter 11	chapter-11	PUBLIC-DOCS-SOURCE-ITEM-REVIEW-V1
IT-TASAKI2020-2316	TASAKI2020	000432.0002	PG-TASAKI2020-0432	unlabeled	NONE	NONE	PDF p. 432; print p. 421; §11.4.1; paragraph 5; atom 2	Chapter 11	chapter-11	PUBLIC-DOCS-SOURCE-ITEM-REVIEW-V1
IT-TASAKI2020-2317	TASAKI2020	000432.0003	PG-TASAKI2020-0432	equation	equation (11.4.22)	NONE	PDF p. 432; print p. 421; §11.4.1; equation (11.4.22)	Chapter 11	chapter-11	PUBLIC-DOCS-SOURCE-ITEM-REVIEW-V1
IT-TASAKI2020-2318	TASAKI2020	000432.0004	PG-TASAKI2020-0432	unlabeled	NONE	NONE	PDF p. 432; print p. 421; §11.4.1; paragraph 5; atom 3	Chapter 11	chapter-11	PUBLIC-DOCS-SOURCE-ITEM-REVIEW-V1
IT-TASAKI2020-2319	TASAKI2020	000432.0005	PG-TASAKI2020-0432	unlabeled	NONE	NONE	PDF p. 432; print p. 421; §11.4.1; paragraph 5; atom 4	Chapter 11	chapter-11	PUBLIC-DOCS-SOURCE-ITEM-REVIEW-V1
IT-TASAKI2020-2320	TASAKI2020	000433.0001	PG-TASAKI2020-0433	equation	equation (11.4.23)	NONE	PDF p. 433; print p. 422; §11.4.2; equation (11.4.23)	Chapter 11	chapter-11	PUBLIC-DOCS-SOURCE-ITEM-REVIEW-V1
IT-TASAKI2020-2321	TASAKI2020	000433.0002	PG-TASAKI2020-0433	unlabeled	NONE	NONE	PDF p. 433; print p. 422; §11.4.2; paragraph 3	Chapter 11	chapter-11	PUBLIC-DOCS-SOURCE-ITEM-REVIEW-V1
IT-TASAKI2020-2322	TASAKI2020	000433.0003	PG-TASAKI2020-0433	equation	equation (11.4.24)	NONE	PDF p. 433; print p. 422; §11.4.2; equation (11.4.24)	Chapter 11	chapter-11	PUBLIC-DOCS-SOURCE-ITEM-REVIEW-V1
IT-TASAKI2020-2323	TASAKI2020	000433.0004	PG-TASAKI2020-0433	equation	equation (11.4.25)	NONE	PDF p. 433; print p. 422; §11.4.2; equation (11.4.25)	Chapter 11	chapter-11	PUBLIC-DOCS-SOURCE-ITEM-REVIEW-V1
IT-TASAKI2020-2324	TASAKI2020	000433.0005	PG-TASAKI2020-0433	equation	equation (11.4.26)	NONE	PDF p. 433; print p. 422; §11.4.2; equation (11.4.26)	Chapter 11	chapter-11	PUBLIC-DOCS-SOURCE-ITEM-REVIEW-V1
IT-TASAKI2020-2325	TASAKI2020	000433.0006	PG-TASAKI2020-0433	theorem	Theorem 11.18	NONE	PDF p. 433; print p. 422; §11.4.2; Theorem 11.18	Chapter 11	chapter-11	PUBLIC-DOCS-SOURCE-ITEM-REVIEW-V1
IT-TASAKI2020-2326	TASAKI2020	000433.0007	PG-TASAKI2020-0433	equation	equation (11.4.27)	NONE	PDF p. 433; print p. 422; §11.4.2; equation (11.4.27)	Chapter 11	chapter-11	PUBLIC-DOCS-SOURCE-ITEM-REVIEW-V1
IT-TASAKI2020-2327	TASAKI2020	000433.0008	PG-TASAKI2020-0433	equation	equation (11.4.28)	NONE	PDF p. 433; print p. 422; §11.4.2; equation (11.4.28)	Chapter 11	chapter-11	PUBLIC-DOCS-SOURCE-ITEM-REVIEW-V1
IT-TASAKI2020-2328	TASAKI2020	000434.0001	PG-TASAKI2020-0434	equation	equation (11.4.29)	NONE	PDF p. 434; print p. 423; §11.4.2; equation (11.4.29)	Chapter 11	chapter-11	PUBLIC-DOCS-SOURCE-ITEM-REVIEW-V1
IT-TASAKI2020-2329	TASAKI2020	000434.0002	PG-TASAKI2020-0434	unlabeled	NONE	NONE	PDF p. 434; print p. 423; §11.4.2; paragraph 3, atom 1	Chapter 11	chapter-11	PUBLIC-DOCS-SOURCE-ITEM-REVIEW-V1
IT-TASAKI2020-2330	TASAKI2020	000434.0003	PG-TASAKI2020-0434	unlabeled	NONE	NONE	PDF p. 434; print p. 423; §11.4.2; paragraph 3, atom 2	Chapter 11	chapter-11	PUBLIC-DOCS-SOURCE-ITEM-REVIEW-V1
IT-TASAKI2020-2331	TASAKI2020	000434.0004	PG-TASAKI2020-0434	equation	equation (11.4.30)	NONE	PDF p. 434; print p. 423; §11.4.2; equation (11.4.30)	Chapter 11	chapter-11	PUBLIC-DOCS-SOURCE-ITEM-REVIEW-V1
IT-TASAKI2020-2332	TASAKI2020	000434.0005	PG-TASAKI2020-0434	unlabeled	NONE	NONE	PDF p. 434; print p. 423; §11.4.2; paragraph 5	Chapter 11	chapter-11	PUBLIC-DOCS-SOURCE-ITEM-REVIEW-V1
IT-TASAKI2020-2333	TASAKI2020	000434.0006	PG-TASAKI2020-0434	note	Note unnumbered line 6	NONE	PDF p. 434; print p. 423; §11.4.2; Note unnumbered line 6	Chapter 11	chapter-11	PUBLIC-DOCS-SOURCE-ITEM-REVIEW-V1
IT-TASAKI2020-2334	TASAKI2020	000435.0001	PG-TASAKI2020-0435	theorem	Theorem 11.19	NONE	PDF p. 435; print p. 424; §11.4.2; Theorem 11.19	Chapter 11	chapter-11	PUBLIC-DOCS-SOURCE-ITEM-REVIEW-V1
IT-TASAKI2020-2335	TASAKI2020	000435.0002	PG-TASAKI2020-0435	equation	equation (11.4.31)	NONE	PDF p. 435; print p. 424; §11.4.2; equation (11.4.31)	Chapter 11	chapter-11	PUBLIC-DOCS-SOURCE-ITEM-REVIEW-V1
IT-TASAKI2020-2336	TASAKI2020	000435.0003	PG-TASAKI2020-0435	equation	equation (11.4.32)	NONE	PDF p. 435; print p. 424; §11.4.2; equation (11.4.32)	Chapter 11	chapter-11	PUBLIC-DOCS-SOURCE-ITEM-REVIEW-V1
IT-TASAKI2020-2337	TASAKI2020	000435.0004	PG-TASAKI2020-0435	equation	equation (11.4.33)	NONE	PDF p. 435; print p. 424; §11.4.2; equation (11.4.33)	Chapter 11	chapter-11	PUBLIC-DOCS-SOURCE-ITEM-REVIEW-V1
IT-TASAKI2020-2338	TASAKI2020	000435.0005	PG-TASAKI2020-0435	equation	equation (11.4.34)	NONE	PDF p. 435; print p. 424; §11.4.2; equation (11.4.34)	Chapter 11	chapter-11	PUBLIC-DOCS-SOURCE-ITEM-REVIEW-V1
IT-TASAKI2020-2339	TASAKI2020	000435.0006	PG-TASAKI2020-0435	equation	equation (11.4.35)	NONE	PDF p. 435; print p. 424; §11.4.2; equation (11.4.35)	Chapter 11	chapter-11	PUBLIC-DOCS-SOURCE-ITEM-REVIEW-V1
IT-TASAKI2020-2340	TASAKI2020	000435.0007	PG-TASAKI2020-0435	equation	equation (11.4.36)	NONE	PDF p. 435; print p. 424; §11.4.2; equation (11.4.36)	Chapter 11	chapter-11	PUBLIC-DOCS-SOURCE-ITEM-REVIEW-V1
IT-TASAKI2020-2341	TASAKI2020	000436.0001	PG-TASAKI2020-0436	unlabeled	NONE	NONE	PDF p. 436; print p. 425; §11.4.3; section-opening result paragraph	Chapter 11	chapter-11	PUBLIC-DOCS-SOURCE-ITEM-REVIEW-V1
IT-TASAKI2020-2342	TASAKI2020	000436.0003	PG-TASAKI2020-0436	unlabeled	NONE	NONE	PDF p. 436; print p. 425; §11.4.3; proof-strategy paragraph	Chapter 11	chapter-11	PUBLIC-DOCS-SOURCE-ITEM-REVIEW-V1
IT-TASAKI2020-2343	TASAKI2020	000436.0004	PG-TASAKI2020-0436	unlabeled	NONE	NONE	PDF p. 436; print p. 425; §11.4.3; The model and the main result; opening paragraph	Chapter 11	chapter-11	PUBLIC-DOCS-SOURCE-ITEM-REVIEW-V1
IT-TASAKI2020-2344	TASAKI2020	000436.0006	PG-TASAKI2020-0436	equation	equation (11.4.37)	NONE	PDF p. 436; print p. 425; §11.4.3; equation (11.4.37)	Chapter 11	chapter-11	PUBLIC-DOCS-SOURCE-ITEM-REVIEW-V1
IT-TASAKI2020-2345	TASAKI2020	000436.0007	PG-TASAKI2020-0436	equation	equation (11.4.38)	NONE	PDF p. 436; print p. 425; §11.4.3; equation (11.4.38)	Chapter 11	chapter-11	PUBLIC-DOCS-SOURCE-ITEM-REVIEW-V1
IT-TASAKI2020-2346	TASAKI2020	000437.0001	PG-TASAKI2020-0437	equation	equation (11.4.39)	NONE	PDF p. 437; print p. 426; §11.4.3; equation (11.4.39)	Chapter 11	chapter-11	PUBLIC-DOCS-SOURCE-ITEM-REVIEW-V1
IT-TASAKI2020-2347	TASAKI2020	000437.0002	PG-TASAKI2020-0437	equation	equation (11.4.40)	NONE	PDF p. 437; print p. 426; §11.4.3; equation (11.4.40)	Chapter 11	chapter-11	PUBLIC-DOCS-SOURCE-ITEM-REVIEW-V1
IT-TASAKI2020-2348	TASAKI2020	000437.0003	PG-TASAKI2020-0437	equation	equation (11.4.41)	NONE	PDF p. 437; print p. 426; §11.4.3; equation (11.4.41)	Chapter 11	chapter-11	PUBLIC-DOCS-SOURCE-ITEM-REVIEW-V1
IT-TASAKI2020-2349	TASAKI2020	000437.0004	PG-TASAKI2020-0437	equation	equation (11.4.42)	NONE	PDF p. 437; print p. 426; §11.4.3; equation (11.4.42)	Chapter 11	chapter-11	PUBLIC-DOCS-SOURCE-ITEM-REVIEW-V1
IT-TASAKI2020-2350	TASAKI2020	000437.0005	PG-TASAKI2020-0437	equation	equation (11.4.43)	NONE	PDF p. 437; print p. 426; §11.4.3; equation (11.4.43)	Chapter 11	chapter-11	PUBLIC-DOCS-SOURCE-ITEM-REVIEW-V1
IT-TASAKI2020-2351	TASAKI2020	000438.0001	PG-TASAKI2020-0438	unlabeled	NONE	NONE	PDF p. 438; print p. 427; §11.4.3; paragraph 4	Chapter 11	chapter-11	PUBLIC-DOCS-SOURCE-ITEM-REVIEW-V1
IT-TASAKI2020-2352	TASAKI2020	000439.0001	PG-TASAKI2020-0439	equation	equation (11.4.44)	NONE	PDF p. 439; print p. 428; §11.4.3; equation (11.4.44)	Chapter 11	chapter-11	PUBLIC-DOCS-SOURCE-ITEM-REVIEW-V1
IT-TASAKI2020-2353	TASAKI2020	000439.0002	PG-TASAKI2020-0439	theorem	Theorem 11.20	NONE	PDF p. 439; print p. 428; §11.4.3; Theorem 11.20	Chapter 11	chapter-11	PUBLIC-DOCS-SOURCE-ITEM-REVIEW-V1
IT-TASAKI2020-2354	TASAKI2020	000439.0003	PG-TASAKI2020-0439	unlabeled	NONE	NONE	PDF p. 439; print p. 428; §11.4.3; paragraph 7	Chapter 11	chapter-11	PUBLIC-DOCS-SOURCE-ITEM-REVIEW-V1
IT-TASAKI2020-2355	TASAKI2020	000440.0001	PG-TASAKI2020-0440	unlabeled	NONE	NONE	PDF p. 440; print p. 429; §11.4.3; paragraph 2, atom 1	Chapter 11	chapter-11	PUBLIC-DOCS-SOURCE-ITEM-REVIEW-V1
IT-TASAKI2020-2356	TASAKI2020	000440.0002	PG-TASAKI2020-0440	unlabeled	NONE	NONE	PDF p. 440; print p. 429; §11.4.3; paragraph 2, atom 2	Chapter 11	chapter-11	PUBLIC-DOCS-SOURCE-ITEM-REVIEW-V1
IT-TASAKI2020-2357	TASAKI2020	000440.0003	PG-TASAKI2020-0440	equation	equation (11.4.45)	NONE	PDF p. 440; print p. 429; §11.4.3; equation (11.4.45)	Chapter 11	chapter-11	PUBLIC-DOCS-SOURCE-ITEM-REVIEW-V1
IT-TASAKI2020-2358	TASAKI2020	000440.0004	PG-TASAKI2020-0440	unlabeled	NONE	NONE	PDF p. 440; print p. 429; §11.4.3; paragraph after (11.4.45)	Chapter 11	chapter-11	PUBLIC-DOCS-SOURCE-ITEM-REVIEW-V1
IT-TASAKI2020-2359	TASAKI2020	000440.0007	PG-TASAKI2020-0440	unlabeled	NONE	NONE	PDF p. 440; print p. 429; §11.4.3; Reduction to a finite system; opening paragraph	Chapter 11	chapter-11	PUBLIC-DOCS-SOURCE-ITEM-REVIEW-V1
IT-TASAKI2020-2360	TASAKI2020	000440.0008	PG-TASAKI2020-0440	unlabeled	NONE	NONE	PDF p. 440; print p. 429; §11.4.3; decomposition paragraph immediately before (11.4.46)	Chapter 11	chapter-11	PUBLIC-DOCS-SOURCE-ITEM-REVIEW-V1
IT-TASAKI2020-2361	TASAKI2020	000440.0009	PG-TASAKI2020-0440	equation	equation (11.4.46)	NONE	PDF p. 440; print p. 429; §11.4.3; equation (11.4.46)	Chapter 11	chapter-11	PUBLIC-DOCS-SOURCE-ITEM-REVIEW-V1
IT-TASAKI2020-2362	TASAKI2020	000440.0010	PG-TASAKI2020-0440	equation	equation (11.4.47)	NONE	PDF p. 440; print p. 429; §11.4.3; equation (11.4.47)	Chapter 11	chapter-11	PUBLIC-DOCS-SOURCE-ITEM-REVIEW-V1
IT-TASAKI2020-2363	TASAKI2020	000441.0001	PG-TASAKI2020-0441	unlabeled	NONE	NONE	PDF p. 441; print p. 430; §11.4.3; paragraph 2	Chapter 11	chapter-11	PUBLIC-DOCS-SOURCE-ITEM-REVIEW-V1
IT-TASAKI2020-2364	TASAKI2020	000441.0002	PG-TASAKI2020-0441	equation	equation (11.4.48)	NONE	PDF p. 441; print p. 430; §11.4.3; equation (11.4.48)	Chapter 11	chapter-11	PUBLIC-DOCS-SOURCE-ITEM-REVIEW-V1
IT-TASAKI2020-2365	TASAKI2020	000441.0003	PG-TASAKI2020-0441	unlabeled	NONE	NONE	PDF p. 441; print p. 430; §11.4.3; paragraph 4, atom 1	Chapter 11	chapter-11	PUBLIC-DOCS-SOURCE-ITEM-REVIEW-V1
IT-TASAKI2020-2366	TASAKI2020	000441.0004	PG-TASAKI2020-0441	unlabeled	NONE	NONE	PDF p. 441; print p. 430; §11.4.3; paragraph 4, atom 2	Chapter 11	chapter-11	PUBLIC-DOCS-SOURCE-ITEM-REVIEW-V1
IT-TASAKI2020-2367	TASAKI2020	000441.0005	PG-TASAKI2020-0441	equation	equation (11.4.49)	NONE	PDF p. 441; print p. 430; §11.4.3; equation (11.4.49)	Chapter 11	chapter-11	PUBLIC-DOCS-SOURCE-ITEM-REVIEW-V1
IT-TASAKI2020-2368	TASAKI2020	000442.0001	PG-TASAKI2020-0442	equation	equation (11.4.50)	NONE	PDF p. 442; print p. 431; §11.4.3; equation (11.4.50)	Chapter 11	chapter-11	PUBLIC-DOCS-SOURCE-ITEM-REVIEW-V1
IT-TASAKI2020-2369	TASAKI2020	000442.0002	PG-TASAKI2020-0442	lemma	Lemma 11.21	NONE	PDF p. 442; print p. 431; §11.4.3; Lemma 11.21	Chapter 11	chapter-11	PUBLIC-DOCS-SOURCE-ITEM-REVIEW-V1
IT-TASAKI2020-2370	TASAKI2020	000442.0003	PG-TASAKI2020-0442	unlabeled	NONE	NONE	PDF p. 442; print p. 431; §11.4.3; paragraph 6	Chapter 11	chapter-11	PUBLIC-DOCS-SOURCE-ITEM-REVIEW-V1
IT-TASAKI2020-2371	TASAKI2020	000442.0004	PG-TASAKI2020-0442	unlabeled	NONE	NONE	PDF p. 442; print p. 431; §11.4.3; electron-number paragraph after Lemma 11.21	Chapter 11	chapter-11	PUBLIC-DOCS-SOURCE-ITEM-REVIEW-V1
IT-TASAKI2020-2372	TASAKI2020	000442.0005	PG-TASAKI2020-0442	unlabeled	NONE	NONE	PDF p. 442; print p. 431; §11.4.3; nontriviality paragraph	Chapter 11	chapter-11	PUBLIC-DOCS-SOURCE-ITEM-REVIEW-V1
IT-TASAKI2020-2373	TASAKI2020	000442.0007	PG-TASAKI2020-0442	unlabeled	NONE	NONE	PDF p. 442; print p. 431; §11.4.3; numerical-decidability paragraph	Chapter 11	chapter-11	PUBLIC-DOCS-SOURCE-ITEM-REVIEW-V1
IT-TASAKI2020-2374	TASAKI2020	000442.0008	PG-TASAKI2020-0442	unlabeled	NONE	NONE	PDF p. 442; print p. 431; §11.4.3; computer-assisted-results paragraph	Chapter 11	chapter-11	PUBLIC-DOCS-SOURCE-ITEM-REVIEW-V1
IT-TASAKI2020-2375	TASAKI2020	000442.0010	PG-TASAKI2020-0442	unlabeled	NONE	NONE	PDF p. 442; print p. 431; §11.4.3; no-computer paragraph before Lemma 11.22	Chapter 11	chapter-11	PUBLIC-DOCS-SOURCE-ITEM-REVIEW-V1
IT-TASAKI2020-2376	TASAKI2020	000442.0011	PG-TASAKI2020-0442	lemma	Lemma 11.22	NONE	PDF p. 442; print p. 431; §11.4.3; Lemma 11.22	Chapter 11	chapter-11	PUBLIC-DOCS-SOURCE-ITEM-REVIEW-V1
IT-TASAKI2020-2377	TASAKI2020	000443.0001	PG-TASAKI2020-0443	unlabeled	NONE	NONE	PDF p. 443; print p. 432; §11.4.3; matrix-product-state comparison, atom 1	Chapter 11	chapter-11	PUBLIC-DOCS-SOURCE-ITEM-REVIEW-V1
IT-TASAKI2020-2378	TASAKI2020	000443.0002	PG-TASAKI2020-0443	unlabeled	NONE	NONE	PDF p. 443; print p. 432; §11.4.3; matrix-product-state comparison, atom 2	Chapter 11	chapter-11	PUBLIC-DOCS-SOURCE-ITEM-REVIEW-V1
IT-TASAKI2020-2379	TASAKI2020	000444.0001	PG-TASAKI2020-0444	equation	equation (11.4.51)	NONE	PDF p. 444; print p. 433; §11.4.3; equation (11.4.51)	Chapter 11	chapter-11	PUBLIC-DOCS-SOURCE-ITEM-REVIEW-V1
IT-TASAKI2020-2380	TASAKI2020	000444.0002	PG-TASAKI2020-0444	equation	equation (11.4.52)	NONE	PDF p. 444; print p. 433; §11.4.3; equation (11.4.52)	Chapter 11	chapter-11	PUBLIC-DOCS-SOURCE-ITEM-REVIEW-V1
IT-TASAKI2020-2381	TASAKI2020	000444.0003	PG-TASAKI2020-0444	unlabeled	NONE	NONE	PDF p. 444; print p. 433; §11.4.3; paragraph 3	Chapter 11	chapter-11	PUBLIC-DOCS-SOURCE-ITEM-REVIEW-V1
IT-TASAKI2020-2382	TASAKI2020	000444.0004	PG-TASAKI2020-0444	equation	equation (11.4.53)	NONE	PDF p. 444; print p. 433; §11.4.3; equation (11.4.53)	Chapter 11	chapter-11	PUBLIC-DOCS-SOURCE-ITEM-REVIEW-V1
IT-TASAKI2020-2383	TASAKI2020	000444.0005	PG-TASAKI2020-0444	equation	equation (11.4.54)	NONE	PDF p. 444; print p. 433; §11.4.3; equation (11.4.54)	Chapter 11	chapter-11	PUBLIC-DOCS-SOURCE-ITEM-REVIEW-V1
IT-TASAKI2020-2384	TASAKI2020	000444.0006	PG-TASAKI2020-0444	unlabeled	NONE	NONE	PDF p. 444; print p. 433; §11.4.3; paragraph 6; atom 1	Chapter 11	chapter-11	PUBLIC-DOCS-SOURCE-ITEM-REVIEW-V1
IT-TASAKI2020-2385	TASAKI2020	000444.0007	PG-TASAKI2020-0444	unlabeled	NONE	NONE	PDF p. 444; print p. 433; §11.4.3; paragraph 6; atom 2	Chapter 11	chapter-11	PUBLIC-DOCS-SOURCE-ITEM-REVIEW-V1
IT-TASAKI2020-2386	TASAKI2020	000444.0008	PG-TASAKI2020-0444	unlabeled	NONE	NONE	PDF p. 444; print p. 433; §11.4.3; paragraph 6; atom 3	Chapter 11	chapter-11	PUBLIC-DOCS-SOURCE-ITEM-REVIEW-V1
IT-TASAKI2020-2387	TASAKI2020	000444.0009	PG-TASAKI2020-0444	unlabeled	NONE	NONE	PDF p. 444; print p. 433; §11.4.3; paragraph 6; audit split atom 2/4	Chapter 11	chapter-11	PUBLIC-DOCS-SOURCE-ITEM-REVIEW-V1
IT-TASAKI2020-2388	TASAKI2020	000444.0010	PG-TASAKI2020-0444	unlabeled	NONE	NONE	PDF p. 444; print p. 433; §11.4.3; paragraph 6; audit split atom 3/4	Chapter 11	chapter-11	PUBLIC-DOCS-SOURCE-ITEM-REVIEW-V1
IT-TASAKI2020-2389	TASAKI2020	000444.0011	PG-TASAKI2020-0444	unlabeled	NONE	NONE	PDF p. 444; print p. 433; §11.4.3; paragraph 6; audit split atom 4/4	Chapter 11	chapter-11	PUBLIC-DOCS-SOURCE-ITEM-REVIEW-V1
IT-TASAKI2020-2390	TASAKI2020	000444.0012	PG-TASAKI2020-0444	equation	equation (11.4.55)	NONE	PDF p. 444; print p. 433; §11.4.3; equation (11.4.55)	Chapter 11	chapter-11	PUBLIC-DOCS-SOURCE-ITEM-REVIEW-V1
IT-TASAKI2020-2391	TASAKI2020	000444.0013	PG-TASAKI2020-0444	equation	equation (11.4.56)	NONE	PDF p. 444; print p. 433; §11.4.3; equation (11.4.56)	Chapter 11	chapter-11	PUBLIC-DOCS-SOURCE-ITEM-REVIEW-V1
IT-TASAKI2020-2392	TASAKI2020	000444.0014	PG-TASAKI2020-0444	equation	equation (11.4.57)	NONE	PDF p. 444; print p. 433; §11.4.3; equation (11.4.57)	Chapter 11	chapter-11	PUBLIC-DOCS-SOURCE-ITEM-REVIEW-V1
IT-TASAKI2020-2393	TASAKI2020	000444.0015	PG-TASAKI2020-0444	unlabeled	NONE	NONE	PDF p. 444; print p. 433; §11.4.3; paragraph 10	Chapter 11	chapter-11	PUBLIC-DOCS-SOURCE-ITEM-REVIEW-V1
IT-TASAKI2020-2394	TASAKI2020	000445.0001	PG-TASAKI2020-0445	unlabeled	NONE	NONE	PDF p. 445; print p. 434; §11.4.3; paragraph 2, atom 1	Chapter 11	chapter-11	PUBLIC-DOCS-SOURCE-ITEM-REVIEW-V1
IT-TASAKI2020-2395	TASAKI2020	000445.0002	PG-TASAKI2020-0445	unlabeled	NONE	NONE	PDF p. 445; print p. 434; §11.4.3; paragraph 2, atom 2	Chapter 11	chapter-11	PUBLIC-DOCS-SOURCE-ITEM-REVIEW-V1
IT-TASAKI2020-2396	TASAKI2020	000445.0003	PG-TASAKI2020-0445	equation	equation (11.4.58)	NONE	PDF p. 445; print p. 434; §11.4.3; equation (11.4.58)	Chapter 11	chapter-11	PUBLIC-DOCS-SOURCE-ITEM-REVIEW-V1
IT-TASAKI2020-2397	TASAKI2020	000445.0004	PG-TASAKI2020-0445	unlabeled	NONE	NONE	PDF p. 445; print p. 434; §11.4.3; paragraph 2, atom 3	Chapter 11	chapter-11	PUBLIC-DOCS-SOURCE-ITEM-REVIEW-V1
IT-TASAKI2020-2398	TASAKI2020	000445.0005	PG-TASAKI2020-0445	lemma	Lemma 11.23	NONE	PDF p. 445; print p. 434; §11.4.3; Lemma 11.23	Chapter 11	chapter-11	PUBLIC-DOCS-SOURCE-ITEM-REVIEW-V1
IT-TASAKI2020-2399	TASAKI2020	000445.0006	PG-TASAKI2020-0445	equation	equation (11.4.59)	NONE	PDF p. 445; print p. 434; §11.4.3; equation (11.4.59)	Chapter 11	chapter-11	PUBLIC-DOCS-SOURCE-ITEM-REVIEW-V1
IT-TASAKI2020-2400	TASAKI2020	000445.0007	PG-TASAKI2020-0445	unlabeled	NONE	NONE	PDF p. 445; print p. 434; §11.4.3; paragraph 6	Chapter 11	chapter-11	PUBLIC-DOCS-SOURCE-ITEM-REVIEW-V1
IT-TASAKI2020-2401	TASAKI2020	000445.0008	PG-TASAKI2020-0445	unlabeled	NONE	NONE	PDF p. 445; print p. 434; §11.4.3; proof claim line 43	Chapter 11	chapter-11	PUBLIC-DOCS-SOURCE-ITEM-REVIEW-V1
IT-TASAKI2020-2402	TASAKI2020	000446.0001	PG-TASAKI2020-0446	unlabeled	NONE	NONE	PDF p. 446; print p. 435; §11.4.3; paragraph 2	Chapter 11	chapter-11	PUBLIC-DOCS-SOURCE-ITEM-REVIEW-V1
IT-TASAKI2020-2403	TASAKI2020	000446.0002	PG-TASAKI2020-0446	equation	equation (11.4.60)	NONE	PDF p. 446; print p. 435; §11.4.3; equation (11.4.60)	Chapter 11	chapter-11	PUBLIC-DOCS-SOURCE-ITEM-REVIEW-V1
IT-TASAKI2020-2404	TASAKI2020	000446.0003	PG-TASAKI2020-0446	equation	equation (11.4.61)	NONE	PDF p. 446; print p. 435; §11.4.3; equation (11.4.61)	Chapter 11	chapter-11	PUBLIC-DOCS-SOURCE-ITEM-REVIEW-V1
IT-TASAKI2020-2405	TASAKI2020	000446.0004	PG-TASAKI2020-0446	unlabeled	NONE	NONE	PDF p. 446; print p. 435; §11.4.3; paragraph 3, atom 1	Chapter 11	chapter-11	PUBLIC-DOCS-SOURCE-ITEM-REVIEW-V1
IT-TASAKI2020-2406	TASAKI2020	000446.0005	PG-TASAKI2020-0446	unlabeled	NONE	NONE	PDF p. 446; print p. 435; §11.4.3; paragraph 3, atom 2	Chapter 11	chapter-11	PUBLIC-DOCS-SOURCE-ITEM-REVIEW-V1
IT-TASAKI2020-2407	TASAKI2020	000446.0006	PG-TASAKI2020-0446	unlabeled	NONE	NONE	PDF p. 446; print p. 435; §11.4.3; paragraph 3, atom 3	Chapter 11	chapter-11	PUBLIC-DOCS-SOURCE-ITEM-REVIEW-V1
IT-TASAKI2020-2408	TASAKI2020	000446.0007	PG-TASAKI2020-0446	equation	equation (11.4.62)	NONE	PDF p. 446; print p. 435; §11.4.3; equation (11.4.62)	Chapter 11	chapter-11	PUBLIC-DOCS-SOURCE-ITEM-REVIEW-V1
IT-TASAKI2020-2409	TASAKI2020	000446.0008	PG-TASAKI2020-0446	unlabeled	NONE	NONE	PDF p. 446; print p. 435; §11.4.3; paragraph 5	Chapter 11	chapter-11	PUBLIC-DOCS-SOURCE-ITEM-REVIEW-V1
IT-TASAKI2020-2410	TASAKI2020	000447.0001	PG-TASAKI2020-0447	unlabeled	NONE	NONE	PDF p. 447; print p. 436; §11.4.3; paragraph 2; audit split atom 1/3	Chapter 11	chapter-11	PUBLIC-DOCS-SOURCE-ITEM-REVIEW-V1
IT-TASAKI2020-2411	TASAKI2020	000447.0002	PG-TASAKI2020-0447	unlabeled	NONE	NONE	PDF p. 447; print p. 436; §11.4.3; paragraph 2; audit split atom 2/3	Chapter 11	chapter-11	PUBLIC-DOCS-SOURCE-ITEM-REVIEW-V1
IT-TASAKI2020-2412	TASAKI2020	000447.0003	PG-TASAKI2020-0447	unlabeled	NONE	NONE	PDF p. 447; print p. 436; §11.4.3; finite-energy identity paragraph before (11.4.63)	Chapter 11	chapter-11	PUBLIC-DOCS-SOURCE-ITEM-REVIEW-V1
IT-TASAKI2020-2413	TASAKI2020	000447.0004	PG-TASAKI2020-0447	equation	equation (11.4.63)	NONE	PDF p. 447; print p. 436; §11.4.3; equation (11.4.63)	Chapter 11	chapter-11	PUBLIC-DOCS-SOURCE-ITEM-REVIEW-V1
IT-TASAKI2020-2414	TASAKI2020	000447.0005	PG-TASAKI2020-0447	unlabeled	NONE	NONE	PDF p. 447; print p. 436; §11.4.3; paragraph 4	Chapter 11	chapter-11	PUBLIC-DOCS-SOURCE-ITEM-REVIEW-V1
IT-TASAKI2020-2415	TASAKI2020	000447.0006	PG-TASAKI2020-0447	equation	equation (11.4.64)	NONE	PDF p. 447; print p. 436; §11.4.3; equation (11.4.64)	Chapter 11	chapter-11	PUBLIC-DOCS-SOURCE-ITEM-REVIEW-V1
IT-TASAKI2020-2416	TASAKI2020	000447.0007	PG-TASAKI2020-0447	equation	equation (11.4.65)	NONE	PDF p. 447; print p. 436; §11.4.3; equation (11.4.65)	Chapter 11	chapter-11	PUBLIC-DOCS-SOURCE-ITEM-REVIEW-V1
IT-TASAKI2020-2417	TASAKI2020	000447.0008	PG-TASAKI2020-0447	equation	equation (11.4.66)	NONE	PDF p. 447; print p. 436; §11.4.3; equation (11.4.66)	Chapter 11	chapter-11	PUBLIC-DOCS-SOURCE-ITEM-REVIEW-V1
IT-TASAKI2020-2418	TASAKI2020	000447.0009	PG-TASAKI2020-0447	equation	equation (11.4.67)	NONE	PDF p. 447; print p. 436; §11.4.3; equation (11.4.67)	Chapter 11	chapter-11	PUBLIC-DOCS-SOURCE-ITEM-REVIEW-V1
IT-TASAKI2020-2419	TASAKI2020	000447.0010	PG-TASAKI2020-0447	equation	equation (11.4.68)	NONE	PDF p. 447; print p. 436; §11.4.3; equation (11.4.68)	Chapter 11	chapter-11	PUBLIC-DOCS-SOURCE-ITEM-REVIEW-V1
IT-TASAKI2020-2420	TASAKI2020	000448.0001	PG-TASAKI2020-0448	equation	equation (11.4.69)	NONE	PDF p. 448; print p. 437; §11.4.3; equation (11.4.69)	Chapter 11	chapter-11	PUBLIC-DOCS-SOURCE-ITEM-REVIEW-V1
IT-TASAKI2020-2421	TASAKI2020	000448.0002	PG-TASAKI2020-0448	equation	equation (11.4.70)	NONE	PDF p. 448; print p. 437; §11.4.3; equation (11.4.70)	Chapter 11	chapter-11	PUBLIC-DOCS-SOURCE-ITEM-REVIEW-V1
IT-TASAKI2020-2422	TASAKI2020	000448.0003	PG-TASAKI2020-0448	equation	equation (11.4.71)	NONE	PDF p. 448; print p. 437; §11.4.3; equation (11.4.71)	Chapter 11	chapter-11	PUBLIC-DOCS-SOURCE-ITEM-REVIEW-V1
IT-TASAKI2020-2423	TASAKI2020	000448.0004	PG-TASAKI2020-0448	equation	equation (11.4.72)	NONE	PDF p. 448; print p. 437; §11.4.3; equation (11.4.72)	Chapter 11	chapter-11	PUBLIC-DOCS-SOURCE-ITEM-REVIEW-V1
IT-TASAKI2020-2424	TASAKI2020	000448.0005	PG-TASAKI2020-0448	equation	equation (11.4.73)	NONE	PDF p. 448; print p. 437; §11.4.3; equation (11.4.73)	Chapter 11	chapter-11	PUBLIC-DOCS-SOURCE-ITEM-REVIEW-V1
IT-TASAKI2020-2425	TASAKI2020	000448.0006	PG-TASAKI2020-0448	unlabeled	NONE	NONE	PDF p. 448; print p. 437; §11.4.3; paragraph 6; audit split atom 1/2	Chapter 11	chapter-11	PUBLIC-DOCS-SOURCE-ITEM-REVIEW-V1
IT-TASAKI2020-2426	TASAKI2020	000448.0007	PG-TASAKI2020-0448	unlabeled	NONE	NONE	PDF p. 448; print p. 437; §11.4.3; paragraph 6; audit split atom 2/2	Chapter 11	chapter-11	PUBLIC-DOCS-SOURCE-ITEM-REVIEW-V1
IT-TASAKI2020-2427	TASAKI2020	000448.0008	PG-TASAKI2020-0448	equation	equation (11.4.74)	NONE	PDF p. 448; print p. 437; §11.4.3; equation (11.4.74)	Chapter 11	chapter-11	PUBLIC-DOCS-SOURCE-ITEM-REVIEW-V1
IT-TASAKI2020-2428	TASAKI2020	000449.0001	PG-TASAKI2020-0449	equation	equation (11.4.75)	NONE	PDF p. 449; print p. 438; §11.4.3; equation (11.4.75)	Chapter 11	chapter-11	PUBLIC-DOCS-SOURCE-ITEM-REVIEW-V1
IT-TASAKI2020-2429	TASAKI2020	000450.0001	PG-TASAKI2020-0450	unlabeled	NONE	NONE	PDF p. 450; print p. 439; §11.5.1; opening heuristic paragraph	Chapter 11	chapter-11	PUBLIC-DOCS-SOURCE-ITEM-REVIEW-V1
IT-TASAKI2020-2430	TASAKI2020	000451.0001	PG-TASAKI2020-0451	unlabeled	NONE	NONE	PDF p. 451; print p. 440; §11.5.1; opening continuation paragraph	Chapter 11	chapter-11	PUBLIC-DOCS-SOURCE-ITEM-REVIEW-V1
IT-TASAKI2020-2431	TASAKI2020	000451.0003	PG-TASAKI2020-0451	unlabeled	NONE	NONE	PDF p. 451; print p. 440; §11.5.1; Wannier state perturbation theory; opening paragraph	Chapter 11	chapter-11	PUBLIC-DOCS-SOURCE-ITEM-REVIEW-V1
IT-TASAKI2020-2432	TASAKI2020	000451.0004	PG-TASAKI2020-0451	unlabeled	NONE	NONE	PDF p. 451; print p. 440; §11.5.1; model-setup paragraph	Chapter 11	chapter-11	PUBLIC-DOCS-SOURCE-ITEM-REVIEW-V1
IT-TASAKI2020-2433	TASAKI2020	000451.0006	PG-TASAKI2020-0451	unlabeled	NONE	NONE	PDF p. 451; print p. 440; §11.5.1; model-setup paragraph before (11.5.1)	Chapter 11	chapter-11	PUBLIC-DOCS-SOURCE-ITEM-REVIEW-V1
IT-TASAKI2020-2434	TASAKI2020	000451.0007	PG-TASAKI2020-0451	equation	equation (11.5.1)	NONE	PDF p. 451; print p. 440; §11.5.1; equation (11.5.1)	Chapter 11	chapter-11	PUBLIC-DOCS-SOURCE-ITEM-REVIEW-V1
IT-TASAKI2020-2435	TASAKI2020	000451.0008	PG-TASAKI2020-0451	unlabeled	NONE	NONE	PDF p. 451; print p. 440; §11.5.1; paragraph 3, atom 1	Chapter 11	chapter-11	PUBLIC-DOCS-SOURCE-ITEM-REVIEW-V1
IT-TASAKI2020-2436	TASAKI2020	000451.0009	PG-TASAKI2020-0451	unlabeled	NONE	NONE	PDF p. 451; print p. 440; §11.5.1; paragraph 3, atom 2	Chapter 11	chapter-11	PUBLIC-DOCS-SOURCE-ITEM-REVIEW-V1
IT-TASAKI2020-2437	TASAKI2020	000451.0010	PG-TASAKI2020-0451	footnote	Footnote 47	NONE	PDF p. 451; print p. 440; §11.5.1; Footnote 47	Chapter 11	chapter-11	PUBLIC-DOCS-SOURCE-ITEM-REVIEW-V1
IT-TASAKI2020-2438	TASAKI2020	000451.0013	PG-TASAKI2020-0451	footnote	Footnote 48	NONE	PDF p. 451; print p. 440; §11.5.1; Footnote 48	Chapter 11	chapter-11	PUBLIC-DOCS-SOURCE-ITEM-REVIEW-V1
IT-TASAKI2020-2439	TASAKI2020	000451.0014	PG-TASAKI2020-0451	unlabeled	NONE	NONE	PDF p. 451; print p. 440; §11.5.1; small-τ assumption paragraph	Chapter 11	chapter-11	PUBLIC-DOCS-SOURCE-ITEM-REVIEW-V1
IT-TASAKI2020-2440	TASAKI2020	000451.0015	PG-TASAKI2020-0451	footnote	Footnote 49	NONE	PDF p. 451; print p. 440; §11.5.1; Footnote 49	Chapter 11	chapter-11	PUBLIC-DOCS-SOURCE-ITEM-REVIEW-V1
IT-TASAKI2020-2441	TASAKI2020	000452.0001	PG-TASAKI2020-0452	equation	equation (11.5.2)	NONE	PDF p. 452; print p. 441; §11.5.1; equation (11.5.2)	Chapter 11	chapter-11	PUBLIC-DOCS-SOURCE-ITEM-REVIEW-V1
IT-TASAKI2020-2442	TASAKI2020	000452.0002	PG-TASAKI2020-0452	unlabeled	NONE	NONE	PDF p. 452; print p. 441; §11.5.1; paragraph 3	Chapter 11	chapter-11	PUBLIC-DOCS-SOURCE-ITEM-REVIEW-V1
IT-TASAKI2020-2443	TASAKI2020	000452.0003	PG-TASAKI2020-0452	equation	equation (11.5.3)	NONE	PDF p. 452; print p. 441; §11.5.1; equation (11.5.3)	Chapter 11	chapter-11	PUBLIC-DOCS-SOURCE-ITEM-REVIEW-V1
IT-TASAKI2020-2444	TASAKI2020	000453.0001	PG-TASAKI2020-0453	unlabeled	NONE	NONE	PDF p. 453; print p. 442; §11.5.2; paragraph 2, atom 1	Chapter 11	chapter-11	PUBLIC-DOCS-SOURCE-ITEM-REVIEW-V1
IT-TASAKI2020-2445	TASAKI2020	000453.0002	PG-TASAKI2020-0453	unlabeled	NONE	NONE	PDF p. 453; print p. 442; §11.5.2; paragraph 2, atom 2	Chapter 11	chapter-11	PUBLIC-DOCS-SOURCE-ITEM-REVIEW-V1
IT-TASAKI2020-2446	TASAKI2020	000453.0003	PG-TASAKI2020-0453	unlabeled	NONE	NONE	PDF p. 453; print p. 442; §11.5.2; paragraph 2, atom 3	Chapter 11	chapter-11	PUBLIC-DOCS-SOURCE-ITEM-REVIEW-V1
IT-TASAKI2020-2447	TASAKI2020	000453.0004	PG-TASAKI2020-0453	equation	equation (11.5.4)	NONE	PDF p. 453; print p. 442; §11.5.2; equation (11.5.4)	Chapter 11	chapter-11	PUBLIC-DOCS-SOURCE-ITEM-REVIEW-V1
IT-TASAKI2020-2448	TASAKI2020	000453.0005	PG-TASAKI2020-0453	unlabeled	NONE	NONE	PDF p. 453; print p. 442; §11.5.2; paragraph 4, atom 1	Chapter 11	chapter-11	PUBLIC-DOCS-SOURCE-ITEM-REVIEW-V1
IT-TASAKI2020-2449	TASAKI2020	000453.0006	PG-TASAKI2020-0453	equation	equation (11.5.5)	NONE	PDF p. 453; print p. 442; §11.5.2; equation (11.5.5)	Chapter 11	chapter-11	PUBLIC-DOCS-SOURCE-ITEM-REVIEW-V1
IT-TASAKI2020-2450	TASAKI2020	000453.0007	PG-TASAKI2020-0453	unlabeled	NONE	NONE	PDF p. 453; print p. 442; §11.5.2; paragraph 4, atom 2	Chapter 11	chapter-11	PUBLIC-DOCS-SOURCE-ITEM-REVIEW-V1
IT-TASAKI2020-2451	TASAKI2020	000453.0008	PG-TASAKI2020-0453	unlabeled	NONE	NONE	PDF p. 453; print p. 442; §11.5.2; paragraph 4, atom 3	Chapter 11	chapter-11	PUBLIC-DOCS-SOURCE-ITEM-REVIEW-V1
IT-TASAKI2020-2452	TASAKI2020	000453.0009	PG-TASAKI2020-0453	equation	equation (11.5.6)	NONE	PDF p. 453; print p. 442; §11.5.2; equation (11.5.6)	Chapter 11	chapter-11	PUBLIC-DOCS-SOURCE-ITEM-REVIEW-V1
IT-TASAKI2020-2453	TASAKI2020	000454.0001	PG-TASAKI2020-0454	proposition	Proposition 11.24	NONE	PDF p. 454; print p. 443; §11.5.2; Proposition 11.24	Chapter 11	chapter-11	PUBLIC-DOCS-SOURCE-ITEM-REVIEW-V1
IT-TASAKI2020-2454	TASAKI2020	000454.0002	PG-TASAKI2020-0454	unlabeled	NONE	NONE	PDF p. 454; print p. 443; §11.5.2; paragraph 5	Chapter 11	chapter-11	PUBLIC-DOCS-SOURCE-ITEM-REVIEW-V1
IT-TASAKI2020-2455	TASAKI2020	000455.0001	PG-TASAKI2020-0455	unlabeled	NONE	NONE	PDF p. 455; print p. 444; §11.5.2; paragraph 2, atom 1	Chapter 11	chapter-11	PUBLIC-DOCS-SOURCE-ITEM-REVIEW-V1
IT-TASAKI2020-2456	TASAKI2020	000455.0002	PG-TASAKI2020-0455	unlabeled	NONE	NONE	PDF p. 455; print p. 444; §11.5.2; paragraph 2, atom 2; v7 split atom 1/2	Chapter 11	chapter-11	PUBLIC-DOCS-SOURCE-ITEM-REVIEW-V1
IT-TASAKI2020-2457	TASAKI2020	000455.0003	PG-TASAKI2020-0455	unlabeled	NONE	NONE	PDF p. 455; print p. 444; §11.5.2; paragraph 2, atom 2; v7 split atom 2/2	Chapter 11	chapter-11	PUBLIC-DOCS-SOURCE-ITEM-REVIEW-V1
IT-TASAKI2020-2458	TASAKI2020	000455.0004	PG-TASAKI2020-0455	unlabeled	NONE	NONE	PDF p. 455; print p. 444; §11.5.2; paragraph 2, atom 3	Chapter 11	chapter-11	PUBLIC-DOCS-SOURCE-ITEM-REVIEW-V1
IT-TASAKI2020-2459	TASAKI2020	000455.0005	PG-TASAKI2020-0455	unlabeled	NONE	NONE	PDF p. 455; print p. 444; §11.5.2; paragraph 2, atom 4	Chapter 11	chapter-11	PUBLIC-DOCS-SOURCE-ITEM-REVIEW-V1
IT-TASAKI2020-2460	TASAKI2020	000455.0006	PG-TASAKI2020-0455	unlabeled	NONE	NONE	PDF p. 455; print p. 444; §11.5.2; paragraph 2, atom 5	Chapter 11	chapter-11	PUBLIC-DOCS-SOURCE-ITEM-REVIEW-V1
IT-TASAKI2020-2461	TASAKI2020	000456.0001	PG-TASAKI2020-0456	unlabeled	NONE	NONE	PDF p. 456; print p. 445; §11.5.2; paragraph 4	Chapter 11	chapter-11	PUBLIC-DOCS-SOURCE-ITEM-REVIEW-V1
IT-TASAKI2020-2462	TASAKI2020	000456.0002	PG-TASAKI2020-0456	unlabeled	NONE	NONE	PDF p. 456; print p. 445; §11.5.2; paragraph 5, atom 1	Chapter 11	chapter-11	PUBLIC-DOCS-SOURCE-ITEM-REVIEW-V1
IT-TASAKI2020-2463	TASAKI2020	000456.0003	PG-TASAKI2020-0456	unlabeled	NONE	NONE	PDF p. 456; print p. 445; §11.5.2; paragraph 5, atom 2	Chapter 11	chapter-11	PUBLIC-DOCS-SOURCE-ITEM-REVIEW-V1
IT-TASAKI2020-2464	TASAKI2020	000456.0004	PG-TASAKI2020-0456	unlabeled	NONE	NONE	PDF p. 456; print p. 445; §11.5.2; paragraph 5, atom 3	Chapter 11	chapter-11	PUBLIC-DOCS-SOURCE-ITEM-REVIEW-V1
IT-TASAKI2020-2465	TASAKI2020	000456.0005	PG-TASAKI2020-0456	equation	equation (11.5.7)	NONE	PDF p. 456; print p. 445; §11.5.2; equation (11.5.7)	Chapter 11	chapter-11	PUBLIC-DOCS-SOURCE-ITEM-REVIEW-V1
IT-TASAKI2020-2466	TASAKI2020	000456.0006	PG-TASAKI2020-0456	equation	equation (11.5.8)	NONE	PDF p. 456; print p. 445; §11.5.2; equation (11.5.8)	Chapter 11	chapter-11	PUBLIC-DOCS-SOURCE-ITEM-REVIEW-V1
IT-TASAKI2020-2467	TASAKI2020	000456.0007	PG-TASAKI2020-0456	unlabeled	NONE	NONE	PDF p. 456; print p. 445; §11.5.2; paragraph 6	Chapter 11	chapter-11	PUBLIC-DOCS-SOURCE-ITEM-REVIEW-V1
IT-TASAKI2020-2468	TASAKI2020	000457.0001	PG-TASAKI2020-0457	equation	equation (11.5.9)	NONE	PDF p. 457; print p. 446; §11.5.2; equation (11.5.9)	Chapter 11	chapter-11	PUBLIC-DOCS-SOURCE-ITEM-REVIEW-V1
IT-TASAKI2020-2469	TASAKI2020	000457.0002	PG-TASAKI2020-0457	unlabeled	NONE	NONE	PDF p. 457; print p. 446; §11.5.2; paragraph 4	Chapter 11	chapter-11	PUBLIC-DOCS-SOURCE-ITEM-REVIEW-V1
IT-TASAKI2020-2470	TASAKI2020	000457.0003	PG-TASAKI2020-0457	equation	equation (11.5.10)	NONE	PDF p. 457; print p. 446; §11.5.2; equation (11.5.10)	Chapter 11	chapter-11	PUBLIC-DOCS-SOURCE-ITEM-REVIEW-V1
IT-TASAKI2020-2471	TASAKI2020	000457.0004	PG-TASAKI2020-0457	unlabeled	NONE	NONE	PDF p. 457; print p. 446; §11.5.2; paragraph 6; atom 1	Chapter 11	chapter-11	PUBLIC-DOCS-SOURCE-ITEM-REVIEW-V1
IT-TASAKI2020-2472	TASAKI2020	000457.0005	PG-TASAKI2020-0457	unlabeled	NONE	NONE	PDF p. 457; print p. 446; §11.5.2; paragraph 6; atom 2	Chapter 11	chapter-11	PUBLIC-DOCS-SOURCE-ITEM-REVIEW-V1
IT-TASAKI2020-2473	TASAKI2020	000457.0006	PG-TASAKI2020-0457	equation	equation (11.5.11)	NONE	PDF p. 457; print p. 446; §11.5.2; equation (11.5.11)	Chapter 11	chapter-11	PUBLIC-DOCS-SOURCE-ITEM-REVIEW-V1
IT-TASAKI2020-2474	TASAKI2020	000457.0007	PG-TASAKI2020-0457	equation	equation (11.5.12)	NONE	PDF p. 457; print p. 446; §11.5.2; equation (11.5.12)	Chapter 11	chapter-11	PUBLIC-DOCS-SOURCE-ITEM-REVIEW-V1
IT-TASAKI2020-2475	TASAKI2020	000457.0008	PG-TASAKI2020-0457	equation	equation (11.5.13)	NONE	PDF p. 457; print p. 446; §11.5.2; equation (11.5.13)	Chapter 11	chapter-11	PUBLIC-DOCS-SOURCE-ITEM-REVIEW-V1
IT-TASAKI2020-2476	TASAKI2020	000458.0001	PG-TASAKI2020-0458	equation	equation (11.5.14)	NONE	PDF p. 458; print p. 447; §11.5.2; equation (11.5.14)	Chapter 11	chapter-11	PUBLIC-DOCS-SOURCE-ITEM-REVIEW-V1
IT-TASAKI2020-2477	TASAKI2020	000458.0002	PG-TASAKI2020-0458	equation	equation (11.5.16)	NONE	PDF p. 458; print p. 447; §11.5.2; equation (11.5.16)	Chapter 11	chapter-11	PUBLIC-DOCS-SOURCE-ITEM-REVIEW-V1
IT-TASAKI2020-2478	TASAKI2020	000458.0003	PG-TASAKI2020-0458	unlabeled	NONE	NONE	PDF p. 458; print p. 447; §11.5.2; paragraph 5, atom 1	Chapter 11	chapter-11	PUBLIC-DOCS-SOURCE-ITEM-REVIEW-V1
IT-TASAKI2020-2479	TASAKI2020	000458.0004	PG-TASAKI2020-0458	equation	equation (11.5.15)	NONE	PDF p. 458; print p. 447; §11.5.2; equation (11.5.15)	Chapter 11	chapter-11	PUBLIC-DOCS-SOURCE-ITEM-REVIEW-V1
IT-TASAKI2020-2480	TASAKI2020	000459.0001	PG-TASAKI2020-0459	unlabeled	NONE	NONE	PDF p. 459; print p. 448; §11.5.2; paragraph 2	Chapter 11	chapter-11	PUBLIC-DOCS-SOURCE-ITEM-REVIEW-V1
IT-TASAKI2020-2481	TASAKI2020	000459.0002	PG-TASAKI2020-0459	equation	equation (11.5.17)	NONE	PDF p. 459; print p. 448; §11.5.2; equation (11.5.17)	Chapter 11	chapter-11	PUBLIC-DOCS-SOURCE-ITEM-REVIEW-V1
IT-TASAKI2020-2482	TASAKI2020	000459.0003	PG-TASAKI2020-0459	equation	equation (11.5.18)	NONE	PDF p. 459; print p. 448; §11.5.2; equation (11.5.18)	Chapter 11	chapter-11	PUBLIC-DOCS-SOURCE-ITEM-REVIEW-V1
IT-TASAKI2020-2483	TASAKI2020	000459.0004	PG-TASAKI2020-0459	unlabeled	NONE	NONE	PDF p. 459; print p. 448; §11.5.2; hopping-term paragraph	Chapter 11	chapter-11	PUBLIC-DOCS-SOURCE-ITEM-REVIEW-V1
IT-TASAKI2020-2484	TASAKI2020	000459.0005	PG-TASAKI2020-0459	unlabeled	NONE	NONE	PDF p. 459; print p. 448; §11.5.2; ferromagnetic-exchange paragraph	Chapter 11	chapter-11	PUBLIC-DOCS-SOURCE-ITEM-REVIEW-V1
IT-TASAKI2020-2485	TASAKI2020	000459.0008	PG-TASAKI2020-0459	unlabeled	NONE	NONE	PDF p. 459; print p. 448; §11.5.2; equivalence paragraph before Lemma 11.25	Chapter 11	chapter-11	PUBLIC-DOCS-SOURCE-ITEM-REVIEW-V1
IT-TASAKI2020-2486	TASAKI2020	000459.0009	PG-TASAKI2020-0459	lemma	Lemma 11.25	NONE	PDF p. 459; print p. 448; §11.5.2; Lemma 11.25	Chapter 11	chapter-11	PUBLIC-DOCS-SOURCE-ITEM-REVIEW-V1
IT-TASAKI2020-2487	TASAKI2020	000459.0010	PG-TASAKI2020-0459	theorem	Theorem 11.26	NONE	PDF p. 459; print p. 448; §11.5.2; Theorem 11.26	Chapter 11	chapter-11	PUBLIC-DOCS-SOURCE-ITEM-REVIEW-V1
IT-TASAKI2020-2488	TASAKI2020	000460.0001	PG-TASAKI2020-0460	unlabeled	NONE	NONE	PDF p. 460; print p. 449; §11.5.2; paragraph 3	Chapter 11	chapter-11	PUBLIC-DOCS-SOURCE-ITEM-REVIEW-V1
IT-TASAKI2020-2489	TASAKI2020	000461.0001	PG-TASAKI2020-0461	unlabeled	NONE	NONE	PDF p. 461; print p. 450; §11.5.2; paragraph 9, atom 1	Chapter 11	chapter-11	PUBLIC-DOCS-SOURCE-ITEM-REVIEW-V1
IT-TASAKI2020-2490	TASAKI2020	000461.0002	PG-TASAKI2020-0461	unlabeled	NONE	NONE	PDF p. 461; print p. 450; §11.5.2; paragraph 9, atom 2	Chapter 11	chapter-11	PUBLIC-DOCS-SOURCE-ITEM-REVIEW-V1
IT-TASAKI2020-2491	TASAKI2020	000461.0003	PG-TASAKI2020-0461	unlabeled	NONE	NONE	PDF p. 461; print p. 450; §11.5.2; paragraph 9, atom 3	Chapter 11	chapter-11	PUBLIC-DOCS-SOURCE-ITEM-REVIEW-V1
IT-TASAKI2020-2492	TASAKI2020	000461.0004	PG-TASAKI2020-0461	equation	equation (11.5.19)	NONE	PDF p. 461; print p. 450; §11.5.2; equation (11.5.19)	Chapter 11	chapter-11	PUBLIC-DOCS-SOURCE-ITEM-REVIEW-V1
IT-TASAKI2020-2493	TASAKI2020	000461.0005	PG-TASAKI2020-0461	equation	equation (11.5.20)	NONE	PDF p. 461; print p. 450; §11.5.2; equation (11.5.20)	Chapter 11	chapter-11	PUBLIC-DOCS-SOURCE-ITEM-REVIEW-V1
IT-TASAKI2020-2494	TASAKI2020	000461.0006	PG-TASAKI2020-0461	equation	equation (11.5.21)	NONE	PDF p. 461; print p. 450; §11.5.2; equation (11.5.21)	Chapter 11	chapter-11	PUBLIC-DOCS-SOURCE-ITEM-REVIEW-V1
IT-TASAKI2020-2495	TASAKI2020	000461.0007	PG-TASAKI2020-0461	unlabeled	NONE	NONE	PDF p. 461; print p. 450; §11.5.2; paragraph 12	Chapter 11	chapter-11	PUBLIC-DOCS-SOURCE-ITEM-REVIEW-V1
IT-TASAKI2020-2496	TASAKI2020	000462.0001	PG-TASAKI2020-0462	equation	equation (11.5.22)	NONE	PDF p. 462; print p. 451; §11.5.2; equation (11.5.22)	Chapter 11	chapter-11	PUBLIC-DOCS-SOURCE-ITEM-REVIEW-V1
IT-TASAKI2020-2497	TASAKI2020	000462.0002	PG-TASAKI2020-0462	unlabeled	NONE	NONE	PDF p. 462; print p. 451; §11.5.2; paragraph 2; atom 1	Chapter 11	chapter-11	PUBLIC-DOCS-SOURCE-ITEM-REVIEW-V1
IT-TASAKI2020-2498	TASAKI2020	000462.0003	PG-TASAKI2020-0462	unlabeled	NONE	NONE	PDF p. 462; print p. 451; §11.5.2; paragraph 2; atom 2	Chapter 11	chapter-11	PUBLIC-DOCS-SOURCE-ITEM-REVIEW-V1
IT-TASAKI2020-2499	TASAKI2020	000462.0004	PG-TASAKI2020-0462	unlabeled	NONE	NONE	PDF p. 462; print p. 451; §11.5.2; paragraph 2; audit split atom 2/3	Chapter 11	chapter-11	PUBLIC-DOCS-SOURCE-ITEM-REVIEW-V1
IT-TASAKI2020-2500	TASAKI2020	000462.0005	PG-TASAKI2020-0462	unlabeled	NONE	NONE	PDF p. 462; print p. 451; §11.5.2; paragraph 2; audit split atom 3/3	Chapter 11	chapter-11	PUBLIC-DOCS-SOURCE-ITEM-REVIEW-V1
IT-TASAKI2020-2501	TASAKI2020	000462.0006	PG-TASAKI2020-0462	equation	equation (11.5.23)	NONE	PDF p. 462; print p. 451; §11.5.2; equation (11.5.23)	Chapter 11	chapter-11	PUBLIC-DOCS-SOURCE-ITEM-REVIEW-V1
IT-TASAKI2020-2502	TASAKI2020	000462.0007	PG-TASAKI2020-0462	equation	equation (11.5.24)	NONE	PDF p. 462; print p. 451; §11.5.2; equation (11.5.24)	Chapter 11	chapter-11	PUBLIC-DOCS-SOURCE-ITEM-REVIEW-V1
IT-TASAKI2020-2503	TASAKI2020	000462.0008	PG-TASAKI2020-0462	unlabeled	NONE	NONE	PDF p. 462; print p. 451; §11.5.2; paragraph 5	Chapter 11	chapter-11	PUBLIC-DOCS-SOURCE-ITEM-REVIEW-V1
IT-TASAKI2020-2504	TASAKI2020	000462.0009	PG-TASAKI2020-0462	theorem	Theorem 11.27	NONE	PDF p. 462; print p. 451; §11.5.2; Theorem 11.27	Chapter 11	chapter-11	PUBLIC-DOCS-SOURCE-ITEM-REVIEW-V1
IT-TASAKI2020-2505	TASAKI2020	000467.0001	PG-TASAKI2020-0467	unlabeled	NONE	NONE	PDF p. 467; print p. 457; §A.1; paragraph 3, atom 1	Appendix A	appendix-a	PUBLIC-DOCS-SOURCE-ITEM-REVIEW-V1
IT-TASAKI2020-2506	TASAKI2020	000467.0002	PG-TASAKI2020-0467	unlabeled	NONE	NONE	PDF p. 467; print p. 457; §A.1; paragraph 3, atom 2	Appendix A	appendix-a	PUBLIC-DOCS-SOURCE-ITEM-REVIEW-V1
IT-TASAKI2020-2507	TASAKI2020	000467.0003	PG-TASAKI2020-0467	equation	equation (A.1.1)	NONE	PDF p. 467; print p. 457; §A.1; equation (A.1.1)	Appendix A	appendix-a	PUBLIC-DOCS-SOURCE-ITEM-REVIEW-V1
IT-TASAKI2020-2508	TASAKI2020	000467.0004	PG-TASAKI2020-0467	unlabeled	NONE	NONE	PDF p. 467; print p. 457; §A.1; paragraph 4	Appendix A	appendix-a	PUBLIC-DOCS-SOURCE-ITEM-REVIEW-V1
IT-TASAKI2020-2509	TASAKI2020	000467.0005	PG-TASAKI2020-0467	equation	equation (A.1.2)	NONE	PDF p. 467; print p. 457; §A.1; equation (A.1.2)	Appendix A	appendix-a	PUBLIC-DOCS-SOURCE-ITEM-REVIEW-V1
IT-TASAKI2020-2510	TASAKI2020	000467.0006	PG-TASAKI2020-0467	unlabeled	NONE	NONE	PDF p. 467; print p. 457; §A.1; paragraph 6	Appendix A	appendix-a	PUBLIC-DOCS-SOURCE-ITEM-REVIEW-V1
IT-TASAKI2020-2511	TASAKI2020	000467.0007	PG-TASAKI2020-0467	equation	equation (A.1.3)	NONE	PDF p. 467; print p. 457; §A.1; equation (A.1.3)	Appendix A	appendix-a	PUBLIC-DOCS-SOURCE-ITEM-REVIEW-V1
IT-TASAKI2020-2512	TASAKI2020	000468.0001	PG-TASAKI2020-0468	equation	equation (A.1.4)	NONE	PDF p. 468; print p. 458; §A.1; equation (A.1.4)	Appendix A	appendix-a	PUBLIC-DOCS-SOURCE-ITEM-REVIEW-V1
IT-TASAKI2020-2513	TASAKI2020	000468.0002	PG-TASAKI2020-0468	unlabeled	NONE	NONE	PDF p. 468; print p. 458; §A.1; paragraph 3	Appendix A	appendix-a	PUBLIC-DOCS-SOURCE-ITEM-REVIEW-V1
IT-TASAKI2020-2514	TASAKI2020	000468.0003	PG-TASAKI2020-0468	equation	equation (A.1.5)	NONE	PDF p. 468; print p. 458; §A.1; equation (A.1.5)	Appendix A	appendix-a	PUBLIC-DOCS-SOURCE-ITEM-REVIEW-V1
IT-TASAKI2020-2515	TASAKI2020	000468.0004	PG-TASAKI2020-0468	equation	equation (A.1.6)	NONE	PDF p. 468; print p. 458; §A.1; equation (A.1.6)	Appendix A	appendix-a	PUBLIC-DOCS-SOURCE-ITEM-REVIEW-V1
IT-TASAKI2020-2516	TASAKI2020	000468.0005	PG-TASAKI2020-0468	equation	equation (A.1.7)	NONE	PDF p. 468; print p. 458; §A.1; equation (A.1.7)	Appendix A	appendix-a	PUBLIC-DOCS-SOURCE-ITEM-REVIEW-V1
IT-TASAKI2020-2517	TASAKI2020	000468.0006	PG-TASAKI2020-0468	unlabeled	NONE	NONE	PDF p. 468; print p. 458; §A.1; paragraph 8, atom 1	Appendix A	appendix-a	PUBLIC-DOCS-SOURCE-ITEM-REVIEW-V1
IT-TASAKI2020-2518	TASAKI2020	000468.0007	PG-TASAKI2020-0468	unlabeled	NONE	NONE	PDF p. 468; print p. 458; §A.1; paragraph 8, atom 2	Appendix A	appendix-a	PUBLIC-DOCS-SOURCE-ITEM-REVIEW-V1
IT-TASAKI2020-2519	TASAKI2020	000468.0008	PG-TASAKI2020-0468	equation	equation (A.1.8)	NONE	PDF p. 468; print p. 458; §A.1; equation (A.1.8)	Appendix A	appendix-a	PUBLIC-DOCS-SOURCE-ITEM-REVIEW-V1
IT-TASAKI2020-2520	TASAKI2020	000468.0009	PG-TASAKI2020-0468	unlabeled	NONE	NONE	PDF p. 468; print p. 458; §A.1; paragraph 10	Appendix A	appendix-a	PUBLIC-DOCS-SOURCE-ITEM-REVIEW-V1
IT-TASAKI2020-2521	TASAKI2020	000468.0010	PG-TASAKI2020-0468	equation	equation (A.1.9)	NONE	PDF p. 468; print p. 458; §A.1; equation (A.1.9)	Appendix A	appendix-a	PUBLIC-DOCS-SOURCE-ITEM-REVIEW-V1
IT-TASAKI2020-2522	TASAKI2020	000468.0011	PG-TASAKI2020-0468	unlabeled	NONE	NONE	PDF p. 468; print p. 458; §A.1; paragraph 12, atom 1	Appendix A	appendix-a	PUBLIC-DOCS-SOURCE-ITEM-REVIEW-V1
IT-TASAKI2020-2523	TASAKI2020	000468.0012	PG-TASAKI2020-0468	unlabeled	NONE	NONE	PDF p. 468; print p. 458; §A.1; paragraph 12, atom 2	Appendix A	appendix-a	PUBLIC-DOCS-SOURCE-ITEM-REVIEW-V1
IT-TASAKI2020-2524	TASAKI2020	000468.0013	PG-TASAKI2020-0468	equation	equation (A.1.10)	NONE	PDF p. 468; print p. 458; §A.1; equation (A.1.10)	Appendix A	appendix-a	PUBLIC-DOCS-SOURCE-ITEM-REVIEW-V1
IT-TASAKI2020-2525	TASAKI2020	000469.0001	PG-TASAKI2020-0469	equation	equation (A.1.11)	NONE	PDF p. 469; print p. 459; §A.1; equation (A.1.11)	Appendix A	appendix-a	PUBLIC-DOCS-SOURCE-ITEM-REVIEW-V1
IT-TASAKI2020-2526	TASAKI2020	000469.0002	PG-TASAKI2020-0469	equation	equation (A.1.12)	NONE	PDF p. 469; print p. 459; §A.1; equation (A.1.12)	Appendix A	appendix-a	PUBLIC-DOCS-SOURCE-ITEM-REVIEW-V1
IT-TASAKI2020-2527	TASAKI2020	000469.0003	PG-TASAKI2020-0469	unlabeled	NONE	NONE	PDF p. 469; print p. 459; §A.1; paragraph 6	Appendix A	appendix-a	PUBLIC-DOCS-SOURCE-ITEM-REVIEW-V1
IT-TASAKI2020-2528	TASAKI2020	000469.0004	PG-TASAKI2020-0469	equation	equation (A.1.13)	NONE	PDF p. 469; print p. 459; §A.1; equation (A.1.13)	Appendix A	appendix-a	PUBLIC-DOCS-SOURCE-ITEM-REVIEW-V1
IT-TASAKI2020-2529	TASAKI2020	000469.0005	PG-TASAKI2020-0469	equation	equation (A.1.14)	NONE	PDF p. 469; print p. 459; §A.1; equation (A.1.14)	Appendix A	appendix-a	PUBLIC-DOCS-SOURCE-ITEM-REVIEW-V1
IT-TASAKI2020-2530	TASAKI2020	000469.0006	PG-TASAKI2020-0469	unlabeled	NONE	NONE	PDF p. 469; print p. 459; §A.1; paragraph 10, atom 1	Appendix A	appendix-a	PUBLIC-DOCS-SOURCE-ITEM-REVIEW-V1
IT-TASAKI2020-2531	TASAKI2020	000469.0007	PG-TASAKI2020-0469	unlabeled	NONE	NONE	PDF p. 469; print p. 459; §A.1; paragraph 10, atom 2	Appendix A	appendix-a	PUBLIC-DOCS-SOURCE-ITEM-REVIEW-V1
IT-TASAKI2020-2532	TASAKI2020	000469.0008	PG-TASAKI2020-0469	unlabeled	NONE	NONE	PDF p. 469; print p. 459; §A.1; paragraph 10, atom 3	Appendix A	appendix-a	PUBLIC-DOCS-SOURCE-ITEM-REVIEW-V1
IT-TASAKI2020-2533	TASAKI2020	000469.0009	PG-TASAKI2020-0469	unlabeled	NONE	NONE	PDF p. 469; print p. 459; §A.1; paragraph 10, atom 4	Appendix A	appendix-a	PUBLIC-DOCS-SOURCE-ITEM-REVIEW-V1
IT-TASAKI2020-2534	TASAKI2020	000469.0010	PG-TASAKI2020-0469	equation	equation (A.1.15)	NONE	PDF p. 469; print p. 459; §A.1; equation (A.1.15)	Appendix A	appendix-a	PUBLIC-DOCS-SOURCE-ITEM-REVIEW-V1
IT-TASAKI2020-2535	TASAKI2020	000470.0001	PG-TASAKI2020-0470	unlabeled	NONE	NONE	PDF p. 470; print p. 460; §A.1; paragraph 2	Appendix A	appendix-a	PUBLIC-DOCS-SOURCE-ITEM-REVIEW-V1
IT-TASAKI2020-2536	TASAKI2020	000470.0002	PG-TASAKI2020-0470	equation	equation (A.1.16)	NONE	PDF p. 470; print p. 460; §A.1; equation (A.1.16)	Appendix A	appendix-a	PUBLIC-DOCS-SOURCE-ITEM-REVIEW-V1
IT-TASAKI2020-2537	TASAKI2020	000470.0003	PG-TASAKI2020-0470	unlabeled	NONE	NONE	PDF p. 470; print p. 460; §A.1; paragraph 3, atom 1	Appendix A	appendix-a	PUBLIC-DOCS-SOURCE-ITEM-REVIEW-V1
IT-TASAKI2020-2538	TASAKI2020	000470.0004	PG-TASAKI2020-0470	unlabeled	NONE	NONE	PDF p. 470; print p. 460; §A.1; paragraph 3, atom 2	Appendix A	appendix-a	PUBLIC-DOCS-SOURCE-ITEM-REVIEW-V1
IT-TASAKI2020-2539	TASAKI2020	000470.0005	PG-TASAKI2020-0470	equation	equation (A.1.17)	NONE	PDF p. 470; print p. 460; §A.1; equation (A.1.17)	Appendix A	appendix-a	PUBLIC-DOCS-SOURCE-ITEM-REVIEW-V1
IT-TASAKI2020-2540	TASAKI2020	000470.0006	PG-TASAKI2020-0470	unlabeled	NONE	NONE	PDF p. 470; print p. 460; §A.1; paragraph 5, atom 1	Appendix A	appendix-a	PUBLIC-DOCS-SOURCE-ITEM-REVIEW-V1
IT-TASAKI2020-2541	TASAKI2020	000470.0007	PG-TASAKI2020-0470	unlabeled	NONE	NONE	PDF p. 470; print p. 460; §A.1; paragraph 5, atom 2	Appendix A	appendix-a	PUBLIC-DOCS-SOURCE-ITEM-REVIEW-V1
IT-TASAKI2020-2542	TASAKI2020	000470.0008	PG-TASAKI2020-0470	equation	equation (A.1.18)	NONE	PDF p. 470; print p. 460; §A.1; equation (A.1.18)	Appendix A	appendix-a	PUBLIC-DOCS-SOURCE-ITEM-REVIEW-V1
IT-TASAKI2020-2543	TASAKI2020	000471.0001	PG-TASAKI2020-0471	unlabeled	NONE	NONE	PDF p. 471; print p. 461; §A.1; paragraph 2	Appendix A	appendix-a	PUBLIC-DOCS-SOURCE-ITEM-REVIEW-V1
IT-TASAKI2020-2544	TASAKI2020	000471.0002	PG-TASAKI2020-0471	equation	equation (A.1.19)	NONE	PDF p. 471; print p. 461; §A.1; equation (A.1.19)	Appendix A	appendix-a	PUBLIC-DOCS-SOURCE-ITEM-REVIEW-V1
IT-TASAKI2020-2545	TASAKI2020	000471.0003	PG-TASAKI2020-0471	equation	equation (A.1.20)	NONE	PDF p. 471; print p. 461; §A.1; equation (A.1.20)	Appendix A	appendix-a	PUBLIC-DOCS-SOURCE-ITEM-REVIEW-V1
IT-TASAKI2020-2546	TASAKI2020	000471.0004	PG-TASAKI2020-0471	equation	equation (A.1.21)	NONE	PDF p. 471; print p. 461; §A.1; equation (A.1.21)	Appendix A	appendix-a	PUBLIC-DOCS-SOURCE-ITEM-REVIEW-V1
IT-TASAKI2020-2547	TASAKI2020	000471.0005	PG-TASAKI2020-0471	unlabeled	NONE	NONE	PDF p. 471; print p. 461; §A.1; paragraph 6	Appendix A	appendix-a	PUBLIC-DOCS-SOURCE-ITEM-REVIEW-V1
IT-TASAKI2020-2548	TASAKI2020	000471.0006	PG-TASAKI2020-0471	equation	equation (A.1.22)	NONE	PDF p. 471; print p. 461; §A.1; equation (A.1.22)	Appendix A	appendix-a	PUBLIC-DOCS-SOURCE-ITEM-REVIEW-V1
IT-TASAKI2020-2549	TASAKI2020	000471.0007	PG-TASAKI2020-0471	equation	equation (A.1.23)	NONE	PDF p. 471; print p. 461; §A.1; equation (A.1.23)	Appendix A	appendix-a	PUBLIC-DOCS-SOURCE-ITEM-REVIEW-V1
IT-TASAKI2020-2550	TASAKI2020	000471.0008	PG-TASAKI2020-0471	unlabeled	NONE	NONE	PDF p. 471; print p. 461; §A.1; paragraph 9	Appendix A	appendix-a	PUBLIC-DOCS-SOURCE-ITEM-REVIEW-V1
IT-TASAKI2020-2551	TASAKI2020	000471.0009	PG-TASAKI2020-0471	equation	equation (A.1.24)	NONE	PDF p. 471; print p. 461; §A.1; equation (A.1.24)	Appendix A	appendix-a	PUBLIC-DOCS-SOURCE-ITEM-REVIEW-V1
IT-TASAKI2020-2552	TASAKI2020	000472.0001	PG-TASAKI2020-0472	unlabeled	NONE	NONE	PDF p. 472; print p. 462; §A.1; paragraph 2	Appendix A	appendix-a	PUBLIC-DOCS-SOURCE-ITEM-REVIEW-V1
IT-TASAKI2020-2553	TASAKI2020	000472.0002	PG-TASAKI2020-0472	equation	equation (A.1.25)	NONE	PDF p. 472; print p. 462; §A.1; equation (A.1.25)	Appendix A	appendix-a	PUBLIC-DOCS-SOURCE-ITEM-REVIEW-V1
IT-TASAKI2020-2554	TASAKI2020	000472.0003	PG-TASAKI2020-0472	equation	equation (A.1.26)	NONE	PDF p. 472; print p. 462; §A.1; equation (A.1.26)	Appendix A	appendix-a	PUBLIC-DOCS-SOURCE-ITEM-REVIEW-V1
IT-TASAKI2020-2555	TASAKI2020	000472.0004	PG-TASAKI2020-0472	equation	equation (A.1.27)	NONE	PDF p. 472; print p. 462; §A.1; equation (A.1.27)	Appendix A	appendix-a	PUBLIC-DOCS-SOURCE-ITEM-REVIEW-V1
IT-TASAKI2020-2556	TASAKI2020	000473.0001	PG-TASAKI2020-0473	equation	equation (A.2.1)	NONE	PDF p. 473; print p. 463; §A.2.1; equation (A.2.1)	Appendix A	appendix-a	PUBLIC-DOCS-SOURCE-ITEM-REVIEW-V1
IT-TASAKI2020-2557	TASAKI2020	000473.0002	PG-TASAKI2020-0473	equation	equation (A.2.2)	NONE	PDF p. 473; print p. 463; §A.2.1; equation (A.2.2)	Appendix A	appendix-a	PUBLIC-DOCS-SOURCE-ITEM-REVIEW-V1
IT-TASAKI2020-2558	TASAKI2020	000473.0003	PG-TASAKI2020-0473	unlabeled	NONE	NONE	PDF p. 473; print p. 463; §A.2.1; paragraph 4	Appendix A	appendix-a	PUBLIC-DOCS-SOURCE-ITEM-REVIEW-V1
IT-TASAKI2020-2559	TASAKI2020	000473.0004	PG-TASAKI2020-0473	equation	equation (A.2.3)	NONE	PDF p. 473; print p. 463; §A.2.1; equation (A.2.3)	Appendix A	appendix-a	PUBLIC-DOCS-SOURCE-ITEM-REVIEW-V1
IT-TASAKI2020-2560	TASAKI2020	000473.0005	PG-TASAKI2020-0473	equation	equation (A.2.4)	NONE	PDF p. 473; print p. 463; §A.2.1; equation (A.2.4)	Appendix A	appendix-a	PUBLIC-DOCS-SOURCE-ITEM-REVIEW-V1
IT-TASAKI2020-2561	TASAKI2020	000473.0006	PG-TASAKI2020-0473	equation	equation (A.2.5)	NONE	PDF p. 473; print p. 463; §A.2.1; equation (A.2.5)	Appendix A	appendix-a	PUBLIC-DOCS-SOURCE-ITEM-REVIEW-V1
IT-TASAKI2020-2562	TASAKI2020	000473.0007	PG-TASAKI2020-0473	equation	equation (A.2.6)	NONE	PDF p. 473; print p. 463; §A.2.1; equation (A.2.6)	Appendix A	appendix-a	PUBLIC-DOCS-SOURCE-ITEM-REVIEW-V1
IT-TASAKI2020-2563	TASAKI2020	000473.0008	PG-TASAKI2020-0473	equation	equation (A.2.7)	NONE	PDF p. 473; print p. 463; §A.2.1; equation (A.2.7)	Appendix A	appendix-a	PUBLIC-DOCS-SOURCE-ITEM-REVIEW-V1
IT-TASAKI2020-2564	TASAKI2020	000473.0009	PG-TASAKI2020-0473	equation	equation (A.2.8)	NONE	PDF p. 473; print p. 463; §A.2.1; equation (A.2.8)	Appendix A	appendix-a	PUBLIC-DOCS-SOURCE-ITEM-REVIEW-V1
IT-TASAKI2020-2565	TASAKI2020	000474.0001	PG-TASAKI2020-0474	equation	equation (A.2.9)	NONE	PDF p. 474; print p. 464; §A.2.1; equation (A.2.9)	Appendix A	appendix-a	PUBLIC-DOCS-SOURCE-ITEM-REVIEW-V1
IT-TASAKI2020-2566	TASAKI2020	000474.0002	PG-TASAKI2020-0474	equation	equation (A.2.10)	NONE	PDF p. 474; print p. 464; §A.2.1; equation (A.2.10)	Appendix A	appendix-a	PUBLIC-DOCS-SOURCE-ITEM-REVIEW-V1
IT-TASAKI2020-2567	TASAKI2020	000474.0003	PG-TASAKI2020-0474	unlabeled	NONE	NONE	PDF p. 474; print p. 464; §A.2.1; paragraph 4	Appendix A	appendix-a	PUBLIC-DOCS-SOURCE-ITEM-REVIEW-V1
IT-TASAKI2020-2568	TASAKI2020	000474.0004	PG-TASAKI2020-0474	equation	equation (A.2.11)	NONE	PDF p. 474; print p. 464; §A.2.1; equation (A.2.11)	Appendix A	appendix-a	PUBLIC-DOCS-SOURCE-ITEM-REVIEW-V1
IT-TASAKI2020-2569	TASAKI2020	000474.0005	PG-TASAKI2020-0474	equation	equation (A.2.12)	NONE	PDF p. 474; print p. 464; §A.2.1; equation (A.2.12)	Appendix A	appendix-a	PUBLIC-DOCS-SOURCE-ITEM-REVIEW-V1
IT-TASAKI2020-2570	TASAKI2020	000474.0006	PG-TASAKI2020-0474	equation	equation (A.2.13)	NONE	PDF p. 474; print p. 464; §A.2.1; equation (A.2.13)	Appendix A	appendix-a	PUBLIC-DOCS-SOURCE-ITEM-REVIEW-V1
IT-TASAKI2020-2571	TASAKI2020	000474.0007	PG-TASAKI2020-0474	equation	equation (A.2.14)	NONE	PDF p. 474; print p. 464; §A.2.1; equation (A.2.14)	Appendix A	appendix-a	PUBLIC-DOCS-SOURCE-ITEM-REVIEW-V1
IT-TASAKI2020-2572	TASAKI2020	000474.0008	PG-TASAKI2020-0474	unlabeled	NONE	NONE	PDF p. 474; print p. 464; §A.2.1; paragraph 9	Appendix A	appendix-a	PUBLIC-DOCS-SOURCE-ITEM-REVIEW-V1
IT-TASAKI2020-2573	TASAKI2020	000474.0009	PG-TASAKI2020-0474	equation	equation (A.2.15)	NONE	PDF p. 474; print p. 464; §A.2.1; equation (A.2.15)	Appendix A	appendix-a	PUBLIC-DOCS-SOURCE-ITEM-REVIEW-V1
IT-TASAKI2020-2574	TASAKI2020	000474.0010	PG-TASAKI2020-0474	unlabeled	NONE	NONE	PDF p. 474; print p. 464; §A.2.2; paragraph 12	Appendix A	appendix-a	PUBLIC-DOCS-SOURCE-ITEM-REVIEW-V1
IT-TASAKI2020-2575	TASAKI2020	000474.0011	PG-TASAKI2020-0474	unlabeled	NONE	NONE	PDF p. 474; print p. 464; §A.2.2; paragraph 13	Appendix A	appendix-a	PUBLIC-DOCS-SOURCE-ITEM-REVIEW-V1
IT-TASAKI2020-2576	TASAKI2020	000475.0001	PG-TASAKI2020-0475	equation	equation (A.2.16)	NONE	PDF p. 475; print p. 465; §A.2.2; equation (A.2.16)	Appendix A	appendix-a	PUBLIC-DOCS-SOURCE-ITEM-REVIEW-V1
IT-TASAKI2020-2577	TASAKI2020	000475.0002	PG-TASAKI2020-0475	unlabeled	NONE	NONE	PDF p. 475; print p. 465; §A.2.2; paragraph 3, atom 1	Appendix A	appendix-a	PUBLIC-DOCS-SOURCE-ITEM-REVIEW-V1
IT-TASAKI2020-2578	TASAKI2020	000475.0003	PG-TASAKI2020-0475	unlabeled	NONE	NONE	PDF p. 475; print p. 465; §A.2.2; paragraph 3, atom 2	Appendix A	appendix-a	PUBLIC-DOCS-SOURCE-ITEM-REVIEW-V1
IT-TASAKI2020-2579	TASAKI2020	000475.0004	PG-TASAKI2020-0475	equation	equation (A.2.17)	NONE	PDF p. 475; print p. 465; §A.2.2; equation (A.2.17)	Appendix A	appendix-a	PUBLIC-DOCS-SOURCE-ITEM-REVIEW-V1
IT-TASAKI2020-2580	TASAKI2020	000475.0005	PG-TASAKI2020-0475	equation	equation (A.2.18)	NONE	PDF p. 475; print p. 465; §A.2.2; equation (A.2.18)	Appendix A	appendix-a	PUBLIC-DOCS-SOURCE-ITEM-REVIEW-V1
IT-TASAKI2020-2581	TASAKI2020	000475.0006	PG-TASAKI2020-0475	equation	equation (A.2.19)	NONE	PDF p. 475; print p. 465; §A.2.2; equation (A.2.19)	Appendix A	appendix-a	PUBLIC-DOCS-SOURCE-ITEM-REVIEW-V1
IT-TASAKI2020-2582	TASAKI2020	000475.0007	PG-TASAKI2020-0475	unlabeled	NONE	NONE	PDF p. 475; print p. 465; §A.2.2; paragraph 5; atom 1	Appendix A	appendix-a	PUBLIC-DOCS-SOURCE-ITEM-REVIEW-V1
IT-TASAKI2020-2583	TASAKI2020	000475.0008	PG-TASAKI2020-0475	unlabeled	NONE	NONE	PDF p. 475; print p. 465; §A.2.2; paragraph 5; atom 2	Appendix A	appendix-a	PUBLIC-DOCS-SOURCE-ITEM-REVIEW-V1
IT-TASAKI2020-2584	TASAKI2020	000475.0009	PG-TASAKI2020-0475	unlabeled	NONE	NONE	PDF p. 475; print p. 465; §A.2.2; paragraph 5; v7 split atom 2/2	Appendix A	appendix-a	PUBLIC-DOCS-SOURCE-ITEM-REVIEW-V1
IT-TASAKI2020-2585	TASAKI2020	000475.0010	PG-TASAKI2020-0475	equation	equation (A.2.20)	NONE	PDF p. 475; print p. 465; §A.2.2; equation (A.2.20)	Appendix A	appendix-a	PUBLIC-DOCS-SOURCE-ITEM-REVIEW-V1
IT-TASAKI2020-2586	TASAKI2020	000475.0011	PG-TASAKI2020-0475	unlabeled	NONE	NONE	PDF p. 475; print p. 465; §A.2.2; paragraph 6; audit split atom 1/2	Appendix A	appendix-a	PUBLIC-DOCS-SOURCE-ITEM-REVIEW-V1
IT-TASAKI2020-2587	TASAKI2020	000475.0012	PG-TASAKI2020-0475	theorem	Theorem A.1	NONE	PDF p. 475; print p. 465; §A.2.2; Theorem A.1	Appendix A	appendix-a	PUBLIC-DOCS-SOURCE-ITEM-REVIEW-V1
IT-TASAKI2020-2588	TASAKI2020	000475.0013	PG-TASAKI2020-0475	equation	equation (A.2.21)	NONE	PDF p. 475; print p. 465; §A.2.2; equation (A.2.21)	Appendix A	appendix-a	PUBLIC-DOCS-SOURCE-ITEM-REVIEW-V1
IT-TASAKI2020-2589	TASAKI2020	000475.0014	PG-TASAKI2020-0475	unlabeled	NONE	NONE	PDF p. 475; print p. 465; §A.2.2; paragraph 10	Appendix A	appendix-a	PUBLIC-DOCS-SOURCE-ITEM-REVIEW-V1
IT-TASAKI2020-2590	TASAKI2020	000476.0001	PG-TASAKI2020-0476	equation	equation (A.2.22)	NONE	PDF p. 476; print p. 466; §A.2.2; equation (A.2.22)	Appendix A	appendix-a	PUBLIC-DOCS-SOURCE-ITEM-REVIEW-V1
IT-TASAKI2020-2591	TASAKI2020	000476.0002	PG-TASAKI2020-0476	equation	equation (A.2.23)	NONE	PDF p. 476; print p. 466; §A.2.2; equation (A.2.23)	Appendix A	appendix-a	PUBLIC-DOCS-SOURCE-ITEM-REVIEW-V1
IT-TASAKI2020-2592	TASAKI2020	000476.0003	PG-TASAKI2020-0476	unlabeled	NONE	NONE	PDF p. 476; print p. 466; §A.2.2; paragraph 6, atom 1; v7 split atom 1/2	Appendix A	appendix-a	PUBLIC-DOCS-SOURCE-ITEM-REVIEW-V1
IT-TASAKI2020-2593	TASAKI2020	000476.0004	PG-TASAKI2020-0476	unlabeled	NONE	NONE	PDF p. 476; print p. 466; §A.2.2; paragraph 6, atom 1; v7 split atom 2/2	Appendix A	appendix-a	PUBLIC-DOCS-SOURCE-ITEM-REVIEW-V1
IT-TASAKI2020-2594	TASAKI2020	000476.0005	PG-TASAKI2020-0476	lemma	Lemma A.2	NONE	PDF p. 476; print p. 466; §A.2.2; Lemma A.2	Appendix A	appendix-a	PUBLIC-DOCS-SOURCE-ITEM-REVIEW-V1
IT-TASAKI2020-2595	TASAKI2020	000476.0006	PG-TASAKI2020-0476	equation	equation (A.2.24)	NONE	PDF p. 476; print p. 466; §A.2.2; equation (A.2.24)	Appendix A	appendix-a	PUBLIC-DOCS-SOURCE-ITEM-REVIEW-V1
IT-TASAKI2020-2596	TASAKI2020	000476.0007	PG-TASAKI2020-0476	equation	equation (A.2.25)	NONE	PDF p. 476; print p. 466; §A.2.2; equation (A.2.25)	Appendix A	appendix-a	PUBLIC-DOCS-SOURCE-ITEM-REVIEW-V1
IT-TASAKI2020-2597	TASAKI2020	000476.0008	PG-TASAKI2020-0476	equation	equation (A.2.26)	NONE	PDF p. 476; print p. 466; §A.2.2; equation (A.2.26)	Appendix A	appendix-a	PUBLIC-DOCS-SOURCE-ITEM-REVIEW-V1
IT-TASAKI2020-2598	TASAKI2020	000476.0009	PG-TASAKI2020-0476	equation	equation (A.2.27)	NONE	PDF p. 476; print p. 466; §A.2.2; equation (A.2.27)	Appendix A	appendix-a	PUBLIC-DOCS-SOURCE-ITEM-REVIEW-V1
IT-TASAKI2020-2599	TASAKI2020	000477.0001	PG-TASAKI2020-0477	equation	equation (A.2.28)	NONE	PDF p. 477; print p. 467; §A.2.2; equation (A.2.28)	Appendix A	appendix-a	PUBLIC-DOCS-SOURCE-ITEM-REVIEW-V1
IT-TASAKI2020-2600	TASAKI2020	000477.0002	PG-TASAKI2020-0477	unlabeled	NONE	NONE	PDF p. 477; print p. 467; §A.2.2; paragraph 3, atom 1	Appendix A	appendix-a	PUBLIC-DOCS-SOURCE-ITEM-REVIEW-V1
IT-TASAKI2020-2601	TASAKI2020	000477.0003	PG-TASAKI2020-0477	unlabeled	NONE	NONE	PDF p. 477; print p. 467; §A.2.2; paragraph 3, atom 2	Appendix A	appendix-a	PUBLIC-DOCS-SOURCE-ITEM-REVIEW-V1
IT-TASAKI2020-2602	TASAKI2020	000477.0004	PG-TASAKI2020-0477	unlabeled	NONE	NONE	PDF p. 477; print p. 467; §A.2.2; paragraph 3, atom 3	Appendix A	appendix-a	PUBLIC-DOCS-SOURCE-ITEM-REVIEW-V1
IT-TASAKI2020-2603	TASAKI2020	000477.0005	PG-TASAKI2020-0477	unlabeled	NONE	NONE	PDF p. 477; print p. 467; §A.2.2; paragraph 3, atom 4	Appendix A	appendix-a	PUBLIC-DOCS-SOURCE-ITEM-REVIEW-V1
IT-TASAKI2020-2604	TASAKI2020	000477.0006	PG-TASAKI2020-0477	unlabeled	NONE	NONE	PDF p. 477; print p. 467; §A.2.2; paragraph 3, atom 5	Appendix A	appendix-a	PUBLIC-DOCS-SOURCE-ITEM-REVIEW-V1
IT-TASAKI2020-2605	TASAKI2020	000477.0007	PG-TASAKI2020-0477	unlabeled	NONE	NONE	PDF p. 477; print p. 467; §A.2.3; paragraph 5, atom 1	Appendix A	appendix-a	PUBLIC-DOCS-SOURCE-ITEM-REVIEW-V1
IT-TASAKI2020-2606	TASAKI2020	000477.0008	PG-TASAKI2020-0477	definition	Definition A.3	NONE	PDF p. 477; print p. 467; §A.2.2; Definition A.3	Appendix A	appendix-a	PUBLIC-DOCS-SOURCE-ITEM-REVIEW-V1
IT-TASAKI2020-2607	TASAKI2020	000477.0009	PG-TASAKI2020-0477	unlabeled	NONE	NONE	PDF p. 477; print p. 467; §A.2.3; paragraph 5, atom 3	Appendix A	appendix-a	PUBLIC-DOCS-SOURCE-ITEM-REVIEW-V1
IT-TASAKI2020-2608	TASAKI2020	000477.0010	PG-TASAKI2020-0477	unlabeled	NONE	NONE	PDF p. 477; print p. 467; §A.2.3; paragraph 5, atom 4	Appendix A	appendix-a	PUBLIC-DOCS-SOURCE-ITEM-REVIEW-V1
IT-TASAKI2020-2609	TASAKI2020	000477.0011	PG-TASAKI2020-0477	unlabeled	NONE	NONE	PDF p. 477; print p. 467; §A.2.3; paragraph 5, atom 5	Appendix A	appendix-a	PUBLIC-DOCS-SOURCE-ITEM-REVIEW-V1
IT-TASAKI2020-2610	TASAKI2020	000477.0012	PG-TASAKI2020-0477	lemma	Lemma A.4	NONE	PDF p. 477; print p. 467; §A.2.3; Lemma A.4	Appendix A	appendix-a	PUBLIC-DOCS-SOURCE-ITEM-REVIEW-V1
IT-TASAKI2020-2611	TASAKI2020	000478.0001	PG-TASAKI2020-0478	lemma	Lemma A.5	NONE	PDF p. 478; print p. 468; §A.2.3; Lemma A.5	Appendix A	appendix-a	PUBLIC-DOCS-SOURCE-ITEM-REVIEW-V1
IT-TASAKI2020-2612	TASAKI2020	000478.0002	PG-TASAKI2020-0478	lemma	Lemma A.6	NONE	PDF p. 478; print p. 468; §A.2.3; Lemma A.6	Appendix A	appendix-a	PUBLIC-DOCS-SOURCE-ITEM-REVIEW-V1
IT-TASAKI2020-2613	TASAKI2020	000478.0003	PG-TASAKI2020-0478	theorem	Theorem A.7	NONE	PDF p. 478; print p. 468; §A.2.3; Theorem A.7	Appendix A	appendix-a	PUBLIC-DOCS-SOURCE-ITEM-REVIEW-V1
IT-TASAKI2020-2614	TASAKI2020	000478.0004	PG-TASAKI2020-0478	equation	equation (A.2.29)	NONE	PDF p. 478; print p. 468; §A.2.3; equation (A.2.29)	Appendix A	appendix-a	PUBLIC-DOCS-SOURCE-ITEM-REVIEW-V1
IT-TASAKI2020-2615	TASAKI2020	000478.0005	PG-TASAKI2020-0478	equation	equation (A.2.30)	NONE	PDF p. 478; print p. 468; §A.2.3; equation (A.2.30)	Appendix A	appendix-a	PUBLIC-DOCS-SOURCE-ITEM-REVIEW-V1
IT-TASAKI2020-2616	TASAKI2020	000478.0006	PG-TASAKI2020-0478	unlabeled	NONE	NONE	PDF p. 478; print p. 468; §A.2.3; paragraph 5, atom 1	Appendix A	appendix-a	PUBLIC-DOCS-SOURCE-ITEM-REVIEW-V1
IT-TASAKI2020-2617	TASAKI2020	000478.0007	PG-TASAKI2020-0478	corollary	Corollary A.8	NONE	PDF p. 478; print p. 468; §A.2.3; Corollary A.8	Appendix A	appendix-a	PUBLIC-DOCS-SOURCE-ITEM-REVIEW-V1
IT-TASAKI2020-2618	TASAKI2020	000478.0008	PG-TASAKI2020-0478	equation	equation (A.2.31)	NONE	PDF p. 478; print p. 468; §A.2.3; equation (A.2.31)	Appendix A	appendix-a	PUBLIC-DOCS-SOURCE-ITEM-REVIEW-V1
IT-TASAKI2020-2619	TASAKI2020	000478.0009	PG-TASAKI2020-0478	equation	equation (A.2.32)	NONE	PDF p. 478; print p. 468; §A.2.3; equation (A.2.32)	Appendix A	appendix-a	PUBLIC-DOCS-SOURCE-ITEM-REVIEW-V1
IT-TASAKI2020-2620	TASAKI2020	000479.0001	PG-TASAKI2020-0479	unlabeled	NONE	NONE	PDF p. 479; print p. 469; §A.2.3; paragraph 2	Appendix A	appendix-a	PUBLIC-DOCS-SOURCE-ITEM-REVIEW-V1
IT-TASAKI2020-2621	TASAKI2020	000479.0002	PG-TASAKI2020-0479	lemma	Lemma A.9	NONE	PDF p. 479; print p. 469; §A.2.3; Lemma A.9	Appendix A	appendix-a	PUBLIC-DOCS-SOURCE-ITEM-REVIEW-V1
IT-TASAKI2020-2622	TASAKI2020	000479.0003	PG-TASAKI2020-0479	unlabeled	NONE	NONE	PDF p. 479; print p. 469; §A.2.3; paragraph 3	Appendix A	appendix-a	PUBLIC-DOCS-SOURCE-ITEM-REVIEW-V1
IT-TASAKI2020-2623	TASAKI2020	000479.0004	PG-TASAKI2020-0479	unlabeled	NONE	NONE	PDF p. 479; print p. 469; §A.2.3; paragraph 4	Appendix A	appendix-a	PUBLIC-DOCS-SOURCE-ITEM-REVIEW-V1
IT-TASAKI2020-2624	TASAKI2020	000479.0005	PG-TASAKI2020-0479	lemma	Lemma A.10	NONE	PDF p. 479; print p. 469; §A.2.3; Lemma A.10	Appendix A	appendix-a	PUBLIC-DOCS-SOURCE-ITEM-REVIEW-V1
IT-TASAKI2020-2625	TASAKI2020	000479.0006	PG-TASAKI2020-0479	unlabeled	NONE	NONE	PDF p. 479; print p. 469; §A.2.3; paragraph 5, atom 1	Appendix A	appendix-a	PUBLIC-DOCS-SOURCE-ITEM-REVIEW-V1
IT-TASAKI2020-2626	TASAKI2020	000479.0007	PG-TASAKI2020-0479	unlabeled	NONE	NONE	PDF p. 479; print p. 469; §A.2.3; paragraph 5, atom 2	Appendix A	appendix-a	PUBLIC-DOCS-SOURCE-ITEM-REVIEW-V1
IT-TASAKI2020-2627	TASAKI2020	000479.0008	PG-TASAKI2020-0479	unlabeled	NONE	NONE	PDF p. 479; print p. 469; §A.2.3; paragraph 6, atom 1	Appendix A	appendix-a	PUBLIC-DOCS-SOURCE-ITEM-REVIEW-V1
IT-TASAKI2020-2628	TASAKI2020	000479.0009	PG-TASAKI2020-0479	unlabeled	NONE	NONE	PDF p. 479; print p. 469; §A.2.3; paragraph 6, atom 2	Appendix A	appendix-a	PUBLIC-DOCS-SOURCE-ITEM-REVIEW-V1
IT-TASAKI2020-2629	TASAKI2020	000479.0010	PG-TASAKI2020-0479	unlabeled	NONE	NONE	PDF p. 479; print p. 469; §A.2.3; paragraph 6, atom 3	Appendix A	appendix-a	PUBLIC-DOCS-SOURCE-ITEM-REVIEW-V1
IT-TASAKI2020-2630	TASAKI2020	000479.0011	PG-TASAKI2020-0479	unlabeled	NONE	NONE	PDF p. 479; print p. 469; §A.2.3; paragraph 7, atom 1	Appendix A	appendix-a	PUBLIC-DOCS-SOURCE-ITEM-REVIEW-V1
IT-TASAKI2020-2631	TASAKI2020	000479.0012	PG-TASAKI2020-0479	lemma	Lemma A.11	NONE	PDF p. 479; print p. 469; §A.2.3; Lemma A.11	Appendix A	appendix-a	PUBLIC-DOCS-SOURCE-ITEM-REVIEW-V1
IT-TASAKI2020-2632	TASAKI2020	000479.0013	PG-TASAKI2020-0479	unlabeled	NONE	NONE	PDF p. 479; print p. 469; §A.2.3; paragraph 8, atom 1	Appendix A	appendix-a	PUBLIC-DOCS-SOURCE-ITEM-REVIEW-V1
IT-TASAKI2020-2633	TASAKI2020	000479.0014	PG-TASAKI2020-0479	unlabeled	NONE	NONE	PDF p. 479; print p. 469; §A.2.3; paragraph 8, atom 2	Appendix A	appendix-a	PUBLIC-DOCS-SOURCE-ITEM-REVIEW-V1
IT-TASAKI2020-2634	TASAKI2020	000479.0015	PG-TASAKI2020-0479	unlabeled	NONE	NONE	PDF p. 479; print p. 469; §A.2.3; paragraph 9, atom 1	Appendix A	appendix-a	PUBLIC-DOCS-SOURCE-ITEM-REVIEW-V1
IT-TASAKI2020-2635	TASAKI2020	000479.0016	PG-TASAKI2020-0479	unlabeled	NONE	NONE	PDF p. 479; print p. 469; §A.2.3; paragraph 9, atom 2	Appendix A	appendix-a	PUBLIC-DOCS-SOURCE-ITEM-REVIEW-V1
IT-TASAKI2020-2636	TASAKI2020	000480.0001	PG-TASAKI2020-0480	unlabeled	NONE	NONE	PDF p. 480; print p. 470; §A.2.3; paragraph 2, atom 1	Appendix A	appendix-a	PUBLIC-DOCS-SOURCE-ITEM-REVIEW-V1
IT-TASAKI2020-2637	TASAKI2020	000480.0002	PG-TASAKI2020-0480	unlabeled	NONE	NONE	PDF p. 480; print p. 470; §A.2.3; paragraph 2, atom 2	Appendix A	appendix-a	PUBLIC-DOCS-SOURCE-ITEM-REVIEW-V1
IT-TASAKI2020-2638	TASAKI2020	000480.0003	PG-TASAKI2020-0480	unlabeled	NONE	NONE	PDF p. 480; print p. 470; §A.2.3; paragraph 2, atom 3	Appendix A	appendix-a	PUBLIC-DOCS-SOURCE-ITEM-REVIEW-V1
IT-TASAKI2020-2639	TASAKI2020	000480.0004	PG-TASAKI2020-0480	theorem	Theorem A.12	NONE	PDF p. 480; print p. 470; §A.2.3; Theorem A.12	Appendix A	appendix-a	PUBLIC-DOCS-SOURCE-ITEM-REVIEW-V1
IT-TASAKI2020-2640	TASAKI2020	000480.0005	PG-TASAKI2020-0480	unlabeled	NONE	NONE	PDF p. 480; print p. 470; §A.2.3; paragraph 3, atom 1	Appendix A	appendix-a	PUBLIC-DOCS-SOURCE-ITEM-REVIEW-V1
IT-TASAKI2020-2641	TASAKI2020	000480.0006	PG-TASAKI2020-0480	unlabeled	NONE	NONE	PDF p. 480; print p. 470; §A.2.3; paragraph 3, atom 2	Appendix A	appendix-a	PUBLIC-DOCS-SOURCE-ITEM-REVIEW-V1
IT-TASAKI2020-2642	TASAKI2020	000480.0007	PG-TASAKI2020-0480	unlabeled	NONE	NONE	PDF p. 480; print p. 470; §A.2.3; paragraph 3, atom 3	Appendix A	appendix-a	PUBLIC-DOCS-SOURCE-ITEM-REVIEW-V1
IT-TASAKI2020-2643	TASAKI2020	000480.0008	PG-TASAKI2020-0480	unlabeled	NONE	NONE	PDF p. 480; print p. 470; §A.2.3; paragraph 3, atom 4	Appendix A	appendix-a	PUBLIC-DOCS-SOURCE-ITEM-REVIEW-V1
IT-TASAKI2020-2644	TASAKI2020	000480.0009	PG-TASAKI2020-0480	unlabeled	NONE	NONE	PDF p. 480; print p. 470; §A.2.3; paragraph 3, atom 5	Appendix A	appendix-a	PUBLIC-DOCS-SOURCE-ITEM-REVIEW-V1
IT-TASAKI2020-2645	TASAKI2020	000481.0001	PG-TASAKI2020-0481	equation	equation (A.3.1)	NONE	PDF p. 481; print p. 471; §A.3.1; equation (A.3.1)	Appendix A	appendix-a	PUBLIC-DOCS-SOURCE-ITEM-REVIEW-V1
IT-TASAKI2020-2646	TASAKI2020	000481.0002	PG-TASAKI2020-0481	unlabeled	NONE	NONE	PDF p. 481; print p. 471; §A.3.1; paragraph 3	Appendix A	appendix-a	PUBLIC-DOCS-SOURCE-ITEM-REVIEW-V1
IT-TASAKI2020-2647	TASAKI2020	000481.0003	PG-TASAKI2020-0481	equation	equation (A.3.2)	NONE	PDF p. 481; print p. 471; §A.3.1; equation (A.3.2)	Appendix A	appendix-a	PUBLIC-DOCS-SOURCE-ITEM-REVIEW-V1
IT-TASAKI2020-2648	TASAKI2020	000481.0004	PG-TASAKI2020-0481	equation	equation (A.3.3)	NONE	PDF p. 481; print p. 471; §A.3.1; equation (A.3.3)	Appendix A	appendix-a	PUBLIC-DOCS-SOURCE-ITEM-REVIEW-V1
IT-TASAKI2020-2649	TASAKI2020	000481.0005	PG-TASAKI2020-0481	unlabeled	NONE	NONE	PDF p. 481; print p. 471; §A.3.1; paragraph 5	Appendix A	appendix-a	PUBLIC-DOCS-SOURCE-ITEM-REVIEW-V1
IT-TASAKI2020-2650	TASAKI2020	000481.0006	PG-TASAKI2020-0481	equation	equation (A.3.4)	NONE	PDF p. 481; print p. 471; §A.3.1; equation (A.3.4)	Appendix A	appendix-a	PUBLIC-DOCS-SOURCE-ITEM-REVIEW-V1
IT-TASAKI2020-2651	TASAKI2020	000481.0007	PG-TASAKI2020-0481	equation	equation (A.3.5)	NONE	PDF p. 481; print p. 471; §A.3.1; equation (A.3.5)	Appendix A	appendix-a	PUBLIC-DOCS-SOURCE-ITEM-REVIEW-V1
IT-TASAKI2020-2652	TASAKI2020	000481.0008	PG-TASAKI2020-0481	equation	equation (A.3.6)	NONE	PDF p. 481; print p. 471; §A.3.1; equation (A.3.6)	Appendix A	appendix-a	PUBLIC-DOCS-SOURCE-ITEM-REVIEW-V1
IT-TASAKI2020-2653	TASAKI2020	000481.0009	PG-TASAKI2020-0481	equation	equation (A.3.7)	NONE	PDF p. 481; print p. 471; §A.3.1; equation (A.3.7)	Appendix A	appendix-a	PUBLIC-DOCS-SOURCE-ITEM-REVIEW-V1
IT-TASAKI2020-2654	TASAKI2020	000481.0010	PG-TASAKI2020-0481	equation	equation (A.3.8)	NONE	PDF p. 481; print p. 471; §A.3.1; equation (A.3.8)	Appendix A	appendix-a	PUBLIC-DOCS-SOURCE-ITEM-REVIEW-V1
IT-TASAKI2020-2655	TASAKI2020	000481.0011	PG-TASAKI2020-0481	unlabeled	NONE	NONE	PDF p. 481; print p. 471; §A.3.1; paragraph 6	Appendix A	appendix-a	PUBLIC-DOCS-SOURCE-ITEM-REVIEW-V1
IT-TASAKI2020-2656	TASAKI2020	000481.0012	PG-TASAKI2020-0481	theorem	Theorem A.13	NONE	PDF p. 481; print p. 471; §A.3.1; Theorem A.13	Appendix A	appendix-a	PUBLIC-DOCS-SOURCE-ITEM-REVIEW-V1
IT-TASAKI2020-2657	TASAKI2020	000481.0013	PG-TASAKI2020-0481	unlabeled	NONE	NONE	PDF p. 481; print p. 471; §A.3.1; paragraph 8, atom 1	Appendix A	appendix-a	PUBLIC-DOCS-SOURCE-ITEM-REVIEW-V1
IT-TASAKI2020-2658	TASAKI2020	000481.0014	PG-TASAKI2020-0481	lemma	Lemma A.14	NONE	PDF p. 481; print p. 471; §A.3.1; Lemma A.14	Appendix A	appendix-a	PUBLIC-DOCS-SOURCE-ITEM-REVIEW-V1
IT-TASAKI2020-2659	TASAKI2020	000481.0015	PG-TASAKI2020-0481	note	Note unnumbered line 15	NONE	PDF p. 481; print p. 471; §A.3.1; Note unnumbered line 15	Appendix A	appendix-a	PUBLIC-DOCS-SOURCE-ITEM-REVIEW-V1
IT-TASAKI2020-2660	TASAKI2020	000482.0001	PG-TASAKI2020-0482	equation	equation (A.3.9)	NONE	PDF p. 482; print p. 472; §A.3.1; equation (A.3.9)	Appendix A	appendix-a	PUBLIC-DOCS-SOURCE-ITEM-REVIEW-V1
IT-TASAKI2020-2661	TASAKI2020	000482.0002	PG-TASAKI2020-0482	equation	equation (A.3.10)	NONE	PDF p. 482; print p. 472; §A.3.1; equation (A.3.10)	Appendix A	appendix-a	PUBLIC-DOCS-SOURCE-ITEM-REVIEW-V1
IT-TASAKI2020-2662	TASAKI2020	000482.0003	PG-TASAKI2020-0482	equation	equation (A.3.11)	NONE	PDF p. 482; print p. 472; §A.3.1; equation (A.3.11)	Appendix A	appendix-a	PUBLIC-DOCS-SOURCE-ITEM-REVIEW-V1
IT-TASAKI2020-2663	TASAKI2020	000482.0004	PG-TASAKI2020-0482	lemma	Lemma A.15	NONE	PDF p. 482; print p. 472; §A.3.1; Lemma A.15	Appendix A	appendix-a	PUBLIC-DOCS-SOURCE-ITEM-REVIEW-V1
IT-TASAKI2020-2664	TASAKI2020	000482.0005	PG-TASAKI2020-0482	unlabeled	NONE	NONE	PDF p. 482; print p. 472; §A.3.1; paragraph 6, atom 1	Appendix A	appendix-a	PUBLIC-DOCS-SOURCE-ITEM-REVIEW-V1
IT-TASAKI2020-2665	TASAKI2020	000482.0006	PG-TASAKI2020-0482	unlabeled	NONE	NONE	PDF p. 482; print p. 472; §A.3.1; paragraph 6, atom 2	Appendix A	appendix-a	PUBLIC-DOCS-SOURCE-ITEM-REVIEW-V1
IT-TASAKI2020-2666	TASAKI2020	000482.0007	PG-TASAKI2020-0482	unlabeled	NONE	NONE	PDF p. 482; print p. 472; §A.3.1; paragraph 6, atom 3	Appendix A	appendix-a	PUBLIC-DOCS-SOURCE-ITEM-REVIEW-V1
IT-TASAKI2020-2667	TASAKI2020	000482.0008	PG-TASAKI2020-0482	unlabeled	NONE	NONE	PDF p. 482; print p. 472; §A.3.1; paragraph 6, atom 4	Appendix A	appendix-a	PUBLIC-DOCS-SOURCE-ITEM-REVIEW-V1
IT-TASAKI2020-2668	TASAKI2020	000482.0009	PG-TASAKI2020-0482	unlabeled	NONE	NONE	PDF p. 482; print p. 472; §A.3.1; paragraph 8	Appendix A	appendix-a	PUBLIC-DOCS-SOURCE-ITEM-REVIEW-V1
IT-TASAKI2020-2669	TASAKI2020	000482.0010	PG-TASAKI2020-0482	equation	equation (A.3.12)	NONE	PDF p. 482; print p. 472; §A.3.1; equation (A.3.12)	Appendix A	appendix-a	PUBLIC-DOCS-SOURCE-ITEM-REVIEW-V1
IT-TASAKI2020-2670	TASAKI2020	000482.0011	PG-TASAKI2020-0482	equation	equation (A.3.13)	NONE	PDF p. 482; print p. 472; §A.3.1; equation (A.3.13)	Appendix A	appendix-a	PUBLIC-DOCS-SOURCE-ITEM-REVIEW-V1
IT-TASAKI2020-2671	TASAKI2020	000483.0001	PG-TASAKI2020-0483	unlabeled	NONE	NONE	PDF p. 483; print p. 473; §A.3.2; paragraph 2, atom 1	Appendix A	appendix-a	PUBLIC-DOCS-SOURCE-ITEM-REVIEW-V1
IT-TASAKI2020-2672	TASAKI2020	000483.0002	PG-TASAKI2020-0483	unlabeled	NONE	NONE	PDF p. 483; print p. 473; §A.3.2; paragraph 2, atom 2	Appendix A	appendix-a	PUBLIC-DOCS-SOURCE-ITEM-REVIEW-V1
IT-TASAKI2020-2673	TASAKI2020	000483.0003	PG-TASAKI2020-0483	unlabeled	NONE	NONE	PDF p. 483; print p. 473; §A.3.2; paragraph 2, atom 3	Appendix A	appendix-a	PUBLIC-DOCS-SOURCE-ITEM-REVIEW-V1
IT-TASAKI2020-2674	TASAKI2020	000483.0004	PG-TASAKI2020-0483	theorem	Theorem A.16	NONE	PDF p. 483; print p. 473; §A.3.2; Theorem A.16	Appendix A	appendix-a	PUBLIC-DOCS-SOURCE-ITEM-REVIEW-V1
IT-TASAKI2020-2675	TASAKI2020	000483.0005	PG-TASAKI2020-0483	equation	equation (A.3.14)	NONE	PDF p. 483; print p. 473; §A.3.2; equation (A.3.14)	Appendix A	appendix-a	PUBLIC-DOCS-SOURCE-ITEM-REVIEW-V1
IT-TASAKI2020-2676	TASAKI2020	000483.0007	PG-TASAKI2020-0483	unlabeled	NONE	NONE	PDF p. 483; print p. 473; §A.3.2; paragraph 3, atom 1	Appendix A	appendix-a	PUBLIC-DOCS-SOURCE-ITEM-REVIEW-V1
IT-TASAKI2020-2677	TASAKI2020	000483.0008	PG-TASAKI2020-0483	theorem	Theorem A.17	NONE	PDF p. 483; print p. 473; §A.3.2; Theorem A.17	Appendix A	appendix-a	PUBLIC-DOCS-SOURCE-ITEM-REVIEW-V1
IT-TASAKI2020-2678	TASAKI2020	000483.0009	PG-TASAKI2020-0483	unlabeled	NONE	NONE	PDF p. 483; print p. 473; §A.3.2; paragraph 3, atom 2	Appendix A	appendix-a	PUBLIC-DOCS-SOURCE-ITEM-REVIEW-V1
IT-TASAKI2020-2679	TASAKI2020	000483.0010	PG-TASAKI2020-0483	unlabeled	NONE	NONE	PDF p. 483; print p. 473; §A.3.3; paragraph 5, atom 1	Appendix A	appendix-a	PUBLIC-DOCS-SOURCE-ITEM-REVIEW-V1
IT-TASAKI2020-2680	TASAKI2020	000483.0011	PG-TASAKI2020-0483	unlabeled	NONE	NONE	PDF p. 483; print p. 473; §A.3.3; paragraph 5, atom 2	Appendix A	appendix-a	PUBLIC-DOCS-SOURCE-ITEM-REVIEW-V1
IT-TASAKI2020-2681	TASAKI2020	000483.0012	PG-TASAKI2020-0483	unlabeled	NONE	NONE	PDF p. 483; print p. 473; §A.3.3; paragraph 5, atom 3	Appendix A	appendix-a	PUBLIC-DOCS-SOURCE-ITEM-REVIEW-V1
IT-TASAKI2020-2682	TASAKI2020	000483.0013	PG-TASAKI2020-0483	unlabeled	NONE	NONE	PDF p. 483; print p. 473; §A.3.3; paragraph 5, atom 4	Appendix A	appendix-a	PUBLIC-DOCS-SOURCE-ITEM-REVIEW-V1
IT-TASAKI2020-2683	TASAKI2020	000483.0014	PG-TASAKI2020-0483	unlabeled	NONE	NONE	PDF p. 483; print p. 473; §A.3.3; paragraph 5, atom 5	Appendix A	appendix-a	PUBLIC-DOCS-SOURCE-ITEM-REVIEW-V1
IT-TASAKI2020-2684	TASAKI2020	000484.0001	PG-TASAKI2020-0484	equation	equation (A.3.15)	NONE	PDF p. 484; print p. 474; §A.3.3; equation (A.3.15)	Appendix A	appendix-a	PUBLIC-DOCS-SOURCE-ITEM-REVIEW-V1
IT-TASAKI2020-2685	TASAKI2020	000484.0002	PG-TASAKI2020-0484	equation	equation (A.3.16)	NONE	PDF p. 484; print p. 474; §A.3.3; equation (A.3.16)	Appendix A	appendix-a	PUBLIC-DOCS-SOURCE-ITEM-REVIEW-V1
IT-TASAKI2020-2686	TASAKI2020	000484.0003	PG-TASAKI2020-0484	equation	equation (A.3.17)	NONE	PDF p. 484; print p. 474; §A.3.3; equation (A.3.17)	Appendix A	appendix-a	PUBLIC-DOCS-SOURCE-ITEM-REVIEW-V1
IT-TASAKI2020-2687	TASAKI2020	000484.0004	PG-TASAKI2020-0484	equation	equation (A.3.18)	NONE	PDF p. 484; print p. 474; §A.3.3; equation (A.3.18)	Appendix A	appendix-a	PUBLIC-DOCS-SOURCE-ITEM-REVIEW-V1
IT-TASAKI2020-2688	TASAKI2020	000484.0005	PG-TASAKI2020-0484	equation	equation (A.3.19)	NONE	PDF p. 484; print p. 474; §A.3.3; equation (A.3.19)	Appendix A	appendix-a	PUBLIC-DOCS-SOURCE-ITEM-REVIEW-V1
IT-TASAKI2020-2689	TASAKI2020	000484.0006	PG-TASAKI2020-0484	unlabeled	NONE	NONE	PDF p. 484; print p. 474; §A.3.3; paragraph 5; audit split atom 1/2	Appendix A	appendix-a	PUBLIC-DOCS-SOURCE-ITEM-REVIEW-V1
IT-TASAKI2020-2690	TASAKI2020	000484.0007	PG-TASAKI2020-0484	unlabeled	NONE	NONE	PDF p. 484; print p. 474; §A.3.3; paragraph 5; audit split atom 2/2	Appendix A	appendix-a	PUBLIC-DOCS-SOURCE-ITEM-REVIEW-V1
IT-TASAKI2020-2691	TASAKI2020	000484.0008	PG-TASAKI2020-0484	equation	equation (A.3.20)	NONE	PDF p. 484; print p. 474; §A.3.3; equation (A.3.20)	Appendix A	appendix-a	PUBLIC-DOCS-SOURCE-ITEM-REVIEW-V1
IT-TASAKI2020-2692	TASAKI2020	000484.0009	PG-TASAKI2020-0484	equation	equation (A.3.21)	NONE	PDF p. 484; print p. 474; §A.3.3; equation (A.3.21)	Appendix A	appendix-a	PUBLIC-DOCS-SOURCE-ITEM-REVIEW-V1
IT-TASAKI2020-2693	TASAKI2020	000484.0010	PG-TASAKI2020-0484	equation	equation (A.3.22)	NONE	PDF p. 484; print p. 474; §A.3.3; equation (A.3.22)	Appendix A	appendix-a	PUBLIC-DOCS-SOURCE-ITEM-REVIEW-V1
IT-TASAKI2020-2694	TASAKI2020	000484.0011	PG-TASAKI2020-0484	equation	equation (A.3.23)	NONE	PDF p. 484; print p. 474; §A.3.3; equation (A.3.23)	Appendix A	appendix-a	PUBLIC-DOCS-SOURCE-ITEM-REVIEW-V1
IT-TASAKI2020-2695	TASAKI2020	000484.0012	PG-TASAKI2020-0484	unlabeled	NONE	NONE	PDF p. 484; print p. 474; §A.3.3; paragraph 8	Appendix A	appendix-a	PUBLIC-DOCS-SOURCE-ITEM-REVIEW-V1
IT-TASAKI2020-2696	TASAKI2020	000484.0013	PG-TASAKI2020-0484	equation	equation (A.3.24)	NONE	PDF p. 484; print p. 474; §A.3.3; equation (A.3.24)	Appendix A	appendix-a	PUBLIC-DOCS-SOURCE-ITEM-REVIEW-V1
IT-TASAKI2020-2697	TASAKI2020	000485.0001	PG-TASAKI2020-0485	unlabeled	NONE	NONE	PDF p. 485; print p. 475; §A.3.3; paragraph 2, atom 1	Appendix A	appendix-a	PUBLIC-DOCS-SOURCE-ITEM-REVIEW-V1
IT-TASAKI2020-2698	TASAKI2020	000485.0002	PG-TASAKI2020-0485	unlabeled	NONE	NONE	PDF p. 485; print p. 475; §A.3.3; paragraph 2, atom 2	Appendix A	appendix-a	PUBLIC-DOCS-SOURCE-ITEM-REVIEW-V1
IT-TASAKI2020-2699	TASAKI2020	000485.0003	PG-TASAKI2020-0485	unlabeled	NONE	NONE	PDF p. 485; print p. 475; §A.3.3; paragraph 2, atom 3; atom 1	Appendix A	appendix-a	PUBLIC-DOCS-SOURCE-ITEM-REVIEW-V1
IT-TASAKI2020-2700	TASAKI2020	000485.0004	PG-TASAKI2020-0485	unlabeled	NONE	NONE	PDF p. 485; print p. 475; §A.3.3; paragraph 2, atom 3; atom 2	Appendix A	appendix-a	PUBLIC-DOCS-SOURCE-ITEM-REVIEW-V1
IT-TASAKI2020-2701	TASAKI2020	000485.0005	PG-TASAKI2020-0485	unlabeled	NONE	NONE	PDF p. 485; print p. 475; §A.3.3; paragraph 2, atom 4	Appendix A	appendix-a	PUBLIC-DOCS-SOURCE-ITEM-REVIEW-V1
IT-TASAKI2020-2702	TASAKI2020	000485.0006	PG-TASAKI2020-0485	theorem	Theorem A.18	NONE	PDF p. 485; print p. 475; §A.4.1; Theorem A.18	Appendix A	appendix-a	PUBLIC-DOCS-SOURCE-ITEM-REVIEW-V1
IT-TASAKI2020-2703	TASAKI2020	000485.0009	PG-TASAKI2020-0485	unlabeled	NONE	NONE	PDF p. 485; print p. 475; §A.4.1; paragraph 7	Appendix A	appendix-a	PUBLIC-DOCS-SOURCE-ITEM-REVIEW-V1
IT-TASAKI2020-2704	TASAKI2020	000485.0010	PG-TASAKI2020-0485	unlabeled	NONE	NONE	PDF p. 485; print p. 475; §A.4.1; paragraph 8; atom 1	Appendix A	appendix-a	PUBLIC-DOCS-SOURCE-ITEM-REVIEW-V1
IT-TASAKI2020-2705	TASAKI2020	000485.0011	PG-TASAKI2020-0485	unlabeled	NONE	NONE	PDF p. 485; print p. 475; §A.4.1; paragraph 8; atom 2	Appendix A	appendix-a	PUBLIC-DOCS-SOURCE-ITEM-REVIEW-V1
IT-TASAKI2020-2706	TASAKI2020	000486.0001	PG-TASAKI2020-0486	unlabeled	NONE	NONE	PDF p. 486; print p. 476; §A.4.1; paragraph 2, atom 1	Appendix A	appendix-a	PUBLIC-DOCS-SOURCE-ITEM-REVIEW-V1
IT-TASAKI2020-2707	TASAKI2020	000486.0002	PG-TASAKI2020-0486	unlabeled	NONE	NONE	PDF p. 486; print p. 476; §A.4.1; paragraph 2, atom 2; v6 final-gate split atom 1/2	Appendix A	appendix-a	PUBLIC-DOCS-SOURCE-ITEM-REVIEW-V1
IT-TASAKI2020-2708	TASAKI2020	000486.0003	PG-TASAKI2020-0486	unlabeled	NONE	NONE	PDF p. 486; print p. 476; §A.4.1; paragraph 2, atom 2; v6 final-gate split atom 2/2	Appendix A	appendix-a	PUBLIC-DOCS-SOURCE-ITEM-REVIEW-V1
IT-TASAKI2020-2709	TASAKI2020	000486.0004	PG-TASAKI2020-0486	equation	equation (A.4.1)	NONE	PDF p. 486; print p. 476; §A.4.1; equation (A.4.1)	Appendix A	appendix-a	PUBLIC-DOCS-SOURCE-ITEM-REVIEW-V1
IT-TASAKI2020-2710	TASAKI2020	000486.0005	PG-TASAKI2020-0486	unlabeled	NONE	NONE	PDF p. 486; print p. 476; §A.4.1; paragraph 4, atom 1	Appendix A	appendix-a	PUBLIC-DOCS-SOURCE-ITEM-REVIEW-V1
IT-TASAKI2020-2711	TASAKI2020	000486.0006	PG-TASAKI2020-0486	unlabeled	NONE	NONE	PDF p. 486; print p. 476; §A.4.1; paragraph 4, atom 2	Appendix A	appendix-a	PUBLIC-DOCS-SOURCE-ITEM-REVIEW-V1
IT-TASAKI2020-2712	TASAKI2020	000486.0007	PG-TASAKI2020-0486	unlabeled	NONE	NONE	PDF p. 486; print p. 476; §A.4.1; paragraph 5, atom 1; v6 final-gate split atom 1/2	Appendix A	appendix-a	PUBLIC-DOCS-SOURCE-ITEM-REVIEW-V1
IT-TASAKI2020-2713	TASAKI2020	000486.0008	PG-TASAKI2020-0486	unlabeled	NONE	NONE	PDF p. 486; print p. 476; §A.4.1; paragraph 5, atom 1; atom 1	Appendix A	appendix-a	PUBLIC-DOCS-SOURCE-ITEM-REVIEW-V1
IT-TASAKI2020-2714	TASAKI2020	000486.0009	PG-TASAKI2020-0486	unlabeled	NONE	NONE	PDF p. 486; print p. 476; §A.4.1; paragraph 5, atom 1; atom 2	Appendix A	appendix-a	PUBLIC-DOCS-SOURCE-ITEM-REVIEW-V1
IT-TASAKI2020-2715	TASAKI2020	000486.0010	PG-TASAKI2020-0486	unlabeled	NONE	NONE	PDF p. 486; print p. 476; §A.4.1; paragraph 5, atom 2	Appendix A	appendix-a	PUBLIC-DOCS-SOURCE-ITEM-REVIEW-V1
IT-TASAKI2020-2716	TASAKI2020	000486.0011	PG-TASAKI2020-0486	theorem	Theorem A.19	NONE	PDF p. 486; print p. 476; §A.4.2; Theorem A.19	Appendix A	appendix-a	PUBLIC-DOCS-SOURCE-ITEM-REVIEW-V1
IT-TASAKI2020-2717	TASAKI2020	000486.0012	PG-TASAKI2020-0486	equation	equation (A.4.2)	NONE	PDF p. 486; print p. 476; §A.4.2; equation (A.4.2)	Appendix A	appendix-a	PUBLIC-DOCS-SOURCE-ITEM-REVIEW-V1
IT-TASAKI2020-2718	TASAKI2020	000487.0001	PG-TASAKI2020-0487	theorem	Theorem A.20	NONE	PDF p. 487; print p. 477; §A.4.2; Theorem A.20	Appendix A	appendix-a	PUBLIC-DOCS-SOURCE-ITEM-REVIEW-V1
IT-TASAKI2020-2719	TASAKI2020	000487.0002	PG-TASAKI2020-0487	equation	equation (A.4.3)	NONE	PDF p. 487; print p. 477; §A.4.2; equation (A.4.3)	Appendix A	appendix-a	PUBLIC-DOCS-SOURCE-ITEM-REVIEW-V1
IT-TASAKI2020-2720	TASAKI2020	000487.0003	PG-TASAKI2020-0487	equation	equation (A.4.4)	NONE	PDF p. 487; print p. 477; §A.4.2; equation (A.4.4)	Appendix A	appendix-a	PUBLIC-DOCS-SOURCE-ITEM-REVIEW-V1
IT-TASAKI2020-2721	TASAKI2020	000487.0004	PG-TASAKI2020-0487	equation	equation (A.4.5)	NONE	PDF p. 487; print p. 477; §A.4.2; equation (A.4.5)	Appendix A	appendix-a	PUBLIC-DOCS-SOURCE-ITEM-REVIEW-V1
IT-TASAKI2020-2722	TASAKI2020	000487.0005	PG-TASAKI2020-0487	equation	equation (A.4.6)	NONE	PDF p. 487; print p. 477; §A.4.2; equation (A.4.6)	Appendix A	appendix-a	PUBLIC-DOCS-SOURCE-ITEM-REVIEW-V1
IT-TASAKI2020-2723	TASAKI2020	000487.0006	PG-TASAKI2020-0487	unlabeled	NONE	NONE	PDF p. 487; print p. 477; §A.4.2; paragraph 8, atom 1	Appendix A	appendix-a	PUBLIC-DOCS-SOURCE-ITEM-REVIEW-V1
IT-TASAKI2020-2724	TASAKI2020	000487.0007	PG-TASAKI2020-0487	unlabeled	NONE	NONE	PDF p. 487; print p. 477; §A.4.2; paragraph 8, atom 2	Appendix A	appendix-a	PUBLIC-DOCS-SOURCE-ITEM-REVIEW-V1
IT-TASAKI2020-2725	TASAKI2020	000487.0008	PG-TASAKI2020-0487	unlabeled	NONE	NONE	PDF p. 487; print p. 477; §A.4.2; paragraph 9, atom 1	Appendix A	appendix-a	PUBLIC-DOCS-SOURCE-ITEM-REVIEW-V1
IT-TASAKI2020-2726	TASAKI2020	000487.0009	PG-TASAKI2020-0487	unlabeled	NONE	NONE	PDF p. 487; print p. 477; §A.4.2; paragraph 9, atom 2	Appendix A	appendix-a	PUBLIC-DOCS-SOURCE-ITEM-REVIEW-V1
IT-TASAKI2020-2727	TASAKI2020	000487.0010	PG-TASAKI2020-0487	unlabeled	NONE	NONE	PDF p. 487; print p. 477; §A.4.2; paragraph 9, atom 3	Appendix A	appendix-a	PUBLIC-DOCS-SOURCE-ITEM-REVIEW-V1
IT-TASAKI2020-2728	TASAKI2020	000487.0011	PG-TASAKI2020-0487	unlabeled	NONE	NONE	PDF p. 487; print p. 477; §A.4.2; paragraph 9, atom 4	Appendix A	appendix-a	PUBLIC-DOCS-SOURCE-ITEM-REVIEW-V1
IT-TASAKI2020-2729	TASAKI2020	000488.0001	PG-TASAKI2020-0488	equation	equation (A.4.7)	NONE	PDF p. 488; print p. 478; §A.4.2; equation (A.4.7)	Appendix A	appendix-a	PUBLIC-DOCS-SOURCE-ITEM-REVIEW-V1
IT-TASAKI2020-2730	TASAKI2020	000488.0002	PG-TASAKI2020-0488	unlabeled	NONE	NONE	PDF p. 488; print p. 478; §A.4.2; paragraph 3	Appendix A	appendix-a	PUBLIC-DOCS-SOURCE-ITEM-REVIEW-V1
IT-TASAKI2020-2731	TASAKI2020	000488.0003	PG-TASAKI2020-0488	equation	equation (A.4.8)	NONE	PDF p. 488; print p. 478; §A.4.2; equation (A.4.8)	Appendix A	appendix-a	PUBLIC-DOCS-SOURCE-ITEM-REVIEW-V1
IT-TASAKI2020-2732	TASAKI2020	000488.0004	PG-TASAKI2020-0488	unlabeled	NONE	NONE	PDF p. 488; print p. 478; §A.4.2; paragraph 5; audit split atom 1/3	Appendix A	appendix-a	PUBLIC-DOCS-SOURCE-ITEM-REVIEW-V1
IT-TASAKI2020-2733	TASAKI2020	000488.0005	PG-TASAKI2020-0488	unlabeled	NONE	NONE	PDF p. 488; print p. 478; §A.4.2; paragraph 5; audit split atom 2/3	Appendix A	appendix-a	PUBLIC-DOCS-SOURCE-ITEM-REVIEW-V1
IT-TASAKI2020-2734	TASAKI2020	000488.0006	PG-TASAKI2020-0488	unlabeled	NONE	NONE	PDF p. 488; print p. 478; §A.4.2; paragraph 5; audit split atom 3/3	Appendix A	appendix-a	PUBLIC-DOCS-SOURCE-ITEM-REVIEW-V1
IT-TASAKI2020-2735	TASAKI2020	000488.0007	PG-TASAKI2020-0488	equation	equation (A.4.9)	NONE	PDF p. 488; print p. 478; §A.4.2; equation (A.4.9)	Appendix A	appendix-a	PUBLIC-DOCS-SOURCE-ITEM-REVIEW-V1
IT-TASAKI2020-2736	TASAKI2020	000488.0008	PG-TASAKI2020-0488	unlabeled	NONE	NONE	PDF p. 488; print p. 478; §A.4.2; paragraph 7	Appendix A	appendix-a	PUBLIC-DOCS-SOURCE-ITEM-REVIEW-V1
IT-TASAKI2020-2737	TASAKI2020	000488.0009	PG-TASAKI2020-0488	unlabeled	NONE	NONE	PDF p. 488; print p. 478; §A.4.3; paragraph 9, atom 1	Appendix A	appendix-a	PUBLIC-DOCS-SOURCE-ITEM-REVIEW-V1
IT-TASAKI2020-2738	TASAKI2020	000488.0010	PG-TASAKI2020-0488	unlabeled	NONE	NONE	PDF p. 488; print p. 478; §A.4.3; paragraph 9, atom 2	Appendix A	appendix-a	PUBLIC-DOCS-SOURCE-ITEM-REVIEW-V1
IT-TASAKI2020-2739	TASAKI2020	000488.0011	PG-TASAKI2020-0488	equation	equation (A.4.10)	NONE	PDF p. 488; print p. 478; §A.4.3; equation (A.4.10)	Appendix A	appendix-a	PUBLIC-DOCS-SOURCE-ITEM-REVIEW-V1
IT-TASAKI2020-2740	TASAKI2020	000488.0012	PG-TASAKI2020-0488	equation	equation (A.4.11)	NONE	PDF p. 488; print p. 478; §A.4.3; equation (A.4.11)	Appendix A	appendix-a	PUBLIC-DOCS-SOURCE-ITEM-REVIEW-V1
IT-TASAKI2020-2741	TASAKI2020	000489.0001	PG-TASAKI2020-0489	equation	equation (A.4.12)	NONE	PDF p. 489; print p. 479; §A.4.3; equation (A.4.12)	Appendix A	appendix-a	PUBLIC-DOCS-SOURCE-ITEM-REVIEW-V1
IT-TASAKI2020-2742	TASAKI2020	000489.0002	PG-TASAKI2020-0489	unlabeled	NONE	NONE	PDF p. 489; print p. 479; §A.4.3; paragraph 3; audit split atom 1/3	Appendix A	appendix-a	PUBLIC-DOCS-SOURCE-ITEM-REVIEW-V1
IT-TASAKI2020-2743	TASAKI2020	000489.0003	PG-TASAKI2020-0489	unlabeled	NONE	NONE	PDF p. 489; print p. 479; §A.4.3; paragraph 3; atom 1	Appendix A	appendix-a	PUBLIC-DOCS-SOURCE-ITEM-REVIEW-V1
IT-TASAKI2020-2744	TASAKI2020	000489.0004	PG-TASAKI2020-0489	unlabeled	NONE	NONE	PDF p. 489; print p. 479; §A.4.3; paragraph 3; atom 2	Appendix A	appendix-a	PUBLIC-DOCS-SOURCE-ITEM-REVIEW-V1
IT-TASAKI2020-2745	TASAKI2020	000489.0005	PG-TASAKI2020-0489	unlabeled	NONE	NONE	PDF p. 489; print p. 479; §A.4.3; paragraph 3; audit split atom 3/3	Appendix A	appendix-a	PUBLIC-DOCS-SOURCE-ITEM-REVIEW-V1
IT-TASAKI2020-2746	TASAKI2020	000489.0006	PG-TASAKI2020-0489	equation	equation (A.4.13)	NONE	PDF p. 489; print p. 479; §A.4.3; equation (A.4.13)	Appendix A	appendix-a	PUBLIC-DOCS-SOURCE-ITEM-REVIEW-V1
IT-TASAKI2020-2747	TASAKI2020	000489.0007	PG-TASAKI2020-0489	equation	equation (A.4.14)	NONE	PDF p. 489; print p. 479; §A.4.3; equation (A.4.14)	Appendix A	appendix-a	PUBLIC-DOCS-SOURCE-ITEM-REVIEW-V1
IT-TASAKI2020-2748	TASAKI2020	000489.0008	PG-TASAKI2020-0489	equation	equation (A.4.15)	NONE	PDF p. 489; print p. 479; §A.4.3; equation (A.4.15)	Appendix A	appendix-a	PUBLIC-DOCS-SOURCE-ITEM-REVIEW-V1
IT-TASAKI2020-2749	TASAKI2020	000489.0009	PG-TASAKI2020-0489	unlabeled	NONE	NONE	PDF p. 489; print p. 479; §A.4.3; paragraph 8	Appendix A	appendix-a	PUBLIC-DOCS-SOURCE-ITEM-REVIEW-V1
IT-TASAKI2020-2750	TASAKI2020	000489.0010	PG-TASAKI2020-0489	equation	equation (A.4.16)	NONE	PDF p. 489; print p. 479; §A.4.3; equation (A.4.16)	Appendix A	appendix-a	PUBLIC-DOCS-SOURCE-ITEM-REVIEW-V1
IT-TASAKI2020-2751	TASAKI2020	000489.0011	PG-TASAKI2020-0489	equation	equation (A.4.17)	NONE	PDF p. 489; print p. 479; §A.4.3; equation (A.4.17)	Appendix A	appendix-a	PUBLIC-DOCS-SOURCE-ITEM-REVIEW-V1
IT-TASAKI2020-2752	TASAKI2020	000489.0012	PG-TASAKI2020-0489	unlabeled	NONE	NONE	PDF p. 489; print p. 479; §A.4.3; paragraph 12	Appendix A	appendix-a	PUBLIC-DOCS-SOURCE-ITEM-REVIEW-V1
IT-TASAKI2020-2753	TASAKI2020	000489.0013	PG-TASAKI2020-0489	equation	equation (A.4.18)	NONE	PDF p. 489; print p. 479; §A.4.3; equation (A.4.18)	Appendix A	appendix-a	PUBLIC-DOCS-SOURCE-ITEM-REVIEW-V1
IT-TASAKI2020-2754	TASAKI2020	000489.0014	PG-TASAKI2020-0489	equation	equation (A.4.19)	NONE	PDF p. 489; print p. 479; §A.4.3; equation (A.4.19)	Appendix A	appendix-a	PUBLIC-DOCS-SOURCE-ITEM-REVIEW-V1
IT-TASAKI2020-2755	TASAKI2020	000489.0015	PG-TASAKI2020-0489	unlabeled	NONE	NONE	PDF p. 489; print p. 479; §A.4.3; paragraph 15	Appendix A	appendix-a	PUBLIC-DOCS-SOURCE-ITEM-REVIEW-V1
IT-TASAKI2020-2756	TASAKI2020	000489.0016	PG-TASAKI2020-0489	unlabeled	NONE	NONE	PDF p. 489; print p. 479; §A.5; paragraph 18	Appendix A	appendix-a	PUBLIC-DOCS-SOURCE-ITEM-REVIEW-V1
IT-TASAKI2020-2757	TASAKI2020	000490.0001	PG-TASAKI2020-0490	unlabeled	NONE	NONE	PDF p. 490; print p. 480; §A.5; paragraph 2, atom 1	Appendix A	appendix-a	PUBLIC-DOCS-SOURCE-ITEM-REVIEW-V1
IT-TASAKI2020-2758	TASAKI2020	000490.0002	PG-TASAKI2020-0490	unlabeled	NONE	NONE	PDF p. 490; print p. 480; §A.5; paragraph 2, atom 2	Appendix A	appendix-a	PUBLIC-DOCS-SOURCE-ITEM-REVIEW-V1
IT-TASAKI2020-2759	TASAKI2020	000490.0003	PG-TASAKI2020-0490	unlabeled	NONE	NONE	PDF p. 490; print p. 480; §A.5; paragraph 2, atom 3	Appendix A	appendix-a	PUBLIC-DOCS-SOURCE-ITEM-REVIEW-V1
IT-TASAKI2020-2760	TASAKI2020	000490.0004	PG-TASAKI2020-0490	equation	equation (A.5.1)	NONE	PDF p. 490; print p. 480; §A.5; equation (A.5.1)	Appendix A	appendix-a	PUBLIC-DOCS-SOURCE-ITEM-REVIEW-V1
IT-TASAKI2020-2761	TASAKI2020	000490.0005	PG-TASAKI2020-0490	unlabeled	NONE	NONE	PDF p. 490; print p. 480; §A.5; paragraph 3	Appendix A	appendix-a	PUBLIC-DOCS-SOURCE-ITEM-REVIEW-V1
IT-TASAKI2020-2762	TASAKI2020	000490.0006	PG-TASAKI2020-0490	equation	equation (A.5.2)	NONE	PDF p. 490; print p. 480; §A.5; equation (A.5.2)	Appendix A	appendix-a	PUBLIC-DOCS-SOURCE-ITEM-REVIEW-V1
IT-TASAKI2020-2763	TASAKI2020	000491.0001	PG-TASAKI2020-0491	equation	equation (A.5.3)	NONE	PDF p. 491; print p. 481; §A.5; equation (A.5.3)	Appendix A	appendix-a	PUBLIC-DOCS-SOURCE-ITEM-REVIEW-V1
IT-TASAKI2020-2764	TASAKI2020	000491.0002	PG-TASAKI2020-0491	equation	equation (A.5.4)	NONE	PDF p. 491; print p. 481; §A.5; equation (A.5.4)	Appendix A	appendix-a	PUBLIC-DOCS-SOURCE-ITEM-REVIEW-V1
IT-TASAKI2020-2765	TASAKI2020	000491.0003	PG-TASAKI2020-0491	unlabeled	NONE	NONE	PDF p. 491; print p. 481; §A.5; paragraph 4; atom 1	Appendix A	appendix-a	PUBLIC-DOCS-SOURCE-ITEM-REVIEW-V1
IT-TASAKI2020-2766	TASAKI2020	000491.0004	PG-TASAKI2020-0491	unlabeled	NONE	NONE	PDF p. 491; print p. 481; §A.5; paragraph 4; atom 2	Appendix A	appendix-a	PUBLIC-DOCS-SOURCE-ITEM-REVIEW-V1
IT-TASAKI2020-2767	TASAKI2020	000491.0005	PG-TASAKI2020-0491	unlabeled	NONE	NONE	PDF p. 491; print p. 481; §A.5; paragraph 4; v7 split atom 2/3	Appendix A	appendix-a	PUBLIC-DOCS-SOURCE-ITEM-REVIEW-V1
IT-TASAKI2020-2768	TASAKI2020	000491.0006	PG-TASAKI2020-0491	unlabeled	NONE	NONE	PDF p. 491; print p. 481; §A.5; paragraph 4; v7 split atom 3/3	Appendix A	appendix-a	PUBLIC-DOCS-SOURCE-ITEM-REVIEW-V1
IT-TASAKI2020-2769	TASAKI2020	000491.0007	PG-TASAKI2020-0491	equation	equation (A.5.5)	NONE	PDF p. 491; print p. 481; §A.5; equation (A.5.5)	Appendix A	appendix-a	PUBLIC-DOCS-SOURCE-ITEM-REVIEW-V1
IT-TASAKI2020-2770	TASAKI2020	000491.0008	PG-TASAKI2020-0491	unlabeled	NONE	NONE	PDF p. 491; print p. 481; §A.5; paragraph 7	Appendix A	appendix-a	PUBLIC-DOCS-SOURCE-ITEM-REVIEW-V1
IT-TASAKI2020-2771	TASAKI2020	000492.0001	PG-TASAKI2020-0492	unlabeled	NONE	NONE	PDF p. 492; print p. 482; §A.5; paragraph 2	Appendix A	appendix-a	PUBLIC-DOCS-SOURCE-ITEM-REVIEW-V1
IT-TASAKI2020-2772	TASAKI2020	000492.0002	PG-TASAKI2020-0492	equation	equation (A.5.6)	NONE	PDF p. 492; print p. 482; §A.5; equation (A.5.6)	Appendix A	appendix-a	PUBLIC-DOCS-SOURCE-ITEM-REVIEW-V1
IT-TASAKI2020-2773	TASAKI2020	000492.0003	PG-TASAKI2020-0492	unlabeled	NONE	NONE	PDF p. 492; print p. 482; §A.5; paragraph 3	Appendix A	appendix-a	PUBLIC-DOCS-SOURCE-ITEM-REVIEW-V1
IT-TASAKI2020-2774	TASAKI2020	000492.0004	PG-TASAKI2020-0492	unlabeled	NONE	NONE	PDF p. 492; print p. 482; §A.6.1; paragraph 7, atom 1	Appendix A	appendix-a	PUBLIC-DOCS-SOURCE-ITEM-REVIEW-V1
IT-TASAKI2020-2775	TASAKI2020	000492.0005	PG-TASAKI2020-0492	unlabeled	NONE	NONE	PDF p. 492; print p. 482; §A.6.1; paragraph 7, atom 2	Appendix A	appendix-a	PUBLIC-DOCS-SOURCE-ITEM-REVIEW-V1
IT-TASAKI2020-2776	TASAKI2020	000493.0001	PG-TASAKI2020-0493	unlabeled	NONE	NONE	PDF p. 493; print p. 483; §A.6.1; paragraph 2; audit split atom 1/3	Appendix A	appendix-a	PUBLIC-DOCS-SOURCE-ITEM-REVIEW-V1
IT-TASAKI2020-2777	TASAKI2020	000493.0002	PG-TASAKI2020-0493	unlabeled	NONE	NONE	PDF p. 493; print p. 483; §A.6.1; paragraph 2; audit split atom 2/3	Appendix A	appendix-a	PUBLIC-DOCS-SOURCE-ITEM-REVIEW-V1
IT-TASAKI2020-2778	TASAKI2020	000493.0003	PG-TASAKI2020-0493	unlabeled	NONE	NONE	PDF p. 493; print p. 483; §A.6.1; paragraph 2; atom 1	Appendix A	appendix-a	PUBLIC-DOCS-SOURCE-ITEM-REVIEW-V1
IT-TASAKI2020-2779	TASAKI2020	000493.0004	PG-TASAKI2020-0493	unlabeled	NONE	NONE	PDF p. 493; print p. 483; §A.6.1; paragraph 2; atom 2	Appendix A	appendix-a	PUBLIC-DOCS-SOURCE-ITEM-REVIEW-V1
IT-TASAKI2020-2780	TASAKI2020	000493.0005	PG-TASAKI2020-0493	theorem	Theorem A.21	NONE	PDF p. 493; print p. 483; §A.6.1; Theorem A.21	Appendix A	appendix-a	PUBLIC-DOCS-SOURCE-ITEM-REVIEW-V1
IT-TASAKI2020-2781	TASAKI2020	000493.0006	PG-TASAKI2020-0493	equation	equation (A.6.1)	NONE	PDF p. 493; print p. 483; §A.6.1; equation (A.6.1)	Appendix A	appendix-a	PUBLIC-DOCS-SOURCE-ITEM-REVIEW-V1
IT-TASAKI2020-2782	TASAKI2020	000493.0007	PG-TASAKI2020-0493	equation	equation (A.6.2)	NONE	PDF p. 493; print p. 483; §A.6.1; equation (A.6.2)	Appendix A	appendix-a	PUBLIC-DOCS-SOURCE-ITEM-REVIEW-V1
IT-TASAKI2020-2783	TASAKI2020	000493.0008	PG-TASAKI2020-0493	unlabeled	NONE	NONE	PDF p. 493; print p. 483; §A.6.1; paragraph 7	Appendix A	appendix-a	PUBLIC-DOCS-SOURCE-ITEM-REVIEW-V1
IT-TASAKI2020-2784	TASAKI2020	000493.0009	PG-TASAKI2020-0493	equation	equation (A.6.3)	NONE	PDF p. 493; print p. 483; §A.6.1; equation (A.6.3)	Appendix A	appendix-a	PUBLIC-DOCS-SOURCE-ITEM-REVIEW-V1
IT-TASAKI2020-2785	TASAKI2020	000493.0010	PG-TASAKI2020-0493	unlabeled	NONE	NONE	PDF p. 493; print p. 483; §A.6.1; paragraph 8, atom 1; atom 1	Appendix A	appendix-a	PUBLIC-DOCS-SOURCE-ITEM-REVIEW-V1
IT-TASAKI2020-2786	TASAKI2020	000493.0011	PG-TASAKI2020-0493	unlabeled	NONE	NONE	PDF p. 493; print p. 483; §A.6.1; paragraph 8, atom 1; atom 2	Appendix A	appendix-a	PUBLIC-DOCS-SOURCE-ITEM-REVIEW-V1
IT-TASAKI2020-2787	TASAKI2020	000493.0012	PG-TASAKI2020-0493	unlabeled	NONE	NONE	PDF p. 493; print p. 483; §A.6.1; paragraph 8, atom 1; atom 3	Appendix A	appendix-a	PUBLIC-DOCS-SOURCE-ITEM-REVIEW-V1
IT-TASAKI2020-2788	TASAKI2020	000493.0013	PG-TASAKI2020-0493	unlabeled	NONE	NONE	PDF p. 493; print p. 483; §A.6.1; paragraph 8, atom 2	Appendix A	appendix-a	PUBLIC-DOCS-SOURCE-ITEM-REVIEW-V1
IT-TASAKI2020-2789	TASAKI2020	000494.0001	PG-TASAKI2020-0494	unlabeled	NONE	NONE	PDF p. 494; print p. 484; §A.6.1; paragraph 2, atom 1	Appendix A	appendix-a	PUBLIC-DOCS-SOURCE-ITEM-REVIEW-V1
IT-TASAKI2020-2790	TASAKI2020	000494.0002	PG-TASAKI2020-0494	unlabeled	NONE	NONE	PDF p. 494; print p. 484; §A.6.1; paragraph 2, atom 2	Appendix A	appendix-a	PUBLIC-DOCS-SOURCE-ITEM-REVIEW-V1
IT-TASAKI2020-2791	TASAKI2020	000494.0003	PG-TASAKI2020-0494	equation	equation (A.6.4)	NONE	PDF p. 494; print p. 484; §A.6.1; equation (A.6.4)	Appendix A	appendix-a	PUBLIC-DOCS-SOURCE-ITEM-REVIEW-V1
IT-TASAKI2020-2792	TASAKI2020	000494.0004	PG-TASAKI2020-0494	unlabeled	NONE	NONE	PDF p. 494; print p. 484; §A.6.1; paragraph 4, atom 1	Appendix A	appendix-a	PUBLIC-DOCS-SOURCE-ITEM-REVIEW-V1
IT-TASAKI2020-2793	TASAKI2020	000494.0005	PG-TASAKI2020-0494	unlabeled	NONE	NONE	PDF p. 494; print p. 484; §A.6.1; paragraph 4, atom 2	Appendix A	appendix-a	PUBLIC-DOCS-SOURCE-ITEM-REVIEW-V1
IT-TASAKI2020-2794	TASAKI2020	000494.0006	PG-TASAKI2020-0494	unlabeled	NONE	NONE	PDF p. 494; print p. 484; §A.6.1; paragraph 4, atom 3	Appendix A	appendix-a	PUBLIC-DOCS-SOURCE-ITEM-REVIEW-V1
IT-TASAKI2020-2795	TASAKI2020	000494.0007	PG-TASAKI2020-0494	unlabeled	NONE	NONE	PDF p. 494; print p. 484; §A.6.1; paragraph 4, atom 4	Appendix A	appendix-a	PUBLIC-DOCS-SOURCE-ITEM-REVIEW-V1
IT-TASAKI2020-2796	TASAKI2020	000494.0008	PG-TASAKI2020-0494	unlabeled	NONE	NONE	PDF p. 494; print p. 484; §A.6.1; paragraph 4, atom 5	Appendix A	appendix-a	PUBLIC-DOCS-SOURCE-ITEM-REVIEW-V1
IT-TASAKI2020-2797	TASAKI2020	000494.0009	PG-TASAKI2020-0494	equation	equation (A.6.5)	NONE	PDF p. 494; print p. 484; §A.6.1; equation (A.6.5)	Appendix A	appendix-a	PUBLIC-DOCS-SOURCE-ITEM-REVIEW-V1
IT-TASAKI2020-2798	TASAKI2020	000494.0010	PG-TASAKI2020-0494	equation	equation (A.6.6)	NONE	PDF p. 494; print p. 484; §A.6.1; equation (A.6.6)	Appendix A	appendix-a	PUBLIC-DOCS-SOURCE-ITEM-REVIEW-V1
IT-TASAKI2020-2799	TASAKI2020	000494.0011	PG-TASAKI2020-0494	unlabeled	NONE	NONE	PDF p. 494; print p. 484; §A.6.1; paragraph 7, atom 1	Appendix A	appendix-a	PUBLIC-DOCS-SOURCE-ITEM-REVIEW-V1
IT-TASAKI2020-2800	TASAKI2020	000494.0012	PG-TASAKI2020-0494	unlabeled	NONE	NONE	PDF p. 494; print p. 484; §A.6.1; paragraph 7, atom 2	Appendix A	appendix-a	PUBLIC-DOCS-SOURCE-ITEM-REVIEW-V1
IT-TASAKI2020-2801	TASAKI2020	000494.0013	PG-TASAKI2020-0494	equation	equation (A.6.7)	NONE	PDF p. 494; print p. 484; §A.6.1; equation (A.6.7)	Appendix A	appendix-a	PUBLIC-DOCS-SOURCE-ITEM-REVIEW-V1
IT-TASAKI2020-2802	TASAKI2020	000495.0001	PG-TASAKI2020-0495	equation	equation (A.6.8)	NONE	PDF p. 495; print p. 485; §A.6.1; equation (A.6.8)	Appendix A	appendix-a	PUBLIC-DOCS-SOURCE-ITEM-REVIEW-V1
IT-TASAKI2020-2803	TASAKI2020	000495.0002	PG-TASAKI2020-0495	equation	equation (A.6.9)	NONE	PDF p. 495; print p. 485; §A.6.1; equation (A.6.9)	Appendix A	appendix-a	PUBLIC-DOCS-SOURCE-ITEM-REVIEW-V1
IT-TASAKI2020-2804	TASAKI2020	000495.0003	PG-TASAKI2020-0495	unlabeled	NONE	NONE	PDF p. 495; print p. 485; §A.6.1; paragraph 7	Appendix A	appendix-a	PUBLIC-DOCS-SOURCE-ITEM-REVIEW-V1
IT-TASAKI2020-2805	TASAKI2020	000495.0004	PG-TASAKI2020-0495	theorem	Theorem A.22	NONE	PDF p. 495; print p. 485; §A.6.1; Theorem A.22	Appendix A	appendix-a	PUBLIC-DOCS-SOURCE-ITEM-REVIEW-V1
IT-TASAKI2020-2806	TASAKI2020	000495.0005	PG-TASAKI2020-0495	equation	equation (A.6.10)	NONE	PDF p. 495; print p. 485; §A.6.1; equation (A.6.10)	Appendix A	appendix-a	PUBLIC-DOCS-SOURCE-ITEM-REVIEW-V1
IT-TASAKI2020-2807	TASAKI2020	000496.0001	PG-TASAKI2020-0496	unlabeled	NONE	NONE	PDF p. 496; print p. 486; §A.6.2; paragraph 2, atom 1	Appendix A	appendix-a	PUBLIC-DOCS-SOURCE-ITEM-REVIEW-V1
IT-TASAKI2020-2808	TASAKI2020	000496.0002	PG-TASAKI2020-0496	unlabeled	NONE	NONE	PDF p. 496; print p. 486; §A.6.2; paragraph 2, atom 2	Appendix A	appendix-a	PUBLIC-DOCS-SOURCE-ITEM-REVIEW-V1
IT-TASAKI2020-2809	TASAKI2020	000496.0003	PG-TASAKI2020-0496	unlabeled	NONE	NONE	PDF p. 496; print p. 486; §A.6.2; paragraph 2, atom 3	Appendix A	appendix-a	PUBLIC-DOCS-SOURCE-ITEM-REVIEW-V1
IT-TASAKI2020-2810	TASAKI2020	000497.0001	PG-TASAKI2020-0497	unlabeled	NONE	NONE	PDF p. 497; print p. 487; §A.7; paragraph 2, atom 1	Appendix A	appendix-a	PUBLIC-DOCS-SOURCE-ITEM-REVIEW-V1
IT-TASAKI2020-2811	TASAKI2020	000497.0002	PG-TASAKI2020-0497	unlabeled	NONE	NONE	PDF p. 497; print p. 487; §A.7; paragraph 2, atom 2	Appendix A	appendix-a	PUBLIC-DOCS-SOURCE-ITEM-REVIEW-V1
IT-TASAKI2020-2812	TASAKI2020	000497.0003	PG-TASAKI2020-0497	unlabeled	NONE	NONE	PDF p. 497; print p. 487; §A.7; paragraph 2, atom 3	Appendix A	appendix-a	PUBLIC-DOCS-SOURCE-ITEM-REVIEW-V1
IT-TASAKI2020-2813	TASAKI2020	000497.0004	PG-TASAKI2020-0497	unlabeled	NONE	NONE	PDF p. 497; print p. 487; §A.7; paragraph 2, atom 4	Appendix A	appendix-a	PUBLIC-DOCS-SOURCE-ITEM-REVIEW-V1
IT-TASAKI2020-2814	TASAKI2020	000497.0005	PG-TASAKI2020-0497	equation	equation (A.7.1)	NONE	PDF p. 497; print p. 487; §A.7; equation (A.7.1)	Appendix A	appendix-a	PUBLIC-DOCS-SOURCE-ITEM-REVIEW-V1
IT-TASAKI2020-2815	TASAKI2020	000497.0006	PG-TASAKI2020-0497	definition	Definition A.23	NONE	PDF p. 497; print p. 487; §A.7; Definition A.23	Appendix A	appendix-a	PUBLIC-DOCS-SOURCE-ITEM-REVIEW-V1
IT-TASAKI2020-2816	TASAKI2020	000497.0007	PG-TASAKI2020-0497	unlabeled	NONE	NONE	PDF p. 497; print p. 487; §A.7; paragraph 3, atom 2	Appendix A	appendix-a	PUBLIC-DOCS-SOURCE-ITEM-REVIEW-V1
IT-TASAKI2020-2817	TASAKI2020	000497.0008	PG-TASAKI2020-0497	equation	equation (A.7.2)	NONE	PDF p. 497; print p. 487; §A.7; equation (A.7.2)	Appendix A	appendix-a	PUBLIC-DOCS-SOURCE-ITEM-REVIEW-V1
IT-TASAKI2020-2818	TASAKI2020	000498.0001	PG-TASAKI2020-0498	theorem	Theorem A.24	NONE	PDF p. 498; print p. 488; §A.7; Theorem A.24	Appendix A	appendix-a	PUBLIC-DOCS-SOURCE-ITEM-REVIEW-V1
IT-TASAKI2020-2819	TASAKI2020	000498.0002	PG-TASAKI2020-0498	unlabeled	NONE	NONE	PDF p. 498; print p. 488; §A.7; paragraph 2	Appendix A	appendix-a	PUBLIC-DOCS-SOURCE-ITEM-REVIEW-V1
IT-TASAKI2020-2820	TASAKI2020	000498.0003	PG-TASAKI2020-0498	equation	equation (A.7.3)	NONE	PDF p. 498; print p. 488; §A.7; equation (A.7.3)	Appendix A	appendix-a	PUBLIC-DOCS-SOURCE-ITEM-REVIEW-V1
IT-TASAKI2020-2821	TASAKI2020	000498.0004	PG-TASAKI2020-0498	unlabeled	NONE	NONE	PDF p. 498; print p. 488; §A.7; paragraph 4, atom 1	Appendix A	appendix-a	PUBLIC-DOCS-SOURCE-ITEM-REVIEW-V1
IT-TASAKI2020-2822	TASAKI2020	000498.0005	PG-TASAKI2020-0498	unlabeled	NONE	NONE	PDF p. 498; print p. 488; §A.7; paragraph 4, atom 2	Appendix A	appendix-a	PUBLIC-DOCS-SOURCE-ITEM-REVIEW-V1
IT-TASAKI2020-2823	TASAKI2020	000498.0006	PG-TASAKI2020-0498	unlabeled	NONE	NONE	PDF p. 498; print p. 488; §A.7; paragraph 4, atom 3	Appendix A	appendix-a	PUBLIC-DOCS-SOURCE-ITEM-REVIEW-V1
IT-TASAKI2020-2824	TASAKI2020	000498.0007	PG-TASAKI2020-0498	equation	equation (A.7.4)	NONE	PDF p. 498; print p. 488; §A.7; equation (A.7.4)	Appendix A	appendix-a	PUBLIC-DOCS-SOURCE-ITEM-REVIEW-V1
IT-TASAKI2020-2825	TASAKI2020	000498.0008	PG-TASAKI2020-0498	unlabeled	NONE	NONE	PDF p. 498; print p. 488; §A.7; paragraph 7, atom 1	Appendix A	appendix-a	PUBLIC-DOCS-SOURCE-ITEM-REVIEW-V1
IT-TASAKI2020-2826	TASAKI2020	000498.0009	PG-TASAKI2020-0498	definition	Definition A.25	NONE	PDF p. 498; print p. 488; §A.7; Definition A.25	Appendix A	appendix-a	PUBLIC-DOCS-SOURCE-ITEM-REVIEW-V1
IT-TASAKI2020-2827	TASAKI2020	000498.0010	PG-TASAKI2020-0498	equation	equation (A.7.5)	NONE	PDF p. 498; print p. 488; §A.7; equation (A.7.5)	Appendix A	appendix-a	PUBLIC-DOCS-SOURCE-ITEM-REVIEW-V1
IT-TASAKI2020-2828	TASAKI2020	000499.0001	PG-TASAKI2020-0499	equation	equation (A.7.6)	NONE	PDF p. 499; print p. 489; §A.7; equation (A.7.6)	Appendix A	appendix-a	PUBLIC-DOCS-SOURCE-ITEM-REVIEW-V1
IT-TASAKI2020-2829	TASAKI2020	000499.0002	PG-TASAKI2020-0499	unlabeled	NONE	NONE	PDF p. 499; print p. 489; §A.7; paragraph 3; v5 repair split atom 1/2	Appendix A	appendix-a	PUBLIC-DOCS-SOURCE-ITEM-REVIEW-V1
IT-TASAKI2020-2830	TASAKI2020	000499.0003	PG-TASAKI2020-0499	unlabeled	NONE	NONE	PDF p. 499; print p. 489; §A.7; paragraph 3; v5 repair split atom 2/2	Appendix A	appendix-a	PUBLIC-DOCS-SOURCE-ITEM-REVIEW-V1
IT-TASAKI2020-2831	TASAKI2020	000499.0004	PG-TASAKI2020-0499	theorem	Theorem A.26	NONE	PDF p. 499; print p. 489; §A.7; Theorem A.26	Appendix A	appendix-a	PUBLIC-DOCS-SOURCE-ITEM-REVIEW-V1
IT-TASAKI2020-2832	TASAKI2020	000499.0005	PG-TASAKI2020-0499	equation	equation (A.7.7)	NONE	PDF p. 499; print p. 489; §A.7; equation (A.7.7)	Appendix A	appendix-a	PUBLIC-DOCS-SOURCE-ITEM-REVIEW-V1
IT-TASAKI2020-2833	TASAKI2020	000499.0006	PG-TASAKI2020-0499	definition	Definition A.27	NONE	PDF p. 499; print p. 489; §A.7; Definition A.27	Appendix A	appendix-a	PUBLIC-DOCS-SOURCE-ITEM-REVIEW-V1
IT-TASAKI2020-2834	TASAKI2020	000499.0007	PG-TASAKI2020-0499	unlabeled	NONE	NONE	PDF p. 499; print p. 489; §A.7; paragraph 5, atom 2	Appendix A	appendix-a	PUBLIC-DOCS-SOURCE-ITEM-REVIEW-V1
IT-TASAKI2020-2835	TASAKI2020	000500.0001	PG-TASAKI2020-0500	equation	equation (A.7.8)	NONE	PDF p. 500; print p. 490; §A.7; equation (A.7.8)	Appendix A	appendix-a	PUBLIC-DOCS-SOURCE-ITEM-REVIEW-V1
IT-TASAKI2020-2836	TASAKI2020	000500.0002	PG-TASAKI2020-0500	equation	equation (A.7.9)	NONE	PDF p. 500; print p. 490; §A.7; equation (A.7.9)	Appendix A	appendix-a	PUBLIC-DOCS-SOURCE-ITEM-REVIEW-V1
IT-TASAKI2020-2837	TASAKI2020	000500.0003	PG-TASAKI2020-0500	equation	equation (A.7.10)	NONE	PDF p. 500; print p. 490; §A.7; equation (A.7.10)	Appendix A	appendix-a	PUBLIC-DOCS-SOURCE-ITEM-REVIEW-V1
IT-TASAKI2020-2838	TASAKI2020	000500.0004	PG-TASAKI2020-0500	equation	equation (A.7.11)	NONE	PDF p. 500; print p. 490; §A.7; equation (A.7.11)	Appendix A	appendix-a	PUBLIC-DOCS-SOURCE-ITEM-REVIEW-V1
IT-TASAKI2020-2839	TASAKI2020	000500.0005	PG-TASAKI2020-0500	equation	equation (A.7.12)	NONE	PDF p. 500; print p. 490; §A.7; equation (A.7.12)	Appendix A	appendix-a	PUBLIC-DOCS-SOURCE-ITEM-REVIEW-V1
IT-TASAKI2020-2840	TASAKI2020	000500.0006	PG-TASAKI2020-0500	equation	equation (A.7.13)	NONE	PDF p. 500; print p. 490; §A.7; equation (A.7.13)	Appendix A	appendix-a	PUBLIC-DOCS-SOURCE-ITEM-REVIEW-V1
IT-TASAKI2020-2841	TASAKI2020	000500.0007	PG-TASAKI2020-0500	theorem	Theorem A.28	NONE	PDF p. 500; print p. 490; §A.7; Theorem A.28	Appendix A	appendix-a	PUBLIC-DOCS-SOURCE-ITEM-REVIEW-V1
IT-TASAKI2020-2842	TASAKI2020	000500.0008	PG-TASAKI2020-0500	unlabeled	NONE	NONE	PDF p. 500; print p. 490; §A.7; paragraph 10	Appendix A	appendix-a	PUBLIC-DOCS-SOURCE-ITEM-REVIEW-V1
IT-TASAKI2020-2843	TASAKI2020	000501.0001	PG-TASAKI2020-0501	equation	equation (A.7.14)	NONE	PDF p. 501; print p. 491; §A.7; equation (A.7.14)	Appendix A	appendix-a	PUBLIC-DOCS-SOURCE-ITEM-REVIEW-V1
IT-TASAKI2020-2844	TASAKI2020	000502.0001	PG-TASAKI2020-0502	equation	equation (S.1)	NONE	PDF p. 502; print p. 493; NONE; equation (S.1)	Solutions	solutions	PUBLIC-DOCS-SOURCE-ITEM-REVIEW-V1
IT-TASAKI2020-2845	TASAKI2020	000502.0002	PG-TASAKI2020-0502	equation	equation (S.2)	NONE	PDF p. 502; print p. 493; NONE; equation (S.2)	Solutions	solutions	PUBLIC-DOCS-SOURCE-ITEM-REVIEW-V1
IT-TASAKI2020-2846	TASAKI2020	000502.0003	PG-TASAKI2020-0502	unlabeled	NONE	NONE	PDF p. 502; print p. 493; NONE; paragraph 4, atom 2	Solutions	solutions	PUBLIC-DOCS-SOURCE-ITEM-REVIEW-V1
IT-TASAKI2020-2847	TASAKI2020	000502.0004	PG-TASAKI2020-0502	unlabeled	NONE	NONE	PDF p. 502; print p. 493; NONE; paragraph 4, atom 3	Solutions	solutions	PUBLIC-DOCS-SOURCE-ITEM-REVIEW-V1
IT-TASAKI2020-2848	TASAKI2020	000503.0001	PG-TASAKI2020-0503	equation	equation (S.3)	NONE	PDF p. 503; print p. 494; NONE; equation (S.3)	Solutions	solutions	PUBLIC-DOCS-SOURCE-ITEM-REVIEW-V1
IT-TASAKI2020-2849	TASAKI2020	000503.0002	PG-TASAKI2020-0503	unlabeled	NONE	NONE	PDF p. 503; print p. 494; NONE; paragraph 3	Solutions	solutions	PUBLIC-DOCS-SOURCE-ITEM-REVIEW-V1
IT-TASAKI2020-2850	TASAKI2020	000503.0003	PG-TASAKI2020-0503	equation	equation (S.4)	NONE	PDF p. 503; print p. 494; NONE; equation (S.4)	Solutions	solutions	PUBLIC-DOCS-SOURCE-ITEM-REVIEW-V1
IT-TASAKI2020-2851	TASAKI2020	000503.0004	PG-TASAKI2020-0503	equation	equation (S.5)	NONE	PDF p. 503; print p. 494; NONE; equation (S.5)	Solutions	solutions	PUBLIC-DOCS-SOURCE-ITEM-REVIEW-V1
IT-TASAKI2020-2852	TASAKI2020	000503.0005	PG-TASAKI2020-0503	equation	equation (S.6)	NONE	PDF p. 503; print p. 494; NONE; equation (S.6)	Solutions	solutions	PUBLIC-DOCS-SOURCE-ITEM-REVIEW-V1
IT-TASAKI2020-2853	TASAKI2020	000503.0006	PG-TASAKI2020-0503	unlabeled	NONE	NONE	PDF p. 503; print p. 494; NONE; paragraph 6, atom 1	Solutions	solutions	PUBLIC-DOCS-SOURCE-ITEM-REVIEW-V1
IT-TASAKI2020-2854	TASAKI2020	000503.0007	PG-TASAKI2020-0503	equation	equation (S.7)	NONE	PDF p. 503; print p. 494; NONE; equation (S.7)	Solutions	solutions	PUBLIC-DOCS-SOURCE-ITEM-REVIEW-V1
IT-TASAKI2020-2855	TASAKI2020	000503.0008	PG-TASAKI2020-0503	equation	equation (S.8)	NONE	PDF p. 503; print p. 494; NONE; equation (S.8)	Solutions	solutions	PUBLIC-DOCS-SOURCE-ITEM-REVIEW-V1
IT-TASAKI2020-2856	TASAKI2020	000503.0009	PG-TASAKI2020-0503	unlabeled	NONE	NONE	PDF p. 503; print p. 494; NONE; paragraph 6, atom 3	Solutions	solutions	PUBLIC-DOCS-SOURCE-ITEM-REVIEW-V1
IT-TASAKI2020-2857	TASAKI2020	000504.0001	PG-TASAKI2020-0504	equation	equation (S.9)	NONE	PDF p. 504; print p. 495; NONE; equation (S.9)	Solutions	solutions	PUBLIC-DOCS-SOURCE-ITEM-REVIEW-V1
IT-TASAKI2020-2858	TASAKI2020	000504.0002	PG-TASAKI2020-0504	equation	equation (S.10)	NONE	PDF p. 504; print p. 495; NONE; equation (S.10)	Solutions	solutions	PUBLIC-DOCS-SOURCE-ITEM-REVIEW-V1
IT-TASAKI2020-2859	TASAKI2020	000504.0003	PG-TASAKI2020-0504	equation	equation (S.11)	NONE	PDF p. 504; print p. 495; NONE; equation (S.11)	Solutions	solutions	PUBLIC-DOCS-SOURCE-ITEM-REVIEW-V1
IT-TASAKI2020-2860	TASAKI2020	000504.0004	PG-TASAKI2020-0504	unlabeled	NONE	NONE	PDF p. 504; print p. 495; NONE; paragraph 3; v5 repair split atom 1/3	Solutions	solutions	PUBLIC-DOCS-SOURCE-ITEM-REVIEW-V1
IT-TASAKI2020-2861	TASAKI2020	000504.0005	PG-TASAKI2020-0504	unlabeled	NONE	NONE	PDF p. 504; print p. 495; NONE; paragraph 3; v5 repair split atom 2/3	Solutions	solutions	PUBLIC-DOCS-SOURCE-ITEM-REVIEW-V1
IT-TASAKI2020-2862	TASAKI2020	000504.0006	PG-TASAKI2020-0504	unlabeled	NONE	NONE	PDF p. 504; print p. 495; NONE; paragraph 3; atom 1	Solutions	solutions	PUBLIC-DOCS-SOURCE-ITEM-REVIEW-V1
IT-TASAKI2020-2863	TASAKI2020	000504.0007	PG-TASAKI2020-0504	unlabeled	NONE	NONE	PDF p. 504; print p. 495; NONE; paragraph 3; atom 2	Solutions	solutions	PUBLIC-DOCS-SOURCE-ITEM-REVIEW-V1
IT-TASAKI2020-2864	TASAKI2020	000504.0008	PG-TASAKI2020-0504	equation	equation (S.12)	NONE	PDF p. 504; print p. 495; NONE; equation (S.12)	Solutions	solutions	PUBLIC-DOCS-SOURCE-ITEM-REVIEW-V1
IT-TASAKI2020-2865	TASAKI2020	000504.0009	PG-TASAKI2020-0504	unlabeled	NONE	NONE	PDF p. 504; print p. 495; NONE; paragraph 4	Solutions	solutions	PUBLIC-DOCS-SOURCE-ITEM-REVIEW-V1
IT-TASAKI2020-2866	TASAKI2020	000504.0010	PG-TASAKI2020-0504	equation	equation (S.13)	NONE	PDF p. 504; print p. 495; NONE; equation (S.13)	Solutions	solutions	PUBLIC-DOCS-SOURCE-ITEM-REVIEW-V1
IT-TASAKI2020-2867	TASAKI2020	000505.0001	PG-TASAKI2020-0505	unlabeled	NONE	NONE	PDF p. 505; print p. 496; NONE; paragraph 1, atom 1	Solutions	solutions	PUBLIC-DOCS-SOURCE-ITEM-REVIEW-V1
IT-TASAKI2020-2868	TASAKI2020	000505.0002	PG-TASAKI2020-0505	unlabeled	NONE	NONE	PDF p. 505; print p. 496; NONE; paragraph 1, atom 2	Solutions	solutions	PUBLIC-DOCS-SOURCE-ITEM-REVIEW-V1
IT-TASAKI2020-2869	TASAKI2020	000505.0003	PG-TASAKI2020-0505	equation	equation (S.14)	NONE	PDF p. 505; print p. 496; NONE; equation (S.14)	Solutions	solutions	PUBLIC-DOCS-SOURCE-ITEM-REVIEW-V1
IT-TASAKI2020-2870	TASAKI2020	000505.0004	PG-TASAKI2020-0505	equation	equation (S.15)	NONE	PDF p. 505; print p. 496; NONE; equation (S.15)	Solutions	solutions	PUBLIC-DOCS-SOURCE-ITEM-REVIEW-V1
IT-TASAKI2020-2871	TASAKI2020	000505.0005	PG-TASAKI2020-0505	equation	equation (S.16)	NONE	PDF p. 505; print p. 496; NONE; equation (S.16)	Solutions	solutions	PUBLIC-DOCS-SOURCE-ITEM-REVIEW-V1
IT-TASAKI2020-2872	TASAKI2020	000505.0006	PG-TASAKI2020-0505	unlabeled	NONE	NONE	PDF p. 505; print p. 496; NONE; paragraph 6, atom 1; audit split atom 1/2	Solutions	solutions	PUBLIC-DOCS-SOURCE-ITEM-REVIEW-V1
IT-TASAKI2020-2873	TASAKI2020	000505.0007	PG-TASAKI2020-0505	unlabeled	NONE	NONE	PDF p. 505; print p. 496; NONE; paragraph 6, atom 1; audit split atom 2/2	Solutions	solutions	PUBLIC-DOCS-SOURCE-ITEM-REVIEW-V1
IT-TASAKI2020-2874	TASAKI2020	000505.0008	PG-TASAKI2020-0505	unlabeled	NONE	NONE	PDF p. 505; print p. 496; NONE; paragraph 6, atom 2; audit split atom 1/2	Solutions	solutions	PUBLIC-DOCS-SOURCE-ITEM-REVIEW-V1
IT-TASAKI2020-2875	TASAKI2020	000505.0009	PG-TASAKI2020-0505	unlabeled	NONE	NONE	PDF p. 505; print p. 496; NONE; paragraph 6, atom 2; audit split atom 2/2	Solutions	solutions	PUBLIC-DOCS-SOURCE-ITEM-REVIEW-V1
IT-TASAKI2020-2876	TASAKI2020	000505.0010	PG-TASAKI2020-0505	unlabeled	NONE	NONE	PDF p. 505; print p. 496; NONE; paragraph 6, atom 3	Solutions	solutions	PUBLIC-DOCS-SOURCE-ITEM-REVIEW-V1
IT-TASAKI2020-2877	TASAKI2020	000506.0001	PG-TASAKI2020-0506	equation	equation (S.17)	NONE	PDF p. 506; print p. 497; NONE; equation (S.17)	Solutions	solutions	PUBLIC-DOCS-SOURCE-ITEM-REVIEW-V1
IT-TASAKI2020-2878	TASAKI2020	000506.0002	PG-TASAKI2020-0506	equation	equation (S.18)	NONE	PDF p. 506; print p. 497; NONE; equation (S.18)	Solutions	solutions	PUBLIC-DOCS-SOURCE-ITEM-REVIEW-V1
IT-TASAKI2020-2879	TASAKI2020	000506.0003	PG-TASAKI2020-0506	equation	equation (S.19)	NONE	PDF p. 506; print p. 497; NONE; equation (S.19)	Solutions	solutions	PUBLIC-DOCS-SOURCE-ITEM-REVIEW-V1
IT-TASAKI2020-2880	TASAKI2020	000506.0004	PG-TASAKI2020-0506	equation	equation (S.20)	NONE	PDF p. 506; print p. 497; NONE; equation (S.20)	Solutions	solutions	PUBLIC-DOCS-SOURCE-ITEM-REVIEW-V1
IT-TASAKI2020-2881	TASAKI2020	000506.0005	PG-TASAKI2020-0506	equation	equation (S.21)	NONE	PDF p. 506; print p. 497; NONE; equation (S.21)	Solutions	solutions	PUBLIC-DOCS-SOURCE-ITEM-REVIEW-V1
IT-TASAKI2020-2882	TASAKI2020	000507.0001	PG-TASAKI2020-0507	unlabeled	NONE	NONE	PDF p. 507; print p. 498; NONE; paragraph 1, atom 1; v5 repair split atom 1/2	Solutions	solutions	PUBLIC-DOCS-SOURCE-ITEM-REVIEW-V1
IT-TASAKI2020-2883	TASAKI2020	000507.0002	PG-TASAKI2020-0507	unlabeled	NONE	NONE	PDF p. 507; print p. 498; NONE; paragraph 1, atom 1; v5 repair split atom 2/2	Solutions	solutions	PUBLIC-DOCS-SOURCE-ITEM-REVIEW-V1
IT-TASAKI2020-2884	TASAKI2020	000507.0003	PG-TASAKI2020-0507	unlabeled	NONE	NONE	PDF p. 507; print p. 498; NONE; paragraph 1, atom 2; v5 repair split atom 1/2	Solutions	solutions	PUBLIC-DOCS-SOURCE-ITEM-REVIEW-V1
IT-TASAKI2020-2885	TASAKI2020	000507.0004	PG-TASAKI2020-0507	unlabeled	NONE	NONE	PDF p. 507; print p. 498; NONE; paragraph 1, atom 2; v5 repair split atom 2/2	Solutions	solutions	PUBLIC-DOCS-SOURCE-ITEM-REVIEW-V1
IT-TASAKI2020-2886	TASAKI2020	000507.0005	PG-TASAKI2020-0507	equation	equation (S.22)	NONE	PDF p. 507; print p. 498; NONE; equation (S.22)	Solutions	solutions	PUBLIC-DOCS-SOURCE-ITEM-REVIEW-V1
IT-TASAKI2020-2887	TASAKI2020	000507.0006	PG-TASAKI2020-0507	unlabeled	NONE	NONE	PDF p. 507; print p. 498; NONE; paragraph 3	Solutions	solutions	PUBLIC-DOCS-SOURCE-ITEM-REVIEW-V1
IT-TASAKI2020-2888	TASAKI2020	000507.0007	PG-TASAKI2020-0507	equation	equation (S.23)	NONE	PDF p. 507; print p. 498; NONE; equation (S.23)	Solutions	solutions	PUBLIC-DOCS-SOURCE-ITEM-REVIEW-V1
IT-TASAKI2020-2889	TASAKI2020	000507.0008	PG-TASAKI2020-0507	equation	equation (S.24)	NONE	PDF p. 507; print p. 498; NONE; equation (S.24)	Solutions	solutions	PUBLIC-DOCS-SOURCE-ITEM-REVIEW-V1
IT-TASAKI2020-2890	TASAKI2020	000507.0009	PG-TASAKI2020-0507	equation	equation (S.25)	NONE	PDF p. 507; print p. 498; NONE; equation (S.25)	Solutions	solutions	PUBLIC-DOCS-SOURCE-ITEM-REVIEW-V1
IT-TASAKI2020-2891	TASAKI2020	000507.0010	PG-TASAKI2020-0507	equation	equation (S.26)	NONE	PDF p. 507; print p. 498; NONE; equation (S.26)	Solutions	solutions	PUBLIC-DOCS-SOURCE-ITEM-REVIEW-V1
IT-TASAKI2020-2892	TASAKI2020	000507.0011	PG-TASAKI2020-0507	unlabeled	NONE	NONE	PDF p. 507; print p. 498; Solutions; proof claim line 18	Solutions	solutions	PUBLIC-DOCS-SOURCE-ITEM-REVIEW-V1
IT-TASAKI2020-2893	TASAKI2020	000507.0012	PG-TASAKI2020-0507	unlabeled	NONE	NONE	PDF p. 507; print p. 498; Solutions; proof claim line 18, atom 2	Solutions	solutions	PUBLIC-DOCS-SOURCE-ITEM-REVIEW-V1
IT-TASAKI2020-2894	TASAKI2020	000508.0001	PG-TASAKI2020-0508	equation	equation (S.27)	NONE	PDF p. 508; print p. 499; NONE; equation (S.27)	Solutions	solutions	PUBLIC-DOCS-SOURCE-ITEM-REVIEW-V1
IT-TASAKI2020-2895	TASAKI2020	000508.0002	PG-TASAKI2020-0508	equation	equation (S.28)	NONE	PDF p. 508; print p. 499; NONE; equation (S.28)	Solutions	solutions	PUBLIC-DOCS-SOURCE-ITEM-REVIEW-V1
IT-TASAKI2020-2896	TASAKI2020	000508.0003	PG-TASAKI2020-0508	equation	equation (S.29)	NONE	PDF p. 508; print p. 499; NONE; equation (S.29)	Solutions	solutions	PUBLIC-DOCS-SOURCE-ITEM-REVIEW-V1
IT-TASAKI2020-2897	TASAKI2020	000508.0004	PG-TASAKI2020-0508	equation	equation (S.30)	NONE	PDF p. 508; print p. 499; NONE; equation (S.30)	Solutions	solutions	PUBLIC-DOCS-SOURCE-ITEM-REVIEW-V1
IT-TASAKI2020-2898	TASAKI2020	000508.0005	PG-TASAKI2020-0508	equation	equation (S.31)	NONE	PDF p. 508; print p. 499; NONE; equation (S.31)	Solutions	solutions	PUBLIC-DOCS-SOURCE-ITEM-REVIEW-V1
IT-TASAKI2020-2899	TASAKI2020	000508.0006	PG-TASAKI2020-0508	note	Note unnumbered line 50	NONE	PDF p. 508; print p. 499; Solutions; Note unnumbered line 50	Solutions	solutions	PUBLIC-DOCS-SOURCE-ITEM-REVIEW-V1
IT-TASAKI2020-2900	TASAKI2020	000509.0001	PG-TASAKI2020-0509	unlabeled	NONE	NONE	PDF p. 509; print p. 500; NONE; paragraph 1	Solutions	solutions	PUBLIC-DOCS-SOURCE-ITEM-REVIEW-V1
IT-TASAKI2020-2901	TASAKI2020	000509.0002	PG-TASAKI2020-0509	equation	equation (S.32)	NONE	PDF p. 509; print p. 500; NONE; equation (S.32)	Solutions	solutions	PUBLIC-DOCS-SOURCE-ITEM-REVIEW-V1
IT-TASAKI2020-2902	TASAKI2020	000509.0003	PG-TASAKI2020-0509	equation	equation (S.33)	NONE	PDF p. 509; print p. 500; NONE; equation (S.33)	Solutions	solutions	PUBLIC-DOCS-SOURCE-ITEM-REVIEW-V1
IT-TASAKI2020-2903	TASAKI2020	000509.0004	PG-TASAKI2020-0509	equation	equation (S.34)	NONE	PDF p. 509; print p. 500; NONE; equation (S.34)	Solutions	solutions	PUBLIC-DOCS-SOURCE-ITEM-REVIEW-V1
IT-TASAKI2020-2904	TASAKI2020	000509.0005	PG-TASAKI2020-0509	equation	equation (S.35)	NONE	PDF p. 509; print p. 500; NONE; equation (S.35)	Solutions	solutions	PUBLIC-DOCS-SOURCE-ITEM-REVIEW-V1
IT-TASAKI2020-2905	TASAKI2020	000509.0006	PG-TASAKI2020-0509	unlabeled	NONE	NONE	PDF p. 509; print p. 500; NONE; paragraph 8, atom 1	Solutions	solutions	PUBLIC-DOCS-SOURCE-ITEM-REVIEW-V1
IT-TASAKI2020-2906	TASAKI2020	000509.0007	PG-TASAKI2020-0509	unlabeled	NONE	NONE	PDF p. 509; print p. 500; NONE; paragraph 8, atom 2	Solutions	solutions	PUBLIC-DOCS-SOURCE-ITEM-REVIEW-V1
IT-TASAKI2020-2907	TASAKI2020	000509.0008	PG-TASAKI2020-0509	equation	equation (S.36)	NONE	PDF p. 509; print p. 500; NONE; equation (S.36)	Solutions	solutions	PUBLIC-DOCS-SOURCE-ITEM-REVIEW-V1
IT-TASAKI2020-2908	TASAKI2020	000509.0009	PG-TASAKI2020-0509	equation	equation (S.37)	NONE	PDF p. 509; print p. 500; NONE; equation (S.37)	Solutions	solutions	PUBLIC-DOCS-SOURCE-ITEM-REVIEW-V1
IT-TASAKI2020-2909	TASAKI2020	000509.0010	PG-TASAKI2020-0509	equation	equation (S.38)	NONE	PDF p. 509; print p. 500; NONE; equation (S.38)	Solutions	solutions	PUBLIC-DOCS-SOURCE-ITEM-REVIEW-V1
IT-TASAKI2020-2910	TASAKI2020	000510.0001	PG-TASAKI2020-0510	equation	equation (S.39)	NONE	PDF p. 510; print p. 501; NONE; equation (S.39)	Solutions	solutions	PUBLIC-DOCS-SOURCE-ITEM-REVIEW-V1
IT-TASAKI2020-2911	TASAKI2020	000510.0002	PG-TASAKI2020-0510	equation	equation (S.40)	NONE	PDF p. 510; print p. 501; NONE; equation (S.40)	Solutions	solutions	PUBLIC-DOCS-SOURCE-ITEM-REVIEW-V1
IT-TASAKI2020-2912	TASAKI2020	000510.0003	PG-TASAKI2020-0510	equation	equation (S.41)	NONE	PDF p. 510; print p. 501; NONE; equation (S.41)	Solutions	solutions	PUBLIC-DOCS-SOURCE-ITEM-REVIEW-V1
IT-TASAKI2020-2913	TASAKI2020	000510.0004	PG-TASAKI2020-0510	unlabeled	NONE	NONE	PDF p. 510; print p. 501; NONE; paragraph 5	Solutions	solutions	PUBLIC-DOCS-SOURCE-ITEM-REVIEW-V1
IT-TASAKI2020-2914	TASAKI2020	000510.0005	PG-TASAKI2020-0510	equation	equation (S.42)	NONE	PDF p. 510; print p. 501; NONE; equation (S.42)	Solutions	solutions	PUBLIC-DOCS-SOURCE-ITEM-REVIEW-V1
IT-TASAKI2020-2915	TASAKI2020	000510.0006	PG-TASAKI2020-0510	equation	equation (S.43)	NONE	PDF p. 510; print p. 501; NONE; equation (S.43)	Solutions	solutions	PUBLIC-DOCS-SOURCE-ITEM-REVIEW-V1
IT-TASAKI2020-2916	TASAKI2020	000511.0001	PG-TASAKI2020-0511	unlabeled	NONE	NONE	PDF p. 511; print p. 502; NONE; paragraph 2	Solutions	solutions	PUBLIC-DOCS-SOURCE-ITEM-REVIEW-V1
IT-TASAKI2020-2917	TASAKI2020	000511.0002	PG-TASAKI2020-0511	equation	equation (S.44)	NONE	PDF p. 511; print p. 502; NONE; equation (S.44)	Solutions	solutions	PUBLIC-DOCS-SOURCE-ITEM-REVIEW-V1
IT-TASAKI2020-2918	TASAKI2020	000511.0003	PG-TASAKI2020-0511	unlabeled	NONE	NONE	PDF p. 511; print p. 502; NONE; paragraph 5, atom 1	Solutions	solutions	PUBLIC-DOCS-SOURCE-ITEM-REVIEW-V1
IT-TASAKI2020-2919	TASAKI2020	000511.0004	PG-TASAKI2020-0511	unlabeled	NONE	NONE	PDF p. 511; print p. 502; NONE; paragraph 5, atom 2	Solutions	solutions	PUBLIC-DOCS-SOURCE-ITEM-REVIEW-V1
IT-TASAKI2020-2920	TASAKI2020	000511.0005	PG-TASAKI2020-0511	equation	equation (S.45)	NONE	PDF p. 511; print p. 502; NONE; equation (S.45)	Solutions	solutions	PUBLIC-DOCS-SOURCE-ITEM-REVIEW-V1
IT-TASAKI2020-2921	TASAKI2020	000511.0006	PG-TASAKI2020-0511	equation	equation (S.46)	NONE	PDF p. 511; print p. 502; NONE; equation (S.46)	Solutions	solutions	PUBLIC-DOCS-SOURCE-ITEM-REVIEW-V1
IT-TASAKI2020-2922	TASAKI2020	000511.0007	PG-TASAKI2020-0511	equation	equation (S.47)	NONE	PDF p. 511; print p. 502; NONE; equation (S.47)	Solutions	solutions	PUBLIC-DOCS-SOURCE-ITEM-REVIEW-V1
IT-TASAKI2020-2923	TASAKI2020	000511.0008	PG-TASAKI2020-0511	unlabeled	NONE	NONE	PDF p. 511; print p. 502; NONE; paragraph 10	Solutions	solutions	PUBLIC-DOCS-SOURCE-ITEM-REVIEW-V1
IT-TASAKI2020-2924	TASAKI2020	000511.0009	PG-TASAKI2020-0511	equation	equation (S.48)	NONE	PDF p. 511; print p. 502; NONE; equation (S.48)	Solutions	solutions	PUBLIC-DOCS-SOURCE-ITEM-REVIEW-V1
IT-TASAKI2020-2925	TASAKI2020	000512.0001	PG-TASAKI2020-0512	equation	equation (S.49)	NONE	PDF p. 512; print p. 503; NONE; equation (S.49)	Solutions	solutions	PUBLIC-DOCS-SOURCE-ITEM-REVIEW-V1
IT-TASAKI2020-2926	TASAKI2020	000512.0002	PG-TASAKI2020-0512	equation	equation (S.50)	NONE	PDF p. 512; print p. 503; NONE; equation (S.50)	Solutions	solutions	PUBLIC-DOCS-SOURCE-ITEM-REVIEW-V1
IT-TASAKI2020-2927	TASAKI2020	000512.0003	PG-TASAKI2020-0512	equation	equation (S.51)	NONE	PDF p. 512; print p. 503; NONE; equation (S.51)	Solutions	solutions	PUBLIC-DOCS-SOURCE-ITEM-REVIEW-V1
IT-TASAKI2020-2928	TASAKI2020	000512.0004	PG-TASAKI2020-0512	equation	equation (S.52)	NONE	PDF p. 512; print p. 503; NONE; equation (S.52)	Solutions	solutions	PUBLIC-DOCS-SOURCE-ITEM-REVIEW-V1
IT-TASAKI2020-2929	TASAKI2020	000512.0005	PG-TASAKI2020-0512	unlabeled	NONE	NONE	PDF p. 512; print p. 503; NONE; paragraph 9	Solutions	solutions	PUBLIC-DOCS-SOURCE-ITEM-REVIEW-V1
IT-TASAKI2020-2930	TASAKI2020	000512.0006	PG-TASAKI2020-0512	equation	equation (S.53)	NONE	PDF p. 512; print p. 503; NONE; equation (S.53)	Solutions	solutions	PUBLIC-DOCS-SOURCE-ITEM-REVIEW-V1
IT-TASAKI2020-2931	TASAKI2020	000512.0007	PG-TASAKI2020-0512	equation	equation (S.54)	NONE	PDF p. 512; print p. 503; NONE; equation (S.54)	Solutions	solutions	PUBLIC-DOCS-SOURCE-ITEM-REVIEW-V1
IT-TASAKI2020-2932	TASAKI2020	000512.0008	PG-TASAKI2020-0512	unlabeled	NONE	NONE	PDF p. 512; print p. 503; NONE; paragraph 13	Solutions	solutions	PUBLIC-DOCS-SOURCE-ITEM-REVIEW-V1
IT-TASAKI2020-2933	TASAKI2020	000513.0001	PG-TASAKI2020-0513	equation	equation (S.55)	NONE	PDF p. 513; print p. 504; NONE; equation (S.55)	Solutions	solutions	PUBLIC-DOCS-SOURCE-ITEM-REVIEW-V1
IT-TASAKI2020-2934	TASAKI2020	000513.0002	PG-TASAKI2020-0513	equation	equation (S.56)	NONE	PDF p. 513; print p. 504; NONE; equation (S.56)	Solutions	solutions	PUBLIC-DOCS-SOURCE-ITEM-REVIEW-V1
IT-TASAKI2020-2935	TASAKI2020	000513.0003	PG-TASAKI2020-0513	equation	equation (S.57)	NONE	PDF p. 513; print p. 504; NONE; equation (S.57)	Solutions	solutions	PUBLIC-DOCS-SOURCE-ITEM-REVIEW-V1
IT-TASAKI2020-2936	TASAKI2020	000513.0004	PG-TASAKI2020-0513	unlabeled	NONE	NONE	PDF p. 513; print p. 504; NONE; paragraph 6	Solutions	solutions	PUBLIC-DOCS-SOURCE-ITEM-REVIEW-V1
IT-TASAKI2020-2937	TASAKI2020	000513.0005	PG-TASAKI2020-0513	unlabeled	NONE	NONE	PDF p. 513; print p. 504; NONE; paragraph 7	Solutions	solutions	PUBLIC-DOCS-SOURCE-ITEM-REVIEW-V1
IT-TASAKI2020-2938	TASAKI2020	000513.0006	PG-TASAKI2020-0513	equation	equation (S.58)	NONE	PDF p. 513; print p. 504; NONE; equation (S.58)	Solutions	solutions	PUBLIC-DOCS-SOURCE-ITEM-REVIEW-V1
IT-TASAKI2020-2939	TASAKI2020	000513.0007	PG-TASAKI2020-0513	equation	equation (S.59)	NONE	PDF p. 513; print p. 504; NONE; equation (S.59)	Solutions	solutions	PUBLIC-DOCS-SOURCE-ITEM-REVIEW-V1
IT-TASAKI2020-2940	TASAKI2020	000514.0001	PG-TASAKI2020-0514	equation	equation (S.60)	NONE	PDF p. 514; print p. 505; NONE; equation (S.60)	Solutions	solutions	PUBLIC-DOCS-SOURCE-ITEM-REVIEW-V1
IT-TASAKI2020-2941	TASAKI2020	000514.0002	PG-TASAKI2020-0514	equation	equation (S.61)	NONE	PDF p. 514; print p. 505; NONE; equation (S.61)	Solutions	solutions	PUBLIC-DOCS-SOURCE-ITEM-REVIEW-V1
IT-TASAKI2020-2942	TASAKI2020	000514.0003	PG-TASAKI2020-0514	equation	equation (S.62)	NONE	PDF p. 514; print p. 505; NONE; equation (S.62)	Solutions	solutions	PUBLIC-DOCS-SOURCE-ITEM-REVIEW-V1
IT-TASAKI2020-2943	TASAKI2020	000514.0004	PG-TASAKI2020-0514	equation	equation (S.63)	NONE	PDF p. 514; print p. 505; NONE; equation (S.63)	Solutions	solutions	PUBLIC-DOCS-SOURCE-ITEM-REVIEW-V1
IT-TASAKI2020-2944	TASAKI2020	000514.0005	PG-TASAKI2020-0514	equation	equation (S.64)	NONE	PDF p. 514; print p. 505; NONE; equation (S.64)	Solutions	solutions	PUBLIC-DOCS-SOURCE-ITEM-REVIEW-V1
IT-TASAKI2020-2945	TASAKI2020	000515.0001	PG-TASAKI2020-0515	equation	equation (S.65)	NONE	PDF p. 515; print p. 506; NONE; equation (S.65)	Solutions	solutions	PUBLIC-DOCS-SOURCE-ITEM-REVIEW-V1
IT-TASAKI2020-2946	TASAKI2020	000515.0002	PG-TASAKI2020-0515	unlabeled	NONE	NONE	PDF p. 515; print p. 506; NONE; paragraph 3; v5 repair split atom 1/2	Solutions	solutions	PUBLIC-DOCS-SOURCE-ITEM-REVIEW-V1
IT-TASAKI2020-2947	TASAKI2020	000515.0003	PG-TASAKI2020-0515	unlabeled	NONE	NONE	PDF p. 515; print p. 506; NONE; paragraph 3; v5 repair split atom 2/2	Solutions	solutions	PUBLIC-DOCS-SOURCE-ITEM-REVIEW-V1
IT-TASAKI2020-2948	TASAKI2020	000515.0004	PG-TASAKI2020-0515	equation	equation (S.66)	NONE	PDF p. 515; print p. 506; NONE; equation (S.66)	Solutions	solutions	PUBLIC-DOCS-SOURCE-ITEM-REVIEW-V1
IT-TASAKI2020-2949	TASAKI2020	000515.0005	PG-TASAKI2020-0515	equation	equation (S.67)	NONE	PDF p. 515; print p. 506; NONE; equation (S.67)	Solutions	solutions	PUBLIC-DOCS-SOURCE-ITEM-REVIEW-V1
IT-TASAKI2020-2950	TASAKI2020	000515.0006	PG-TASAKI2020-0515	equation	equation (S.68)	NONE	PDF p. 515; print p. 506; NONE; equation (S.68)	Solutions	solutions	PUBLIC-DOCS-SOURCE-ITEM-REVIEW-V1
IT-TASAKI2020-2951	TASAKI2020	000515.0007	PG-TASAKI2020-0515	equation	equation (S.69)	NONE	PDF p. 515; print p. 506; NONE; equation (S.69)	Solutions	solutions	PUBLIC-DOCS-SOURCE-ITEM-REVIEW-V1
IT-TASAKI2020-2952	TASAKI2020	000515.0008	PG-TASAKI2020-0515	equation	equation (S.70)	NONE	PDF p. 515; print p. 506; NONE; equation (S.70)	Solutions	solutions	PUBLIC-DOCS-SOURCE-ITEM-REVIEW-V1
IT-TASAKI2020-2953	TASAKI2020	000515.0009	PG-TASAKI2020-0515	unlabeled	NONE	NONE	PDF p. 515; print p. 506; NONE; paragraph 10	Solutions	solutions	PUBLIC-DOCS-SOURCE-ITEM-REVIEW-V1
IT-TASAKI2020-2954	TASAKI2020	000516.0001	PG-TASAKI2020-0516	equation	equation (S.71)	NONE	PDF p. 516; print p. 507; NONE; equation (S.71)	Solutions	solutions	PUBLIC-DOCS-SOURCE-ITEM-REVIEW-V1
IT-TASAKI2020-2955	TASAKI2020	000516.0002	PG-TASAKI2020-0516	equation	equation (S.72)	NONE	PDF p. 516; print p. 507; NONE; equation (S.72)	Solutions	solutions	PUBLIC-DOCS-SOURCE-ITEM-REVIEW-V1
IT-TASAKI2020-2956	TASAKI2020	000516.0003	PG-TASAKI2020-0516	equation	equation (S.73)	NONE	PDF p. 516; print p. 507; NONE; equation (S.73)	Solutions	solutions	PUBLIC-DOCS-SOURCE-ITEM-REVIEW-V1
IT-TASAKI2020-2957	TASAKI2020	000516.0004	PG-TASAKI2020-0516	equation	equation (S.74)	NONE	PDF p. 516; print p. 507; NONE; equation (S.74)	Solutions	solutions	PUBLIC-DOCS-SOURCE-ITEM-REVIEW-V1
IT-TASAKI2020-2958	TASAKI2020	000516.0005	PG-TASAKI2020-0516	equation	equation (S.75)	NONE	PDF p. 516; print p. 507; NONE; equation (S.75)	Solutions	solutions	PUBLIC-DOCS-SOURCE-ITEM-REVIEW-V1
IT-TASAKI2020-2959	TASAKI2020	000517.0001	PG-TASAKI2020-0517	equation	equation (S.76)	NONE	PDF p. 517; print p. 508; NONE; equation (S.76)	Solutions	solutions	PUBLIC-DOCS-SOURCE-ITEM-REVIEW-V1
IT-TASAKI2020-2960	TASAKI2020	000517.0002	PG-TASAKI2020-0517	unlabeled	NONE	NONE	PDF p. 517; print p. 508; NONE; paragraph 2, atom 1; v5 repair split atom 1/4	Solutions	solutions	PUBLIC-DOCS-SOURCE-ITEM-REVIEW-V1
IT-TASAKI2020-2961	TASAKI2020	000517.0003	PG-TASAKI2020-0517	unlabeled	NONE	NONE	PDF p. 517; print p. 508; NONE; paragraph 2, atom 1; v5 repair split atom 2/4	Solutions	solutions	PUBLIC-DOCS-SOURCE-ITEM-REVIEW-V1
IT-TASAKI2020-2962	TASAKI2020	000517.0004	PG-TASAKI2020-0517	unlabeled	NONE	NONE	PDF p. 517; print p. 508; NONE; paragraph 2, atom 1; v5 repair split atom 3/4	Solutions	solutions	PUBLIC-DOCS-SOURCE-ITEM-REVIEW-V1
IT-TASAKI2020-2963	TASAKI2020	000517.0005	PG-TASAKI2020-0517	unlabeled	NONE	NONE	PDF p. 517; print p. 508; NONE; paragraph 2, atom 1; atom 1	Solutions	solutions	PUBLIC-DOCS-SOURCE-ITEM-REVIEW-V1
IT-TASAKI2020-2964	TASAKI2020	000517.0006	PG-TASAKI2020-0517	unlabeled	NONE	NONE	PDF p. 517; print p. 508; NONE; paragraph 2, atom 1; atom 2	Solutions	solutions	PUBLIC-DOCS-SOURCE-ITEM-REVIEW-V1
IT-TASAKI2020-2965	TASAKI2020	000517.0007	PG-TASAKI2020-0517	unlabeled	NONE	NONE	PDF p. 517; print p. 508; NONE; paragraph 2, atom 2	Solutions	solutions	PUBLIC-DOCS-SOURCE-ITEM-REVIEW-V1
IT-TASAKI2020-2966	TASAKI2020	000517.0008	PG-TASAKI2020-0517	equation	equation (S.77)	NONE	PDF p. 517; print p. 508; NONE; equation (S.77)	Solutions	solutions	PUBLIC-DOCS-SOURCE-ITEM-REVIEW-V1
IT-TASAKI2020-2967	TASAKI2020	000517.0009	PG-TASAKI2020-0517	equation	equation (S.78)	NONE	PDF p. 517; print p. 508; NONE; equation (S.78)	Solutions	solutions	PUBLIC-DOCS-SOURCE-ITEM-REVIEW-V1
IT-TASAKI2020-2968	TASAKI2020	000518.0001	PG-TASAKI2020-0518	equation	equation (S.80)	NONE	PDF p. 518; print p. 509; NONE; equation (S.80)	Solutions	solutions	PUBLIC-DOCS-SOURCE-ITEM-REVIEW-V1
IT-TASAKI2020-2969	TASAKI2020	000518.0002	PG-TASAKI2020-0518	equation	equation (S.81)	NONE	PDF p. 518; print p. 509; NONE; equation (S.81)	Solutions	solutions	PUBLIC-DOCS-SOURCE-ITEM-REVIEW-V1
IT-TASAKI2020-2970	TASAKI2020	000518.0003	PG-TASAKI2020-0518	unlabeled	NONE	NONE	PDF p. 518; print p. 509; NONE; paragraph 8	Solutions	solutions	PUBLIC-DOCS-SOURCE-ITEM-REVIEW-V1
IT-TASAKI2020-2971	TASAKI2020	000518.0004	PG-TASAKI2020-0518	equation	equation (S.82)	NONE	PDF p. 518; print p. 509; NONE; equation (S.82)	Solutions	solutions	PUBLIC-DOCS-SOURCE-ITEM-REVIEW-V1
IT-TASAKI2020-2972	TASAKI2020	000518.0005	PG-TASAKI2020-0518	equation	equation (S.83)	NONE	PDF p. 518; print p. 509; NONE; equation (S.83)	Solutions	solutions	PUBLIC-DOCS-SOURCE-ITEM-REVIEW-V1
IT-TASAKI2020-2973	TASAKI2020	000518.0006	PG-TASAKI2020-0518	equation	equation (S.84)	NONE	PDF p. 518; print p. 509; NONE; equation (S.84)	Solutions	solutions	PUBLIC-DOCS-SOURCE-ITEM-REVIEW-V1
IT-TASAKI2020-2974	TASAKI2020	000518.0007	PG-TASAKI2020-0518	equation	equation (S.79)	NONE	PDF p. 518; print p. 509; NONE; equation (S.79)	Solutions	solutions	PUBLIC-DOCS-SOURCE-ITEM-REVIEW-V1
IT-TASAKI2020-2975	TASAKI2020	000519.0001	PG-TASAKI2020-0519	equation	equation (S.85)	NONE	PDF p. 519; print p. 510; NONE; equation (S.85)	Solutions	solutions	PUBLIC-DOCS-SOURCE-ITEM-REVIEW-V1
IT-TASAKI2020-2976	TASAKI2020	000519.0002	PG-TASAKI2020-0519	equation	equation (S.86)	NONE	PDF p. 519; print p. 510; NONE; equation (S.86)	Solutions	solutions	PUBLIC-DOCS-SOURCE-ITEM-REVIEW-V1
IT-TASAKI2020-2977	TASAKI2020	000519.0003	PG-TASAKI2020-0519	unlabeled	NONE	NONE	PDF p. 519; print p. 510; NONE; paragraph 2; v5 repair split atom 1/2	Solutions	solutions	PUBLIC-DOCS-SOURCE-ITEM-REVIEW-V1
IT-TASAKI2020-2978	TASAKI2020	000519.0004	PG-TASAKI2020-0519	unlabeled	NONE	NONE	PDF p. 519; print p. 510; NONE; paragraph 2; v5 repair split atom 2/2	Solutions	solutions	PUBLIC-DOCS-SOURCE-ITEM-REVIEW-V1
IT-TASAKI2020-2979	TASAKI2020	000519.0005	PG-TASAKI2020-0519	equation	equation (S.87)	NONE	PDF p. 519; print p. 510; NONE; equation (S.87)	Solutions	solutions	PUBLIC-DOCS-SOURCE-ITEM-REVIEW-V1
IT-TASAKI2020-2980	TASAKI2020	000520.0001	PG-TASAKI2020-0520	unlabeled	NONE	NONE	PDF p. 520; print p. 511; NONE; paragraph 3, atom 1	Solutions	solutions	PUBLIC-DOCS-SOURCE-ITEM-REVIEW-V1
IT-TASAKI2020-2981	TASAKI2020	000520.0002	PG-TASAKI2020-0520	unlabeled	NONE	NONE	PDF p. 520; print p. 511; NONE; paragraph 3, atom 2	Solutions	solutions	PUBLIC-DOCS-SOURCE-ITEM-REVIEW-V1
IT-TASAKI2020-2982	TASAKI2020	000520.0003	PG-TASAKI2020-0520	unlabeled	NONE	NONE	PDF p. 520; print p. 511; NONE; paragraph 4, atom 1	Solutions	solutions	PUBLIC-DOCS-SOURCE-ITEM-REVIEW-V1
IT-TASAKI2020-2983	TASAKI2020	000520.0004	PG-TASAKI2020-0520	unlabeled	NONE	NONE	PDF p. 520; print p. 511; NONE; paragraph 4, atom 2	Solutions	solutions	PUBLIC-DOCS-SOURCE-ITEM-REVIEW-V1
IT-TASAKI2020-2984	TASAKI2020	000520.0005	PG-TASAKI2020-0520	unlabeled	NONE	NONE	PDF p. 520; print p. 511; NONE; paragraph 4, atom 3	Solutions	solutions	PUBLIC-DOCS-SOURCE-ITEM-REVIEW-V1
IT-TASAKI2020-2985	TASAKI2020	000520.0006	PG-TASAKI2020-0520	unlabeled	NONE	NONE	PDF p. 520; print p. 511; NONE; paragraph 4, atom 4	Solutions	solutions	PUBLIC-DOCS-SOURCE-ITEM-REVIEW-V1
IT-TASAKI2020-2986	TASAKI2020	000520.0007	PG-TASAKI2020-0520	unlabeled	NONE	NONE	PDF p. 520; print p. 511; NONE; paragraph 6	Solutions	solutions	PUBLIC-DOCS-SOURCE-ITEM-REVIEW-V1
IT-TASAKI2020-2987	TASAKI2020	000521.0001	PG-TASAKI2020-0521	unlabeled	NONE	NONE	PDF p. 521; print p. 512; NONE; paragraph 1, atom 1	Solutions	solutions	PUBLIC-DOCS-SOURCE-ITEM-REVIEW-V1
IT-TASAKI2020-2988	TASAKI2020	000521.0002	PG-TASAKI2020-0521	unlabeled	NONE	NONE	PDF p. 521; print p. 512; NONE; paragraph 1, atom 2	Solutions	solutions	PUBLIC-DOCS-SOURCE-ITEM-REVIEW-V1
IT-TASAKI2020-2989	TASAKI2020	000521.0003	PG-TASAKI2020-0521	unlabeled	NONE	NONE	PDF p. 521; print p. 512; NONE; paragraph 1, atom 3	Solutions	solutions	PUBLIC-DOCS-SOURCE-ITEM-REVIEW-V1
IT-TASAKI2020-2990	TASAKI2020	000521.0004	PG-TASAKI2020-0521	unlabeled	NONE	NONE	PDF p. 521; print p. 512; NONE; paragraph 1, atom 4	Solutions	solutions	PUBLIC-DOCS-SOURCE-ITEM-REVIEW-V1
IT-TASAKI2020-2991	TASAKI2020	000521.0005	PG-TASAKI2020-0521	unlabeled	NONE	NONE	PDF p. 521; print p. 512; NONE; paragraph 1, atom 5	Solutions	solutions	PUBLIC-DOCS-SOURCE-ITEM-REVIEW-V1
IT-TASAKI2020-2992	TASAKI2020	000521.0006	PG-TASAKI2020-0521	unlabeled	NONE	NONE	PDF p. 521; print p. 512; NONE; paragraph 1, atom 6	Solutions	solutions	PUBLIC-DOCS-SOURCE-ITEM-REVIEW-V1
IT-TASAKI2020-2993	TASAKI2020	000521.0007	PG-TASAKI2020-0521	equation	equation (S.88)	NONE	PDF p. 521; print p. 512; NONE; equation (S.88)	Solutions	solutions	PUBLIC-DOCS-SOURCE-ITEM-REVIEW-V1
IT-TASAKI2020-2994	TASAKI2020	000521.0008	PG-TASAKI2020-0521	unlabeled	NONE	NONE	PDF p. 521; print p. 512; NONE; paragraph 3, atom 1; v7 split atom 1/2	Solutions	solutions	PUBLIC-DOCS-SOURCE-ITEM-REVIEW-V1
IT-TASAKI2020-2995	TASAKI2020	000521.0009	PG-TASAKI2020-0521	unlabeled	NONE	NONE	PDF p. 521; print p. 512; NONE; paragraph 3, atom 1; v7 split atom 2/2	Solutions	solutions	PUBLIC-DOCS-SOURCE-ITEM-REVIEW-V1
IT-TASAKI2020-2996	TASAKI2020	000521.0010	PG-TASAKI2020-0521	unlabeled	NONE	NONE	PDF p. 521; print p. 512; NONE; paragraph 4	Solutions	solutions	PUBLIC-DOCS-SOURCE-ITEM-REVIEW-V1
IT-TASAKI2020-2997	TASAKI2020	000521.0011	PG-TASAKI2020-0521	unlabeled	NONE	NONE	PDF p. 521; print p. 512; NONE; paragraph 3, atom 2	Solutions	solutions	PUBLIC-DOCS-SOURCE-ITEM-REVIEW-V1
IT-TASAKI2020-2998	TASAKI2020	000522.0001	PG-TASAKI2020-0522	equation	equation (S.89)	NONE	PDF p. 522; print p. 513; NONE; equation (S.89)	Solutions	solutions	PUBLIC-DOCS-SOURCE-ITEM-REVIEW-V1
IT-TASAKI2020-2999	TASAKI2020	000522.0002	PG-TASAKI2020-0522	unlabeled	NONE	NONE	PDF p. 522; print p. 513; NONE; paragraph 3	Solutions	solutions	PUBLIC-DOCS-SOURCE-ITEM-REVIEW-V1
IT-TASAKI2020-3000	TASAKI2020	000522.0003	PG-TASAKI2020-0522	equation	equation (S.90)	NONE	PDF p. 522; print p. 513; NONE; equation (S.90)	Solutions	solutions	PUBLIC-DOCS-SOURCE-ITEM-REVIEW-V1
IT-TASAKI2020-3001	TASAKI2020	000522.0004	PG-TASAKI2020-0522	equation	equation (S.91)	NONE	PDF p. 522; print p. 513; NONE; equation (S.91)	Solutions	solutions	PUBLIC-DOCS-SOURCE-ITEM-REVIEW-V1
IT-TASAKI2020-3002	TASAKI2020	000523.0001	PG-TASAKI2020-0523	equation	equation (S.92)	NONE	PDF p. 523; print p. 514; NONE; equation (S.92)	Solutions	solutions	PUBLIC-DOCS-SOURCE-ITEM-REVIEW-V1
IT-TASAKI2020-3003	TASAKI2020	000523.0002	PG-TASAKI2020-0523	equation	equation (S.93)	NONE	PDF p. 523; print p. 514; NONE; equation (S.93)	Solutions	solutions	PUBLIC-DOCS-SOURCE-ITEM-REVIEW-V1
IT-TASAKI2020-3004	TASAKI2020	000523.0003	PG-TASAKI2020-0523	equation	equation (S.94)	NONE	PDF p. 523; print p. 514; NONE; equation (S.94)	Solutions	solutions	PUBLIC-DOCS-SOURCE-ITEM-REVIEW-V1
IT-TASAKI2020-3005	TASAKI2020	000523.0004	PG-TASAKI2020-0523	equation	equation (S.95)	NONE	PDF p. 523; print p. 514; NONE; equation (S.95)	Solutions	solutions	PUBLIC-DOCS-SOURCE-ITEM-REVIEW-V1
IT-TASAKI2020-3006	TASAKI2020	000523.0005	PG-TASAKI2020-0523	equation	equation (S.96)	NONE	PDF p. 523; print p. 514; NONE; equation (S.96)	Solutions	solutions	PUBLIC-DOCS-SOURCE-ITEM-REVIEW-V1
IT-TASAKI2020-3007	TASAKI2020	000523.0006	PG-TASAKI2020-0523	equation	equation (S.97)	NONE	PDF p. 523; print p. 514; NONE; equation (S.97)	Solutions	solutions	PUBLIC-DOCS-SOURCE-ITEM-REVIEW-V1
IT-TASAKI2020-3008	TASAKI2020	000523.0007	PG-TASAKI2020-0523	unlabeled	NONE	NONE	PDF p. 523; print p. 514; NONE; paragraph 9, atom 1	Solutions	solutions	PUBLIC-DOCS-SOURCE-ITEM-REVIEW-V1
IT-TASAKI2020-3009	TASAKI2020	000523.0008	PG-TASAKI2020-0523	unlabeled	NONE	NONE	PDF p. 523; print p. 514; NONE; paragraph 9, atom 2; atom 1	Solutions	solutions	PUBLIC-DOCS-SOURCE-ITEM-REVIEW-V1
IT-TASAKI2020-3010	TASAKI2020	000523.0009	PG-TASAKI2020-0523	unlabeled	NONE	NONE	PDF p. 523; print p. 514; NONE; paragraph 9, atom 2; atom 2	Solutions	solutions	PUBLIC-DOCS-SOURCE-ITEM-REVIEW-V1
IT-TASAKI2020-3011	TASAKI2020	000523.0010	PG-TASAKI2020-0523	unlabeled	NONE	NONE	PDF p. 523; print p. 514; NONE; paragraph 9, atom 2; v5 repair split atom 2/2	Solutions	solutions	PUBLIC-DOCS-SOURCE-ITEM-REVIEW-V1
IT-TASAKI2020-3012	TASAKI2020	000524.0001	PG-TASAKI2020-0524	equation	equation (S.98)	NONE	PDF p. 524; print p. 515; NONE; equation (S.98)	Solutions	solutions	PUBLIC-DOCS-SOURCE-ITEM-REVIEW-V1
IT-TASAKI2020-3013	TASAKI2020	000524.0002	PG-TASAKI2020-0524	equation	equation (S.99)	NONE	PDF p. 524; print p. 515; NONE; equation (S.99)	Solutions	solutions	PUBLIC-DOCS-SOURCE-ITEM-REVIEW-V1
IT-TASAKI2020-3014	TASAKI2020	000524.0003	PG-TASAKI2020-0524	unlabeled	NONE	NONE	PDF p. 524; print p. 515; NONE; paragraph 7, atom 1	Solutions	solutions	PUBLIC-DOCS-SOURCE-ITEM-REVIEW-V1
IT-TASAKI2020-3015	TASAKI2020	000524.0004	PG-TASAKI2020-0524	unlabeled	NONE	NONE	PDF p. 524; print p. 515; NONE; paragraph 7, atom 2	Solutions	solutions	PUBLIC-DOCS-SOURCE-ITEM-REVIEW-V1
IT-TASAKI2020-3016	TASAKI2020	000524.0005	PG-TASAKI2020-0524	equation	equation (S.100)	NONE	PDF p. 524; print p. 515; NONE; equation (S.100)	Solutions	solutions	PUBLIC-DOCS-SOURCE-ITEM-REVIEW-V1
IT-TASAKI2020-3017	TASAKI2020	000525.0001	PG-TASAKI2020-0525	unlabeled	NONE	NONE	PDF p. 525; print p. 516; NONE; paragraph 1	Solutions	solutions	PUBLIC-DOCS-SOURCE-ITEM-REVIEW-V1
IT-TASAKI2020-3018	TASAKI2020	000525.0002	PG-TASAKI2020-0525	equation	equation (S.101)	NONE	PDF p. 525; print p. 516; NONE; equation (S.101)	Solutions	solutions	PUBLIC-DOCS-SOURCE-ITEM-REVIEW-V1
IT-TASAKI2020-3019	TASAKI2020	000525.0003	PG-TASAKI2020-0525	equation	equation (S.102)	NONE	PDF p. 525; print p. 516; NONE; equation (S.102)	Solutions	solutions	PUBLIC-DOCS-SOURCE-ITEM-REVIEW-V1
IT-TASAKI2020-3020	TASAKI2020	000525.0004	PG-TASAKI2020-0525	equation	equation (S.103)	NONE	PDF p. 525; print p. 516; NONE; equation (S.103)	Solutions	solutions	PUBLIC-DOCS-SOURCE-ITEM-REVIEW-V1
IT-TASAKI2020-3021	TASAKI2020	000525.0005	PG-TASAKI2020-0525	unlabeled	NONE	NONE	PDF p. 525; print p. 516; NONE; paragraph 6, atom 1	Solutions	solutions	PUBLIC-DOCS-SOURCE-ITEM-REVIEW-V1
IT-TASAKI2020-3022	TASAKI2020	000525.0006	PG-TASAKI2020-0525	unlabeled	NONE	NONE	PDF p. 525; print p. 516; NONE; paragraph 6, atom 2	Solutions	solutions	PUBLIC-DOCS-SOURCE-ITEM-REVIEW-V1
IT-TASAKI2020-3023	TASAKI2020	000525.0007	PG-TASAKI2020-0525	equation	equation (S.104)	NONE	PDF p. 525; print p. 516; NONE; equation (S.104)	Solutions	solutions	PUBLIC-DOCS-SOURCE-ITEM-REVIEW-V1
IT-TASAKI2020-3024	TASAKI2020	000525.0008	PG-TASAKI2020-0525	unlabeled	NONE	NONE	PDF p. 525; print p. 516; NONE; paragraph 10	Solutions	solutions	PUBLIC-DOCS-SOURCE-ITEM-REVIEW-V1
IT-TASAKI2020-3025	TASAKI2020	000526.0001	PG-TASAKI2020-0526	unlabeled	NONE	NONE	PDF p. 526; print p. 517; NONE; paragraph 5	Solutions	solutions	PUBLIC-DOCS-SOURCE-ITEM-REVIEW-V1
IT-TASAKI2020-3026	TASAKI2020	000527.0001	PG-TASAKI2020-0527	unlabeled	NONE	NONE	PDF p. 527; print p. 518; NONE; paragraph 2	Solutions	solutions	PUBLIC-DOCS-SOURCE-ITEM-REVIEW-V1
IT-TASAKI2020-3027	TASAKI2020	000527.0002	PG-TASAKI2020-0527	equation	equation (S.105)	NONE	PDF p. 527; print p. 518; NONE; equation (S.105)	Solutions	solutions	PUBLIC-DOCS-SOURCE-ITEM-REVIEW-V1
IT-TASAKI2020-3028	TASAKI2020	000527.0003	PG-TASAKI2020-0527	equation	equation (S.106)	NONE	PDF p. 527; print p. 518; NONE; equation (S.106)	Solutions	solutions	PUBLIC-DOCS-SOURCE-ITEM-REVIEW-V1
IT-TASAKI2020-3029	TASAKI2020	000527.0004	PG-TASAKI2020-0527	equation	equation (S.107)	NONE	PDF p. 527; print p. 518; NONE; equation (S.107)	Solutions	solutions	PUBLIC-DOCS-SOURCE-ITEM-REVIEW-V1
IT-TASAKI2020-3030	TASAKI2020	000527.0005	PG-TASAKI2020-0527	equation	equation (S.108)	NONE	PDF p. 527; print p. 518; NONE; equation (S.108)	Solutions	solutions	PUBLIC-DOCS-SOURCE-ITEM-REVIEW-V1
IT-TASAKI2020-3031	TASAKI2020	000528.0001	PG-TASAKI2020-0528	equation	equation (S.109)	NONE	PDF p. 528; print p. 519; NONE; equation (S.109)	Solutions	solutions	PUBLIC-DOCS-SOURCE-ITEM-REVIEW-V1
IT-TASAKI2020-3032	TASAKI2020	000528.0002	PG-TASAKI2020-0528	equation	equation (S.110)	NONE	PDF p. 528; print p. 519; NONE; equation (S.110)	Solutions	solutions	PUBLIC-DOCS-SOURCE-ITEM-REVIEW-V1
IT-TASAKI2020-3033	TASAKI2020	000528.0003	PG-TASAKI2020-0528	unlabeled	NONE	NONE	PDF p. 528; print p. 519; NONE; paragraph 7; v5 repair split atom 1/2	Solutions	solutions	PUBLIC-DOCS-SOURCE-ITEM-REVIEW-V1
IT-TASAKI2020-3034	TASAKI2020	000528.0004	PG-TASAKI2020-0528	unlabeled	NONE	NONE	PDF p. 528; print p. 519; NONE; paragraph 7; v5 repair split atom 2/2	Solutions	solutions	PUBLIC-DOCS-SOURCE-ITEM-REVIEW-V1
IT-TASAKI2020-3035	TASAKI2020	000529.0001	PG-TASAKI2020-0529	equation	equation (S.111)	NONE	PDF p. 529; print p. 520; NONE; equation (S.111)	Solutions	solutions	PUBLIC-DOCS-SOURCE-ITEM-REVIEW-V1
IT-TASAKI2020-3036	TASAKI2020	000529.0002	PG-TASAKI2020-0529	equation	equation (S.112)	NONE	PDF p. 529; print p. 520; NONE; equation (S.112)	Solutions	solutions	PUBLIC-DOCS-SOURCE-ITEM-REVIEW-V1
